
Found 1 patch operation(s) to perform.
Fuzzy matching enabled with threshold: 0.70
debug: apply_patches_to_dir: applying 1 patch(es) to '.' (dry_run=true, fuzz=0.70)
debug:   [1/1] Applying patch for 'conftest.sh' (3 hunk(s))
Applying patch to: conftest.sh
debug:   apply_patch_to_file: target_dir='.', hunks=3, dry_run=true, fuzz=0.70
trace:   Checking path safety for base '.' and relative path 'conftest.sh'
trace:   ensure_path_is_safe: canonicalized base directory '/home/gabi/github/nvidia-390xx-utils/src/NVIDIA-Linux-x86_64-390.157-no-compat32/kernel'
trace:   ensure_path_is_safe: processing component 'Normal("conftest.sh")' on virtual path '/home/gabi/github/nvidia-390xx-utils/src/NVIDIA-Linux-x86_64-390.157-no-compat32/kernel'
trace:   Path safety verified: 'conftest.sh' safely resolves to '/home/gabi/github/nvidia-390xx-utils/src/NVIDIA-Linux-x86_64-390.157-no-compat32/kernel/conftest.sh'
debug:   Resolved safe target path: '/home/gabi/github/nvidia-390xx-utils/src/NVIDIA-Linux-x86_64-390.157-no-compat32/kernel/conftest.sh'
debug:   Target file exists: '/home/gabi/github/nvidia-390xx-utils/src/NVIDIA-Linux-x86_64-390.157-no-compat32/kernel/conftest.sh'. Reading content...
trace:     Read 179136 bytes (5092 lines) from target file.
debug:   Applying patch logic to content in-memory...
debug: apply_patch_to_content: patch for 'conftest.sh' (3 hunks), original content: 179136 bytes
debug:   apply_patch_to_lines called with 5092 lines of original content.
debug: resolve_hunk_line_hints: evaluating 3 hunk(s) across 5092 target lines
trace: Hunk::get_match_block: extracted 6 match line(s)
trace:   Hunk 1: already has explicit line hint 431
trace: Hunk::get_match_block: extracted 6 match line(s)
trace:   Hunk 2: already has explicit line hint 451
trace: Hunk::get_match_block: extracted 8 match line(s)
trace:   Hunk 3: already has explicit line hint 506
trace: resolve_hunk_line_hints: beginning relaxation pass 1
debug: resolve_hunk_line_hints: completed hint resolution. 3/3 hunk(s) have anchors.
debug: HunkApplier: initialized with 3 hunk(s) across 5092 line(s) of target content (fuzz_factor=0.70, dry_run=true)
trace: HunkApplier::set_original_newline_status: original_ends_with_newline=true
debug: apply_hunk_to_lines: applying hunk with 7 line(s) against target with 5092 line(s)
trace: Hunk::get_match_block: extracted 6 match line(s)
trace:   Match block: ["            # Determine if the set_memory_uc() function is present.", "            #", "            CODE=\"", "            #if defined(NV_ASM_SET_MEMORY_H_PRESENT)", "            #if defined(NV_ASM_PGTABLE_TYPES_H_PRESENT)", "            #include <asm/pgtable_types.h>"]
trace: Hunk::get_replace_block: extracted 7 replacement line(s)
trace:   Replace block: ["            # Determine if the set_memory_uc() function is present.", "            #", "            CODE=\"", "            #include <linux/types.h>", "            #if defined(NV_ASM_SET_MEMORY_H_PRESENT)", "            #if defined(NV_ASM_PGTABLE_TYPES_H_PRESENT)", "            #include <asm/pgtable_types.h>"]
trace: Hunk::has_changes: true
trace: Hunk::get_match_block: extracted 6 match line(s)
trace: Hunk::required_match_span: calculated required match span as 1 line(s) (first_match_idx=Some(2), last_match_idx=Some(2))
trace: DefaultHunkFinder::find_candidate_locations: match block len=6, required_match_span=1, target lines=5092
trace:   find_hunk_location_internal: match_block has 6 lines (entropy=true), target has 5092 lines
trace:   find_hunk_location_internal called for a hunk with 6 lines to match against 5092 target lines.
trace:     Attempting exact match for hunk (match block has 6 line(s))...
trace: tie_break_with_line_number: strategy='exact', hint=Some(431), entropy=true
trace:       No exact matches found.
trace:     Strategy 1 (Exact): no exact match found.
trace:     Attempting exact match (ignoring trailing whitespace) for hunk (match block has 6 line(s))...
trace: tie_break_with_line_number: strategy='exact (ignoring whitespace)', hint=Some(431), entropy=true
trace:       No exact (ignoring whitespace) matches found.
trace:     Strategy 2 (Whitespace-insensitive): no match found.
debug:     Strategy 3 (Fuzzy): beginning flexible window fuzzy search (threshold=0.70, match block len=0.7)
trace:       Hunk match block (6 lines): ["            # Determine if the set_memory_uc() function is present.", "            #", "            CODE=\"", "            #if defined(NV_ASM_SET_MEMORY_H_PRESENT)", "            #if defined(NV_ASM_PGTABLE_TYPES_H_PRESENT)", "            #include <asm/pgtable_types.h>"]
trace:       Searching with window sizes from 2 to 29 (hunk size: 6, fuzz distance: 23)
debug:       find_search_ranges: analyzing 6 match line(s) against 5092 target line(s).
trace:         Identified 5 high-entropy candidate anchor line(s) (search_radius=15, max candidates to test=100)
debug:         Spatial consensus: 7 anchor(s) agree on start near line 438
debug:       Found anchor line (hunk line 1) with 1 occurrences.
trace:         Anchor text: '# Determine if the set_memory_uc() function is present.'
trace:         Occurrence at target line 431: window estimated [416..474] (search radius +/-15)
trace:         Raw ranges before merging: [(415, 474)]
trace: merge_ranges: merging 1 input range(s): [(415, 474)]
trace: merge_ranges: result 1 disjoint range(s): [(415, 474)]
debug:       Search ranges merged: 1 disjoint range(s) covering 59/5092 line(s) (98.8% pruned): [(415, 474)]
trace:     Using search ranges: [(415, 474)]
debug:       compute_scored_windows (parallel): evaluating 1246 candidate window(s) across 1 range(s) (window lengths 2..=29)
trace:         Match block length: 6, Target line count: 5092, Search ranges: [(415, 474)]
trace:         score_window: window_len=8, match_len=6, line_score=0.164, ratio_lines=0.143, final_score=0.361
trace:         score_window: window_len=9, match_len=6, line_score=0.163, ratio_lines=0.133, final_score=0.390
trace:         score_window: window_len=10, match_len=6, line_score=0.322, ratio_lines=0.250, final_score=0.455
trace:         score_window: window_len=11, match_len=6, line_score=0.319, ratio_lines=0.235, final_score=0.487
trace:         score_window: window_len=6, match_len=6, line_score=0.000, ratio_lines=0.000, final_score=0.184
trace:         score_window: window_len=12, match_len=6, line_score=0.475, ratio_lines=0.333, final_score=0.531
trace:         score_window: window_len=5, match_len=6, line_score=0.000, ratio_lines=0.000, final_score=0.170
trace:         score_window: window_len=13, match_len=6, line_score=0.628, ratio_lines=0.421, final_score=0.628
trace:         score_window: window_len=7, match_len=6, line_score=0.000, ratio_lines=0.000, final_score=0.200
trace:         score_window: window_len=26, match_len=6, line_score=0.694, ratio_lines=0.312, final_score=0.694
trace:         score_window: window_len=27, match_len=6, line_score=0.688, ratio_lines=0.303, final_score=0.688
trace:         score_window: window_len=4, match_len=6, line_score=0.000, ratio_lines=0.000, final_score=0.156
trace:         score_window: window_len=28, match_len=6, line_score=0.681, ratio_lines=0.294, final_score=0.681
trace:         score_window: window_len=8, match_len=6, line_score=0.000, ratio_lines=0.000, final_score=0.175
trace:         score_window: window_len=29, match_len=6, line_score=0.674, ratio_lines=0.286, final_score=0.674
trace:         score_window: window_len=7, match_len=6, line_score=0.165, ratio_lines=0.154, final_score=0.357
trace:         score_window: window_len=9, match_len=6, line_score=0.000, ratio_lines=0.000, final_score=0.190
trace:         score_window: window_len=8, match_len=6, line_score=0.164, ratio_lines=0.143, final_score=0.387
trace:         score_window: window_len=10, match_len=6, line_score=0.000, ratio_lines=0.000, final_score=0.171
trace:         score_window: window_len=9, match_len=6, line_score=0.325, ratio_lines=0.267, final_score=0.456
trace:         score_window: window_len=10, match_len=6, line_score=0.322, ratio_lines=0.250, final_score=0.489
trace:         score_window: window_len=11, match_len=6, line_score=0.000, ratio_lines=0.000, final_score=0.186
trace:         score_window: window_len=11, match_len=6, line_score=0.479, ratio_lines=0.353, final_score=0.535
trace:         score_window: window_len=12, match_len=6, line_score=0.000, ratio_lines=0.000, final_score=0.195
trace:         score_window: window_len=12, match_len=6, line_score=0.633, ratio_lines=0.444, final_score=0.633
trace:         score_window: window_len=13, match_len=6, line_score=0.000, ratio_lines=0.000, final_score=0.198
trace:         score_window: window_len=26, match_len=6, line_score=0.694, ratio_lines=0.312, final_score=0.694
trace:         score_window: window_len=27, match_len=6, line_score=0.688, ratio_lines=0.303, final_score=0.688
trace:         score_window: window_len=14, match_len=6, line_score=0.000, ratio_lines=0.000, final_score=0.194
trace:         score_window: window_len=28, match_len=6, line_score=0.681, ratio_lines=0.294, final_score=0.681
trace:         score_window: window_len=29, match_len=6, line_score=0.674, ratio_lines=0.286, final_score=0.674
trace:         score_window: window_len=15, match_len=6, line_score=0.154, ratio_lines=0.095, final_score=0.154
trace:         score_window: window_len=6, match_len=6, line_score=0.167, ratio_lines=0.167, final_score=0.378
trace:         score_window: window_len=16, match_len=6, line_score=0.153, ratio_lines=0.091, final_score=0.241
trace:         score_window: window_len=7, match_len=6, line_score=0.165, ratio_lines=0.154, final_score=0.407
trace:         score_window: window_len=17, match_len=6, line_score=0.303, ratio_lines=0.174, final_score=0.303
trace:         score_window: window_len=8, match_len=6, line_score=0.328, ratio_lines=0.286, final_score=0.477
trace:         score_window: window_len=18, match_len=6, line_score=0.450, ratio_lines=0.250, final_score=0.450
trace:         score_window: window_len=9, match_len=6, line_score=0.325, ratio_lines=0.267, final_score=0.508
trace:         score_window: window_len=19, match_len=6, line_score=0.446, ratio_lines=0.240, final_score=0.446
trace:         score_window: window_len=10, match_len=6, line_score=0.483, ratio_lines=0.375, final_score=0.555
trace:         score_window: window_len=20, match_len=6, line_score=0.589, ratio_lines=0.308, final_score=0.589
trace:         score_window: window_len=11, match_len=6, line_score=0.639, ratio_lines=0.471, final_score=0.639
trace:         score_window: window_len=26, match_len=6, line_score=0.694, ratio_lines=0.312, final_score=0.694
trace:         score_window: window_len=11, match_len=6, line_score=0.000, ratio_lines=0.000, final_score=0.200
trace:         score_window: window_len=27, match_len=6, line_score=0.688, ratio_lines=0.303, final_score=0.688
trace:         score_window: window_len=28, match_len=6, line_score=0.681, ratio_lines=0.294, final_score=0.681
trace:         score_window: window_len=7, match_len=6, line_score=0.331, ratio_lines=0.308, final_score=0.542
trace:         score_window: window_len=12, match_len=6, line_score=0.000, ratio_lines=0.000, final_score=0.202
trace:         score_window: window_len=8, match_len=6, line_score=0.328, ratio_lines=0.286, final_score=0.576
trace:         score_window: window_len=13, match_len=6, line_score=0.000, ratio_lines=0.000, final_score=0.198
trace:         score_window: window_len=9, match_len=6, line_score=0.488, ratio_lines=0.400, final_score=0.623
trace:         score_window: window_len=10, match_len=6, line_score=0.644, ratio_lines=0.500, final_score=0.743
trace:         score_window: window_len=14, match_len=6, line_score=0.156, ratio_lines=0.100, final_score=0.156
trace:         score_window: window_len=26, match_len=6, line_score=0.694, ratio_lines=0.312, final_score=0.694
trace:         score_window: window_len=15, match_len=6, line_score=0.154, ratio_lines=0.095, final_score=0.256
trace:         score_window: window_len=27, match_len=6, line_score=0.688, ratio_lines=0.303, final_score=0.688
trace:         score_window: window_len=6, match_len=6, line_score=0.333, ratio_lines=0.333, final_score=0.558
trace:         score_window: window_len=16, match_len=6, line_score=0.306, ratio_lines=0.182, final_score=0.306
trace:         score_window: window_len=7, match_len=6, line_score=0.331, ratio_lines=0.308, final_score=0.591
trace:         score_window: window_len=17, match_len=6, line_score=0.454, ratio_lines=0.261, final_score=0.454
trace:         score_window: window_len=8, match_len=6, line_score=0.492, ratio_lines=0.429, final_score=0.640
trace:         score_window: window_len=3, match_len=6, line_score=0.222, ratio_lines=0.222, final_score=0.222
trace:         score_window: window_len=18, match_len=6, line_score=0.450, ratio_lines=0.250, final_score=0.450
trace:         score_window: window_len=9, match_len=6, line_score=0.650, ratio_lines=0.533, final_score=0.703
trace:         score_window: window_len=26, match_len=6, line_score=0.694, ratio_lines=0.312, final_score=0.694
trace:         score_window: window_len=19, match_len=6, line_score=0.594, ratio_lines=0.320, final_score=0.594
trace:         score_window: window_len=6, match_len=6, line_score=0.333, ratio_lines=0.333, final_score=0.607
trace:         score_window: window_len=5, match_len=6, line_score=0.364, ratio_lines=0.364, final_score=0.576
trace:         score_window: window_len=14, match_len=6, line_score=0.156, ratio_lines=0.100, final_score=0.290
trace:         score_window: window_len=7, match_len=6, line_score=0.496, ratio_lines=0.462, final_score=0.658
trace:         score_window: window_len=15, match_len=6, line_score=0.308, ratio_lines=0.190, final_score=0.325
trace:         score_window: window_len=8, match_len=6, line_score=0.656, ratio_lines=0.571, final_score=0.723
trace:         score_window: window_len=3, match_len=6, line_score=0.222, ratio_lines=0.222, final_score=0.459
trace:         score_window: window_len=2, match_len=6, line_score=0.250, ratio_lines=0.250, final_score=0.250
trace:         score_window: window_len=16, match_len=6, line_score=0.458, ratio_lines=0.273, final_score=0.458
trace:         score_window: window_len=6, match_len=6, line_score=0.500, ratio_lines=0.500, final_score=0.692
trace:         score_window: window_len=5, match_len=6, line_score=0.364, ratio_lines=0.364, final_score=0.640
trace:         score_window: window_len=17, match_len=6, line_score=0.454, ratio_lines=0.261, final_score=0.454
trace:         score_window: window_len=7, match_len=6, line_score=0.661, ratio_lines=0.615, final_score=0.757
trace:         score_window: window_len=4, match_len=6, line_score=0.400, ratio_lines=0.400, final_score=0.613
trace:         score_window: window_len=3, match_len=6, line_score=0.222, ratio_lines=0.222, final_score=0.524
trace:         score_window: window_len=2, match_len=6, line_score=0.250, ratio_lines=0.250, final_score=0.495
trace:         score_window: window_len=18, match_len=6, line_score=0.600, ratio_lines=0.333, final_score=0.600
trace:         score_window: window_len=6, match_len=6, line_score=0.667, ratio_lines=0.667, final_score=0.791
trace:         score_window: window_len=5, match_len=6, line_score=0.545, ratio_lines=0.545, final_score=0.724
trace:         score_window: window_len=4, match_len=6, line_score=0.400, ratio_lines=0.400, final_score=0.670
trace:         score_window: window_len=3, match_len=6, line_score=0.444, ratio_lines=0.444, final_score=0.645
trace:         score_window: window_len=2, match_len=6, line_score=0.250, ratio_lines=0.250, final_score=0.551
trace:         score_window: window_len=13, match_len=6, line_score=0.157, ratio_lines=0.105, final_score=0.334
trace:         score_window: window_len=4, match_len=6, line_score=0.600, ratio_lines=0.600, final_score=0.600
trace:         score_window: window_len=14, match_len=6, line_score=0.311, ratio_lines=0.200, final_score=0.392
trace:         score_window: window_len=3, match_len=6, line_score=0.444, ratio_lines=0.444, final_score=0.444
trace:         score_window: window_len=2, match_len=6, line_score=0.500, ratio_lines=0.500, final_score=0.500
trace:         score_window: window_len=15, match_len=6, line_score=0.463, ratio_lines=0.286, final_score=0.463
trace:         score_window: window_len=6, match_len=6, line_score=0.667, ratio_lines=0.667, final_score=0.740
trace:         score_window: window_len=16, match_len=6, line_score=0.458, ratio_lines=0.273, final_score=0.475
trace:         score_window: window_len=7, match_len=6, line_score=0.661, ratio_lines=0.615, final_score=0.683
trace:         score_window: window_len=17, match_len=6, line_score=0.606, ratio_lines=0.348, final_score=0.606
trace:         score_window: window_len=4, match_len=6, line_score=0.600, ratio_lines=0.600, final_score=0.629
trace:         score_window: window_len=8, match_len=6, line_score=0.656, ratio_lines=0.571, final_score=0.669
trace:         score_window: window_len=12, match_len=6, line_score=0.158, ratio_lines=0.111, final_score=0.333
trace:         score_window: window_len=3, match_len=6, line_score=0.444, ratio_lines=0.444, final_score=0.444
trace:         score_window: window_len=13, match_len=6, line_score=0.314, ratio_lines=0.211, final_score=0.394
trace:         score_window: window_len=9, match_len=6, line_score=0.650, ratio_lines=0.533, final_score=0.650
trace:         score_window: window_len=2, match_len=6, line_score=0.250, ratio_lines=0.250, final_score=0.259
trace:         score_window: window_len=14, match_len=6, line_score=0.467, ratio_lines=0.300, final_score=0.467
trace:         score_window: window_len=15, match_len=6, line_score=0.463, ratio_lines=0.286, final_score=0.481
trace:         score_window: window_len=10, match_len=6, line_score=0.644, ratio_lines=0.500, final_score=0.644
trace:         score_window: window_len=16, match_len=6, line_score=0.611, ratio_lines=0.364, final_score=0.611
trace:         score_window: window_len=11, match_len=6, line_score=0.639, ratio_lines=0.471, final_score=0.639
trace:         score_window: window_len=12, match_len=6, line_score=0.633, ratio_lines=0.444, final_score=0.633
trace:         score_window: window_len=12, match_len=6, line_score=0.317, ratio_lines=0.222, final_score=0.407
trace:         score_window: window_len=13, match_len=6, line_score=0.471, ratio_lines=0.316, final_score=0.471
trace:         score_window: window_len=13, match_len=6, line_score=0.628, ratio_lines=0.421, final_score=0.628
trace:         score_window: window_len=14, match_len=6, line_score=0.467, ratio_lines=0.300, final_score=0.495
trace:         score_window: window_len=14, match_len=6, line_score=0.622, ratio_lines=0.400, final_score=0.622
trace:         score_window: window_len=15, match_len=6, line_score=0.617, ratio_lines=0.381, final_score=0.617
trace:         score_window: window_len=15, match_len=6, line_score=0.617, ratio_lines=0.381, final_score=0.617
trace:         score_window: window_len=16, match_len=6, line_score=0.611, ratio_lines=0.364, final_score=0.611
trace:         score_window: window_len=17, match_len=6, line_score=0.606, ratio_lines=0.348, final_score=0.606
trace:         score_window: window_len=18, match_len=6, line_score=0.600, ratio_lines=0.333, final_score=0.600
trace:         score_window: window_len=11, match_len=6, line_score=0.319, ratio_lines=0.235, final_score=0.416
trace:         score_window: window_len=19, match_len=6, line_score=0.594, ratio_lines=0.320, final_score=0.594
trace:         score_window: window_len=20, match_len=6, line_score=0.589, ratio_lines=0.308, final_score=0.589
trace:         score_window: window_len=12, match_len=6, line_score=0.475, ratio_lines=0.333, final_score=0.475
trace:         score_window: window_len=21, match_len=6, line_score=0.583, ratio_lines=0.296, final_score=0.583
trace:         score_window: window_len=13, match_len=6, line_score=0.471, ratio_lines=0.316, final_score=0.505
trace:         score_window: window_len=6, match_len=6, line_score=0.500, ratio_lines=0.500, final_score=0.705
trace:         score_window: window_len=14, match_len=6, line_score=0.622, ratio_lines=0.400, final_score=0.622
trace:         score_window: window_len=5, match_len=6, line_score=0.545, ratio_lines=0.545, final_score=0.765
trace:         score_window: window_len=7, match_len=6, line_score=0.496, ratio_lines=0.462, final_score=0.691
trace:         score_window: window_len=10, match_len=6, line_score=0.322, ratio_lines=0.250, final_score=0.425
trace:         score_window: window_len=4, match_len=6, line_score=0.600, ratio_lines=0.600, final_score=0.785
trace:         score_window: window_len=11, match_len=6, line_score=0.479, ratio_lines=0.353, final_score=0.486
trace:         score_window: window_len=8, match_len=6, line_score=0.492, ratio_lines=0.429, final_score=0.641
trace:         score_window: window_len=12, match_len=6, line_score=0.475, ratio_lines=0.333, final_score=0.516
trace:         score_window: window_len=3, match_len=6, line_score=0.444, ratio_lines=0.444, final_score=0.653
trace:         score_window: window_len=13, match_len=6, line_score=0.628, ratio_lines=0.421, final_score=0.628
trace:         score_window: window_len=9, match_len=6, line_score=0.488, ratio_lines=0.400, final_score=0.629
trace:         score_window: window_len=2, match_len=6, line_score=0.250, ratio_lines=0.250, final_score=0.285
trace:         score_window: window_len=9, match_len=6, line_score=0.325, ratio_lines=0.267, final_score=0.446
trace:         score_window: window_len=10, match_len=6, line_score=0.483, ratio_lines=0.375, final_score=0.510
trace:         score_window: window_len=10, match_len=6, line_score=0.483, ratio_lines=0.375, final_score=0.570
trace:         score_window: window_len=11, match_len=6, line_score=0.479, ratio_lines=0.353, final_score=0.540
trace:         score_window: window_len=11, match_len=6, line_score=0.479, ratio_lines=0.353, final_score=0.540
trace:         score_window: window_len=12, match_len=6, line_score=0.633, ratio_lines=0.444, final_score=0.633
trace:         score_window: window_len=12, match_len=6, line_score=0.475, ratio_lines=0.333, final_score=0.536
trace:         score_window: window_len=8, match_len=6, line_score=0.328, ratio_lines=0.286, final_score=0.458
trace:         score_window: window_len=9, match_len=6, line_score=0.488, ratio_lines=0.400, final_score=0.523
trace:         score_window: window_len=13, match_len=6, line_score=0.471, ratio_lines=0.316, final_score=0.534
trace:         score_window: window_len=14, match_len=6, line_score=0.467, ratio_lines=0.300, final_score=0.467
trace:         score_window: window_len=15, match_len=6, line_score=0.463, ratio_lines=0.286, final_score=0.463
trace:         score_window: window_len=16, match_len=6, line_score=0.458, ratio_lines=0.273, final_score=0.458
trace:         score_window: window_len=10, match_len=6, line_score=0.483, ratio_lines=0.375, final_score=0.553
trace:         score_window: window_len=17, match_len=6, line_score=0.454, ratio_lines=0.261, final_score=0.454
trace:         score_window: window_len=18, match_len=6, line_score=0.450, ratio_lines=0.250, final_score=0.450
trace:         score_window: window_len=11, match_len=6, line_score=0.639, ratio_lines=0.471, final_score=0.639
trace:         score_window: window_len=19, match_len=6, line_score=0.446, ratio_lines=0.240, final_score=0.446
trace:         score_window: window_len=20, match_len=6, line_score=0.442, ratio_lines=0.231, final_score=0.442
trace:         score_window: window_len=7, match_len=6, line_score=0.331, ratio_lines=0.308, final_score=0.470
trace:         score_window: window_len=6, match_len=6, line_score=0.500, ratio_lines=0.500, final_score=0.685
trace:         score_window: window_len=8, match_len=6, line_score=0.492, ratio_lines=0.429, final_score=0.538
trace:         score_window: window_len=5, match_len=6, line_score=0.545, ratio_lines=0.545, final_score=0.699
trace:         score_window: window_len=9, match_len=6, line_score=0.488, ratio_lines=0.400, final_score=0.566
trace:         score_window: window_len=7, match_len=6, line_score=0.496, ratio_lines=0.462, final_score=0.632
trace:         score_window: window_len=10, match_len=6, line_score=0.644, ratio_lines=0.500, final_score=0.644
trace:         score_window: window_len=4, match_len=6, line_score=0.600, ratio_lines=0.600, final_score=0.765
trace:         score_window: window_len=8, match_len=6, line_score=0.492, ratio_lines=0.429, final_score=0.618
trace:         score_window: window_len=6, match_len=6, line_score=0.333, ratio_lines=0.333, final_score=0.484
trace:         score_window: window_len=3, match_len=6, line_score=0.667, ratio_lines=0.667, final_score=0.787
trace:         score_window: window_len=7, match_len=6, line_score=0.496, ratio_lines=0.462, final_score=0.554
trace:         score_window: window_len=9, match_len=6, line_score=0.488, ratio_lines=0.400, final_score=0.557
trace:         score_window: window_len=2, match_len=6, line_score=0.500, ratio_lines=0.500, final_score=0.500
trace:         score_window: window_len=8, match_len=6, line_score=0.492, ratio_lines=0.429, final_score=0.582
trace:         score_window: window_len=10, match_len=6, line_score=0.483, ratio_lines=0.375, final_score=0.526
trace:         score_window: window_len=9, match_len=6, line_score=0.650, ratio_lines=0.533, final_score=0.650
trace:         score_window: window_len=11, match_len=6, line_score=0.479, ratio_lines=0.353, final_score=0.522
trace:         score_window: window_len=6, match_len=6, line_score=0.500, ratio_lines=0.500, final_score=0.593
trace:         score_window: window_len=5, match_len=6, line_score=0.364, ratio_lines=0.364, final_score=0.519
trace:         score_window: window_len=12, match_len=6, line_score=0.475, ratio_lines=0.333, final_score=0.520
trace:         score_window: window_len=13, match_len=6, line_score=0.471, ratio_lines=0.316, final_score=0.471
trace:         score_window: window_len=14, match_len=6, line_score=0.467, ratio_lines=0.300, final_score=0.467
trace:         score_window: window_len=7, match_len=6, line_score=0.496, ratio_lines=0.462, final_score=0.620
trace:         score_window: window_len=15, match_len=6, line_score=0.463, ratio_lines=0.286, final_score=0.463
trace:         score_window: window_len=16, match_len=6, line_score=0.458, ratio_lines=0.273, final_score=0.458
trace:         score_window: window_len=17, match_len=6, line_score=0.454, ratio_lines=0.261, final_score=0.454
trace:         score_window: window_len=8, match_len=6, line_score=0.656, ratio_lines=0.571, final_score=0.666
trace:         score_window: window_len=3, match_len=6, line_score=0.222, ratio_lines=0.222, final_score=0.222
trace:         score_window: window_len=18, match_len=6, line_score=0.450, ratio_lines=0.250, final_score=0.450
trace:         score_window: window_len=19, match_len=6, line_score=0.446, ratio_lines=0.240, final_score=0.446
trace:         score_window: window_len=6, match_len=6, line_score=0.500, ratio_lines=0.500, final_score=0.681
trace:         score_window: window_len=6, match_len=6, line_score=0.333, ratio_lines=0.333, final_score=0.461
trace:         score_window: window_len=5, match_len=6, line_score=0.545, ratio_lines=0.545, final_score=0.656
trace:         score_window: window_len=7, match_len=6, line_score=0.661, ratio_lines=0.615, final_score=0.727
trace:         score_window: window_len=5, match_len=6, line_score=0.364, ratio_lines=0.364, final_score=0.504
trace:         score_window: window_len=4, match_len=6, line_score=0.400, ratio_lines=0.400, final_score=0.578
trace:         score_window: window_len=3, match_len=6, line_score=0.222, ratio_lines=0.222, final_score=0.487
trace:         score_window: window_len=2, match_len=6, line_score=0.250, ratio_lines=0.250, final_score=0.250
trace:         score_window: window_len=7, match_len=6, line_score=0.331, ratio_lines=0.308, final_score=0.450
trace:         score_window: window_len=4, match_len=6, line_score=0.400, ratio_lines=0.400, final_score=0.517
trace:         score_window: window_len=6, match_len=6, line_score=0.667, ratio_lines=0.667, final_score=0.765
trace:         score_window: window_len=5, match_len=6, line_score=0.545, ratio_lines=0.545, final_score=0.719
trace:         score_window: window_len=8, match_len=6, line_score=0.328, ratio_lines=0.286, final_score=0.400
trace:         score_window: window_len=4, match_len=6, line_score=0.600, ratio_lines=0.600, final_score=0.699
trace:         score_window: window_len=3, match_len=6, line_score=0.444, ratio_lines=0.444, final_score=0.444
trace:         score_window: window_len=3, match_len=6, line_score=0.444, ratio_lines=0.444, final_score=0.618
trace:         score_window: window_len=2, match_len=6, line_score=0.250, ratio_lines=0.250, final_score=0.523
trace:         score_window: window_len=9, match_len=6, line_score=0.325, ratio_lines=0.267, final_score=0.376
trace:         score_window: window_len=2, match_len=6, line_score=0.500, ratio_lines=0.500, final_score=0.500
trace:         score_window: window_len=4, match_len=6, line_score=0.600, ratio_lines=0.600, final_score=0.755
trace:         score_window: window_len=3, match_len=6, line_score=0.667, ratio_lines=0.667, final_score=0.738
trace:         score_window: window_len=2, match_len=6, line_score=0.500, ratio_lines=0.500, final_score=0.654
trace:         score_window: window_len=10, match_len=6, line_score=0.322, ratio_lines=0.250, final_score=0.372
trace:         score_window: window_len=4, match_len=6, line_score=0.600, ratio_lines=0.600, final_score=0.600
trace:         score_window: window_len=3, match_len=6, line_score=0.444, ratio_lines=0.444, final_score=0.444
trace:         score_window: window_len=2, match_len=6, line_score=0.500, ratio_lines=0.500, final_score=0.500
trace:         score_window: window_len=11, match_len=6, line_score=0.319, ratio_lines=0.235, final_score=0.371
trace:         score_window: window_len=12, match_len=6, line_score=0.317, ratio_lines=0.222, final_score=0.317
trace:         score_window: window_len=13, match_len=6, line_score=0.314, ratio_lines=0.211, final_score=0.314
trace:         score_window: window_len=26, match_len=6, line_score=0.694, ratio_lines=0.312, final_score=0.694
trace:         score_window: window_len=27, match_len=6, line_score=0.688, ratio_lines=0.303, final_score=0.688
trace:         score_window: window_len=7, match_len=6, line_score=0.165, ratio_lines=0.154, final_score=0.188
trace:         score_window: window_len=28, match_len=6, line_score=0.681, ratio_lines=0.294, final_score=0.681
trace:         score_window: window_len=8, match_len=6, line_score=0.164, ratio_lines=0.143, final_score=0.175
trace:         score_window: window_len=3, match_len=6, line_score=0.222, ratio_lines=0.222, final_score=0.222
trace:         score_window: window_len=29, match_len=6, line_score=0.674, ratio_lines=0.286, final_score=0.674
trace:         score_window: window_len=9, match_len=6, line_score=0.163, ratio_lines=0.133, final_score=0.173
trace:         score_window: window_len=2, match_len=6, line_score=0.250, ratio_lines=0.250, final_score=0.250
trace:         score_window: window_len=6, match_len=6, line_score=0.667, ratio_lines=0.667, final_score=0.740
trace:         score_window: window_len=10, match_len=6, line_score=0.161, ratio_lines=0.125, final_score=0.173
trace:         score_window: window_len=7, match_len=6, line_score=0.661, ratio_lines=0.615, final_score=0.683
trace:         score_window: window_len=4, match_len=6, line_score=0.600, ratio_lines=0.600, final_score=0.629
trace:         score_window: window_len=11, match_len=6, line_score=0.160, ratio_lines=0.118, final_score=0.160
trace:         score_window: window_len=8, match_len=6, line_score=0.656, ratio_lines=0.571, final_score=0.669
trace:         score_window: window_len=12, match_len=6, line_score=0.158, ratio_lines=0.111, final_score=0.158
trace:         score_window: window_len=3, match_len=6, line_score=0.444, ratio_lines=0.444, final_score=0.444
trace:         score_window: window_len=13, match_len=6, line_score=0.157, ratio_lines=0.105, final_score=0.157
trace:         score_window: window_len=14, match_len=6, line_score=0.156, ratio_lines=0.100, final_score=0.156
trace:         score_window: window_len=9, match_len=6, line_score=0.650, ratio_lines=0.533, final_score=0.650
trace:         score_window: window_len=2, match_len=6, line_score=0.250, ratio_lines=0.250, final_score=0.259
trace:         score_window: window_len=15, match_len=6, line_score=0.154, ratio_lines=0.095, final_score=0.154
trace:         score_window: window_len=10, match_len=6, line_score=0.644, ratio_lines=0.500, final_score=0.644
trace:         score_window: window_len=6, match_len=6, line_score=0.000, ratio_lines=0.000, final_score=0.145
trace:         score_window: window_len=11, match_len=6, line_score=0.639, ratio_lines=0.471, final_score=0.639
trace:         score_window: window_len=7, match_len=6, line_score=0.000, ratio_lines=0.000, final_score=0.134
trace:         score_window: window_len=8, match_len=6, line_score=0.000, ratio_lines=0.000, final_score=0.133
trace:         score_window: window_len=12, match_len=6, line_score=0.633, ratio_lines=0.444, final_score=0.633
trace:         score_window: window_len=9, match_len=6, line_score=0.000, ratio_lines=0.000, final_score=0.133
trace:         score_window: window_len=13, match_len=6, line_score=0.628, ratio_lines=0.421, final_score=0.628
trace:         score_window: window_len=10, match_len=6, line_score=0.000, ratio_lines=0.000, final_score=0.107
trace:         score_window: window_len=14, match_len=6, line_score=0.622, ratio_lines=0.400, final_score=0.622
trace:         score_window: window_len=15, match_len=6, line_score=0.617, ratio_lines=0.381, final_score=0.617
trace:         score_window: window_len=11, match_len=6, line_score=0.000, ratio_lines=0.000, final_score=0.106
trace:         score_window: window_len=16, match_len=6, line_score=0.611, ratio_lines=0.364, final_score=0.611
trace:         score_window: window_len=17, match_len=6, line_score=0.606, ratio_lines=0.348, final_score=0.606
trace:         score_window: window_len=12, match_len=6, line_score=0.000, ratio_lines=0.000, final_score=0.106
trace:         score_window: window_len=18, match_len=6, line_score=0.600, ratio_lines=0.333, final_score=0.600
trace:         score_window: window_len=19, match_len=6, line_score=0.594, ratio_lines=0.320, final_score=0.594
trace:         score_window: window_len=20, match_len=6, line_score=0.589, ratio_lines=0.308, final_score=0.589
trace:         score_window: window_len=13, match_len=6, line_score=0.000, ratio_lines=0.000, final_score=0.101
trace:         score_window: window_len=21, match_len=6, line_score=0.583, ratio_lines=0.296, final_score=0.583
trace:         score_window: window_len=22, match_len=6, line_score=0.578, ratio_lines=0.286, final_score=0.578
trace:         score_window: window_len=14, match_len=6, line_score=0.156, ratio_lines=0.100, final_score=0.156
trace:         score_window: window_len=23, match_len=6, line_score=0.572, ratio_lines=0.276, final_score=0.572
trace:         score_window: window_len=24, match_len=6, line_score=0.567, ratio_lines=0.267, final_score=0.567
trace:         score_window: window_len=6, match_len=6, line_score=0.000, ratio_lines=0.000, final_score=0.224
trace:         score_window: window_len=25, match_len=6, line_score=0.561, ratio_lines=0.258, final_score=0.561
trace:         score_window: window_len=7, match_len=6, line_score=0.000, ratio_lines=0.000, final_score=0.223
trace:         score_window: window_len=26, match_len=6, line_score=0.694, ratio_lines=0.312, final_score=0.694
trace:         score_window: window_len=8, match_len=6, line_score=0.000, ratio_lines=0.000, final_score=0.223
trace:         score_window: window_len=9, match_len=6, line_score=0.000, ratio_lines=0.000, final_score=0.178
trace:         score_window: window_len=27, match_len=6, line_score=0.550, ratio_lines=0.242, final_score=0.550
trace:         score_window: window_len=28, match_len=6, line_score=0.544, ratio_lines=0.235, final_score=0.544
trace:         score_window: window_len=10, match_len=6, line_score=0.000, ratio_lines=0.000, final_score=0.177
trace:         score_window: window_len=29, match_len=6, line_score=0.539, ratio_lines=0.229, final_score=0.539
trace:         score_window: window_len=11, match_len=6, line_score=0.000, ratio_lines=0.000, final_score=0.177
trace:         score_window: window_len=6, match_len=6, line_score=0.500, ratio_lines=0.500, final_score=0.705
trace:         score_window: window_len=12, match_len=6, line_score=0.000, ratio_lines=0.000, final_score=0.168
trace:         score_window: window_len=13, match_len=6, line_score=0.157, ratio_lines=0.105, final_score=0.178
trace:         score_window: window_len=8, match_len=6, line_score=0.000, ratio_lines=0.000, final_score=0.122
trace:         score_window: window_len=9, match_len=6, line_score=0.000, ratio_lines=0.000, final_score=0.121
trace:         score_window: window_len=5, match_len=6, line_score=0.545, ratio_lines=0.545, final_score=0.765
trace:         score_window: window_len=7, match_len=6, line_score=0.496, ratio_lines=0.462, final_score=0.691
trace:         score_window: window_len=10, match_len=6, line_score=0.000, ratio_lines=0.000, final_score=0.121
trace:         score_window: window_len=11, match_len=6, line_score=0.000, ratio_lines=0.000, final_score=0.115
trace:         score_window: window_len=12, match_len=6, line_score=0.158, ratio_lines=0.111, final_score=0.158
trace:         score_window: window_len=13, match_len=6, line_score=0.157, ratio_lines=0.105, final_score=0.288
trace:         score_window: window_len=4, match_len=6, line_score=0.600, ratio_lines=0.600, final_score=0.785
trace:         score_window: window_len=14, match_len=6, line_score=0.156, ratio_lines=0.100, final_score=0.313
trace:         score_window: window_len=8, match_len=6, line_score=0.492, ratio_lines=0.429, final_score=0.641
trace:         score_window: window_len=7, match_len=6, line_score=0.000, ratio_lines=0.000, final_score=0.102
trace:         score_window: window_len=8, match_len=6, line_score=0.000, ratio_lines=0.000, final_score=0.102
trace:         score_window: window_len=3, match_len=6, line_score=0.444, ratio_lines=0.444, final_score=0.653
trace:         score_window: window_len=9, match_len=6, line_score=0.000, ratio_lines=0.000, final_score=0.102
trace:         score_window: window_len=9, match_len=6, line_score=0.488, ratio_lines=0.400, final_score=0.629
trace:         score_window: window_len=2, match_len=6, line_score=0.250, ratio_lines=0.250, final_score=0.285
trace:         score_window: window_len=10, match_len=6, line_score=0.000, ratio_lines=0.000, final_score=0.097
trace:         score_window: window_len=10, match_len=6, line_score=0.483, ratio_lines=0.375, final_score=0.578
trace:         score_window: window_len=11, match_len=6, line_score=0.160, ratio_lines=0.118, final_score=0.160
trace:         score_window: window_len=11, match_len=6, line_score=0.479, ratio_lines=0.353, final_score=0.555
trace:         score_window: window_len=12, match_len=6, line_score=0.158, ratio_lines=0.111, final_score=0.296
trace:         score_window: window_len=12, match_len=6, line_score=0.475, ratio_lines=0.333, final_score=0.550
trace:         score_window: window_len=13, match_len=6, line_score=0.157, ratio_lines=0.105, final_score=0.322
trace:         score_window: window_len=13, match_len=6, line_score=0.471, ratio_lines=0.316, final_score=0.548
trace:         score_window: window_len=14, match_len=6, line_score=0.467, ratio_lines=0.300, final_score=0.467
trace:         score_window: window_len=6, match_len=6, line_score=0.000, ratio_lines=0.000, final_score=0.356
trace:         score_window: window_len=15, match_len=6, line_score=0.463, ratio_lines=0.286, final_score=0.463
trace:         score_window: window_len=16, match_len=6, line_score=0.458, ratio_lines=0.273, final_score=0.458
trace:         score_window: window_len=17, match_len=6, line_score=0.454, ratio_lines=0.261, final_score=0.454
trace:         score_window: window_len=7, match_len=6, line_score=0.000, ratio_lines=0.000, final_score=0.354
trace:         score_window: window_len=18, match_len=6, line_score=0.450, ratio_lines=0.250, final_score=0.450
trace:         score_window: window_len=19, match_len=6, line_score=0.446, ratio_lines=0.240, final_score=0.446
trace:         score_window: window_len=20, match_len=6, line_score=0.442, ratio_lines=0.231, final_score=0.442
trace:         score_window: window_len=8, match_len=6, line_score=0.000, ratio_lines=0.000, final_score=0.354
trace:         score_window: window_len=21, match_len=6, line_score=0.438, ratio_lines=0.222, final_score=0.438
trace:         score_window: window_len=22, match_len=6, line_score=0.433, ratio_lines=0.214, final_score=0.433
trace:         score_window: window_len=9, match_len=6, line_score=0.000, ratio_lines=0.000, final_score=0.346
trace:         score_window: window_len=6, match_len=6, line_score=0.500, ratio_lines=0.500, final_score=0.685
trace:         score_window: window_len=5, match_len=6, line_score=0.545, ratio_lines=0.545, final_score=0.699
trace:         score_window: window_len=10, match_len=6, line_score=0.161, ratio_lines=0.125, final_score=0.357
trace:         score_window: window_len=7, match_len=6, line_score=0.496, ratio_lines=0.462, final_score=0.632
trace:         score_window: window_len=4, match_len=6, line_score=0.600, ratio_lines=0.600, final_score=0.765
trace:         score_window: window_len=11, match_len=6, line_score=0.160, ratio_lines=0.118, final_score=0.312
trace:         score_window: window_len=8, match_len=6, line_score=0.492, ratio_lines=0.429, final_score=0.618
trace:         score_window: window_len=3, match_len=6, line_score=0.667, ratio_lines=0.667, final_score=0.787
trace:         score_window: window_len=12, match_len=6, line_score=0.158, ratio_lines=0.111, final_score=0.338
trace:         score_window: window_len=9, match_len=6, line_score=0.488, ratio_lines=0.400, final_score=0.565
trace:         score_window: window_len=2, match_len=6, line_score=0.500, ratio_lines=0.500, final_score=0.500
trace:         score_window: window_len=6, match_len=6, line_score=0.000, ratio_lines=0.000, final_score=0.349
trace:         score_window: window_len=10, match_len=6, line_score=0.483, ratio_lines=0.375, final_score=0.541
trace:         score_window: window_len=5, match_len=6, line_score=0.000, ratio_lines=0.000, final_score=0.352
trace:         score_window: window_len=11, match_len=6, line_score=0.479, ratio_lines=0.353, final_score=0.537
trace:         score_window: window_len=12, match_len=6, line_score=0.475, ratio_lines=0.333, final_score=0.535
trace:         score_window: window_len=7, match_len=6, line_score=0.000, ratio_lines=0.000, final_score=0.349
trace:         score_window: window_len=13, match_len=6, line_score=0.471, ratio_lines=0.316, final_score=0.471
trace:         score_window: window_len=14, match_len=6, line_score=0.467, ratio_lines=0.300, final_score=0.467
trace:         score_window: window_len=15, match_len=6, line_score=0.463, ratio_lines=0.286, final_score=0.463
trace:         score_window: window_len=16, match_len=6, line_score=0.458, ratio_lines=0.273, final_score=0.458
trace:         score_window: window_len=8, match_len=6, line_score=0.000, ratio_lines=0.000, final_score=0.341
trace:         score_window: window_len=17, match_len=6, line_score=0.454, ratio_lines=0.261, final_score=0.454
trace:         score_window: window_len=18, match_len=6, line_score=0.450, ratio_lines=0.250, final_score=0.450
trace:         score_window: window_len=19, match_len=6, line_score=0.446, ratio_lines=0.240, final_score=0.446
trace:         score_window: window_len=9, match_len=6, line_score=0.163, ratio_lines=0.133, final_score=0.353
trace:         score_window: window_len=20, match_len=6, line_score=0.442, ratio_lines=0.231, final_score=0.442
trace:         score_window: window_len=21, match_len=6, line_score=0.438, ratio_lines=0.222, final_score=0.438
trace:         score_window: window_len=22, match_len=6, line_score=0.433, ratio_lines=0.214, final_score=0.433
trace:         score_window: window_len=10, match_len=6, line_score=0.161, ratio_lines=0.125, final_score=0.321
trace:         score_window: window_len=6, match_len=6, line_score=0.333, ratio_lines=0.333, final_score=0.461
trace:         score_window: window_len=11, match_len=6, line_score=0.160, ratio_lines=0.118, final_score=0.348
trace:         score_window: window_len=5, match_len=6, line_score=0.364, ratio_lines=0.364, final_score=0.504
trace:         score_window: window_len=7, match_len=6, line_score=0.331, ratio_lines=0.308, final_score=0.450
trace:         score_window: window_len=7, match_len=6, line_score=0.000, ratio_lines=0.000, final_score=0.356
trace:         score_window: window_len=4, match_len=6, line_score=0.400, ratio_lines=0.400, final_score=0.517
trace:         score_window: window_len=8, match_len=6, line_score=0.164, ratio_lines=0.143, final_score=0.369
trace:         score_window: window_len=8, match_len=6, line_score=0.328, ratio_lines=0.286, final_score=0.407
trace:         score_window: window_len=3, match_len=6, line_score=0.444, ratio_lines=0.444, final_score=0.444
trace:         score_window: window_len=9, match_len=6, line_score=0.163, ratio_lines=0.133, final_score=0.337
trace:         score_window: window_len=9, match_len=6, line_score=0.325, ratio_lines=0.267, final_score=0.388
trace:         score_window: window_len=2, match_len=6, line_score=0.500, ratio_lines=0.500, final_score=0.500
trace:         score_window: window_len=10, match_len=6, line_score=0.322, ratio_lines=0.250, final_score=0.384
trace:         score_window: window_len=10, match_len=6, line_score=0.161, ratio_lines=0.125, final_score=0.367
trace:         score_window: window_len=11, match_len=6, line_score=0.319, ratio_lines=0.235, final_score=0.383
trace:         score_window: window_len=8, match_len=6, line_score=0.164, ratio_lines=0.143, final_score=0.361
trace:         score_window: window_len=12, match_len=6, line_score=0.317, ratio_lines=0.222, final_score=0.324
trace:         score_window: window_len=9, match_len=6, line_score=0.163, ratio_lines=0.133, final_score=0.390
trace:         score_window: window_len=7, match_len=6, line_score=0.165, ratio_lines=0.154, final_score=0.357
trace:         score_window: window_len=13, match_len=6, line_score=0.314, ratio_lines=0.211, final_score=0.321
trace:         score_window: window_len=8, match_len=6, line_score=0.164, ratio_lines=0.143, final_score=0.387
trace:         score_window: window_len=14, match_len=6, line_score=0.311, ratio_lines=0.200, final_score=0.320
trace:         score_window: window_len=6, match_len=6, line_score=0.167, ratio_lines=0.167, final_score=0.378
trace:         score_window: window_len=26, match_len=6, line_score=0.694, ratio_lines=0.312, final_score=0.694
trace:         score_window: window_len=7, match_len=6, line_score=0.165, ratio_lines=0.154, final_score=0.407
trace:         score_window: window_len=3, match_len=6, line_score=0.222, ratio_lines=0.222, final_score=0.222
trace:         score_window: window_len=3, match_len=6, line_score=0.222, ratio_lines=0.222, final_score=0.459
trace:         score_window: window_len=27, match_len=6, line_score=0.688, ratio_lines=0.303, final_score=0.688
trace:         score_window: window_len=2, match_len=6, line_score=0.250, ratio_lines=0.250, final_score=0.250
trace:         score_window: window_len=3, match_len=6, line_score=0.222, ratio_lines=0.222, final_score=0.524
trace:         score_window: window_len=2, match_len=6, line_score=0.250, ratio_lines=0.250, final_score=0.495
trace:         score_window: window_len=2, match_len=6, line_score=0.250, ratio_lines=0.250, final_score=0.551
trace:         score_window: window_len=28, match_len=6, line_score=0.681, ratio_lines=0.294, final_score=0.681
trace:         score_window: window_len=7, match_len=6, line_score=0.165, ratio_lines=0.154, final_score=0.192
trace:         score_window: window_len=29, match_len=6, line_score=0.674, ratio_lines=0.286, final_score=0.674
trace:         score_window: window_len=8, match_len=6, line_score=0.164, ratio_lines=0.143, final_score=0.182
trace:         score_window: window_len=3, match_len=6, line_score=0.222, ratio_lines=0.222, final_score=0.222
trace:         score_window: window_len=9, match_len=6, line_score=0.163, ratio_lines=0.133, final_score=0.180
trace:         score_window: window_len=7, match_len=6, line_score=0.000, ratio_lines=0.000, final_score=0.342
trace:         score_window: window_len=2, match_len=6, line_score=0.250, ratio_lines=0.250, final_score=0.250
trace:         score_window: window_len=10, match_len=6, line_score=0.161, ratio_lines=0.125, final_score=0.179
trace:         score_window: window_len=8, match_len=6, line_score=0.000, ratio_lines=0.000, final_score=0.340
trace:         score_window: window_len=11, match_len=6, line_score=0.160, ratio_lines=0.118, final_score=0.160
trace:         score_window: window_len=9, match_len=6, line_score=0.000, ratio_lines=0.000, final_score=0.340
trace:         score_window: window_len=12, match_len=6, line_score=0.158, ratio_lines=0.111, final_score=0.158
trace:         score_window: window_len=13, match_len=6, line_score=0.157, ratio_lines=0.105, final_score=0.157
trace:         score_window: window_len=10, match_len=6, line_score=0.000, ratio_lines=0.000, final_score=0.314
trace:         score_window: window_len=14, match_len=6, line_score=0.156, ratio_lines=0.100, final_score=0.156
trace:         score_window: window_len=11, match_len=6, line_score=0.160, ratio_lines=0.118, final_score=0.314
trace:         score_window: window_len=15, match_len=6, line_score=0.154, ratio_lines=0.095, final_score=0.154
trace:         score_window: window_len=20, match_len=6, line_score=0.442, ratio_lines=0.231, final_score=0.442
trace:         score_window: window_len=12, match_len=6, line_score=0.158, ratio_lines=0.111, final_score=0.296
trace:         score_window: window_len=21, match_len=6, line_score=0.583, ratio_lines=0.296, final_score=0.583
trace:         score_window: window_len=13, match_len=6, line_score=0.157, ratio_lines=0.105, final_score=0.322
trace:         score_window: window_len=26, match_len=6, line_score=0.694, ratio_lines=0.312, final_score=0.694
trace:         score_window: window_len=27, match_len=6, line_score=0.688, ratio_lines=0.303, final_score=0.688
trace:         score_window: window_len=14, match_len=6, line_score=0.311, ratio_lines=0.200, final_score=0.377
trace:         score_window: window_len=28, match_len=6, line_score=0.681, ratio_lines=0.294, final_score=0.681
trace:         score_window: window_len=15, match_len=6, line_score=0.308, ratio_lines=0.190, final_score=0.407
trace:         score_window: window_len=29, match_len=6, line_score=0.674, ratio_lines=0.286, final_score=0.674
trace:         score_window: window_len=16, match_len=6, line_score=0.458, ratio_lines=0.273, final_score=0.458
trace:         score_window: window_len=17, match_len=6, line_score=0.606, ratio_lines=0.348, final_score=0.606
trace:         score_window: window_len=7, match_len=6, line_score=0.000, ratio_lines=0.000, final_score=0.146
trace:         score_window: window_len=8, match_len=6, line_score=0.000, ratio_lines=0.000, final_score=0.152
trace:         score_window: window_len=26, match_len=6, line_score=0.694, ratio_lines=0.312, final_score=0.694
trace:         score_window: window_len=9, match_len=6, line_score=0.000, ratio_lines=0.000, final_score=0.152
trace:         score_window: window_len=27, match_len=6, line_score=0.688, ratio_lines=0.303, final_score=0.688
trace:         score_window: window_len=28, match_len=6, line_score=0.681, ratio_lines=0.294, final_score=0.681
trace:         score_window: window_len=10, match_len=6, line_score=0.000, ratio_lines=0.000, final_score=0.316
trace:         score_window: window_len=29, match_len=6, line_score=0.674, ratio_lines=0.286, final_score=0.674
trace:         score_window: window_len=11, match_len=6, line_score=0.000, ratio_lines=0.000, final_score=0.314
trace:         score_window: window_len=6, match_len=6, line_score=0.000, ratio_lines=0.000, final_score=0.379
trace:         score_window: window_len=12, match_len=6, line_score=0.000, ratio_lines=0.000, final_score=0.314
trace:         score_window: window_len=7, match_len=6, line_score=0.000, ratio_lines=0.000, final_score=0.376
trace:         score_window: window_len=8, match_len=6, line_score=0.000, ratio_lines=0.000, final_score=0.376
trace:         score_window: window_len=13, match_len=6, line_score=0.000, ratio_lines=0.000, final_score=0.293
trace:         score_window: window_len=14, match_len=6, line_score=0.156, ratio_lines=0.100, final_score=0.292
trace:         score_window: window_len=9, match_len=6, line_score=0.000, ratio_lines=0.000, final_score=0.346
trace:         score_window: window_len=15, match_len=6, line_score=0.154, ratio_lines=0.095, final_score=0.267
trace:         score_window: window_len=19, match_len=6, line_score=0.446, ratio_lines=0.240, final_score=0.446
trace:         score_window: window_len=10, match_len=6, line_score=0.161, ratio_lines=0.125, final_score=0.346
trace:         score_window: window_len=20, match_len=6, line_score=0.589, ratio_lines=0.308, final_score=0.589
trace:         score_window: window_len=11, match_len=6, line_score=0.160, ratio_lines=0.118, final_score=0.312
trace:         score_window: window_len=26, match_len=6, line_score=0.694, ratio_lines=0.312, final_score=0.694
trace:         score_window: window_len=12, match_len=6, line_score=0.158, ratio_lines=0.111, final_score=0.338
trace:         score_window: window_len=27, match_len=6, line_score=0.688, ratio_lines=0.303, final_score=0.688
trace:         score_window: window_len=28, match_len=6, line_score=0.681, ratio_lines=0.294, final_score=0.681
trace:         score_window: window_len=13, match_len=6, line_score=0.314, ratio_lines=0.211, final_score=0.396
trace:         score_window: window_len=29, match_len=6, line_score=0.674, ratio_lines=0.286, final_score=0.674
trace:         score_window: window_len=6, match_len=6, line_score=0.000, ratio_lines=0.000, final_score=0.175
trace:         score_window: window_len=7, match_len=6, line_score=0.000, ratio_lines=0.000, final_score=0.181
trace:         score_window: window_len=8, match_len=6, line_score=0.000, ratio_lines=0.000, final_score=0.181
trace:         score_window: window_len=14, match_len=6, line_score=0.311, ratio_lines=0.200, final_score=0.427
trace:         score_window: window_len=9, match_len=6, line_score=0.000, ratio_lines=0.000, final_score=0.342
trace:         score_window: window_len=10, match_len=6, line_score=0.000, ratio_lines=0.000, final_score=0.340
trace:         score_window: window_len=15, match_len=6, line_score=0.463, ratio_lines=0.286, final_score=0.468
trace:         score_window: window_len=11, match_len=6, line_score=0.000, ratio_lines=0.000, final_score=0.340
trace:         score_window: window_len=16, match_len=6, line_score=0.611, ratio_lines=0.364, final_score=0.611
trace:         score_window: window_len=26, match_len=6, line_score=0.694, ratio_lines=0.312, final_score=0.694
trace:         score_window: window_len=12, match_len=6, line_score=0.000, ratio_lines=0.000, final_score=0.317
trace:         score_window: window_len=27, match_len=6, line_score=0.688, ratio_lines=0.303, final_score=0.688
trace:         score_window: window_len=28, match_len=6, line_score=0.681, ratio_lines=0.294, final_score=0.681
trace:         score_window: window_len=13, match_len=6, line_score=0.157, ratio_lines=0.105, final_score=0.317
trace:         score_window: window_len=29, match_len=6, line_score=0.674, ratio_lines=0.286, final_score=0.674
trace:         score_window: window_len=14, match_len=6, line_score=0.156, ratio_lines=0.100, final_score=0.274
trace:         score_window: window_len=6, match_len=6, line_score=0.000, ratio_lines=0.000, final_score=0.371
trace:         score_window: window_len=15, match_len=6, line_score=0.154, ratio_lines=0.095, final_score=0.299
trace:         score_window: window_len=5, match_len=6, line_score=0.000, ratio_lines=0.000, final_score=0.374
trace:         score_window: window_len=16, match_len=6, line_score=0.306, ratio_lines=0.182, final_score=0.350
trace:         score_window: window_len=7, match_len=6, line_score=0.000, ratio_lines=0.000, final_score=0.371
trace:         score_window: window_len=18, match_len=6, line_score=0.450, ratio_lines=0.250, final_score=0.450
trace:         score_window: window_len=19, match_len=6, line_score=0.594, ratio_lines=0.320, final_score=0.594
trace:         score_window: window_len=8, match_len=6, line_score=0.000, ratio_lines=0.000, final_score=0.341
trace:         score_window: window_len=26, match_len=6, line_score=0.694, ratio_lines=0.312, final_score=0.694
trace:         score_window: window_len=9, match_len=6, line_score=0.163, ratio_lines=0.133, final_score=0.342
trace:         score_window: window_len=27, match_len=6, line_score=0.688, ratio_lines=0.303, final_score=0.688
trace:         score_window: window_len=10, match_len=6, line_score=0.161, ratio_lines=0.125, final_score=0.321
trace:         score_window: window_len=28, match_len=6, line_score=0.681, ratio_lines=0.294, final_score=0.681
trace:         score_window: window_len=29, match_len=6, line_score=0.674, ratio_lines=0.286, final_score=0.674
trace:         score_window: window_len=11, match_len=6, line_score=0.160, ratio_lines=0.118, final_score=0.348
trace:         score_window: window_len=8, match_len=6, line_score=0.000, ratio_lines=0.000, final_score=0.348
trace:         score_window: window_len=12, match_len=6, line_score=0.317, ratio_lines=0.222, final_score=0.408
trace:         score_window: window_len=9, match_len=6, line_score=0.000, ratio_lines=0.000, final_score=0.346
trace:         score_window: window_len=13, match_len=6, line_score=0.314, ratio_lines=0.211, final_score=0.439
trace:         score_window: window_len=10, match_len=6, line_score=0.000, ratio_lines=0.000, final_score=0.346
trace:         score_window: window_len=14, match_len=6, line_score=0.467, ratio_lines=0.300, final_score=0.481
trace:         score_window: window_len=15, match_len=6, line_score=0.617, ratio_lines=0.381, final_score=0.617
trace:         score_window: window_len=11, match_len=6, line_score=0.000, ratio_lines=0.000, final_score=0.320
trace:         score_window: window_len=26, match_len=6, line_score=0.694, ratio_lines=0.312, final_score=0.694
trace:         score_window: window_len=12, match_len=6, line_score=0.158, ratio_lines=0.111, final_score=0.320
trace:         score_window: window_len=27, match_len=6, line_score=0.688, ratio_lines=0.303, final_score=0.688
trace:         score_window: window_len=13, match_len=6, line_score=0.157, ratio_lines=0.105, final_score=0.288
trace:         score_window: window_len=28, match_len=6, line_score=0.681, ratio_lines=0.294, final_score=0.681
trace:         score_window: window_len=29, match_len=6, line_score=0.674, ratio_lines=0.286, final_score=0.674
trace:         score_window: window_len=14, match_len=6, line_score=0.156, ratio_lines=0.100, final_score=0.313
trace:         score_window: window_len=7, match_len=6, line_score=0.000, ratio_lines=0.000, final_score=0.349
trace:         score_window: window_len=15, match_len=6, line_score=0.308, ratio_lines=0.190, final_score=0.366
trace:         score_window: window_len=8, match_len=6, line_score=0.164, ratio_lines=0.143, final_score=0.349
trace:         score_window: window_len=16, match_len=6, line_score=0.306, ratio_lines=0.182, final_score=0.397
trace:         score_window: window_len=9, match_len=6, line_score=0.163, ratio_lines=0.133, final_score=0.337
trace:         score_window: window_len=17, match_len=6, line_score=0.454, ratio_lines=0.261, final_score=0.454
trace:         score_window: window_len=18, match_len=6, line_score=0.600, ratio_lines=0.333, final_score=0.600
trace:         score_window: window_len=10, match_len=6, line_score=0.161, ratio_lines=0.125, final_score=0.367
trace:         score_window: window_len=26, match_len=6, line_score=0.694, ratio_lines=0.312, final_score=0.694
trace:         score_window: window_len=11, match_len=6, line_score=0.319, ratio_lines=0.235, final_score=0.431
trace:         score_window: window_len=27, match_len=6, line_score=0.688, ratio_lines=0.303, final_score=0.688
trace:         score_window: window_len=12, match_len=6, line_score=0.317, ratio_lines=0.222, final_score=0.464
trace:         score_window: window_len=28, match_len=6, line_score=0.681, ratio_lines=0.294, final_score=0.681
trace:         score_window: window_len=29, match_len=6, line_score=0.674, ratio_lines=0.286, final_score=0.674
trace:         score_window: window_len=13, match_len=6, line_score=0.471, ratio_lines=0.316, final_score=0.508
trace:         score_window: window_len=14, match_len=6, line_score=0.622, ratio_lines=0.400, final_score=0.622
trace:         score_window: window_len=26, match_len=6, line_score=0.694, ratio_lines=0.312, final_score=0.694
trace:         score_window: window_len=27, match_len=6, line_score=0.688, ratio_lines=0.303, final_score=0.688
trace:         score_window: window_len=28, match_len=6, line_score=0.681, ratio_lines=0.294, final_score=0.681
trace:         score_window: window_len=29, match_len=6, line_score=0.674, ratio_lines=0.286, final_score=0.674
debug:       compute_scored_windows (parallel) complete: scored 1246 window(s). Best candidate score=0.992 at line 431 (len=7).
trace:       Top fuzzy match candidates:
trace:         - Index 430, Len 7: Score 0.992 (Ratio 0.992) | Content: ["            # Determine if the set_memory_uc() function is present.", "            #", "            CODE=\"", "            #include <linux/types.h>", "            #if defined(NV_ASM_SET_MEMORY_H_PRESENT)", "            #if defined(NV_ASM_PGTABLE_TYPES_H_PRESENT)", "            #include <asm/pgtable_types.h>"]
trace:         - Index 429, Len 8: Score 0.983 (Ratio 0.983) | Content: ["            #", "            # Determine if the set_memory_uc() function is present.", "            #", "            CODE=\"", "            #include <linux/types.h>", "            #if defined(NV_ASM_SET_MEMORY_H_PRESENT)", "            #if defined(NV_ASM_PGTABLE_TYPES_H_PRESENT)", "            #include <asm/pgtable_types.h>"]
trace:         - Index 430, Len 8: Score 0.983 (Ratio 0.983) | Content: ["            # Determine if the set_memory_uc() function is present.", "            #", "            CODE=\"", "            #include <linux/types.h>", "            #if defined(NV_ASM_SET_MEMORY_H_PRESENT)", "            #if defined(NV_ASM_PGTABLE_TYPES_H_PRESENT)", "            #include <asm/pgtable_types.h>", "            #endif"]
trace:         - Index 428, Len 9: Score 0.975 (Ratio 0.975) | Content: ["        set_memory_uc)", "            #", "            # Determine if the set_memory_uc() function is present.", "            #", "            CODE=\"", "            #include <linux/types.h>", "            #if defined(NV_ASM_SET_MEMORY_H_PRESENT)", "            #if defined(NV_ASM_PGTABLE_TYPES_H_PRESENT)", "            #include <asm/pgtable_types.h>"]
trace:         - Index 429, Len 9: Score 0.975 (Ratio 0.975) | Content: ["            #", "            # Determine if the set_memory_uc() function is present.", "            #", "            CODE=\"", "            #include <linux/types.h>", "            #if defined(NV_ASM_SET_MEMORY_H_PRESENT)", "            #if defined(NV_ASM_PGTABLE_TYPES_H_PRESENT)", "            #include <asm/pgtable_types.h>", "            #endif"]
trace:         New best score: 0.184 (ratio 0.184 [l:0.000,w:0.205]) at index 415 (window len 6)
trace:         New best score: 0.200 (ratio 0.200 [l:0.000,w:0.203]) at index 415 (window len 7)
trace:         New best score: 0.675 (ratio 0.675 [l:0.000,w:0.000]) at index 415 (window len 3)
trace:         New best score: 0.729 (ratio 0.729 [l:0.370,w:0.729]) at index 415 (window len 21)
trace:         New best score: 0.867 (ratio 0.867 [l:0.429,w:0.867]) at index 415 (window len 22)
trace:         New best score: 0.875 (ratio 0.875 [l:0.444,w:0.875]) at index 416 (window len 21)
trace:         New best score: 0.883 (ratio 0.883 [l:0.462,w:0.883]) at index 417 (window len 20)
trace:         New best score: 0.892 (ratio 0.892 [l:0.480,w:0.892]) at index 418 (window len 19)
trace:         New best score: 0.900 (ratio 0.900 [l:0.500,w:0.900]) at index 419 (window len 18)
trace:         New best score: 0.908 (ratio 0.908 [l:0.522,w:0.908]) at index 420 (window len 17)
trace:         New best score: 0.917 (ratio 0.917 [l:0.545,w:0.917]) at index 421 (window len 16)
trace:         New best score: 0.925 (ratio 0.925 [l:0.571,w:0.925]) at index 422 (window len 15)
trace:         New best score: 0.933 (ratio 0.933 [l:0.600,w:0.933]) at index 423 (window len 14)
trace:         New best score: 0.942 (ratio 0.942 [l:0.632,w:0.942]) at index 424 (window len 13)
trace:         New best score: 0.950 (ratio 0.950 [l:0.667,w:0.950]) at index 425 (window len 12)
trace:         New best score: 0.958 (ratio 0.958 [l:0.706,w:0.958]) at index 426 (window len 11)
trace:         New best score: 0.967 (ratio 0.967 [l:0.750,w:0.967]) at index 427 (window len 10)
trace:         New best score: 0.975 (ratio 0.975 [l:0.800,w:0.975]) at index 428 (window len 9)
trace:         New best score: 0.983 (ratio 0.983 [l:0.857,w:0.983]) at index 429 (window len 8)
trace:         New best score: 0.992 (ratio 0.992 [l:0.923,w:0.992]) at index 430 (window len 7)
debug:     Strategy 3 (Fuzzy): 515 window(s) met threshold 0.70
trace:       Top 3 passing candidates: [("0.992", 431, 7), ("0.983", 430, 8), ("0.983", 431, 8)]
debug:     Top fuzzy candidate: start line 431 (len=7, score=0.992)
trace:       Adding candidate location at line 430 (len=8, score=0.983)
trace:       Adding candidate location at line 431 (len=8, score=0.983)
trace:       Adding candidate location at line 429 (len=9, score=0.975)
trace:       Adding candidate location at line 430 (len=9, score=0.975)
trace:       Adding candidate location at line 431 (len=9, score=0.975)
trace:       Adding candidate location at line 428 (len=10, score=0.967)
trace:       Adding candidate location at line 429 (len=10, score=0.967)
trace:       Adding candidate location at line 430 (len=10, score=0.967)
trace:       Adding candidate location at line 431 (len=10, score=0.967)
trace:       Adding candidate location at line 427 (len=11, score=0.958)
trace:       Adding candidate location at line 428 (len=11, score=0.958)
trace:       Adding candidate location at line 429 (len=11, score=0.958)
trace:       Adding candidate location at line 430 (len=11, score=0.958)
trace:       Adding candidate location at line 431 (len=11, score=0.958)
trace:       Adding candidate location at line 426 (len=12, score=0.950)
trace:       Adding candidate location at line 427 (len=12, score=0.950)
trace:       Adding candidate location at line 428 (len=12, score=0.950)
trace:       Adding candidate location at line 429 (len=12, score=0.950)
trace:       Adding candidate location at line 430 (len=12, score=0.950)
trace:       Reached maximum candidate limit (20), stopping candidate collection
debug:     Strategy 3 (Fuzzy): selected 20 candidate location(s)
trace:   Pruned candidates by min_span 1: 20 -> 20 candidate(s)
trace: DefaultHunkFinder::find_candidate_locations: returning 20 candidate(s)
debug:   Found 20 candidate location(s) for hunk. Testing sequentially...
trace:   Evaluating candidate 1/20 at location HunkLocation { start_index: 430, length: 7 } (match_type: Fuzzy { score: 0.9916666715923284 })
debug:   Found location HunkLocation { start_index: 430, length: 7 } with match type Fuzzy { score: 0.9916666715923284 }. Applying changes.
debug:   try_apply_hunk_at_location: target line 431 (length 7), match_type=Fuzzy { score: 0.9916666715923284 }, total target lines=5092.
trace: Hunk::get_match_block: extracted 6 match line(s)
trace:     Match block lines: 6 | Total hunk lines: 7
trace:     Target slice to replace: ["            # Determine if the set_memory_uc() function is present.", "            #", "            CODE=\"", "            #include <linux/types.h>", "            #if defined(NV_ASM_SET_MEMORY_H_PRESENT)", "            #if defined(NV_ASM_PGTABLE_TYPES_H_PRESENT)", "            #include <asm/pgtable_types.h>"]
trace:     Ellipsis flags: has_ellipsis=false, is_literal_match=false, is_wildcard_gap_match=false
debug:     Applying hunk via robust reconstruction logic (preserving file context & adjusting indent).
trace:       Fuzzy match location: start=430, len=7
trace:       File content in matched range (7 line(s)): ["            # Determine if the set_memory_uc() function is present.", "            #", "            CODE=\"", "            #include <linux/types.h>", "            #if defined(NV_ASM_SET_MEMORY_H_PRESENT)", "            #if defined(NV_ASM_PGTABLE_TYPES_H_PRESENT)", "            #include <asm/pgtable_types.h>"]
trace:       Parsed hunk: 6 match line(s), 0 initial addition(s).
trace: Hunk::get_match_block: extracted 6 match line(s)
trace:       Computed diff between match block and file slice: 3 operation(s), similarity ratio=0.923
trace:       Initial Indentation Context: Hunk='            ', Target='            '
trace:       Active baseline indentation: hunk='            ', target='            '
trace:       DiffOp::Equal: 3 line(s) aligned (hunk old_idx=0, file new_idx=0)
trace:         Equal: preserving target line: '            # Determine if the set_memory_uc() function is present.'
trace:         Equal: preserving target line: '            #'
trace:         Equal: preserving target line: '            CODE=\"'
trace:         Appended 1 addition(s) after line 2
trace:         Equal: applying addition: '            #include <linux/types.h>'
trace:       DiffOp::Insert: preserving 1 local insertion line(s) from target file (new_idx=3)
trace:         Preserving inserted line: '            #include <linux/types.h>'
trace:       DiffOp::Equal: 3 line(s) aligned (hunk old_idx=3, file new_idx=4)
trace:         Equal: preserving target line: '            #if defined(NV_ASM_SET_MEMORY_H_PRESENT)'
trace:         Equal: preserving target line: '            #if defined(NV_ASM_PGTABLE_TYPES_H_PRESENT)'
trace:         Equal: preserving target line: '            #include <asm/pgtable_types.h>'
debug:     Robust reconstruction complete: produced 8 replacement line(s) for 7 target line(s).
trace:   Splicing final replacement block into target lines: range [430..437], replacement line count=8
  try_apply_hunk_at_location: successfully spliced hunk at line 431 (replaced 7 line(s), resulting target lines=5093)
trace:     Replaced lines: ["            # Determine if the set_memory_uc() function is present.", "            #", "            CODE=\"", "            #include <linux/types.h>", "            #if defined(NV_ASM_SET_MEMORY_H_PRESENT)", "            #if defined(NV_ASM_PGTABLE_TYPES_H_PRESENT)", "            #include <asm/pgtable_types.h>"]
debug:   Candidate 1/20 at HunkLocation { start_index: 430, length: 7 } succeeded! Hunk applied cleanly.
debug:   HunkApplier: hunk 1 application outcome: Applied { location: HunkLocation { start_index: 430, length: 7 }, match_type: Fuzzy { score: 0.9916666715923284 }, replaced_lines: ["            # Determine if the set_memory_uc() function is present.", "            #", "            CODE=\"", "            #include <linux/types.h>", "            #if defined(NV_ASM_SET_MEMORY_H_PRESENT)", "            #if defined(NV_ASM_PGTABLE_TYPES_H_PRESENT)", "            #include <asm/pgtable_types.h>"] }
trace:   HunkApplier: hunk 1 applied at line 431 (len=7), delta=1, target lines now=5093
  Applying Hunk 1/3...
debug:     Successfully applied Hunk 1 at line 431 via Fuzzy { score: 0.9916666715923284 }
trace:     Replaced lines:
trace:       -             # Determine if the set_memory_uc() function is present.
trace:       -             #
trace:       -             CODE="
trace:       -             #include <linux/types.h>
trace:       -             #if defined(NV_ASM_SET_MEMORY_H_PRESENT)
trace:       -             #if defined(NV_ASM_PGTABLE_TYPES_H_PRESENT)
trace:       -             #include <asm/pgtable_types.h>
trace:   HunkApplier: shifting hunk 2 line hint from 451 to 452 (cumulative delta=1)
debug: apply_hunk_to_lines: applying hunk with 7 line(s) against target with 5093 line(s)
trace: Hunk::get_match_block: extracted 6 match line(s)
trace:   Match block: ["            # Determine if the set_memory_array_uc() function is present.", "            #", "            CODE=\"", "            #if defined(NV_ASM_SET_MEMORY_H_PRESENT)", "            #if defined(NV_ASM_PGTABLE_TYPES_H_PRESENT)", "            #include <asm/pgtable_types.h>"]
trace: Hunk::get_replace_block: extracted 7 replacement line(s)
trace:   Replace block: ["            # Determine if the set_memory_array_uc() function is present.", "            #", "            CODE=\"", "            #include <linux/types.h>", "            #if defined(NV_ASM_SET_MEMORY_H_PRESENT)", "            #if defined(NV_ASM_PGTABLE_TYPES_H_PRESENT)", "            #include <asm/pgtable_types.h>"]
trace: Hunk::has_changes: true
trace: Hunk::get_match_block: extracted 6 match line(s)
trace: Hunk::required_match_span: calculated required match span as 1 line(s) (first_match_idx=Some(2), last_match_idx=Some(2))
trace: DefaultHunkFinder::find_candidate_locations: match block len=6, required_match_span=1, target lines=5093
trace:   find_hunk_location_internal: match_block has 6 lines (entropy=true), target has 5093 lines
trace:   find_hunk_location_internal called for a hunk with 6 lines to match against 5093 target lines.
trace:     Attempting exact match for hunk (match block has 6 line(s))...
trace: tie_break_with_line_number: strategy='exact', hint=Some(452), entropy=true
trace:       No exact matches found.
trace:     Strategy 1 (Exact): no exact match found.
trace:     Attempting exact match (ignoring trailing whitespace) for hunk (match block has 6 line(s))...
trace: tie_break_with_line_number: strategy='exact (ignoring whitespace)', hint=Some(452), entropy=true
trace:       No exact (ignoring whitespace) matches found.
trace:     Strategy 2 (Whitespace-insensitive): no match found.
debug:     Strategy 3 (Fuzzy): beginning flexible window fuzzy search (threshold=0.70, match block len=0.7)
trace:       Hunk match block (6 lines): ["            # Determine if the set_memory_array_uc() function is present.", "            #", "            CODE=\"", "            #if defined(NV_ASM_SET_MEMORY_H_PRESENT)", "            #if defined(NV_ASM_PGTABLE_TYPES_H_PRESENT)", "            #include <asm/pgtable_types.h>"]
trace:       Searching with window sizes from 2 to 29 (hunk size: 6, fuzz distance: 23)
debug:       find_search_ranges: analyzing 6 match line(s) against 5093 target line(s).
trace:         Identified 5 high-entropy candidate anchor line(s) (search_radius=15, max candidates to test=100)
debug:         Spatial consensus: 10 anchor(s) agree on start near line 463
debug:       Found anchor line (hunk line 1) with 1 occurrences.
trace:         Anchor text: '# Determine if the set_memory_array_uc() function is present.'
trace:         Occurrence at target line 453: window estimated [438..496] (search radius +/-15)
trace:         Raw ranges before merging: [(437, 496)]
trace: merge_ranges: merging 1 input range(s): [(437, 496)]
trace: merge_ranges: result 1 disjoint range(s): [(437, 496)]
debug:       Search ranges merged: 1 disjoint range(s) covering 59/5093 line(s) (98.8% pruned): [(437, 496)]
trace:     Using search ranges: [(437, 496)]
debug:       compute_scored_windows (parallel): evaluating 1246 candidate window(s) across 1 range(s) (window lengths 2..=29)
trace:         Match block length: 6, Target line count: 5093, Search ranges: [(437, 496)]
trace:         score_window: window_len=7, match_len=6, line_score=0.165, ratio_lines=0.154, final_score=0.188
trace:         score_window: window_len=8, match_len=6, line_score=0.164, ratio_lines=0.143, final_score=0.178
trace:         score_window: window_len=3, match_len=6, line_score=0.222, ratio_lines=0.222, final_score=0.222
trace:         score_window: window_len=9, match_len=6, line_score=0.163, ratio_lines=0.133, final_score=0.176
trace:         score_window: window_len=2, match_len=6, line_score=0.250, ratio_lines=0.250, final_score=0.250
trace:         score_window: window_len=8, match_len=6, line_score=0.164, ratio_lines=0.143, final_score=0.361
trace:         score_window: window_len=10, match_len=6, line_score=0.161, ratio_lines=0.125, final_score=0.176
trace:         score_window: window_len=9, match_len=6, line_score=0.163, ratio_lines=0.133, final_score=0.390
trace:         score_window: window_len=11, match_len=6, line_score=0.160, ratio_lines=0.118, final_score=0.160
trace:         score_window: window_len=12, match_len=6, line_score=0.158, ratio_lines=0.111, final_score=0.158
trace:         score_window: window_len=10, match_len=6, line_score=0.161, ratio_lines=0.125, final_score=0.338
trace:         score_window: window_len=13, match_len=6, line_score=0.157, ratio_lines=0.105, final_score=0.157
trace:         score_window: window_len=14, match_len=6, line_score=0.156, ratio_lines=0.100, final_score=0.156
trace:         score_window: window_len=11, match_len=6, line_score=0.160, ratio_lines=0.118, final_score=0.310
trace:         score_window: window_len=15, match_len=6, line_score=0.154, ratio_lines=0.095, final_score=0.154
trace:         score_window: window_len=18, match_len=6, line_score=0.450, ratio_lines=0.250, final_score=0.450
trace:         score_window: window_len=19, match_len=6, line_score=0.446, ratio_lines=0.240, final_score=0.446
trace:         score_window: window_len=12, match_len=6, line_score=0.158, ratio_lines=0.111, final_score=0.291
trace:         score_window: window_len=20, match_len=6, line_score=0.589, ratio_lines=0.308, final_score=0.589
trace:         score_window: window_len=7, match_len=6, line_score=0.000, ratio_lines=0.000, final_score=0.137
trace:         score_window: window_len=8, match_len=6, line_score=0.000, ratio_lines=0.000, final_score=0.136
trace:         score_window: window_len=7, match_len=6, line_score=0.165, ratio_lines=0.154, final_score=0.357
trace:         score_window: window_len=9, match_len=6, line_score=0.000, ratio_lines=0.000, final_score=0.136
trace:         score_window: window_len=8, match_len=6, line_score=0.164, ratio_lines=0.143, final_score=0.387
trace:         score_window: window_len=10, match_len=6, line_score=0.000, ratio_lines=0.000, final_score=0.110
trace:         score_window: window_len=9, match_len=6, line_score=0.163, ratio_lines=0.133, final_score=0.335
trace:         score_window: window_len=11, match_len=6, line_score=0.000, ratio_lines=0.000, final_score=0.110
trace:         score_window: window_len=12, match_len=6, line_score=0.000, ratio_lines=0.000, final_score=0.110
trace:         score_window: window_len=10, match_len=6, line_score=0.161, ratio_lines=0.125, final_score=0.307
trace:         score_window: window_len=13, match_len=6, line_score=0.000, ratio_lines=0.000, final_score=0.132
trace:         score_window: window_len=14, match_len=6, line_score=0.156, ratio_lines=0.100, final_score=0.156
trace:         score_window: window_len=11, match_len=6, line_score=0.160, ratio_lines=0.118, final_score=0.288
trace:         score_window: window_len=15, match_len=6, line_score=0.154, ratio_lines=0.095, final_score=0.283
trace:         score_window: window_len=16, match_len=6, line_score=0.306, ratio_lines=0.182, final_score=0.335
trace:         score_window: window_len=6, match_len=6, line_score=0.167, ratio_lines=0.167, final_score=0.378
trace:         score_window: window_len=17, match_len=6, line_score=0.454, ratio_lines=0.261, final_score=0.454
trace:         score_window: window_len=7, match_len=6, line_score=0.165, ratio_lines=0.154, final_score=0.407
trace:         score_window: window_len=18, match_len=6, line_score=0.450, ratio_lines=0.250, final_score=0.450
trace:         score_window: window_len=19, match_len=6, line_score=0.594, ratio_lines=0.320, final_score=0.594
trace:         score_window: window_len=8, match_len=6, line_score=0.164, ratio_lines=0.143, final_score=0.349
trace:         score_window: window_len=6, match_len=6, line_score=0.000, ratio_lines=0.000, final_score=0.229
trace:         score_window: window_len=7, match_len=6, line_score=0.000, ratio_lines=0.000, final_score=0.227
trace:         score_window: window_len=8, match_len=6, line_score=0.000, ratio_lines=0.000, final_score=0.227
trace:         score_window: window_len=9, match_len=6, line_score=0.163, ratio_lines=0.133, final_score=0.320
trace:         score_window: window_len=9, match_len=6, line_score=0.000, ratio_lines=0.000, final_score=0.184
trace:         score_window: window_len=10, match_len=6, line_score=0.161, ratio_lines=0.125, final_score=0.300
trace:         score_window: window_len=10, match_len=6, line_score=0.000, ratio_lines=0.000, final_score=0.183
trace:         score_window: window_len=11, match_len=6, line_score=0.000, ratio_lines=0.000, final_score=0.183
trace:         score_window: window_len=12, match_len=6, line_score=0.000, ratio_lines=0.000, final_score=0.144
trace:         score_window: window_len=7, match_len=6, line_score=0.165, ratio_lines=0.154, final_score=0.379
trace:         score_window: window_len=13, match_len=6, line_score=0.157, ratio_lines=0.105, final_score=0.159
trace:         score_window: window_len=8, match_len=6, line_score=0.164, ratio_lines=0.143, final_score=0.343
trace:         score_window: window_len=14, match_len=6, line_score=0.156, ratio_lines=0.100, final_score=0.290
trace:         score_window: window_len=15, match_len=6, line_score=0.308, ratio_lines=0.190, final_score=0.344
trace:         score_window: window_len=9, match_len=6, line_score=0.163, ratio_lines=0.133, final_score=0.320
trace:         score_window: window_len=16, match_len=6, line_score=0.458, ratio_lines=0.273, final_score=0.458
trace:         score_window: window_len=17, match_len=6, line_score=0.454, ratio_lines=0.261, final_score=0.454
trace:         score_window: window_len=18, match_len=6, line_score=0.600, ratio_lines=0.333, final_score=0.600
trace:         score_window: window_len=10, match_len=6, line_score=0.161, ratio_lines=0.125, final_score=0.286
trace:         score_window: window_len=8, match_len=6, line_score=0.000, ratio_lines=0.000, final_score=0.127
trace:         score_window: window_len=9, match_len=6, line_score=0.000, ratio_lines=0.000, final_score=0.126
trace:         score_window: window_len=11, match_len=6, line_score=0.160, ratio_lines=0.118, final_score=0.255
trace:         score_window: window_len=10, match_len=6, line_score=0.000, ratio_lines=0.000, final_score=0.126
trace:         score_window: window_len=11, match_len=6, line_score=0.000, ratio_lines=0.000, final_score=0.144
trace:         score_window: window_len=12, match_len=6, line_score=0.158, ratio_lines=0.111, final_score=0.160
trace:         score_window: window_len=12, match_len=6, line_score=0.158, ratio_lines=0.111, final_score=0.250
trace:         score_window: window_len=13, match_len=6, line_score=0.157, ratio_lines=0.105, final_score=0.305
trace:         score_window: window_len=14, match_len=6, line_score=0.311, ratio_lines=0.200, final_score=0.360
trace:         score_window: window_len=13, match_len=6, line_score=0.314, ratio_lines=0.211, final_score=0.314
trace:         score_window: window_len=15, match_len=6, line_score=0.463, ratio_lines=0.286, final_score=0.463
trace:         score_window: window_len=16, match_len=6, line_score=0.458, ratio_lines=0.273, final_score=0.458
trace:         score_window: window_len=6, match_len=6, line_score=0.167, ratio_lines=0.167, final_score=0.387
trace:         score_window: window_len=17, match_len=6, line_score=0.606, ratio_lines=0.348, final_score=0.606
trace:         score_window: window_len=7, match_len=6, line_score=0.000, ratio_lines=0.000, final_score=0.106
trace:         score_window: window_len=7, match_len=6, line_score=0.165, ratio_lines=0.154, final_score=0.349
trace:         score_window: window_len=8, match_len=6, line_score=0.000, ratio_lines=0.000, final_score=0.106
trace:         score_window: window_len=9, match_len=6, line_score=0.000, ratio_lines=0.000, final_score=0.106
trace:         score_window: window_len=8, match_len=6, line_score=0.164, ratio_lines=0.143, final_score=0.326
trace:         score_window: window_len=3, match_len=6, line_score=0.222, ratio_lines=0.222, final_score=0.222
trace:         score_window: window_len=10, match_len=6, line_score=0.000, ratio_lines=0.000, final_score=0.136
trace:         score_window: window_len=11, match_len=6, line_score=0.160, ratio_lines=0.118, final_score=0.160
trace:         score_window: window_len=9, match_len=6, line_score=0.163, ratio_lines=0.133, final_score=0.290
trace:         score_window: window_len=12, match_len=6, line_score=0.158, ratio_lines=0.111, final_score=0.313
trace:         score_window: window_len=13, match_len=6, line_score=0.314, ratio_lines=0.211, final_score=0.370
trace:         score_window: window_len=14, match_len=6, line_score=0.467, ratio_lines=0.300, final_score=0.467
trace:         score_window: window_len=10, match_len=6, line_score=0.161, ratio_lines=0.125, final_score=0.259
trace:         score_window: window_len=15, match_len=6, line_score=0.463, ratio_lines=0.286, final_score=0.463
trace:         score_window: window_len=16, match_len=6, line_score=0.611, ratio_lines=0.364, final_score=0.611
trace:         score_window: window_len=11, match_len=6, line_score=0.160, ratio_lines=0.118, final_score=0.254
trace:         score_window: window_len=6, match_len=6, line_score=0.000, ratio_lines=0.000, final_score=0.389
trace:         score_window: window_len=7, match_len=6, line_score=0.000, ratio_lines=0.000, final_score=0.387
trace:         score_window: window_len=12, match_len=6, line_score=0.317, ratio_lines=0.222, final_score=0.317
trace:         score_window: window_len=8, match_len=6, line_score=0.000, ratio_lines=0.000, final_score=0.387
trace:         score_window: window_len=13, match_len=6, line_score=0.314, ratio_lines=0.211, final_score=0.314
trace:         score_window: window_len=9, match_len=6, line_score=0.000, ratio_lines=0.000, final_score=0.158
trace:         score_window: window_len=10, match_len=6, line_score=0.161, ratio_lines=0.125, final_score=0.248
trace:         score_window: window_len=6, match_len=6, line_score=0.167, ratio_lines=0.167, final_score=0.356
trace:         score_window: window_len=11, match_len=6, line_score=0.160, ratio_lines=0.118, final_score=0.330
trace:         score_window: window_len=12, match_len=6, line_score=0.317, ratio_lines=0.222, final_score=0.390
trace:         score_window: window_len=5, match_len=6, line_score=0.182, ratio_lines=0.182, final_score=0.396
trace:         score_window: window_len=13, match_len=6, line_score=0.471, ratio_lines=0.316, final_score=0.471
trace:         score_window: window_len=14, match_len=6, line_score=0.467, ratio_lines=0.300, final_score=0.473
trace:         score_window: window_len=7, match_len=6, line_score=0.165, ratio_lines=0.154, final_score=0.332
trace:         score_window: window_len=15, match_len=6, line_score=0.617, ratio_lines=0.381, final_score=0.617
trace:         score_window: window_len=6, match_len=6, line_score=0.000, ratio_lines=0.000, final_score=0.382
trace:         score_window: window_len=5, match_len=6, line_score=0.000, ratio_lines=0.000, final_score=0.385
trace:         score_window: window_len=7, match_len=6, line_score=0.000, ratio_lines=0.000, final_score=0.382
trace:         score_window: window_len=8, match_len=6, line_score=0.164, ratio_lines=0.143, final_score=0.295
trace:         score_window: window_len=3, match_len=6, line_score=0.222, ratio_lines=0.222, final_score=0.459
trace:         score_window: window_len=8, match_len=6, line_score=0.000, ratio_lines=0.000, final_score=0.175
trace:         score_window: window_len=9, match_len=6, line_score=0.163, ratio_lines=0.133, final_score=0.257
trace:         score_window: window_len=9, match_len=6, line_score=0.163, ratio_lines=0.133, final_score=0.263
trace:         score_window: window_len=10, match_len=6, line_score=0.161, ratio_lines=0.125, final_score=0.340
trace:         score_window: window_len=2, match_len=6, line_score=0.250, ratio_lines=0.250, final_score=0.250
trace:         score_window: window_len=11, match_len=6, line_score=0.319, ratio_lines=0.235, final_score=0.402
trace:         score_window: window_len=12, match_len=6, line_score=0.475, ratio_lines=0.333, final_score=0.475
trace:         score_window: window_len=10, match_len=6, line_score=0.161, ratio_lines=0.125, final_score=0.258
trace:         score_window: window_len=13, match_len=6, line_score=0.471, ratio_lines=0.316, final_score=0.487
trace:         score_window: window_len=14, match_len=6, line_score=0.622, ratio_lines=0.400, final_score=0.622
trace:         score_window: window_len=11, match_len=6, line_score=0.319, ratio_lines=0.235, final_score=0.319
trace:         score_window: window_len=8, match_len=6, line_score=0.164, ratio_lines=0.143, final_score=0.211
trace:         score_window: window_len=12, match_len=6, line_score=0.317, ratio_lines=0.222, final_score=0.317
trace:         score_window: window_len=9, match_len=6, line_score=0.163, ratio_lines=0.133, final_score=0.358
trace:         score_window: window_len=13, match_len=6, line_score=0.314, ratio_lines=0.211, final_score=0.314
trace:         score_window: window_len=10, match_len=6, line_score=0.322, ratio_lines=0.250, final_score=0.425
trace:         score_window: window_len=11, match_len=6, line_score=0.479, ratio_lines=0.353, final_score=0.486
trace:         score_window: window_len=12, match_len=6, line_score=0.475, ratio_lines=0.333, final_score=0.516
trace:         score_window: window_len=6, match_len=6, line_score=0.167, ratio_lines=0.167, final_score=0.350
trace:         score_window: window_len=13, match_len=6, line_score=0.628, ratio_lines=0.421, final_score=0.628
trace:         score_window: window_len=5, match_len=6, line_score=0.182, ratio_lines=0.182, final_score=0.375
trace:         score_window: window_len=8, match_len=6, line_score=0.164, ratio_lines=0.143, final_score=0.382
trace:         score_window: window_len=9, match_len=6, line_score=0.325, ratio_lines=0.267, final_score=0.451
trace:         score_window: window_len=7, match_len=6, line_score=0.165, ratio_lines=0.154, final_score=0.310
trace:         score_window: window_len=10, match_len=6, line_score=0.483, ratio_lines=0.375, final_score=0.513
trace:         score_window: window_len=11, match_len=6, line_score=0.479, ratio_lines=0.353, final_score=0.541
trace:         score_window: window_len=4, match_len=6, line_score=0.200, ratio_lines=0.200, final_score=0.419
trace:         score_window: window_len=12, match_len=6, line_score=0.633, ratio_lines=0.444, final_score=0.633
trace:         score_window: window_len=7, match_len=6, line_score=0.165, ratio_lines=0.154, final_score=0.379
trace:         score_window: window_len=8, match_len=6, line_score=0.164, ratio_lines=0.143, final_score=0.276
trace:         score_window: window_len=3, match_len=6, line_score=0.222, ratio_lines=0.222, final_score=0.524
trace:         score_window: window_len=8, match_len=6, line_score=0.328, ratio_lines=0.286, final_score=0.452
trace:         score_window: window_len=9, match_len=6, line_score=0.488, ratio_lines=0.400, final_score=0.517
trace:         score_window: window_len=10, match_len=6, line_score=0.483, ratio_lines=0.375, final_score=0.546
trace:         score_window: window_len=9, match_len=6, line_score=0.163, ratio_lines=0.133, final_score=0.270
trace:         score_window: window_len=2, match_len=6, line_score=0.250, ratio_lines=0.250, final_score=0.495
trace:         score_window: window_len=11, match_len=6, line_score=0.639, ratio_lines=0.471, final_score=0.639
trace:         score_window: window_len=10, match_len=6, line_score=0.322, ratio_lines=0.250, final_score=0.322
trace:         score_window: window_len=6, match_len=6, line_score=0.167, ratio_lines=0.167, final_score=0.400
trace:         score_window: window_len=7, match_len=6, line_score=0.331, ratio_lines=0.308, final_score=0.474
trace:         score_window: window_len=8, match_len=6, line_score=0.492, ratio_lines=0.429, final_score=0.540
trace:         score_window: window_len=11, match_len=6, line_score=0.319, ratio_lines=0.235, final_score=0.319
trace:         score_window: window_len=9, match_len=6, line_score=0.488, ratio_lines=0.400, final_score=0.567
trace:         score_window: window_len=12, match_len=6, line_score=0.317, ratio_lines=0.222, final_score=0.317
trace:         score_window: window_len=10, match_len=6, line_score=0.644, ratio_lines=0.500, final_score=0.644
trace:         score_window: window_len=13, match_len=6, line_score=0.314, ratio_lines=0.211, final_score=0.314
trace:         score_window: window_len=6, match_len=6, line_score=0.333, ratio_lines=0.333, final_score=0.541
trace:         score_window: window_len=7, match_len=6, line_score=0.496, ratio_lines=0.462, final_score=0.613
trace:         score_window: window_len=8, match_len=6, line_score=0.492, ratio_lines=0.429, final_score=0.642
trace:         score_window: window_len=9, match_len=6, line_score=0.650, ratio_lines=0.533, final_score=0.685
trace:         score_window: window_len=6, match_len=6, line_score=0.167, ratio_lines=0.167, final_score=0.318
trace:         score_window: window_len=6, match_len=6, line_score=0.500, ratio_lines=0.500, final_score=0.634
trace:         score_window: window_len=5, match_len=6, line_score=0.364, ratio_lines=0.364, final_score=0.558
trace:         score_window: window_len=5, match_len=6, line_score=0.182, ratio_lines=0.182, final_score=0.361
trace:         score_window: window_len=7, match_len=6, line_score=0.496, ratio_lines=0.462, final_score=0.660
trace:         score_window: window_len=8, match_len=6, line_score=0.656, ratio_lines=0.571, final_score=0.705
trace:         score_window: window_len=3, match_len=6, line_score=0.222, ratio_lines=0.222, final_score=0.222
trace:         score_window: window_len=6, match_len=6, line_score=0.500, ratio_lines=0.500, final_score=0.681
trace:         score_window: window_len=5, match_len=6, line_score=0.545, ratio_lines=0.545, final_score=0.656
trace:         score_window: window_len=7, match_len=6, line_score=0.165, ratio_lines=0.154, final_score=0.283
trace:         score_window: window_len=7, match_len=6, line_score=0.661, ratio_lines=0.615, final_score=0.727
trace:         score_window: window_len=4, match_len=6, line_score=0.400, ratio_lines=0.400, final_score=0.578
trace:         score_window: window_len=3, match_len=6, line_score=0.222, ratio_lines=0.222, final_score=0.487
trace:         score_window: window_len=2, match_len=6, line_score=0.250, ratio_lines=0.250, final_score=0.250
trace:         score_window: window_len=4, match_len=6, line_score=0.200, ratio_lines=0.200, final_score=0.388
trace:         score_window: window_len=6, match_len=6, line_score=0.667, ratio_lines=0.667, final_score=0.765
trace:         score_window: window_len=5, match_len=6, line_score=0.545, ratio_lines=0.545, final_score=0.719
trace:         score_window: window_len=4, match_len=6, line_score=0.600, ratio_lines=0.600, final_score=0.699
trace:         score_window: window_len=3, match_len=6, line_score=0.444, ratio_lines=0.444, final_score=0.618
trace:         score_window: window_len=2, match_len=6, line_score=0.250, ratio_lines=0.250, final_score=0.523
trace:         score_window: window_len=8, match_len=6, line_score=0.164, ratio_lines=0.143, final_score=0.276
trace:         score_window: window_len=4, match_len=6, line_score=0.600, ratio_lines=0.600, final_score=0.755
trace:         score_window: window_len=3, match_len=6, line_score=0.667, ratio_lines=0.667, final_score=0.738
trace:         score_window: window_len=2, match_len=6, line_score=0.500, ratio_lines=0.500, final_score=0.654
trace:         score_window: window_len=3, match_len=6, line_score=0.222, ratio_lines=0.222, final_score=0.434
trace:         score_window: window_len=4, match_len=6, line_score=0.600, ratio_lines=0.600, final_score=0.600
trace:         score_window: window_len=3, match_len=6, line_score=0.444, ratio_lines=0.444, final_score=0.444
trace:         score_window: window_len=2, match_len=6, line_score=0.500, ratio_lines=0.500, final_score=0.500
trace:         score_window: window_len=9, match_len=6, line_score=0.325, ratio_lines=0.267, final_score=0.325
trace:         score_window: window_len=2, match_len=6, line_score=0.250, ratio_lines=0.250, final_score=0.551
trace:         score_window: window_len=26, match_len=6, line_score=0.694, ratio_lines=0.312, final_score=0.694
trace:         score_window: window_len=27, match_len=6, line_score=0.688, ratio_lines=0.303, final_score=0.688
trace:         score_window: window_len=10, match_len=6, line_score=0.322, ratio_lines=0.250, final_score=0.322
trace:         score_window: window_len=11, match_len=6, line_score=0.319, ratio_lines=0.235, final_score=0.319
trace:         score_window: window_len=12, match_len=6, line_score=0.317, ratio_lines=0.222, final_score=0.317
trace:         score_window: window_len=13, match_len=6, line_score=0.314, ratio_lines=0.211, final_score=0.314
trace:         score_window: window_len=28, match_len=6, line_score=0.681, ratio_lines=0.294, final_score=0.681
trace:         score_window: window_len=29, match_len=6, line_score=0.674, ratio_lines=0.286, final_score=0.674
trace:         score_window: window_len=6, match_len=6, line_score=0.667, ratio_lines=0.667, final_score=0.727
trace:         score_window: window_len=7, match_len=6, line_score=0.661, ratio_lines=0.615, final_score=0.672
trace:         score_window: window_len=6, match_len=6, line_score=0.167, ratio_lines=0.167, final_score=0.213
trace:         score_window: window_len=4, match_len=6, line_score=0.600, ratio_lines=0.600, final_score=0.617
trace:         score_window: window_len=8, match_len=6, line_score=0.656, ratio_lines=0.571, final_score=0.659
trace:         score_window: window_len=3, match_len=6, line_score=0.444, ratio_lines=0.444, final_score=0.444
trace:         score_window: window_len=5, match_len=6, line_score=0.182, ratio_lines=0.182, final_score=0.230
trace:         score_window: window_len=9, match_len=6, line_score=0.650, ratio_lines=0.533, final_score=0.650
trace:         score_window: window_len=2, match_len=6, line_score=0.250, ratio_lines=0.250, final_score=0.259
trace:         score_window: window_len=10, match_len=6, line_score=0.644, ratio_lines=0.500, final_score=0.644
trace:         score_window: window_len=7, match_len=6, line_score=0.165, ratio_lines=0.154, final_score=0.195
trace:         score_window: window_len=11, match_len=6, line_score=0.639, ratio_lines=0.471, final_score=0.639
trace:         score_window: window_len=12, match_len=6, line_score=0.633, ratio_lines=0.444, final_score=0.633
trace:         score_window: window_len=8, match_len=6, line_score=0.328, ratio_lines=0.286, final_score=0.328
trace:         score_window: window_len=3, match_len=6, line_score=0.222, ratio_lines=0.222, final_score=0.282
trace:         score_window: window_len=13, match_len=6, line_score=0.628, ratio_lines=0.421, final_score=0.628
trace:         score_window: window_len=14, match_len=6, line_score=0.622, ratio_lines=0.400, final_score=0.622
trace:         score_window: window_len=15, match_len=6, line_score=0.617, ratio_lines=0.381, final_score=0.617
trace:         score_window: window_len=9, match_len=6, line_score=0.325, ratio_lines=0.267, final_score=0.325
trace:         score_window: window_len=16, match_len=6, line_score=0.611, ratio_lines=0.364, final_score=0.611
trace:         score_window: window_len=2, match_len=6, line_score=0.250, ratio_lines=0.250, final_score=0.294
trace:         score_window: window_len=17, match_len=6, line_score=0.606, ratio_lines=0.348, final_score=0.606
trace:         score_window: window_len=18, match_len=6, line_score=0.600, ratio_lines=0.333, final_score=0.600
trace:         score_window: window_len=19, match_len=6, line_score=0.594, ratio_lines=0.320, final_score=0.594
trace:         score_window: window_len=20, match_len=6, line_score=0.589, ratio_lines=0.308, final_score=0.589
trace:         score_window: window_len=21, match_len=6, line_score=0.583, ratio_lines=0.296, final_score=0.583
trace:         score_window: window_len=10, match_len=6, line_score=0.322, ratio_lines=0.250, final_score=0.322
trace:         score_window: window_len=22, match_len=6, line_score=0.578, ratio_lines=0.286, final_score=0.578
trace:         score_window: window_len=23, match_len=6, line_score=0.572, ratio_lines=0.276, final_score=0.572
trace:         score_window: window_len=24, match_len=6, line_score=0.567, ratio_lines=0.267, final_score=0.567
trace:         score_window: window_len=11, match_len=6, line_score=0.319, ratio_lines=0.235, final_score=0.319
trace:         score_window: window_len=25, match_len=6, line_score=0.561, ratio_lines=0.258, final_score=0.561
trace:         score_window: window_len=12, match_len=6, line_score=0.317, ratio_lines=0.222, final_score=0.317
trace:         score_window: window_len=26, match_len=6, line_score=0.556, ratio_lines=0.250, final_score=0.556
trace:         score_window: window_len=13, match_len=6, line_score=0.314, ratio_lines=0.211, final_score=0.314
trace:         score_window: window_len=27, match_len=6, line_score=0.550, ratio_lines=0.242, final_score=0.550
trace:         score_window: window_len=28, match_len=6, line_score=0.544, ratio_lines=0.235, final_score=0.544
trace:         score_window: window_len=29, match_len=6, line_score=0.539, ratio_lines=0.229, final_score=0.539
trace:         score_window: window_len=6, match_len=6, line_score=0.167, ratio_lines=0.167, final_score=0.202
trace:         score_window: window_len=6, match_len=6, line_score=0.500, ratio_lines=0.500, final_score=0.693
trace:         score_window: window_len=5, match_len=6, line_score=0.545, ratio_lines=0.545, final_score=0.751
trace:         score_window: window_len=7, match_len=6, line_score=0.496, ratio_lines=0.462, final_score=0.680
trace:         score_window: window_len=5, match_len=6, line_score=0.182, ratio_lines=0.182, final_score=0.221
trace:         score_window: window_len=4, match_len=6, line_score=0.600, ratio_lines=0.600, final_score=0.771
trace:         score_window: window_len=8, match_len=6, line_score=0.492, ratio_lines=0.429, final_score=0.631
trace:         score_window: window_len=3, match_len=6, line_score=0.444, ratio_lines=0.444, final_score=0.640
trace:         score_window: window_len=7, match_len=6, line_score=0.331, ratio_lines=0.308, final_score=0.331
trace:         score_window: window_len=9, match_len=6, line_score=0.488, ratio_lines=0.400, final_score=0.619
trace:         score_window: window_len=2, match_len=6, line_score=0.250, ratio_lines=0.250, final_score=0.285
trace:         score_window: window_len=4, match_len=6, line_score=0.200, ratio_lines=0.200, final_score=0.238
trace:         score_window: window_len=10, match_len=6, line_score=0.483, ratio_lines=0.375, final_score=0.562
trace:         score_window: window_len=11, match_len=6, line_score=0.479, ratio_lines=0.353, final_score=0.533
trace:         score_window: window_len=8, match_len=6, line_score=0.328, ratio_lines=0.286, final_score=0.328
trace:         score_window: window_len=3, match_len=6, line_score=0.222, ratio_lines=0.222, final_score=0.246
trace:         score_window: window_len=12, match_len=6, line_score=0.475, ratio_lines=0.333, final_score=0.529
trace:         score_window: window_len=13, match_len=6, line_score=0.471, ratio_lines=0.316, final_score=0.527
trace:         score_window: window_len=14, match_len=6, line_score=0.467, ratio_lines=0.300, final_score=0.467
trace:         score_window: window_len=15, match_len=6, line_score=0.463, ratio_lines=0.286, final_score=0.463
trace:         score_window: window_len=9, match_len=6, line_score=0.325, ratio_lines=0.267, final_score=0.325
trace:         score_window: window_len=16, match_len=6, line_score=0.458, ratio_lines=0.273, final_score=0.458
trace:         score_window: window_len=17, match_len=6, line_score=0.454, ratio_lines=0.261, final_score=0.454
trace:         score_window: window_len=18, match_len=6, line_score=0.450, ratio_lines=0.250, final_score=0.450
trace:         score_window: window_len=19, match_len=6, line_score=0.446, ratio_lines=0.240, final_score=0.446
trace:         score_window: window_len=20, match_len=6, line_score=0.442, ratio_lines=0.231, final_score=0.442
trace:         score_window: window_len=10, match_len=6, line_score=0.322, ratio_lines=0.250, final_score=0.322
trace:         score_window: window_len=21, match_len=6, line_score=0.438, ratio_lines=0.222, final_score=0.438
trace:         score_window: window_len=11, match_len=6, line_score=0.319, ratio_lines=0.235, final_score=0.319
trace:         score_window: window_len=22, match_len=6, line_score=0.433, ratio_lines=0.214, final_score=0.433
trace:         score_window: window_len=12, match_len=6, line_score=0.317, ratio_lines=0.222, final_score=0.317
trace:         score_window: window_len=6, match_len=6, line_score=0.500, ratio_lines=0.500, final_score=0.673
trace:         score_window: window_len=13, match_len=6, line_score=0.314, ratio_lines=0.211, final_score=0.314
trace:         score_window: window_len=5, match_len=6, line_score=0.545, ratio_lines=0.545, final_score=0.687
trace:         score_window: window_len=7, match_len=6, line_score=0.496, ratio_lines=0.462, final_score=0.622
trace:         score_window: window_len=4, match_len=6, line_score=0.600, ratio_lines=0.600, final_score=0.750
trace:         score_window: window_len=6, match_len=6, line_score=0.333, ratio_lines=0.333, final_score=0.333
trace:         score_window: window_len=8, match_len=6, line_score=0.492, ratio_lines=0.429, final_score=0.609
trace:         score_window: window_len=3, match_len=6, line_score=0.667, ratio_lines=0.667, final_score=0.771
trace:         score_window: window_len=9, match_len=6, line_score=0.488, ratio_lines=0.400, final_score=0.549
trace:         score_window: window_len=2, match_len=6, line_score=0.500, ratio_lines=0.500, final_score=0.500
trace:         score_window: window_len=5, match_len=6, line_score=0.182, ratio_lines=0.182, final_score=0.272
trace:         score_window: window_len=10, match_len=6, line_score=0.483, ratio_lines=0.375, final_score=0.519
trace:         score_window: window_len=11, match_len=6, line_score=0.479, ratio_lines=0.353, final_score=0.515
trace:         score_window: window_len=7, match_len=6, line_score=0.331, ratio_lines=0.308, final_score=0.331
trace:         score_window: window_len=12, match_len=6, line_score=0.475, ratio_lines=0.333, final_score=0.513
trace:         score_window: window_len=13, match_len=6, line_score=0.471, ratio_lines=0.316, final_score=0.471
trace:         score_window: window_len=14, match_len=6, line_score=0.467, ratio_lines=0.300, final_score=0.467
trace:         score_window: window_len=15, match_len=6, line_score=0.463, ratio_lines=0.286, final_score=0.463
trace:         score_window: window_len=16, match_len=6, line_score=0.458, ratio_lines=0.273, final_score=0.458
trace:         score_window: window_len=4, match_len=6, line_score=0.200, ratio_lines=0.200, final_score=0.299
trace:         score_window: window_len=17, match_len=6, line_score=0.454, ratio_lines=0.261, final_score=0.454
trace:         score_window: window_len=18, match_len=6, line_score=0.450, ratio_lines=0.250, final_score=0.450
trace:         score_window: window_len=19, match_len=6, line_score=0.446, ratio_lines=0.240, final_score=0.446
trace:         score_window: window_len=20, match_len=6, line_score=0.442, ratio_lines=0.231, final_score=0.442
trace:         score_window: window_len=21, match_len=6, line_score=0.438, ratio_lines=0.222, final_score=0.438
trace:         score_window: window_len=8, match_len=6, line_score=0.328, ratio_lines=0.286, final_score=0.328
trace:         score_window: window_len=3, match_len=6, line_score=0.222, ratio_lines=0.222, final_score=0.339
trace:         score_window: window_len=22, match_len=6, line_score=0.433, ratio_lines=0.214, final_score=0.433
trace:         score_window: window_len=6, match_len=6, line_score=0.333, ratio_lines=0.333, final_score=0.452
trace:         score_window: window_len=5, match_len=6, line_score=0.364, ratio_lines=0.364, final_score=0.494
trace:         score_window: window_len=9, match_len=6, line_score=0.325, ratio_lines=0.267, final_score=0.325
trace:         score_window: window_len=7, match_len=6, line_score=0.331, ratio_lines=0.308, final_score=0.442
trace:         score_window: window_len=2, match_len=6, line_score=0.250, ratio_lines=0.250, final_score=0.367
trace:         score_window: window_len=4, match_len=6, line_score=0.400, ratio_lines=0.400, final_score=0.506
trace:         score_window: window_len=8, match_len=6, line_score=0.328, ratio_lines=0.286, final_score=0.394
trace:         score_window: window_len=3, match_len=6, line_score=0.444, ratio_lines=0.444, final_score=0.444
trace:         score_window: window_len=9, match_len=6, line_score=0.325, ratio_lines=0.267, final_score=0.370
trace:         score_window: window_len=2, match_len=6, line_score=0.500, ratio_lines=0.500, final_score=0.500
trace:         score_window: window_len=10, match_len=6, line_score=0.322, ratio_lines=0.250, final_score=0.322
trace:         score_window: window_len=10, match_len=6, line_score=0.322, ratio_lines=0.250, final_score=0.367
trace:         score_window: window_len=11, match_len=6, line_score=0.319, ratio_lines=0.235, final_score=0.365
trace:         score_window: window_len=11, match_len=6, line_score=0.319, ratio_lines=0.235, final_score=0.319
trace:         score_window: window_len=12, match_len=6, line_score=0.317, ratio_lines=0.222, final_score=0.317
trace:         score_window: window_len=12, match_len=6, line_score=0.317, ratio_lines=0.222, final_score=0.317
trace:         score_window: window_len=13, match_len=6, line_score=0.314, ratio_lines=0.211, final_score=0.314
trace:         score_window: window_len=13, match_len=6, line_score=0.314, ratio_lines=0.211, final_score=0.314
trace:         score_window: window_len=14, match_len=6, line_score=0.311, ratio_lines=0.200, final_score=0.311
trace:         score_window: window_len=7, match_len=6, line_score=0.165, ratio_lines=0.154, final_score=0.185
trace:         score_window: window_len=6, match_len=6, line_score=0.333, ratio_lines=0.333, final_score=0.373
trace:         score_window: window_len=8, match_len=6, line_score=0.164, ratio_lines=0.143, final_score=0.172
trace:         score_window: window_len=3, match_len=6, line_score=0.222, ratio_lines=0.222, final_score=0.222
trace:         score_window: window_len=9, match_len=6, line_score=0.163, ratio_lines=0.133, final_score=0.171
trace:         score_window: window_len=2, match_len=6, line_score=0.250, ratio_lines=0.250, final_score=0.250
trace:         score_window: window_len=5, match_len=6, line_score=0.364, ratio_lines=0.364, final_score=0.364
trace:         score_window: window_len=10, match_len=6, line_score=0.161, ratio_lines=0.125, final_score=0.170
trace:         score_window: window_len=11, match_len=6, line_score=0.160, ratio_lines=0.118, final_score=0.160
trace:         score_window: window_len=7, match_len=6, line_score=0.331, ratio_lines=0.308, final_score=0.347
trace:         score_window: window_len=12, match_len=6, line_score=0.158, ratio_lines=0.111, final_score=0.158
trace:         score_window: window_len=13, match_len=6, line_score=0.157, ratio_lines=0.105, final_score=0.157
trace:         score_window: window_len=14, match_len=6, line_score=0.156, ratio_lines=0.100, final_score=0.156
trace:         score_window: window_len=15, match_len=6, line_score=0.154, ratio_lines=0.095, final_score=0.154
trace:         score_window: window_len=8, match_len=6, line_score=0.328, ratio_lines=0.286, final_score=0.335
trace:         score_window: window_len=3, match_len=6, line_score=0.222, ratio_lines=0.222, final_score=0.222
trace:         score_window: window_len=7, match_len=6, line_score=0.000, ratio_lines=0.000, final_score=0.173
trace:         score_window: window_len=8, match_len=6, line_score=0.000, ratio_lines=0.000, final_score=0.178
trace:         score_window: window_len=9, match_len=6, line_score=0.000, ratio_lines=0.000, final_score=0.178
trace:         score_window: window_len=9, match_len=6, line_score=0.325, ratio_lines=0.267, final_score=0.325
trace:         score_window: window_len=2, match_len=6, line_score=0.250, ratio_lines=0.250, final_score=0.250
trace:         score_window: window_len=10, match_len=6, line_score=0.000, ratio_lines=0.000, final_score=0.325
trace:         score_window: window_len=11, match_len=6, line_score=0.000, ratio_lines=0.000, final_score=0.323
trace:         score_window: window_len=10, match_len=6, line_score=0.322, ratio_lines=0.250, final_score=0.322
trace:         score_window: window_len=12, match_len=6, line_score=0.000, ratio_lines=0.000, final_score=0.323
trace:         score_window: window_len=11, match_len=6, line_score=0.319, ratio_lines=0.235, final_score=0.319
trace:         score_window: window_len=13, match_len=6, line_score=0.000, ratio_lines=0.000, final_score=0.317
trace:         score_window: window_len=14, match_len=6, line_score=0.156, ratio_lines=0.100, final_score=0.327
trace:         score_window: window_len=12, match_len=6, line_score=0.317, ratio_lines=0.222, final_score=0.317
trace:         score_window: window_len=6, match_len=6, line_score=0.000, ratio_lines=0.000, final_score=0.201
trace:         score_window: window_len=7, match_len=6, line_score=0.000, ratio_lines=0.000, final_score=0.206
trace:         score_window: window_len=13, match_len=6, line_score=0.314, ratio_lines=0.211, final_score=0.314
trace:         score_window: window_len=8, match_len=6, line_score=0.000, ratio_lines=0.000, final_score=0.206
trace:         score_window: window_len=9, match_len=6, line_score=0.000, ratio_lines=0.000, final_score=0.349
trace:         score_window: window_len=14, match_len=6, line_score=0.311, ratio_lines=0.200, final_score=0.311
trace:         score_window: window_len=10, match_len=6, line_score=0.000, ratio_lines=0.000, final_score=0.347
trace:         score_window: window_len=11, match_len=6, line_score=0.000, ratio_lines=0.000, final_score=0.347
trace:         score_window: window_len=15, match_len=6, line_score=0.308, ratio_lines=0.190, final_score=0.308
trace:         score_window: window_len=12, match_len=6, line_score=0.000, ratio_lines=0.000, final_score=0.341
trace:         score_window: window_len=6, match_len=6, line_score=0.333, ratio_lines=0.333, final_score=0.360
trace:         score_window: window_len=13, match_len=6, line_score=0.157, ratio_lines=0.105, final_score=0.350
trace:         score_window: window_len=5, match_len=6, line_score=0.364, ratio_lines=0.364, final_score=0.389
trace:         score_window: window_len=14, match_len=6, line_score=0.156, ratio_lines=0.100, final_score=0.274
trace:         score_window: window_len=7, match_len=6, line_score=0.331, ratio_lines=0.308, final_score=0.347
trace:         score_window: window_len=15, match_len=6, line_score=0.154, ratio_lines=0.095, final_score=0.299
trace:         score_window: window_len=4, match_len=6, line_score=0.400, ratio_lines=0.400, final_score=0.400
trace:         score_window: window_len=8, match_len=6, line_score=0.328, ratio_lines=0.286, final_score=0.335
trace:         score_window: window_len=8, match_len=6, line_score=0.000, ratio_lines=0.000, final_score=0.355
trace:         score_window: window_len=3, match_len=6, line_score=0.222, ratio_lines=0.222, final_score=0.294
trace:         score_window: window_len=9, match_len=6, line_score=0.000, ratio_lines=0.000, final_score=0.353
trace:         score_window: window_len=9, match_len=6, line_score=0.325, ratio_lines=0.267, final_score=0.326
trace:         score_window: window_len=10, match_len=6, line_score=0.000, ratio_lines=0.000, final_score=0.353
trace:         score_window: window_len=11, match_len=6, line_score=0.000, ratio_lines=0.000, final_score=0.345
trace:         score_window: window_len=10, match_len=6, line_score=0.322, ratio_lines=0.250, final_score=0.322
trace:         score_window: window_len=12, match_len=6, line_score=0.158, ratio_lines=0.111, final_score=0.355
trace:         score_window: window_len=11, match_len=6, line_score=0.319, ratio_lines=0.235, final_score=0.319
trace:         score_window: window_len=13, match_len=6, line_score=0.157, ratio_lines=0.105, final_score=0.288
trace:         score_window: window_len=14, match_len=6, line_score=0.156, ratio_lines=0.100, final_score=0.313
trace:         score_window: window_len=12, match_len=6, line_score=0.317, ratio_lines=0.222, final_score=0.317
trace:         score_window: window_len=7, match_len=6, line_score=0.000, ratio_lines=0.000, final_score=0.349
trace:         score_window: window_len=8, match_len=6, line_score=0.000, ratio_lines=0.000, final_score=0.347
trace:         score_window: window_len=13, match_len=6, line_score=0.314, ratio_lines=0.211, final_score=0.314
trace:         score_window: window_len=9, match_len=6, line_score=0.000, ratio_lines=0.000, final_score=0.347
trace:         score_window: window_len=10, match_len=6, line_score=0.000, ratio_lines=0.000, final_score=0.340
trace:         score_window: window_len=11, match_len=6, line_score=0.160, ratio_lines=0.118, final_score=0.351
trace:         score_window: window_len=14, match_len=6, line_score=0.311, ratio_lines=0.200, final_score=0.311
trace:         score_window: window_len=12, match_len=6, line_score=0.158, ratio_lines=0.111, final_score=0.296
trace:         score_window: window_len=6, match_len=6, line_score=0.333, ratio_lines=0.333, final_score=0.450
trace:         score_window: window_len=13, match_len=6, line_score=0.157, ratio_lines=0.105, final_score=0.322
trace:         score_window: window_len=5, match_len=6, line_score=0.364, ratio_lines=0.364, final_score=0.470
trace:         score_window: window_len=7, match_len=6, line_score=0.331, ratio_lines=0.308, final_score=0.432
trace:         score_window: window_len=4, match_len=6, line_score=0.400, ratio_lines=0.400, final_score=0.520
trace:         score_window: window_len=6, match_len=6, line_score=0.000, ratio_lines=0.000, final_score=0.384
trace:         score_window: window_len=8, match_len=6, line_score=0.328, ratio_lines=0.286, final_score=0.420
trace:         score_window: window_len=7, match_len=6, line_score=0.000, ratio_lines=0.000, final_score=0.382
trace:         score_window: window_len=3, match_len=6, line_score=0.444, ratio_lines=0.444, final_score=0.483
trace:         score_window: window_len=8, match_len=6, line_score=0.000, ratio_lines=0.000, final_score=0.382
trace:         score_window: window_len=9, match_len=6, line_score=0.325, ratio_lines=0.267, final_score=0.375
trace:         score_window: window_len=2, match_len=6, line_score=0.250, ratio_lines=0.250, final_score=0.383
trace:         score_window: window_len=9, match_len=6, line_score=0.000, ratio_lines=0.000, final_score=0.372
trace:         score_window: window_len=10, match_len=6, line_score=0.322, ratio_lines=0.250, final_score=0.362
trace:         score_window: window_len=10, match_len=6, line_score=0.161, ratio_lines=0.125, final_score=0.383
trace:         score_window: window_len=11, match_len=6, line_score=0.160, ratio_lines=0.118, final_score=0.312
trace:         score_window: window_len=11, match_len=6, line_score=0.319, ratio_lines=0.235, final_score=0.354
trace:         score_window: window_len=12, match_len=6, line_score=0.158, ratio_lines=0.111, final_score=0.338
trace:         score_window: window_len=12, match_len=6, line_score=0.317, ratio_lines=0.222, final_score=0.347
trace:         score_window: window_len=13, match_len=6, line_score=0.157, ratio_lines=0.105, final_score=0.304
trace:         score_window: window_len=13, match_len=6, line_score=0.314, ratio_lines=0.211, final_score=0.336
trace:         score_window: window_len=14, match_len=6, line_score=0.311, ratio_lines=0.200, final_score=0.311
trace:         score_window: window_len=6, match_len=6, line_score=0.000, ratio_lines=0.000, final_score=0.377
trace:         score_window: window_len=15, match_len=6, line_score=0.308, ratio_lines=0.190, final_score=0.308
trace:         score_window: window_len=5, match_len=6, line_score=0.000, ratio_lines=0.000, final_score=0.380
trace:         score_window: window_len=6, match_len=6, line_score=0.333, ratio_lines=0.333, final_score=0.333
trace:         score_window: window_len=5, match_len=6, line_score=0.364, ratio_lines=0.364, final_score=0.364
trace:         score_window: window_len=7, match_len=6, line_score=0.331, ratio_lines=0.308, final_score=0.331
trace:         score_window: window_len=4, match_len=6, line_score=0.400, ratio_lines=0.400, final_score=0.400
trace:         score_window: window_len=7, match_len=6, line_score=0.000, ratio_lines=0.000, final_score=0.377
trace:         score_window: window_len=8, match_len=6, line_score=0.328, ratio_lines=0.286, final_score=0.328
trace:         score_window: window_len=3, match_len=6, line_score=0.444, ratio_lines=0.444, final_score=0.444
trace:         score_window: window_len=8, match_len=6, line_score=0.000, ratio_lines=0.000, final_score=0.368
trace:         score_window: window_len=9, match_len=6, line_score=0.325, ratio_lines=0.267, final_score=0.325
trace:         score_window: window_len=2, match_len=6, line_score=0.500, ratio_lines=0.500, final_score=0.500
trace:         score_window: window_len=10, match_len=6, line_score=0.322, ratio_lines=0.250, final_score=0.322
trace:         score_window: window_len=9, match_len=6, line_score=0.163, ratio_lines=0.133, final_score=0.380
trace:         score_window: window_len=11, match_len=6, line_score=0.319, ratio_lines=0.235, final_score=0.319
trace:         score_window: window_len=10, match_len=6, line_score=0.161, ratio_lines=0.125, final_score=0.321
trace:         score_window: window_len=12, match_len=6, line_score=0.317, ratio_lines=0.222, final_score=0.317
trace:         score_window: window_len=11, match_len=6, line_score=0.160, ratio_lines=0.118, final_score=0.348
trace:         score_window: window_len=13, match_len=6, line_score=0.314, ratio_lines=0.211, final_score=0.319
trace:         score_window: window_len=14, match_len=6, line_score=0.311, ratio_lines=0.200, final_score=0.343
trace:         score_window: window_len=12, match_len=6, line_score=0.158, ratio_lines=0.111, final_score=0.311
trace:         score_window: window_len=7, match_len=6, line_score=0.165, ratio_lines=0.154, final_score=0.167
trace:         score_window: window_len=8, match_len=6, line_score=0.164, ratio_lines=0.143, final_score=0.164
trace:         score_window: window_len=3, match_len=6, line_score=0.222, ratio_lines=0.222, final_score=0.226
trace:         score_window: window_len=7, match_len=6, line_score=0.000, ratio_lines=0.000, final_score=0.386
trace:         score_window: window_len=9, match_len=6, line_score=0.163, ratio_lines=0.133, final_score=0.163
trace:         score_window: window_len=2, match_len=6, line_score=0.250, ratio_lines=0.250, final_score=0.259
trace:         score_window: window_len=8, match_len=6, line_score=0.164, ratio_lines=0.143, final_score=0.399
trace:         score_window: window_len=10, match_len=6, line_score=0.161, ratio_lines=0.125, final_score=0.161
trace:         score_window: window_len=9, match_len=6, line_score=0.163, ratio_lines=0.133, final_score=0.337
trace:         score_window: window_len=10, match_len=6, line_score=0.161, ratio_lines=0.125, final_score=0.367
trace:         score_window: window_len=11, match_len=6, line_score=0.160, ratio_lines=0.118, final_score=0.160
trace:         score_window: window_len=12, match_len=6, line_score=0.158, ratio_lines=0.111, final_score=0.296
trace:         score_window: window_len=11, match_len=6, line_score=0.160, ratio_lines=0.118, final_score=0.321
trace:         score_window: window_len=13, match_len=6, line_score=0.157, ratio_lines=0.105, final_score=0.322
trace:         score_window: window_len=12, match_len=6, line_score=0.158, ratio_lines=0.111, final_score=0.296
trace:         score_window: window_len=6, match_len=6, line_score=0.000, ratio_lines=0.000, final_score=0.083
trace:         score_window: window_len=7, match_len=6, line_score=0.000, ratio_lines=0.000, final_score=0.083
trace:         score_window: window_len=8, match_len=6, line_score=0.000, ratio_lines=0.000, final_score=0.083
trace:         score_window: window_len=13, match_len=6, line_score=0.157, ratio_lines=0.105, final_score=0.277
trace:         score_window: window_len=9, match_len=6, line_score=0.000, ratio_lines=0.000, final_score=0.079
trace:         score_window: window_len=10, match_len=6, line_score=0.161, ratio_lines=0.125, final_score=0.161
trace:         score_window: window_len=6, match_len=6, line_score=0.167, ratio_lines=0.167, final_score=0.378
trace:         score_window: window_len=11, match_len=6, line_score=0.160, ratio_lines=0.118, final_score=0.305
trace:         score_window: window_len=7, match_len=6, line_score=0.165, ratio_lines=0.154, final_score=0.407
trace:         score_window: window_len=12, match_len=6, line_score=0.158, ratio_lines=0.111, final_score=0.331
trace:         score_window: window_len=8, match_len=6, line_score=0.164, ratio_lines=0.143, final_score=0.370
trace:         score_window: window_len=6, match_len=6, line_score=0.000, ratio_lines=0.000, final_score=0.225
trace:         score_window: window_len=5, match_len=6, line_score=0.000, ratio_lines=0.000, final_score=0.226
trace:         score_window: window_len=9, match_len=6, line_score=0.163, ratio_lines=0.133, final_score=0.325
trace:         score_window: window_len=7, match_len=6, line_score=0.000, ratio_lines=0.000, final_score=0.225
trace:         score_window: window_len=7, match_len=6, line_score=0.165, ratio_lines=0.154, final_score=0.405
trace:         score_window: window_len=8, match_len=6, line_score=0.000, ratio_lines=0.000, final_score=0.232
trace:         score_window: window_len=8, match_len=6, line_score=0.164, ratio_lines=0.143, final_score=0.349
trace:         score_window: window_len=9, match_len=6, line_score=0.163, ratio_lines=0.133, final_score=0.257
trace:         score_window: window_len=6, match_len=6, line_score=0.167, ratio_lines=0.167, final_score=0.414
trace:         score_window: window_len=10, match_len=6, line_score=0.161, ratio_lines=0.125, final_score=0.321
trace:         score_window: window_len=7, match_len=6, line_score=0.165, ratio_lines=0.154, final_score=0.356
trace:         score_window: window_len=11, match_len=6, line_score=0.160, ratio_lines=0.118, final_score=0.348
trace:         score_window: window_len=3, match_len=6, line_score=0.222, ratio_lines=0.222, final_score=0.222
trace:         score_window: window_len=6, match_len=6, line_score=0.167, ratio_lines=0.167, final_score=0.363
trace:         score_window: window_len=12, match_len=6, line_score=0.158, ratio_lines=0.111, final_score=0.327
trace:         score_window: window_len=7, match_len=6, line_score=0.000, ratio_lines=0.000, final_score=0.275
trace:         score_window: window_len=5, match_len=6, line_score=0.182, ratio_lines=0.182, final_score=0.423
trace:         score_window: window_len=3, match_len=6, line_score=0.222, ratio_lines=0.222, final_score=0.459
trace:         score_window: window_len=2, match_len=6, line_score=0.250, ratio_lines=0.250, final_score=0.250
trace:         score_window: window_len=8, match_len=6, line_score=0.164, ratio_lines=0.143, final_score=0.289
trace:         score_window: window_len=5, match_len=6, line_score=0.182, ratio_lines=0.182, final_score=0.382
trace:         score_window: window_len=9, match_len=6, line_score=0.163, ratio_lines=0.133, final_score=0.337
trace:         score_window: window_len=10, match_len=6, line_score=0.161, ratio_lines=0.125, final_score=0.367
trace:         score_window: window_len=4, match_len=6, line_score=0.200, ratio_lines=0.200, final_score=0.447
trace:         score_window: window_len=3, match_len=6, line_score=0.222, ratio_lines=0.222, final_score=0.524
trace:         score_window: window_len=2, match_len=6, line_score=0.250, ratio_lines=0.250, final_score=0.495
trace:         score_window: window_len=11, match_len=6, line_score=0.160, ratio_lines=0.118, final_score=0.340
trace:         score_window: window_len=4, match_len=6, line_score=0.200, ratio_lines=0.200, final_score=0.395
trace:         score_window: window_len=3, match_len=6, line_score=0.222, ratio_lines=0.222, final_score=0.464
trace:         score_window: window_len=2, match_len=6, line_score=0.250, ratio_lines=0.250, final_score=0.551
trace:         score_window: window_len=12, match_len=6, line_score=0.158, ratio_lines=0.111, final_score=0.301
trace:         score_window: window_len=3, match_len=6, line_score=0.222, ratio_lines=0.222, final_score=0.222
trace:         score_window: window_len=8, match_len=6, line_score=0.164, ratio_lines=0.143, final_score=0.361
trace:         score_window: window_len=2, match_len=6, line_score=0.250, ratio_lines=0.250, final_score=0.250
trace:         score_window: window_len=9, match_len=6, line_score=0.163, ratio_lines=0.133, final_score=0.390
trace:         score_window: window_len=10, match_len=6, line_score=0.161, ratio_lines=0.125, final_score=0.357
trace:         score_window: window_len=11, match_len=6, line_score=0.160, ratio_lines=0.118, final_score=0.315
trace:         score_window: window_len=7, match_len=6, line_score=0.165, ratio_lines=0.154, final_score=0.357
trace:         score_window: window_len=8, match_len=6, line_score=0.164, ratio_lines=0.143, final_score=0.387
trace:         score_window: window_len=9, match_len=6, line_score=0.163, ratio_lines=0.133, final_score=0.355
trace:         score_window: window_len=10, match_len=6, line_score=0.161, ratio_lines=0.125, final_score=0.312
debug:       compute_scored_windows (parallel) complete: scored 1246 window(s). Best candidate score=0.992 at line 453 (len=7).
trace:       Top fuzzy match candidates:
trace:         - Index 452, Len 7: Score 0.992 (Ratio 0.992) | Content: ["            # Determine if the set_memory_array_uc() function is present.", "            #", "            CODE=\"", "            #include <linux/types.h>", "            #if defined(NV_ASM_SET_MEMORY_H_PRESENT)", "            #if defined(NV_ASM_PGTABLE_TYPES_H_PRESENT)", "            #include <asm/pgtable_types.h>"]
trace:         - Index 451, Len 8: Score 0.983 (Ratio 0.983) | Content: ["            #", "            # Determine if the set_memory_array_uc() function is present.", "            #", "            CODE=\"", "            #include <linux/types.h>", "            #if defined(NV_ASM_SET_MEMORY_H_PRESENT)", "            #if defined(NV_ASM_PGTABLE_TYPES_H_PRESENT)", "            #include <asm/pgtable_types.h>"]
trace:         - Index 452, Len 8: Score 0.983 (Ratio 0.983) | Content: ["            # Determine if the set_memory_array_uc() function is present.", "            #", "            CODE=\"", "            #include <linux/types.h>", "            #if defined(NV_ASM_SET_MEMORY_H_PRESENT)", "            #if defined(NV_ASM_PGTABLE_TYPES_H_PRESENT)", "            #include <asm/pgtable_types.h>", "            #endif"]
trace:         - Index 450, Len 9: Score 0.975 (Ratio 0.975) | Content: ["        set_memory_array_uc)", "            #", "            # Determine if the set_memory_array_uc() function is present.", "            #", "            CODE=\"", "            #include <linux/types.h>", "            #if defined(NV_ASM_SET_MEMORY_H_PRESENT)", "            #if defined(NV_ASM_PGTABLE_TYPES_H_PRESENT)", "            #include <asm/pgtable_types.h>"]
trace:         - Index 451, Len 9: Score 0.975 (Ratio 0.975) | Content: ["            #", "            # Determine if the set_memory_array_uc() function is present.", "            #", "            CODE=\"", "            #include <linux/types.h>", "            #if defined(NV_ASM_SET_MEMORY_H_PRESENT)", "            #if defined(NV_ASM_PGTABLE_TYPES_H_PRESENT)", "            #include <asm/pgtable_types.h>", "            #endif"]
trace:         New best score: 0.672 (ratio 0.672 [l:0.167,w:0.000]) at index 437 (window len 6)
trace:         New best score: 0.690 (ratio 0.690 [l:0.200,w:0.000]) at index 437 (window len 4)
trace:         New best score: 0.729 (ratio 0.729 [l:0.370,w:0.729]) at index 437 (window len 21)
trace:         New best score: 0.867 (ratio 0.867 [l:0.429,w:0.867]) at index 437 (window len 22)
trace:         New best score: 0.875 (ratio 0.875 [l:0.444,w:0.875]) at index 438 (window len 21)
trace:         New best score: 0.883 (ratio 0.883 [l:0.462,w:0.883]) at index 439 (window len 20)
trace:         New best score: 0.892 (ratio 0.892 [l:0.480,w:0.892]) at index 440 (window len 19)
trace:         New best score: 0.900 (ratio 0.900 [l:0.500,w:0.900]) at index 441 (window len 18)
trace:         New best score: 0.908 (ratio 0.908 [l:0.522,w:0.908]) at index 442 (window len 17)
trace:         New best score: 0.917 (ratio 0.917 [l:0.545,w:0.917]) at index 443 (window len 16)
trace:         New best score: 0.925 (ratio 0.925 [l:0.571,w:0.925]) at index 444 (window len 15)
trace:         New best score: 0.933 (ratio 0.933 [l:0.600,w:0.933]) at index 445 (window len 14)
trace:         New best score: 0.942 (ratio 0.942 [l:0.632,w:0.942]) at index 446 (window len 13)
trace:         New best score: 0.950 (ratio 0.950 [l:0.667,w:0.950]) at index 447 (window len 12)
trace:         New best score: 0.958 (ratio 0.958 [l:0.706,w:0.958]) at index 448 (window len 11)
trace:         New best score: 0.967 (ratio 0.967 [l:0.750,w:0.967]) at index 449 (window len 10)
trace:         New best score: 0.975 (ratio 0.975 [l:0.800,w:0.975]) at index 450 (window len 9)
trace:         New best score: 0.983 (ratio 0.983 [l:0.857,w:0.983]) at index 451 (window len 8)
trace:         New best score: 0.992 (ratio 0.992 [l:0.923,w:0.992]) at index 452 (window len 7)
debug:     Strategy 3 (Fuzzy): 298 window(s) met threshold 0.70
trace:       Top 3 passing candidates: [("0.992", 453, 7), ("0.983", 452, 8), ("0.983", 453, 8)]
debug:     Top fuzzy candidate: start line 453 (len=7, score=0.992)
trace:       Adding candidate location at line 452 (len=8, score=0.983)
trace:       Adding candidate location at line 453 (len=8, score=0.983)
trace:       Adding candidate location at line 451 (len=9, score=0.975)
trace:       Adding candidate location at line 452 (len=9, score=0.975)
trace:       Adding candidate location at line 453 (len=9, score=0.975)
trace:       Adding candidate location at line 450 (len=10, score=0.967)
trace:       Adding candidate location at line 451 (len=10, score=0.967)
trace:       Adding candidate location at line 452 (len=10, score=0.967)
trace:       Adding candidate location at line 453 (len=10, score=0.967)
trace:       Adding candidate location at line 449 (len=11, score=0.958)
trace:       Adding candidate location at line 450 (len=11, score=0.958)
trace:       Adding candidate location at line 451 (len=11, score=0.958)
trace:       Adding candidate location at line 452 (len=11, score=0.958)
trace:       Adding candidate location at line 453 (len=11, score=0.958)
trace:       Adding candidate location at line 448 (len=12, score=0.950)
trace:       Adding candidate location at line 449 (len=12, score=0.950)
trace:       Adding candidate location at line 450 (len=12, score=0.950)
trace:       Adding candidate location at line 451 (len=12, score=0.950)
trace:       Adding candidate location at line 452 (len=12, score=0.950)
trace:       Reached maximum candidate limit (20), stopping candidate collection
debug:     Strategy 3 (Fuzzy): selected 20 candidate location(s)
trace:   Pruned candidates by min_span 1: 20 -> 20 candidate(s)
trace: DefaultHunkFinder::find_candidate_locations: returning 20 candidate(s)
debug:   Found 20 candidate location(s) for hunk. Testing sequentially...
trace:   Evaluating candidate 1/20 at location HunkLocation { start_index: 452, length: 7 } (match_type: Fuzzy { score: 0.9916666715923284 })
debug:   Found location HunkLocation { start_index: 452, length: 7 } with match type Fuzzy { score: 0.9916666715923284 }. Applying changes.
debug:   try_apply_hunk_at_location: target line 453 (length 7), match_type=Fuzzy { score: 0.9916666715923284 }, total target lines=5093.
trace: Hunk::get_match_block: extracted 6 match line(s)
trace:     Match block lines: 6 | Total hunk lines: 7
trace:     Target slice to replace: ["            # Determine if the set_memory_array_uc() function is present.", "            #", "            CODE=\"", "            #include <linux/types.h>", "            #if defined(NV_ASM_SET_MEMORY_H_PRESENT)", "            #if defined(NV_ASM_PGTABLE_TYPES_H_PRESENT)", "            #include <asm/pgtable_types.h>"]
trace:     Ellipsis flags: has_ellipsis=false, is_literal_match=false, is_wildcard_gap_match=false
debug:     Applying hunk via robust reconstruction logic (preserving file context & adjusting indent).
trace:       Fuzzy match location: start=452, len=7
trace:       File content in matched range (7 line(s)): ["            # Determine if the set_memory_array_uc() function is present.", "            #", "            CODE=\"", "            #include <linux/types.h>", "            #if defined(NV_ASM_SET_MEMORY_H_PRESENT)", "            #if defined(NV_ASM_PGTABLE_TYPES_H_PRESENT)", "            #include <asm/pgtable_types.h>"]
trace:       Parsed hunk: 6 match line(s), 0 initial addition(s).
trace: Hunk::get_match_block: extracted 6 match line(s)
trace:       Computed diff between match block and file slice: 3 operation(s), similarity ratio=0.923
trace:       Initial Indentation Context: Hunk='            ', Target='            '
trace:       Active baseline indentation: hunk='            ', target='            '
trace:       DiffOp::Equal: 3 line(s) aligned (hunk old_idx=0, file new_idx=0)
trace:         Equal: preserving target line: '            # Determine if the set_memory_array_uc() function is present.'
trace:         Equal: preserving target line: '            #'
trace:         Equal: preserving target line: '            CODE=\"'
trace:         Appended 1 addition(s) after line 2
trace:         Equal: applying addition: '            #include <linux/types.h>'
trace:       DiffOp::Insert: preserving 1 local insertion line(s) from target file (new_idx=3)
trace:         Preserving inserted line: '            #include <linux/types.h>'
trace:       DiffOp::Equal: 3 line(s) aligned (hunk old_idx=3, file new_idx=4)
trace:         Equal: preserving target line: '            #if defined(NV_ASM_SET_MEMORY_H_PRESENT)'
trace:         Equal: preserving target line: '            #if defined(NV_ASM_PGTABLE_TYPES_H_PRESENT)'
trace:         Equal: preserving target line: '            #include <asm/pgtable_types.h>'
debug:     Robust reconstruction complete: produced 8 replacement line(s) for 7 target line(s).
trace:   Splicing final replacement block into target lines: range [452..459], replacement line count=8
  try_apply_hunk_at_location: successfully spliced hunk at line 453 (replaced 7 line(s), resulting target lines=5094)
trace:     Replaced lines: ["            # Determine if the set_memory_array_uc() function is present.", "            #", "            CODE=\"", "            #include <linux/types.h>", "            #if defined(NV_ASM_SET_MEMORY_H_PRESENT)", "            #if defined(NV_ASM_PGTABLE_TYPES_H_PRESENT)", "            #include <asm/pgtable_types.h>"]
debug:   Candidate 1/20 at HunkLocation { start_index: 452, length: 7 } succeeded! Hunk applied cleanly.
debug:   HunkApplier: hunk 2 application outcome: Applied { location: HunkLocation { start_index: 452, length: 7 }, match_type: Fuzzy { score: 0.9916666715923284 }, replaced_lines: ["            # Determine if the set_memory_array_uc() function is present.", "            #", "            CODE=\"", "            #include <linux/types.h>", "            #if defined(NV_ASM_SET_MEMORY_H_PRESENT)", "            #if defined(NV_ASM_PGTABLE_TYPES_H_PRESENT)", "            #include <asm/pgtable_types.h>"] }
trace:   HunkApplier: hunk 2 applied at line 453 (len=7), delta=1, target lines now=5094
  Applying Hunk 2/3...
debug:     Successfully applied Hunk 2 at line 453 via Fuzzy { score: 0.9916666715923284 }
trace:     Replaced lines:
trace:       -             # Determine if the set_memory_array_uc() function is present.
trace:       -             #
trace:       -             CODE="
trace:       -             #include <linux/types.h>
trace:       -             #if defined(NV_ASM_SET_MEMORY_H_PRESENT)
trace:       -             #if defined(NV_ASM_PGTABLE_TYPES_H_PRESENT)
trace:       -             #include <asm/pgtable_types.h>
trace:   HunkApplier: shifting hunk 3 line hint from 506 to 508 (cumulative delta=2)
debug: apply_hunk_to_lines: applying hunk with 9 line(s) against target with 5094 line(s)
trace: Hunk::get_match_block: extracted 8 match line(s)
trace:   Match block: ["            # Determine if the set_pages_uc() function is present.", "            #", "            CODE=\"", "            #if defined(NV_ASM_SET_MEMORY_H_PRESENT)", "            #if defined(NV_ASM_PGTABLE_TYPES_H_PRESENT)", "            #include <asm/pgtable_types.h>", "- ", "2.20.1"]
trace: Hunk::get_replace_block: extracted 8 replacement line(s)
trace:   Replace block: ["            # Determine if the set_pages_uc() function is present.", "            #", "            CODE=\"", "            #include <linux/types.h>", "            #if defined(NV_ASM_SET_MEMORY_H_PRESENT)", "            #if defined(NV_ASM_PGTABLE_TYPES_H_PRESENT)", "            #include <asm/pgtable_types.h>", "2.20.1"]
trace: Hunk::has_changes: true
trace: Hunk::get_match_block: extracted 8 match line(s)
trace: Hunk::required_match_span: calculated required match span as 5 line(s) (first_match_idx=Some(2), last_match_idx=Some(6))
trace: DefaultHunkFinder::find_candidate_locations: match block len=8, required_match_span=5, target lines=5094
trace:   find_hunk_location_internal: match_block has 8 lines (entropy=true), target has 5094 lines
trace:   find_hunk_location_internal called for a hunk with 8 lines to match against 5094 target lines.
trace:     Attempting exact match for hunk (match block has 8 line(s))...
trace: tie_break_with_line_number: strategy='exact', hint=Some(508), entropy=true
trace:       No exact matches found.
trace:     Strategy 1 (Exact): no exact match found.
trace:     Attempting exact match (ignoring trailing whitespace) for hunk (match block has 8 line(s))...
trace: tie_break_with_line_number: strategy='exact (ignoring whitespace)', hint=Some(508), entropy=true
trace:       No exact (ignoring whitespace) matches found.
trace:     Strategy 2 (Whitespace-insensitive): no match found.
debug:     Strategy 3 (Fuzzy): beginning flexible window fuzzy search (threshold=0.70, match block len=0.7)
trace:       Hunk match block (8 lines): ["            # Determine if the set_pages_uc() function is present.", "            #", "            CODE=\"", "            #if defined(NV_ASM_SET_MEMORY_H_PRESENT)", "            #if defined(NV_ASM_PGTABLE_TYPES_H_PRESENT)", "            #include <asm/pgtable_types.h>", "- ", "2.20.1"]
trace:       Searching with window sizes from 5 to 32 (hunk size: 8, fuzz distance: 24)
debug:       find_search_ranges: analyzing 8 match line(s) against 5094 target line(s).
trace:         Identified 6 high-entropy candidate anchor line(s) (search_radius=16, max candidates to test=100)
debug:         Spatial consensus: 4 anchor(s) agree on start near line 513
debug:       Found anchor line (hunk line 1) with 1 occurrences.
trace:         Anchor text: '# Determine if the set_pages_uc() function is present.'
trace:         Occurrence at target line 510: window estimated [494..557] (search radius +/-16)
trace:         Raw ranges before merging: [(493, 557)]
trace: merge_ranges: merging 1 input range(s): [(493, 557)]
trace: merge_ranges: result 1 disjoint range(s): [(493, 557)]
debug:       Search ranges merged: 1 disjoint range(s) covering 64/5094 line(s) (98.7% pruned): [(493, 557)]
trace:     Using search ranges: [(493, 557)]
debug:       compute_scored_windows (parallel): evaluating 1302 candidate window(s) across 1 range(s) (window lengths 5..=32)
trace:         Match block length: 8, Target line count: 5094, Search ranges: [(493, 557)]
trace:         score_window: window_len=8, match_len=8, line_score=0.125, ratio_lines=0.125, final_score=0.294
trace:         score_window: window_len=8, match_len=8, line_score=0.250, ratio_lines=0.250, final_score=0.360
trace:         score_window: window_len=7, match_len=8, line_score=0.133, ratio_lines=0.133, final_score=0.283
trace:         score_window: window_len=7, match_len=8, line_score=0.267, ratio_lines=0.267, final_score=0.376
trace:         score_window: window_len=9, match_len=8, line_score=0.248, ratio_lines=0.235, final_score=0.358
trace:         score_window: window_len=9, match_len=8, line_score=0.248, ratio_lines=0.235, final_score=0.363
trace:         score_window: window_len=10, match_len=8, line_score=0.247, ratio_lines=0.222, final_score=0.394
trace:         score_window: window_len=6, match_len=8, line_score=0.286, ratio_lines=0.286, final_score=0.352
trace:         score_window: window_len=11, match_len=8, line_score=0.245, ratio_lines=0.211, final_score=0.384
trace:         score_window: window_len=10, match_len=8, line_score=0.247, ratio_lines=0.222, final_score=0.354
trace:         score_window: window_len=5, match_len=8, line_score=0.154, ratio_lines=0.154, final_score=0.346
trace:         score_window: window_len=12, match_len=8, line_score=0.244, ratio_lines=0.200, final_score=0.368
trace:         score_window: window_len=11, match_len=8, line_score=0.245, ratio_lines=0.211, final_score=0.348
trace:         score_window: window_len=13, match_len=8, line_score=0.242, ratio_lines=0.190, final_score=0.358
trace:         score_window: window_len=19, match_len=8, line_score=0.349, ratio_lines=0.222, final_score=0.349
trace:         score_window: window_len=20, match_len=8, line_score=0.463, ratio_lines=0.286, final_score=0.463
trace:         score_window: window_len=21, match_len=8, line_score=0.574, ratio_lines=0.345, final_score=0.574
trace:         score_window: window_len=14, match_len=8, line_score=0.241, ratio_lines=0.182, final_score=0.352
trace:         score_window: window_len=22, match_len=8, line_score=0.684, ratio_lines=0.400, final_score=0.684
trace:         score_window: window_len=23, match_len=8, line_score=0.680, ratio_lines=0.387, final_score=0.680
trace:         score_window: window_len=24, match_len=8, line_score=0.675, ratio_lines=0.375, final_score=0.675
trace:         score_window: window_len=25, match_len=8, line_score=0.670, ratio_lines=0.364, final_score=0.670
trace:         score_window: window_len=26, match_len=8, line_score=0.666, ratio_lines=0.353, final_score=0.666
trace:         score_window: window_len=8, match_len=8, line_score=0.250, ratio_lines=0.250, final_score=0.378
trace:         score_window: window_len=27, match_len=8, line_score=0.661, ratio_lines=0.343, final_score=0.661
trace:         score_window: window_len=7, match_len=8, line_score=0.133, ratio_lines=0.133, final_score=0.312
trace:         score_window: window_len=28, match_len=8, line_score=0.656, ratio_lines=0.333, final_score=0.656
trace:         score_window: window_len=29, match_len=8, line_score=0.652, ratio_lines=0.324, final_score=0.652
trace:         score_window: window_len=9, match_len=8, line_score=0.248, ratio_lines=0.235, final_score=0.412
trace:         score_window: window_len=30, match_len=8, line_score=0.647, ratio_lines=0.316, final_score=0.647
trace:         score_window: window_len=31, match_len=8, line_score=0.642, ratio_lines=0.308, final_score=0.642
trace:         score_window: window_len=6, match_len=8, line_score=0.143, ratio_lines=0.143, final_score=0.303
trace:         score_window: window_len=32, match_len=8, line_score=0.638, ratio_lines=0.300, final_score=0.638
trace:         score_window: window_len=10, match_len=8, line_score=0.247, ratio_lines=0.222, final_score=0.391
trace:         score_window: window_len=8, match_len=8, line_score=0.250, ratio_lines=0.250, final_score=0.328
trace:         score_window: window_len=11, match_len=8, line_score=0.245, ratio_lines=0.211, final_score=0.374
trace:         score_window: window_len=12, match_len=8, line_score=0.244, ratio_lines=0.200, final_score=0.364
trace:         score_window: window_len=7, match_len=8, line_score=0.267, ratio_lines=0.267, final_score=0.323
trace:         score_window: window_len=13, match_len=8, line_score=0.242, ratio_lines=0.190, final_score=0.358
trace:         score_window: window_len=9, match_len=8, line_score=0.248, ratio_lines=0.235, final_score=0.319
trace:         score_window: window_len=6, match_len=8, line_score=0.286, ratio_lines=0.286, final_score=0.340
trace:         score_window: window_len=8, match_len=8, line_score=0.250, ratio_lines=0.250, final_score=0.457
trace:         score_window: window_len=7, match_len=8, line_score=0.267, ratio_lines=0.267, final_score=0.419
trace:         score_window: window_len=10, match_len=8, line_score=0.247, ratio_lines=0.222, final_score=0.312
trace:         score_window: window_len=9, match_len=8, line_score=0.248, ratio_lines=0.235, final_score=0.440
trace:         score_window: window_len=5, match_len=8, line_score=0.308, ratio_lines=0.308, final_score=0.309
trace:         score_window: window_len=10, match_len=8, line_score=0.247, ratio_lines=0.222, final_score=0.417
trace:         score_window: window_len=11, match_len=8, line_score=0.245, ratio_lines=0.211, final_score=0.405
trace:         score_window: window_len=11, match_len=8, line_score=0.245, ratio_lines=0.211, final_score=0.288
trace:         score_window: window_len=12, match_len=8, line_score=0.244, ratio_lines=0.200, final_score=0.397
trace:         score_window: window_len=12, match_len=8, line_score=0.244, ratio_lines=0.200, final_score=0.280
trace:         score_window: window_len=13, match_len=8, line_score=0.242, ratio_lines=0.190, final_score=0.361
trace:         score_window: window_len=13, match_len=8, line_score=0.242, ratio_lines=0.190, final_score=0.275
trace:         score_window: window_len=14, match_len=8, line_score=0.241, ratio_lines=0.182, final_score=0.352
trace:         score_window: window_len=14, match_len=8, line_score=0.241, ratio_lines=0.182, final_score=0.271
trace:         score_window: window_len=15, match_len=8, line_score=0.239, ratio_lines=0.174, final_score=0.347
trace:         score_window: window_len=15, match_len=8, line_score=0.239, ratio_lines=0.174, final_score=0.265
trace:         score_window: window_len=18, match_len=8, line_score=0.352, ratio_lines=0.231, final_score=0.352
trace:         score_window: window_len=16, match_len=8, line_score=0.238, ratio_lines=0.167, final_score=0.342
trace:         score_window: window_len=19, match_len=8, line_score=0.466, ratio_lines=0.296, final_score=0.466
trace:         score_window: window_len=20, match_len=8, line_score=0.578, ratio_lines=0.357, final_score=0.578
trace:         score_window: window_len=21, match_len=8, line_score=0.689, ratio_lines=0.414, final_score=0.689
trace:         score_window: window_len=22, match_len=8, line_score=0.684, ratio_lines=0.400, final_score=0.684
trace:         score_window: window_len=17, match_len=8, line_score=0.236, ratio_lines=0.160, final_score=0.334
trace:         score_window: window_len=23, match_len=8, line_score=0.680, ratio_lines=0.387, final_score=0.680
trace:         score_window: window_len=24, match_len=8, line_score=0.675, ratio_lines=0.375, final_score=0.675
trace:         score_window: window_len=25, match_len=8, line_score=0.670, ratio_lines=0.364, final_score=0.670
trace:         score_window: window_len=26, match_len=8, line_score=0.666, ratio_lines=0.353, final_score=0.666
trace:         score_window: window_len=8, match_len=8, line_score=0.250, ratio_lines=0.250, final_score=0.450
trace:         score_window: window_len=27, match_len=8, line_score=0.661, ratio_lines=0.343, final_score=0.661
trace:         score_window: window_len=28, match_len=8, line_score=0.656, ratio_lines=0.333, final_score=0.656
trace:         score_window: window_len=7, match_len=8, line_score=0.267, ratio_lines=0.267, final_score=0.468
trace:         score_window: window_len=29, match_len=8, line_score=0.652, ratio_lines=0.324, final_score=0.652
trace:         score_window: window_len=30, match_len=8, line_score=0.647, ratio_lines=0.316, final_score=0.647
trace:         score_window: window_len=9, match_len=8, line_score=0.248, ratio_lines=0.235, final_score=0.425
trace:         score_window: window_len=6, match_len=8, line_score=0.286, ratio_lines=0.286, final_score=0.430
trace:         score_window: window_len=31, match_len=8, line_score=0.642, ratio_lines=0.308, final_score=0.642
trace:         score_window: window_len=32, match_len=8, line_score=0.638, ratio_lines=0.300, final_score=0.638
trace:         score_window: window_len=10, match_len=8, line_score=0.247, ratio_lines=0.222, final_score=0.412
trace:         score_window: window_len=8, match_len=8, line_score=0.250, ratio_lines=0.250, final_score=0.328
trace:         score_window: window_len=11, match_len=8, line_score=0.245, ratio_lines=0.211, final_score=0.405
trace:         score_window: window_len=7, match_len=8, line_score=0.267, ratio_lines=0.267, final_score=0.339
trace:         score_window: window_len=12, match_len=8, line_score=0.244, ratio_lines=0.200, final_score=0.368
trace:         score_window: window_len=9, match_len=8, line_score=0.248, ratio_lines=0.235, final_score=0.321
trace:         score_window: window_len=13, match_len=8, line_score=0.242, ratio_lines=0.190, final_score=0.358
trace:         score_window: window_len=6, match_len=8, line_score=0.286, ratio_lines=0.286, final_score=0.335
trace:         score_window: window_len=14, match_len=8, line_score=0.241, ratio_lines=0.182, final_score=0.352
trace:         score_window: window_len=10, match_len=8, line_score=0.247, ratio_lines=0.222, final_score=0.296
trace:         score_window: window_len=15, match_len=8, line_score=0.239, ratio_lines=0.174, final_score=0.347
trace:         score_window: window_len=5, match_len=8, line_score=0.308, ratio_lines=0.308, final_score=0.353
trace:         score_window: window_len=16, match_len=8, line_score=0.238, ratio_lines=0.167, final_score=0.339
trace:         score_window: window_len=11, match_len=8, line_score=0.245, ratio_lines=0.211, final_score=0.288
trace:         score_window: window_len=8, match_len=8, line_score=0.250, ratio_lines=0.250, final_score=0.434
trace:         score_window: window_len=12, match_len=8, line_score=0.244, ratio_lines=0.200, final_score=0.282
trace:         score_window: window_len=7, match_len=8, line_score=0.267, ratio_lines=0.267, final_score=0.460
trace:         score_window: window_len=13, match_len=8, line_score=0.242, ratio_lines=0.190, final_score=0.278
trace:         score_window: window_len=9, match_len=8, line_score=0.248, ratio_lines=0.235, final_score=0.421
trace:         score_window: window_len=6, match_len=8, line_score=0.286, ratio_lines=0.286, final_score=0.479
trace:         score_window: window_len=14, match_len=8, line_score=0.241, ratio_lines=0.182, final_score=0.271
trace:         score_window: window_len=17, match_len=8, line_score=0.354, ratio_lines=0.240, final_score=0.354
trace:         score_window: window_len=18, match_len=8, line_score=0.469, ratio_lines=0.308, final_score=0.469
trace:         score_window: window_len=10, match_len=8, line_score=0.247, ratio_lines=0.222, final_score=0.412
trace:         score_window: window_len=19, match_len=8, line_score=0.582, ratio_lines=0.370, final_score=0.582
trace:         score_window: window_len=5, match_len=8, line_score=0.308, ratio_lines=0.308, final_score=0.442
trace:         score_window: window_len=20, match_len=8, line_score=0.694, ratio_lines=0.429, final_score=0.694
trace:         score_window: window_len=21, match_len=8, line_score=0.689, ratio_lines=0.414, final_score=0.689
trace:         score_window: window_len=22, match_len=8, line_score=0.684, ratio_lines=0.400, final_score=0.684
trace:         score_window: window_len=11, match_len=8, line_score=0.245, ratio_lines=0.211, final_score=0.374
trace:         score_window: window_len=23, match_len=8, line_score=0.680, ratio_lines=0.387, final_score=0.680
trace:         score_window: window_len=24, match_len=8, line_score=0.675, ratio_lines=0.375, final_score=0.675
trace:         score_window: window_len=25, match_len=8, line_score=0.670, ratio_lines=0.364, final_score=0.670
trace:         score_window: window_len=26, match_len=8, line_score=0.666, ratio_lines=0.353, final_score=0.666
trace:         score_window: window_len=12, match_len=8, line_score=0.244, ratio_lines=0.200, final_score=0.364
trace:         score_window: window_len=27, match_len=8, line_score=0.661, ratio_lines=0.343, final_score=0.661
trace:         score_window: window_len=28, match_len=8, line_score=0.656, ratio_lines=0.333, final_score=0.656
trace:         score_window: window_len=29, match_len=8, line_score=0.652, ratio_lines=0.324, final_score=0.652
trace:         score_window: window_len=13, match_len=8, line_score=0.242, ratio_lines=0.190, final_score=0.358
trace:         score_window: window_len=30, match_len=8, line_score=0.647, ratio_lines=0.316, final_score=0.647
trace:         score_window: window_len=31, match_len=8, line_score=0.642, ratio_lines=0.308, final_score=0.642
trace:         score_window: window_len=32, match_len=8, line_score=0.638, ratio_lines=0.300, final_score=0.638
trace:         score_window: window_len=14, match_len=8, line_score=0.241, ratio_lines=0.182, final_score=0.352
trace:         score_window: window_len=8, match_len=8, line_score=0.250, ratio_lines=0.250, final_score=0.410
trace:         score_window: window_len=7, match_len=8, line_score=0.267, ratio_lines=0.267, final_score=0.420
trace:         score_window: window_len=15, match_len=8, line_score=0.239, ratio_lines=0.174, final_score=0.344
trace:         score_window: window_len=9, match_len=8, line_score=0.248, ratio_lines=0.235, final_score=0.368
trace:         score_window: window_len=6, match_len=8, line_score=0.286, ratio_lines=0.286, final_score=0.436
trace:         score_window: window_len=8, match_len=8, line_score=0.250, ratio_lines=0.250, final_score=0.434
trace:         score_window: window_len=7, match_len=8, line_score=0.267, ratio_lines=0.267, final_score=0.448
trace:         score_window: window_len=10, match_len=8, line_score=0.247, ratio_lines=0.222, final_score=0.357
trace:         score_window: window_len=5, match_len=8, line_score=0.308, ratio_lines=0.308, final_score=0.432
trace:         score_window: window_len=9, match_len=8, line_score=0.248, ratio_lines=0.235, final_score=0.425
trace:         score_window: window_len=11, match_len=8, line_score=0.245, ratio_lines=0.211, final_score=0.350
trace:         score_window: window_len=6, match_len=8, line_score=0.286, ratio_lines=0.286, final_score=0.477
trace:         score_window: window_len=12, match_len=8, line_score=0.244, ratio_lines=0.200, final_score=0.343
trace:         score_window: window_len=10, match_len=8, line_score=0.247, ratio_lines=0.222, final_score=0.385
trace:         score_window: window_len=5, match_len=8, line_score=0.308, ratio_lines=0.308, final_score=0.508
trace:         score_window: window_len=13, match_len=8, line_score=0.242, ratio_lines=0.190, final_score=0.334
trace:         score_window: window_len=11, match_len=8, line_score=0.245, ratio_lines=0.211, final_score=0.374
trace:         score_window: window_len=14, match_len=8, line_score=0.241, ratio_lines=0.182, final_score=0.270
trace:         score_window: window_len=15, match_len=8, line_score=0.239, ratio_lines=0.174, final_score=0.290
trace:         score_window: window_len=12, match_len=8, line_score=0.244, ratio_lines=0.200, final_score=0.368
trace:         score_window: window_len=16, match_len=8, line_score=0.356, ratio_lines=0.250, final_score=0.356
trace:         score_window: window_len=17, match_len=8, line_score=0.472, ratio_lines=0.320, final_score=0.472
trace:         score_window: window_len=18, match_len=8, line_score=0.586, ratio_lines=0.385, final_score=0.586
trace:         score_window: window_len=19, match_len=8, line_score=0.698, ratio_lines=0.444, final_score=0.698
trace:         score_window: window_len=13, match_len=8, line_score=0.242, ratio_lines=0.190, final_score=0.361
trace:         score_window: window_len=20, match_len=8, line_score=0.694, ratio_lines=0.429, final_score=0.694
trace:         score_window: window_len=21, match_len=8, line_score=0.689, ratio_lines=0.414, final_score=0.689
trace:         score_window: window_len=22, match_len=8, line_score=0.684, ratio_lines=0.400, final_score=0.684
trace:         score_window: window_len=23, match_len=8, line_score=0.680, ratio_lines=0.387, final_score=0.680
trace:         score_window: window_len=14, match_len=8, line_score=0.241, ratio_lines=0.182, final_score=0.352
trace:         score_window: window_len=24, match_len=8, line_score=0.675, ratio_lines=0.375, final_score=0.675
trace:         score_window: window_len=25, match_len=8, line_score=0.670, ratio_lines=0.364, final_score=0.670
trace:         score_window: window_len=26, match_len=8, line_score=0.666, ratio_lines=0.353, final_score=0.666
trace:         score_window: window_len=27, match_len=8, line_score=0.661, ratio_lines=0.343, final_score=0.661
trace:         score_window: window_len=8, match_len=8, line_score=0.250, ratio_lines=0.250, final_score=0.439
trace:         score_window: window_len=28, match_len=8, line_score=0.656, ratio_lines=0.333, final_score=0.656
trace:         score_window: window_len=29, match_len=8, line_score=0.652, ratio_lines=0.324, final_score=0.652
trace:         score_window: window_len=7, match_len=8, line_score=0.267, ratio_lines=0.267, final_score=0.448
trace:         score_window: window_len=30, match_len=8, line_score=0.647, ratio_lines=0.316, final_score=0.647
trace:         score_window: window_len=31, match_len=8, line_score=0.642, ratio_lines=0.308, final_score=0.642
trace:         score_window: window_len=9, match_len=8, line_score=0.248, ratio_lines=0.235, final_score=0.396
trace:         score_window: window_len=32, match_len=8, line_score=0.638, ratio_lines=0.300, final_score=0.638
trace:         score_window: window_len=6, match_len=8, line_score=0.286, ratio_lines=0.286, final_score=0.464
trace:         score_window: window_len=8, match_len=8, line_score=0.250, ratio_lines=0.250, final_score=0.256
trace:         score_window: window_len=7, match_len=8, line_score=0.267, ratio_lines=0.267, final_score=0.291
trace:         score_window: window_len=9, match_len=8, line_score=0.248, ratio_lines=0.235, final_score=0.248
trace:         score_window: window_len=10, match_len=8, line_score=0.247, ratio_lines=0.222, final_score=0.385
trace:         score_window: window_len=6, match_len=8, line_score=0.286, ratio_lines=0.286, final_score=0.301
trace:         score_window: window_len=5, match_len=8, line_score=0.308, ratio_lines=0.308, final_score=0.495
trace:         score_window: window_len=10, match_len=8, line_score=0.247, ratio_lines=0.222, final_score=0.247
trace:         score_window: window_len=5, match_len=8, line_score=0.308, ratio_lines=0.308, final_score=0.316
trace:         score_window: window_len=11, match_len=8, line_score=0.245, ratio_lines=0.211, final_score=0.378
trace:         score_window: window_len=11, match_len=8, line_score=0.245, ratio_lines=0.211, final_score=0.245
trace:         score_window: window_len=12, match_len=8, line_score=0.244, ratio_lines=0.200, final_score=0.244
trace:         score_window: window_len=12, match_len=8, line_score=0.244, ratio_lines=0.200, final_score=0.371
trace:         score_window: window_len=13, match_len=8, line_score=0.242, ratio_lines=0.190, final_score=0.318
trace:         score_window: window_len=13, match_len=8, line_score=0.242, ratio_lines=0.190, final_score=0.361
trace:         score_window: window_len=14, match_len=8, line_score=0.241, ratio_lines=0.182, final_score=0.341
trace:         score_window: window_len=15, match_len=8, line_score=0.359, ratio_lines=0.261, final_score=0.389
trace:         score_window: window_len=16, match_len=8, line_score=0.475, ratio_lines=0.333, final_score=0.475
trace:         score_window: window_len=8, match_len=8, line_score=0.250, ratio_lines=0.250, final_score=0.250
trace:         score_window: window_len=17, match_len=8, line_score=0.590, ratio_lines=0.400, final_score=0.590
trace:         score_window: window_len=19, match_len=8, line_score=0.698, ratio_lines=0.444, final_score=0.698
trace:         score_window: window_len=7, match_len=8, line_score=0.267, ratio_lines=0.267, final_score=0.270
trace:         score_window: window_len=20, match_len=8, line_score=0.694, ratio_lines=0.429, final_score=0.694
trace:         score_window: window_len=21, match_len=8, line_score=0.689, ratio_lines=0.414, final_score=0.689
trace:         score_window: window_len=9, match_len=8, line_score=0.248, ratio_lines=0.235, final_score=0.248
trace:         score_window: window_len=22, match_len=8, line_score=0.684, ratio_lines=0.400, final_score=0.684
trace:         score_window: window_len=23, match_len=8, line_score=0.680, ratio_lines=0.387, final_score=0.680
trace:         score_window: window_len=6, match_len=8, line_score=0.286, ratio_lines=0.286, final_score=0.286
trace:         score_window: window_len=24, match_len=8, line_score=0.675, ratio_lines=0.375, final_score=0.675
trace:         score_window: window_len=25, match_len=8, line_score=0.670, ratio_lines=0.364, final_score=0.670
trace:         score_window: window_len=10, match_len=8, line_score=0.247, ratio_lines=0.222, final_score=0.247
trace:         score_window: window_len=26, match_len=8, line_score=0.666, ratio_lines=0.353, final_score=0.666
trace:         score_window: window_len=5, match_len=8, line_score=0.308, ratio_lines=0.308, final_score=0.308
trace:         score_window: window_len=27, match_len=8, line_score=0.661, ratio_lines=0.343, final_score=0.661
trace:         score_window: window_len=28, match_len=8, line_score=0.656, ratio_lines=0.333, final_score=0.656
trace:         score_window: window_len=11, match_len=8, line_score=0.245, ratio_lines=0.211, final_score=0.245
trace:         score_window: window_len=29, match_len=8, line_score=0.652, ratio_lines=0.324, final_score=0.652
trace:         score_window: window_len=30, match_len=8, line_score=0.647, ratio_lines=0.316, final_score=0.647
trace:         score_window: window_len=12, match_len=8, line_score=0.244, ratio_lines=0.200, final_score=0.244
trace:         score_window: window_len=31, match_len=8, line_score=0.642, ratio_lines=0.308, final_score=0.642
trace:         score_window: window_len=32, match_len=8, line_score=0.638, ratio_lines=0.300, final_score=0.638
trace:         score_window: window_len=13, match_len=8, line_score=0.242, ratio_lines=0.190, final_score=0.259
trace:         score_window: window_len=8, match_len=8, line_score=0.125, ratio_lines=0.125, final_score=0.173
trace:         score_window: window_len=14, match_len=8, line_score=0.241, ratio_lines=0.182, final_score=0.293
trace:         score_window: window_len=7, match_len=8, line_score=0.133, ratio_lines=0.133, final_score=0.180
trace:         score_window: window_len=9, match_len=8, line_score=0.124, ratio_lines=0.118, final_score=0.169
trace:         score_window: window_len=15, match_len=8, line_score=0.239, ratio_lines=0.174, final_score=0.300
trace:         score_window: window_len=10, match_len=8, line_score=0.123, ratio_lines=0.111, final_score=0.165
trace:         score_window: window_len=16, match_len=8, line_score=0.238, ratio_lines=0.167, final_score=0.321
trace:         score_window: window_len=11, match_len=8, line_score=0.123, ratio_lines=0.105, final_score=0.159
trace:         score_window: window_len=8, match_len=8, line_score=0.125, ratio_lines=0.125, final_score=0.161
trace:         score_window: window_len=12, match_len=8, line_score=0.122, ratio_lines=0.100, final_score=0.297
trace:         score_window: window_len=7, match_len=8, line_score=0.133, ratio_lines=0.133, final_score=0.167
trace:         score_window: window_len=13, match_len=8, line_score=0.242, ratio_lines=0.190, final_score=0.350
trace:         score_window: window_len=9, match_len=8, line_score=0.124, ratio_lines=0.118, final_score=0.157
trace:         score_window: window_len=6, match_len=8, line_score=0.143, ratio_lines=0.143, final_score=0.190
trace:         score_window: window_len=14, match_len=8, line_score=0.361, ratio_lines=0.273, final_score=0.400
trace:         score_window: window_len=10, match_len=8, line_score=0.123, ratio_lines=0.111, final_score=0.153
trace:         score_window: window_len=15, match_len=8, line_score=0.478, ratio_lines=0.348, final_score=0.478
trace:         score_window: window_len=16, match_len=8, line_score=0.594, ratio_lines=0.417, final_score=0.594
trace:         score_window: window_len=5, match_len=8, line_score=0.154, ratio_lines=0.154, final_score=0.196
trace:         score_window: window_len=19, match_len=8, line_score=0.698, ratio_lines=0.444, final_score=0.698
trace:         score_window: window_len=20, match_len=8, line_score=0.694, ratio_lines=0.429, final_score=0.694
trace:         score_window: window_len=11, match_len=8, line_score=0.123, ratio_lines=0.105, final_score=0.150
trace:         score_window: window_len=21, match_len=8, line_score=0.689, ratio_lines=0.414, final_score=0.689
trace:         score_window: window_len=22, match_len=8, line_score=0.684, ratio_lines=0.400, final_score=0.684
trace:         score_window: window_len=23, match_len=8, line_score=0.680, ratio_lines=0.387, final_score=0.680
trace:         score_window: window_len=12, match_len=8, line_score=0.122, ratio_lines=0.100, final_score=0.237
trace:         score_window: window_len=24, match_len=8, line_score=0.675, ratio_lines=0.375, final_score=0.675
trace:         score_window: window_len=25, match_len=8, line_score=0.670, ratio_lines=0.364, final_score=0.670
trace:         score_window: window_len=13, match_len=8, line_score=0.121, ratio_lines=0.095, final_score=0.272
trace:         score_window: window_len=26, match_len=8, line_score=0.666, ratio_lines=0.353, final_score=0.666
trace:         score_window: window_len=27, match_len=8, line_score=0.661, ratio_lines=0.343, final_score=0.661
trace:         score_window: window_len=14, match_len=8, line_score=0.120, ratio_lines=0.091, final_score=0.280
trace:         score_window: window_len=28, match_len=8, line_score=0.656, ratio_lines=0.333, final_score=0.656
trace:         score_window: window_len=29, match_len=8, line_score=0.652, ratio_lines=0.324, final_score=0.652
trace:         score_window: window_len=30, match_len=8, line_score=0.647, ratio_lines=0.316, final_score=0.647
trace:         score_window: window_len=15, match_len=8, line_score=0.239, ratio_lines=0.174, final_score=0.329
trace:         score_window: window_len=31, match_len=8, line_score=0.642, ratio_lines=0.308, final_score=0.642
trace:         score_window: window_len=32, match_len=8, line_score=0.638, ratio_lines=0.300, final_score=0.638
trace:         score_window: window_len=8, match_len=8, line_score=0.000, ratio_lines=0.000, final_score=0.113
trace:         score_window: window_len=8, match_len=8, line_score=0.000, ratio_lines=0.000, final_score=0.092
trace:         score_window: window_len=7, match_len=8, line_score=0.000, ratio_lines=0.000, final_score=0.113
trace:         score_window: window_len=7, match_len=8, line_score=0.000, ratio_lines=0.000, final_score=0.093
trace:         score_window: window_len=9, match_len=8, line_score=0.000, ratio_lines=0.000, final_score=0.113
trace:         score_window: window_len=9, match_len=8, line_score=0.000, ratio_lines=0.000, final_score=0.121
trace:         score_window: window_len=6, match_len=8, line_score=0.000, ratio_lines=0.000, final_score=0.097
trace:         score_window: window_len=6, match_len=8, line_score=0.000, ratio_lines=0.000, final_score=0.114
trace:         score_window: window_len=10, match_len=8, line_score=0.123, ratio_lines=0.111, final_score=0.137
trace:         score_window: window_len=10, match_len=8, line_score=0.123, ratio_lines=0.111, final_score=0.124
trace:         score_window: window_len=11, match_len=8, line_score=0.123, ratio_lines=0.105, final_score=0.305
trace:         score_window: window_len=5, match_len=8, line_score=0.000, ratio_lines=0.000, final_score=0.122
trace:         score_window: window_len=12, match_len=8, line_score=0.244, ratio_lines=0.200, final_score=0.360
trace:         score_window: window_len=11, match_len=8, line_score=0.123, ratio_lines=0.105, final_score=0.243
trace:         score_window: window_len=13, match_len=8, line_score=0.363, ratio_lines=0.286, final_score=0.411
trace:         score_window: window_len=12, match_len=8, line_score=0.122, ratio_lines=0.100, final_score=0.279
trace:         score_window: window_len=14, match_len=8, line_score=0.481, ratio_lines=0.364, final_score=0.482
trace:         score_window: window_len=13, match_len=8, line_score=0.121, ratio_lines=0.095, final_score=0.287
trace:         score_window: window_len=15, match_len=8, line_score=0.598, ratio_lines=0.435, final_score=0.598
trace:         score_window: window_len=19, match_len=8, line_score=0.698, ratio_lines=0.444, final_score=0.698
trace:         score_window: window_len=20, match_len=8, line_score=0.694, ratio_lines=0.429, final_score=0.694
trace:         score_window: window_len=14, match_len=8, line_score=0.241, ratio_lines=0.182, final_score=0.338
trace:         score_window: window_len=21, match_len=8, line_score=0.689, ratio_lines=0.414, final_score=0.689
trace:         score_window: window_len=22, match_len=8, line_score=0.684, ratio_lines=0.400, final_score=0.684
trace:         score_window: window_len=23, match_len=8, line_score=0.680, ratio_lines=0.387, final_score=0.680
trace:         score_window: window_len=24, match_len=8, line_score=0.675, ratio_lines=0.375, final_score=0.675
trace:         score_window: window_len=8, match_len=8, line_score=0.000, ratio_lines=0.000, final_score=0.254
trace:         score_window: window_len=25, match_len=8, line_score=0.670, ratio_lines=0.364, final_score=0.670
trace:         score_window: window_len=26, match_len=8, line_score=0.666, ratio_lines=0.353, final_score=0.666
trace:         score_window: window_len=27, match_len=8, line_score=0.661, ratio_lines=0.343, final_score=0.661
trace:         score_window: window_len=7, match_len=8, line_score=0.000, ratio_lines=0.000, final_score=0.262
trace:         score_window: window_len=28, match_len=8, line_score=0.656, ratio_lines=0.333, final_score=0.656
trace:         score_window: window_len=29, match_len=8, line_score=0.652, ratio_lines=0.324, final_score=0.652
trace:         score_window: window_len=30, match_len=8, line_score=0.647, ratio_lines=0.316, final_score=0.647
trace:         score_window: window_len=9, match_len=8, line_score=0.124, ratio_lines=0.118, final_score=0.265
trace:         score_window: window_len=31, match_len=8, line_score=0.642, ratio_lines=0.308, final_score=0.642
trace:         score_window: window_len=32, match_len=8, line_score=0.638, ratio_lines=0.300, final_score=0.638
trace:         score_window: window_len=6, match_len=8, line_score=0.000, ratio_lines=0.000, final_score=0.262
trace:         score_window: window_len=8, match_len=8, line_score=0.000, ratio_lines=0.000, final_score=0.163
trace:         score_window: window_len=10, match_len=8, line_score=0.123, ratio_lines=0.111, final_score=0.255
trace:         score_window: window_len=7, match_len=8, line_score=0.000, ratio_lines=0.000, final_score=0.247
trace:         score_window: window_len=5, match_len=8, line_score=0.000, ratio_lines=0.000, final_score=0.264
trace:         score_window: window_len=9, match_len=8, line_score=0.124, ratio_lines=0.118, final_score=0.239
trace:         score_window: window_len=11, match_len=8, line_score=0.123, ratio_lines=0.105, final_score=0.292
trace:         score_window: window_len=6, match_len=8, line_score=0.000, ratio_lines=0.000, final_score=0.247
trace:         score_window: window_len=10, match_len=8, line_score=0.123, ratio_lines=0.111, final_score=0.321
trace:         score_window: window_len=12, match_len=8, line_score=0.122, ratio_lines=0.100, final_score=0.300
trace:         score_window: window_len=5, match_len=8, line_score=0.000, ratio_lines=0.000, final_score=0.248
trace:         score_window: window_len=13, match_len=8, line_score=0.242, ratio_lines=0.190, final_score=0.353
trace:         score_window: window_len=11, match_len=8, line_score=0.245, ratio_lines=0.211, final_score=0.378
trace:         score_window: window_len=14, match_len=8, line_score=0.241, ratio_lines=0.182, final_score=0.382
trace:         score_window: window_len=12, match_len=8, line_score=0.366, ratio_lines=0.300, final_score=0.431
trace:         score_window: window_len=15, match_len=8, line_score=0.239, ratio_lines=0.174, final_score=0.395
trace:         score_window: window_len=13, match_len=8, line_score=0.484, ratio_lines=0.381, final_score=0.505
trace:         score_window: window_len=14, match_len=8, line_score=0.602, ratio_lines=0.455, final_score=0.602
trace:         score_window: window_len=8, match_len=8, line_score=0.125, ratio_lines=0.125, final_score=0.259
trace:         score_window: window_len=19, match_len=8, line_score=0.698, ratio_lines=0.444, final_score=0.698
trace:         score_window: window_len=20, match_len=8, line_score=0.694, ratio_lines=0.429, final_score=0.694
trace:         score_window: window_len=21, match_len=8, line_score=0.689, ratio_lines=0.414, final_score=0.689
trace:         score_window: window_len=7, match_len=8, line_score=0.000, ratio_lines=0.000, final_score=0.247
trace:         score_window: window_len=22, match_len=8, line_score=0.684, ratio_lines=0.400, final_score=0.684
trace:         score_window: window_len=23, match_len=8, line_score=0.680, ratio_lines=0.387, final_score=0.680
trace:         score_window: window_len=9, match_len=8, line_score=0.124, ratio_lines=0.118, final_score=0.262
trace:         score_window: window_len=24, match_len=8, line_score=0.675, ratio_lines=0.375, final_score=0.675
trace:         score_window: window_len=25, match_len=8, line_score=0.670, ratio_lines=0.364, final_score=0.670
trace:         score_window: window_len=6, match_len=8, line_score=0.000, ratio_lines=0.000, final_score=0.255
trace:         score_window: window_len=26, match_len=8, line_score=0.666, ratio_lines=0.353, final_score=0.666
trace:         score_window: window_len=27, match_len=8, line_score=0.661, ratio_lines=0.343, final_score=0.661
trace:         score_window: window_len=10, match_len=8, line_score=0.123, ratio_lines=0.111, final_score=0.303
trace:         score_window: window_len=28, match_len=8, line_score=0.656, ratio_lines=0.333, final_score=0.656
trace:         score_window: window_len=29, match_len=8, line_score=0.652, ratio_lines=0.324, final_score=0.652
trace:         score_window: window_len=5, match_len=8, line_score=0.000, ratio_lines=0.000, final_score=0.255
trace:         score_window: window_len=30, match_len=8, line_score=0.647, ratio_lines=0.316, final_score=0.647
trace:         score_window: window_len=11, match_len=8, line_score=0.123, ratio_lines=0.105, final_score=0.312
trace:         score_window: window_len=31, match_len=8, line_score=0.642, ratio_lines=0.308, final_score=0.642
trace:         score_window: window_len=32, match_len=8, line_score=0.638, ratio_lines=0.300, final_score=0.638
trace:         score_window: window_len=12, match_len=8, line_score=0.244, ratio_lines=0.200, final_score=0.367
trace:         score_window: window_len=9, match_len=8, line_score=0.124, ratio_lines=0.118, final_score=0.335
trace:         score_window: window_len=10, match_len=8, line_score=0.247, ratio_lines=0.222, final_score=0.397
trace:         score_window: window_len=13, match_len=8, line_score=0.242, ratio_lines=0.190, final_score=0.399
trace:         score_window: window_len=11, match_len=8, line_score=0.368, ratio_lines=0.316, final_score=0.454
trace:         score_window: window_len=12, match_len=8, line_score=0.488, ratio_lines=0.400, final_score=0.533
trace:         score_window: window_len=14, match_len=8, line_score=0.241, ratio_lines=0.182, final_score=0.412
trace:         score_window: window_len=13, match_len=8, line_score=0.605, ratio_lines=0.476, final_score=0.643
trace:         score_window: window_len=19, match_len=8, line_score=0.698, ratio_lines=0.444, final_score=0.698
trace:         score_window: window_len=15, match_len=8, line_score=0.239, ratio_lines=0.174, final_score=0.410
trace:         score_window: window_len=20, match_len=8, line_score=0.694, ratio_lines=0.429, final_score=0.694
trace:         score_window: window_len=21, match_len=8, line_score=0.689, ratio_lines=0.414, final_score=0.689
trace:         score_window: window_len=22, match_len=8, line_score=0.684, ratio_lines=0.400, final_score=0.684
trace:         score_window: window_len=8, match_len=8, line_score=0.125, ratio_lines=0.125, final_score=0.305
trace:         score_window: window_len=23, match_len=8, line_score=0.680, ratio_lines=0.387, final_score=0.680
trace:         score_window: window_len=9, match_len=8, line_score=0.124, ratio_lines=0.118, final_score=0.346
trace:         score_window: window_len=24, match_len=8, line_score=0.675, ratio_lines=0.375, final_score=0.675
trace:         score_window: window_len=25, match_len=8, line_score=0.670, ratio_lines=0.364, final_score=0.670
trace:         score_window: window_len=10, match_len=8, line_score=0.123, ratio_lines=0.111, final_score=0.355
trace:         score_window: window_len=26, match_len=8, line_score=0.666, ratio_lines=0.353, final_score=0.666
trace:         score_window: window_len=27, match_len=8, line_score=0.661, ratio_lines=0.343, final_score=0.661
trace:         score_window: window_len=11, match_len=8, line_score=0.245, ratio_lines=0.211, final_score=0.413
trace:         score_window: window_len=28, match_len=8, line_score=0.656, ratio_lines=0.333, final_score=0.656
trace:         score_window: window_len=29, match_len=8, line_score=0.652, ratio_lines=0.324, final_score=0.652
trace:         score_window: window_len=12, match_len=8, line_score=0.244, ratio_lines=0.200, final_score=0.445
trace:         score_window: window_len=30, match_len=8, line_score=0.647, ratio_lines=0.316, final_score=0.647
trace:         score_window: window_len=31, match_len=8, line_score=0.642, ratio_lines=0.308, final_score=0.642
trace:         score_window: window_len=13, match_len=8, line_score=0.242, ratio_lines=0.190, final_score=0.457
trace:         score_window: window_len=32, match_len=8, line_score=0.638, ratio_lines=0.300, final_score=0.638
trace:         score_window: window_len=8, match_len=8, line_score=0.125, ratio_lines=0.125, final_score=0.358
trace:         score_window: window_len=14, match_len=8, line_score=0.241, ratio_lines=0.182, final_score=0.445
trace:         score_window: window_len=9, match_len=8, line_score=0.248, ratio_lines=0.235, final_score=0.421
trace:         score_window: window_len=10, match_len=8, line_score=0.370, ratio_lines=0.333, final_score=0.478
trace:         score_window: window_len=15, match_len=8, line_score=0.239, ratio_lines=0.174, final_score=0.441
trace:         score_window: window_len=11, match_len=8, line_score=0.491, ratio_lines=0.421, final_score=0.557
trace:         score_window: window_len=12, match_len=8, line_score=0.609, ratio_lines=0.500, final_score=0.670
trace:         score_window: window_len=19, match_len=8, line_score=0.698, ratio_lines=0.444, final_score=0.698
trace:         score_window: window_len=16, match_len=8, line_score=0.238, ratio_lines=0.167, final_score=0.415
trace:         score_window: window_len=20, match_len=8, line_score=0.694, ratio_lines=0.429, final_score=0.694
trace:         score_window: window_len=21, match_len=8, line_score=0.689, ratio_lines=0.414, final_score=0.689
trace:         score_window: window_len=8, match_len=8, line_score=0.125, ratio_lines=0.125, final_score=0.342
trace:         score_window: window_len=22, match_len=8, line_score=0.684, ratio_lines=0.400, final_score=0.684
trace:         score_window: window_len=23, match_len=8, line_score=0.680, ratio_lines=0.387, final_score=0.680
trace:         score_window: window_len=7, match_len=8, line_score=0.133, ratio_lines=0.133, final_score=0.298
trace:         score_window: window_len=24, match_len=8, line_score=0.675, ratio_lines=0.375, final_score=0.675
trace:         score_window: window_len=25, match_len=8, line_score=0.670, ratio_lines=0.364, final_score=0.670
trace:         score_window: window_len=9, match_len=8, line_score=0.124, ratio_lines=0.118, final_score=0.351
trace:         score_window: window_len=26, match_len=8, line_score=0.666, ratio_lines=0.353, final_score=0.666
trace:         score_window: window_len=27, match_len=8, line_score=0.661, ratio_lines=0.343, final_score=0.661
trace:         score_window: window_len=10, match_len=8, line_score=0.247, ratio_lines=0.222, final_score=0.412
trace:         score_window: window_len=28, match_len=8, line_score=0.656, ratio_lines=0.333, final_score=0.656
trace:         score_window: window_len=11, match_len=8, line_score=0.245, ratio_lines=0.211, final_score=0.445
trace:         score_window: window_len=29, match_len=8, line_score=0.652, ratio_lines=0.324, final_score=0.652
trace:         score_window: window_len=30, match_len=8, line_score=0.647, ratio_lines=0.316, final_score=0.647
trace:         score_window: window_len=31, match_len=8, line_score=0.642, ratio_lines=0.308, final_score=0.642
trace:         score_window: window_len=12, match_len=8, line_score=0.244, ratio_lines=0.200, final_score=0.458
trace:         score_window: window_len=32, match_len=8, line_score=0.638, ratio_lines=0.300, final_score=0.638
trace:         score_window: window_len=13, match_len=8, line_score=0.242, ratio_lines=0.190, final_score=0.452
trace:         score_window: window_len=8, match_len=8, line_score=0.250, ratio_lines=0.250, final_score=0.420
trace:         score_window: window_len=14, match_len=8, line_score=0.241, ratio_lines=0.182, final_score=0.448
trace:         score_window: window_len=7, match_len=8, line_score=0.133, ratio_lines=0.133, final_score=0.353
trace:         score_window: window_len=9, match_len=8, line_score=0.373, ratio_lines=0.353, final_score=0.481
trace:         score_window: window_len=10, match_len=8, line_score=0.494, ratio_lines=0.444, final_score=0.563
trace:         score_window: window_len=15, match_len=8, line_score=0.239, ratio_lines=0.174, final_score=0.421
trace:         score_window: window_len=11, match_len=8, line_score=0.613, ratio_lines=0.526, final_score=0.676
trace:         score_window: window_len=8, match_len=8, line_score=0.125, ratio_lines=0.125, final_score=0.368
trace:         score_window: window_len=19, match_len=8, line_score=0.698, ratio_lines=0.444, final_score=0.698
trace:         score_window: window_len=20, match_len=8, line_score=0.694, ratio_lines=0.429, final_score=0.694
trace:         score_window: window_len=7, match_len=8, line_score=0.133, ratio_lines=0.133, final_score=0.360
trace:         score_window: window_len=21, match_len=8, line_score=0.689, ratio_lines=0.414, final_score=0.689
trace:         score_window: window_len=22, match_len=8, line_score=0.684, ratio_lines=0.400, final_score=0.684
trace:         score_window: window_len=9, match_len=8, line_score=0.248, ratio_lines=0.235, final_score=0.430
trace:         score_window: window_len=23, match_len=8, line_score=0.680, ratio_lines=0.387, final_score=0.680
trace:         score_window: window_len=6, match_len=8, line_score=0.143, ratio_lines=0.143, final_score=0.319
trace:         score_window: window_len=24, match_len=8, line_score=0.675, ratio_lines=0.375, final_score=0.675
trace:         score_window: window_len=25, match_len=8, line_score=0.670, ratio_lines=0.364, final_score=0.670
trace:         score_window: window_len=10, match_len=8, line_score=0.247, ratio_lines=0.222, final_score=0.462
trace:         score_window: window_len=26, match_len=8, line_score=0.666, ratio_lines=0.353, final_score=0.666
trace:         score_window: window_len=27, match_len=8, line_score=0.661, ratio_lines=0.343, final_score=0.661
trace:         score_window: window_len=11, match_len=8, line_score=0.245, ratio_lines=0.211, final_score=0.473
trace:         score_window: window_len=28, match_len=8, line_score=0.656, ratio_lines=0.333, final_score=0.656
trace:         score_window: window_len=29, match_len=8, line_score=0.652, ratio_lines=0.324, final_score=0.652
trace:         score_window: window_len=30, match_len=8, line_score=0.647, ratio_lines=0.316, final_score=0.647
trace:         score_window: window_len=12, match_len=8, line_score=0.244, ratio_lines=0.200, final_score=0.460
trace:         score_window: window_len=31, match_len=8, line_score=0.642, ratio_lines=0.308, final_score=0.642
trace:         score_window: window_len=32, match_len=8, line_score=0.638, ratio_lines=0.300, final_score=0.638
trace:         score_window: window_len=13, match_len=8, line_score=0.242, ratio_lines=0.190, final_score=0.455
trace:         score_window: window_len=8, match_len=8, line_score=0.375, ratio_lines=0.375, final_score=0.501
trace:         score_window: window_len=7, match_len=8, line_score=0.267, ratio_lines=0.267, final_score=0.440
trace:         score_window: window_len=14, match_len=8, line_score=0.241, ratio_lines=0.182, final_score=0.427
trace:         score_window: window_len=9, match_len=8, line_score=0.497, ratio_lines=0.471, final_score=0.583
trace:         score_window: window_len=8, match_len=8, line_score=0.250, ratio_lines=0.250, final_score=0.481
trace:         score_window: window_len=6, match_len=8, line_score=0.143, ratio_lines=0.143, final_score=0.372
trace:         score_window: window_len=9, match_len=8, line_score=0.248, ratio_lines=0.235, final_score=0.516
trace:         score_window: window_len=10, match_len=8, line_score=0.617, ratio_lines=0.556, final_score=0.679
trace:         score_window: window_len=19, match_len=8, line_score=0.698, ratio_lines=0.444, final_score=0.698
trace:         score_window: window_len=10, match_len=8, line_score=0.247, ratio_lines=0.222, final_score=0.527
trace:         score_window: window_len=20, match_len=8, line_score=0.694, ratio_lines=0.429, final_score=0.694
trace:         score_window: window_len=21, match_len=8, line_score=0.689, ratio_lines=0.414, final_score=0.689
trace:         score_window: window_len=22, match_len=8, line_score=0.684, ratio_lines=0.400, final_score=0.684
trace:         score_window: window_len=11, match_len=8, line_score=0.245, ratio_lines=0.211, final_score=0.517
trace:         score_window: window_len=23, match_len=8, line_score=0.680, ratio_lines=0.387, final_score=0.680
trace:         score_window: window_len=24, match_len=8, line_score=0.675, ratio_lines=0.375, final_score=0.675
trace:         score_window: window_len=25, match_len=8, line_score=0.670, ratio_lines=0.364, final_score=0.670
trace:         score_window: window_len=12, match_len=8, line_score=0.244, ratio_lines=0.200, final_score=0.509
trace:         score_window: window_len=26, match_len=8, line_score=0.666, ratio_lines=0.353, final_score=0.666
trace:         score_window: window_len=27, match_len=8, line_score=0.661, ratio_lines=0.343, final_score=0.661
trace:         score_window: window_len=13, match_len=8, line_score=0.242, ratio_lines=0.190, final_score=0.474
trace:         score_window: window_len=28, match_len=8, line_score=0.656, ratio_lines=0.333, final_score=0.656
trace:         score_window: window_len=29, match_len=8, line_score=0.652, ratio_lines=0.324, final_score=0.652
trace:         score_window: window_len=30, match_len=8, line_score=0.647, ratio_lines=0.316, final_score=0.647
trace:         score_window: window_len=14, match_len=8, line_score=0.241, ratio_lines=0.182, final_score=0.462
trace:         score_window: window_len=31, match_len=8, line_score=0.642, ratio_lines=0.308, final_score=0.642
trace:         score_window: window_len=32, match_len=8, line_score=0.638, ratio_lines=0.300, final_score=0.638
trace:         score_window: window_len=15, match_len=8, line_score=0.239, ratio_lines=0.174, final_score=0.450
trace:         score_window: window_len=8, match_len=8, line_score=0.500, ratio_lines=0.500, final_score=0.653
trace:         score_window: window_len=7, match_len=8, line_score=0.400, ratio_lines=0.400, final_score=0.563
trace:         score_window: window_len=9, match_len=8, line_score=0.621, ratio_lines=0.588, final_score=0.732
trace:         score_window: window_len=6, match_len=8, line_score=0.286, ratio_lines=0.286, final_score=0.496
trace:         score_window: window_len=16, match_len=8, line_score=0.238, ratio_lines=0.167, final_score=0.443
trace:         score_window: window_len=8, match_len=8, line_score=0.250, ratio_lines=0.250, final_score=0.527
trace:         score_window: window_len=19, match_len=8, line_score=0.698, ratio_lines=0.444, final_score=0.698
trace:         score_window: window_len=7, match_len=8, line_score=0.267, ratio_lines=0.267, final_score=0.493
trace:         score_window: window_len=20, match_len=8, line_score=0.694, ratio_lines=0.429, final_score=0.694
trace:         score_window: window_len=21, match_len=8, line_score=0.689, ratio_lines=0.414, final_score=0.689
trace:         score_window: window_len=9, match_len=8, line_score=0.248, ratio_lines=0.235, final_score=0.537
trace:         score_window: window_len=22, match_len=8, line_score=0.684, ratio_lines=0.400, final_score=0.684
trace:         score_window: window_len=23, match_len=8, line_score=0.680, ratio_lines=0.387, final_score=0.680
trace:         score_window: window_len=24, match_len=8, line_score=0.675, ratio_lines=0.375, final_score=0.675
trace:         score_window: window_len=10, match_len=8, line_score=0.247, ratio_lines=0.222, final_score=0.527
trace:         score_window: window_len=25, match_len=8, line_score=0.670, ratio_lines=0.364, final_score=0.670
trace:         score_window: window_len=26, match_len=8, line_score=0.666, ratio_lines=0.353, final_score=0.666
trace:         score_window: window_len=11, match_len=8, line_score=0.245, ratio_lines=0.211, final_score=0.518
trace:         score_window: window_len=27, match_len=8, line_score=0.661, ratio_lines=0.343, final_score=0.661
trace:         score_window: window_len=28, match_len=8, line_score=0.656, ratio_lines=0.333, final_score=0.656
trace:         score_window: window_len=12, match_len=8, line_score=0.244, ratio_lines=0.200, final_score=0.482
trace:         score_window: window_len=29, match_len=8, line_score=0.652, ratio_lines=0.324, final_score=0.652
trace:         score_window: window_len=30, match_len=8, line_score=0.647, ratio_lines=0.316, final_score=0.647
trace:         score_window: window_len=31, match_len=8, line_score=0.642, ratio_lines=0.308, final_score=0.642
trace:         score_window: window_len=13, match_len=8, line_score=0.242, ratio_lines=0.190, final_score=0.469
trace:         score_window: window_len=32, match_len=8, line_score=0.638, ratio_lines=0.300, final_score=0.638
trace:         score_window: window_len=8, match_len=8, line_score=0.625, ratio_lines=0.625, final_score=0.752
trace:         score_window: window_len=14, match_len=8, line_score=0.241, ratio_lines=0.182, final_score=0.457
trace:         score_window: window_len=7, match_len=8, line_score=0.533, ratio_lines=0.533, final_score=0.671
trace:         score_window: window_len=6, match_len=8, line_score=0.429, ratio_lines=0.429, final_score=0.579
trace:         score_window: window_len=5, match_len=8, line_score=0.308, ratio_lines=0.308, final_score=0.510
trace:         score_window: window_len=15, match_len=8, line_score=0.239, ratio_lines=0.174, final_score=0.450
trace:         score_window: window_len=19, match_len=8, line_score=0.698, ratio_lines=0.444, final_score=0.698
trace:         score_window: window_len=20, match_len=8, line_score=0.694, ratio_lines=0.429, final_score=0.694
trace:         score_window: window_len=8, match_len=8, line_score=0.250, ratio_lines=0.250, final_score=0.549
trace:         score_window: window_len=21, match_len=8, line_score=0.689, ratio_lines=0.414, final_score=0.689
trace:         score_window: window_len=7, match_len=8, line_score=0.267, ratio_lines=0.267, final_score=0.539
trace:         score_window: window_len=22, match_len=8, line_score=0.684, ratio_lines=0.400, final_score=0.684
trace:         score_window: window_len=23, match_len=8, line_score=0.680, ratio_lines=0.387, final_score=0.680
trace:         score_window: window_len=9, match_len=8, line_score=0.248, ratio_lines=0.235, final_score=0.537
trace:         score_window: window_len=24, match_len=8, line_score=0.675, ratio_lines=0.375, final_score=0.675
trace:         score_window: window_len=6, match_len=8, line_score=0.286, ratio_lines=0.286, final_score=0.506
trace:         score_window: window_len=25, match_len=8, line_score=0.670, ratio_lines=0.364, final_score=0.670
trace:         score_window: window_len=26, match_len=8, line_score=0.666, ratio_lines=0.353, final_score=0.666
trace:         score_window: window_len=10, match_len=8, line_score=0.247, ratio_lines=0.222, final_score=0.527
trace:         score_window: window_len=27, match_len=8, line_score=0.661, ratio_lines=0.343, final_score=0.661
trace:         score_window: window_len=28, match_len=8, line_score=0.656, ratio_lines=0.333, final_score=0.656
trace:         score_window: window_len=29, match_len=8, line_score=0.652, ratio_lines=0.324, final_score=0.652
trace:         score_window: window_len=11, match_len=8, line_score=0.245, ratio_lines=0.211, final_score=0.490
trace:         score_window: window_len=30, match_len=8, line_score=0.647, ratio_lines=0.316, final_score=0.647
trace:         score_window: window_len=31, match_len=8, line_score=0.642, ratio_lines=0.308, final_score=0.642
trace:         score_window: window_len=12, match_len=8, line_score=0.244, ratio_lines=0.200, final_score=0.477
trace:         score_window: window_len=32, match_len=8, line_score=0.638, ratio_lines=0.300, final_score=0.638
trace:         score_window: window_len=7, match_len=8, line_score=0.667, ratio_lines=0.667, final_score=0.773
trace:         score_window: window_len=6, match_len=8, line_score=0.571, ratio_lines=0.571, final_score=0.691
trace:         score_window: window_len=5, match_len=8, line_score=0.462, ratio_lines=0.462, final_score=0.597
trace:         score_window: window_len=13, match_len=8, line_score=0.242, ratio_lines=0.190, final_score=0.464
trace:         score_window: window_len=19, match_len=8, line_score=0.698, ratio_lines=0.444, final_score=0.698
trace:         score_window: window_len=20, match_len=8, line_score=0.694, ratio_lines=0.429, final_score=0.694
trace:         score_window: window_len=21, match_len=8, line_score=0.689, ratio_lines=0.414, final_score=0.689
trace:         score_window: window_len=14, match_len=8, line_score=0.241, ratio_lines=0.182, final_score=0.457
trace:         score_window: window_len=22, match_len=8, line_score=0.684, ratio_lines=0.400, final_score=0.684
trace:         score_window: window_len=23, match_len=8, line_score=0.680, ratio_lines=0.387, final_score=0.680
trace:         score_window: window_len=8, match_len=8, line_score=0.250, ratio_lines=0.250, final_score=0.555
trace:         score_window: window_len=24, match_len=8, line_score=0.675, ratio_lines=0.375, final_score=0.675
trace:         score_window: window_len=25, match_len=8, line_score=0.670, ratio_lines=0.364, final_score=0.670
trace:         score_window: window_len=7, match_len=8, line_score=0.267, ratio_lines=0.267, final_score=0.574
trace:         score_window: window_len=26, match_len=8, line_score=0.666, ratio_lines=0.353, final_score=0.666
trace:         score_window: window_len=27, match_len=8, line_score=0.661, ratio_lines=0.343, final_score=0.661
trace:         score_window: window_len=9, match_len=8, line_score=0.248, ratio_lines=0.235, final_score=0.544
trace:         score_window: window_len=6, match_len=8, line_score=0.286, ratio_lines=0.286, final_score=0.567
trace:         score_window: window_len=28, match_len=8, line_score=0.656, ratio_lines=0.333, final_score=0.656
trace:         score_window: window_len=29, match_len=8, line_score=0.652, ratio_lines=0.324, final_score=0.652
trace:         score_window: window_len=30, match_len=8, line_score=0.647, ratio_lines=0.316, final_score=0.647
trace:         score_window: window_len=10, match_len=8, line_score=0.247, ratio_lines=0.222, final_score=0.504
trace:         score_window: window_len=5, match_len=8, line_score=0.308, ratio_lines=0.308, final_score=0.536
trace:         score_window: window_len=31, match_len=8, line_score=0.642, ratio_lines=0.308, final_score=0.642
trace:         score_window: window_len=32, match_len=8, line_score=0.638, ratio_lines=0.300, final_score=0.638
trace:         score_window: window_len=5, match_len=8, line_score=0.615, ratio_lines=0.615, final_score=0.727
trace:         score_window: window_len=11, match_len=8, line_score=0.245, ratio_lines=0.211, final_score=0.490
trace:         score_window: window_len=19, match_len=8, line_score=0.698, ratio_lines=0.444, final_score=0.698
trace:         score_window: window_len=20, match_len=8, line_score=0.694, ratio_lines=0.429, final_score=0.694
trace:         score_window: window_len=21, match_len=8, line_score=0.689, ratio_lines=0.414, final_score=0.689
trace:         score_window: window_len=12, match_len=8, line_score=0.244, ratio_lines=0.200, final_score=0.477
trace:         score_window: window_len=22, match_len=8, line_score=0.684, ratio_lines=0.400, final_score=0.684
trace:         score_window: window_len=23, match_len=8, line_score=0.680, ratio_lines=0.387, final_score=0.680
trace:         score_window: window_len=24, match_len=8, line_score=0.675, ratio_lines=0.375, final_score=0.675
trace:         score_window: window_len=13, match_len=8, line_score=0.242, ratio_lines=0.190, final_score=0.469
trace:         score_window: window_len=25, match_len=8, line_score=0.670, ratio_lines=0.364, final_score=0.670
trace:         score_window: window_len=26, match_len=8, line_score=0.666, ratio_lines=0.353, final_score=0.666
trace:         score_window: window_len=8, match_len=8, line_score=0.250, ratio_lines=0.250, final_score=0.561
trace:         score_window: window_len=27, match_len=8, line_score=0.661, ratio_lines=0.343, final_score=0.661
trace:         score_window: window_len=7, match_len=8, line_score=0.267, ratio_lines=0.267, final_score=0.574
trace:         score_window: window_len=28, match_len=8, line_score=0.656, ratio_lines=0.333, final_score=0.656
trace:         score_window: window_len=29, match_len=8, line_score=0.652, ratio_lines=0.324, final_score=0.652
trace:         score_window: window_len=9, match_len=8, line_score=0.248, ratio_lines=0.235, final_score=0.519
trace:         score_window: window_len=30, match_len=8, line_score=0.647, ratio_lines=0.316, final_score=0.647
trace:         score_window: window_len=6, match_len=8, line_score=0.286, ratio_lines=0.286, final_score=0.595
trace:         score_window: window_len=31, match_len=8, line_score=0.642, ratio_lines=0.308, final_score=0.642
trace:         score_window: window_len=10, match_len=8, line_score=0.247, ratio_lines=0.222, final_score=0.504
trace:         score_window: window_len=32, match_len=8, line_score=0.638, ratio_lines=0.300, final_score=0.638
trace:         score_window: window_len=5, match_len=8, line_score=0.308, ratio_lines=0.308, final_score=0.589
trace:         score_window: window_len=19, match_len=8, line_score=0.698, ratio_lines=0.444, final_score=0.698
trace:         score_window: window_len=20, match_len=8, line_score=0.694, ratio_lines=0.429, final_score=0.694
trace:         score_window: window_len=21, match_len=8, line_score=0.689, ratio_lines=0.414, final_score=0.689
trace:         score_window: window_len=22, match_len=8, line_score=0.684, ratio_lines=0.400, final_score=0.684
trace:         score_window: window_len=23, match_len=8, line_score=0.680, ratio_lines=0.387, final_score=0.680
trace:         score_window: window_len=24, match_len=8, line_score=0.675, ratio_lines=0.375, final_score=0.675
trace:         score_window: window_len=11, match_len=8, line_score=0.245, ratio_lines=0.211, final_score=0.490
trace:         score_window: window_len=25, match_len=8, line_score=0.670, ratio_lines=0.364, final_score=0.670
trace:         score_window: window_len=26, match_len=8, line_score=0.666, ratio_lines=0.353, final_score=0.666
trace:         score_window: window_len=27, match_len=8, line_score=0.661, ratio_lines=0.343, final_score=0.661
trace:         score_window: window_len=28, match_len=8, line_score=0.656, ratio_lines=0.333, final_score=0.656
trace:         score_window: window_len=29, match_len=8, line_score=0.652, ratio_lines=0.324, final_score=0.652
trace:         score_window: window_len=12, match_len=8, line_score=0.244, ratio_lines=0.200, final_score=0.482
trace:         score_window: window_len=30, match_len=8, line_score=0.647, ratio_lines=0.316, final_score=0.647
trace:         score_window: window_len=31, match_len=8, line_score=0.642, ratio_lines=0.308, final_score=0.642
trace:         score_window: window_len=32, match_len=8, line_score=0.638, ratio_lines=0.300, final_score=0.638
trace:         score_window: window_len=8, match_len=8, line_score=0.250, ratio_lines=0.250, final_score=0.381
trace:         score_window: window_len=8, match_len=8, line_score=0.625, ratio_lines=0.625, final_score=0.716
trace:         score_window: window_len=7, match_len=8, line_score=0.267, ratio_lines=0.267, final_score=0.418
trace:         score_window: window_len=7, match_len=8, line_score=0.667, ratio_lines=0.667, final_score=0.730
trace:         score_window: window_len=9, match_len=8, line_score=0.621, ratio_lines=0.588, final_score=0.669
trace:         score_window: window_len=9, match_len=8, line_score=0.248, ratio_lines=0.235, final_score=0.368
trace:         score_window: window_len=6, match_len=8, line_score=0.286, ratio_lines=0.286, final_score=0.423
trace:         score_window: window_len=10, match_len=8, line_score=0.617, ratio_lines=0.556, final_score=0.656
trace:         score_window: window_len=10, match_len=8, line_score=0.247, ratio_lines=0.222, final_score=0.355
trace:         score_window: window_len=5, match_len=8, line_score=0.308, ratio_lines=0.308, final_score=0.442
trace:         score_window: window_len=11, match_len=8, line_score=0.613, ratio_lines=0.526, final_score=0.613
trace:         score_window: window_len=12, match_len=8, line_score=0.609, ratio_lines=0.500, final_score=0.609
trace:         score_window: window_len=11, match_len=8, line_score=0.245, ratio_lines=0.211, final_score=0.347
trace:         score_window: window_len=13, match_len=8, line_score=0.605, ratio_lines=0.476, final_score=0.605
trace:         score_window: window_len=12, match_len=8, line_score=0.244, ratio_lines=0.200, final_score=0.311
trace:         score_window: window_len=14, match_len=8, line_score=0.602, ratio_lines=0.455, final_score=0.602
trace:         score_window: window_len=15, match_len=8, line_score=0.598, ratio_lines=0.435, final_score=0.598
trace:         score_window: window_len=16, match_len=8, line_score=0.594, ratio_lines=0.417, final_score=0.594
trace:         score_window: window_len=13, match_len=8, line_score=0.242, ratio_lines=0.190, final_score=0.302
trace:         score_window: window_len=17, match_len=8, line_score=0.590, ratio_lines=0.400, final_score=0.590
trace:         score_window: window_len=18, match_len=8, line_score=0.586, ratio_lines=0.385, final_score=0.586
trace:         score_window: window_len=19, match_len=8, line_score=0.582, ratio_lines=0.370, final_score=0.582
trace:         score_window: window_len=20, match_len=8, line_score=0.578, ratio_lines=0.357, final_score=0.578
trace:         score_window: window_len=14, match_len=8, line_score=0.241, ratio_lines=0.182, final_score=0.297
trace:         score_window: window_len=21, match_len=8, line_score=0.574, ratio_lines=0.345, final_score=0.574
trace:         score_window: window_len=22, match_len=8, line_score=0.570, ratio_lines=0.333, final_score=0.570
trace:         score_window: window_len=8, match_len=8, line_score=0.250, ratio_lines=0.250, final_score=0.301
trace:         score_window: window_len=23, match_len=8, line_score=0.566, ratio_lines=0.323, final_score=0.566
trace:         score_window: window_len=24, match_len=8, line_score=0.562, ratio_lines=0.312, final_score=0.562
trace:         score_window: window_len=7, match_len=8, line_score=0.267, ratio_lines=0.267, final_score=0.313
trace:         score_window: window_len=25, match_len=8, line_score=0.559, ratio_lines=0.303, final_score=0.559
trace:         score_window: window_len=9, match_len=8, line_score=0.248, ratio_lines=0.235, final_score=0.289
trace:         score_window: window_len=26, match_len=8, line_score=0.555, ratio_lines=0.294, final_score=0.555
trace:         score_window: window_len=27, match_len=8, line_score=0.551, ratio_lines=0.286, final_score=0.551
trace:         score_window: window_len=6, match_len=8, line_score=0.286, ratio_lines=0.286, final_score=0.345
trace:         score_window: window_len=28, match_len=8, line_score=0.547, ratio_lines=0.278, final_score=0.547
trace:         score_window: window_len=10, match_len=8, line_score=0.247, ratio_lines=0.222, final_score=0.282
trace:         score_window: window_len=29, match_len=8, line_score=0.543, ratio_lines=0.270, final_score=0.543
trace:         score_window: window_len=5, match_len=8, line_score=0.308, ratio_lines=0.308, final_score=0.344
trace:         score_window: window_len=30, match_len=8, line_score=0.539, ratio_lines=0.263, final_score=0.539
trace:         score_window: window_len=31, match_len=8, line_score=0.535, ratio_lines=0.256, final_score=0.535
trace:         score_window: window_len=11, match_len=8, line_score=0.245, ratio_lines=0.211, final_score=0.252
trace:         score_window: window_len=32, match_len=8, line_score=0.531, ratio_lines=0.250, final_score=0.531
trace:         score_window: window_len=8, match_len=8, line_score=0.500, ratio_lines=0.500, final_score=0.657
trace:         score_window: window_len=12, match_len=8, line_score=0.244, ratio_lines=0.200, final_score=0.244
trace:         score_window: window_len=7, match_len=8, line_score=0.533, ratio_lines=0.533, final_score=0.703
trace:         score_window: window_len=9, match_len=8, line_score=0.497, ratio_lines=0.471, final_score=0.644
trace:         score_window: window_len=13, match_len=8, line_score=0.242, ratio_lines=0.190, final_score=0.242
trace:         score_window: window_len=6, match_len=8, line_score=0.571, ratio_lines=0.571, final_score=0.717
trace:         score_window: window_len=8, match_len=8, line_score=0.125, ratio_lines=0.125, final_score=0.231
trace:         score_window: window_len=10, match_len=8, line_score=0.494, ratio_lines=0.444, final_score=0.592
trace:         score_window: window_len=5, match_len=8, line_score=0.615, ratio_lines=0.615, final_score=0.774
trace:         score_window: window_len=7, match_len=8, line_score=0.133, ratio_lines=0.133, final_score=0.233
trace:         score_window: window_len=11, match_len=8, line_score=0.491, ratio_lines=0.421, final_score=0.569
trace:         score_window: window_len=9, match_len=8, line_score=0.124, ratio_lines=0.118, final_score=0.230
trace:         score_window: window_len=12, match_len=8, line_score=0.488, ratio_lines=0.400, final_score=0.564
trace:         score_window: window_len=6, match_len=8, line_score=0.143, ratio_lines=0.143, final_score=0.247
trace:         score_window: window_len=13, match_len=8, line_score=0.484, ratio_lines=0.381, final_score=0.563
trace:         score_window: window_len=14, match_len=8, line_score=0.481, ratio_lines=0.364, final_score=0.481
trace:         score_window: window_len=10, match_len=8, line_score=0.123, ratio_lines=0.111, final_score=0.191
trace:         score_window: window_len=15, match_len=8, line_score=0.478, ratio_lines=0.348, final_score=0.478
trace:         score_window: window_len=16, match_len=8, line_score=0.475, ratio_lines=0.333, final_score=0.475
trace:         score_window: window_len=17, match_len=8, line_score=0.472, ratio_lines=0.320, final_score=0.472
trace:         score_window: window_len=11, match_len=8, line_score=0.123, ratio_lines=0.105, final_score=0.189
trace:         score_window: window_len=18, match_len=8, line_score=0.469, ratio_lines=0.308, final_score=0.469
trace:         score_window: window_len=19, match_len=8, line_score=0.466, ratio_lines=0.296, final_score=0.466
trace:         score_window: window_len=20, match_len=8, line_score=0.463, ratio_lines=0.286, final_score=0.463
trace:         score_window: window_len=12, match_len=8, line_score=0.122, ratio_lines=0.100, final_score=0.189
trace:         score_window: window_len=21, match_len=8, line_score=0.459, ratio_lines=0.276, final_score=0.459
trace:         score_window: window_len=22, match_len=8, line_score=0.456, ratio_lines=0.267, final_score=0.456
trace:         score_window: window_len=8, match_len=8, line_score=0.000, ratio_lines=0.000, final_score=0.222
trace:         score_window: window_len=23, match_len=8, line_score=0.453, ratio_lines=0.258, final_score=0.453
trace:         score_window: window_len=24, match_len=8, line_score=0.450, ratio_lines=0.250, final_score=0.450
trace:         score_window: window_len=7, match_len=8, line_score=0.000, ratio_lines=0.000, final_score=0.222
trace:         score_window: window_len=25, match_len=8, line_score=0.447, ratio_lines=0.242, final_score=0.447
trace:         score_window: window_len=26, match_len=8, line_score=0.444, ratio_lines=0.235, final_score=0.444
trace:         score_window: window_len=9, match_len=8, line_score=0.000, ratio_lines=0.000, final_score=0.182
trace:         score_window: window_len=27, match_len=8, line_score=0.441, ratio_lines=0.229, final_score=0.441
trace:         score_window: window_len=28, match_len=8, line_score=0.438, ratio_lines=0.222, final_score=0.438
trace:         score_window: window_len=6, match_len=8, line_score=0.000, ratio_lines=0.000, final_score=0.224
trace:         score_window: window_len=29, match_len=8, line_score=0.434, ratio_lines=0.216, final_score=0.434
trace:         score_window: window_len=30, match_len=8, line_score=0.431, ratio_lines=0.211, final_score=0.431
trace:         score_window: window_len=10, match_len=8, line_score=0.000, ratio_lines=0.000, final_score=0.181
trace:         score_window: window_len=8, match_len=8, line_score=0.375, ratio_lines=0.375, final_score=0.613
trace:         score_window: window_len=5, match_len=8, line_score=0.000, ratio_lines=0.000, final_score=0.238
trace:         score_window: window_len=7, match_len=8, line_score=0.400, ratio_lines=0.400, final_score=0.626
trace:         score_window: window_len=11, match_len=8, line_score=0.000, ratio_lines=0.000, final_score=0.181
trace:         score_window: window_len=9, match_len=8, line_score=0.373, ratio_lines=0.353, final_score=0.563
trace:         score_window: window_len=8, match_len=8, line_score=0.000, ratio_lines=0.000, final_score=0.161
trace:         score_window: window_len=6, match_len=8, line_score=0.429, ratio_lines=0.429, final_score=0.671
trace:         score_window: window_len=7, match_len=8, line_score=0.000, ratio_lines=0.000, final_score=0.199
trace:         score_window: window_len=10, match_len=8, line_score=0.370, ratio_lines=0.333, final_score=0.541
trace:         score_window: window_len=9, match_len=8, line_score=0.000, ratio_lines=0.000, final_score=0.160
trace:         score_window: window_len=5, match_len=8, line_score=0.462, ratio_lines=0.462, final_score=0.684
trace:         score_window: window_len=6, match_len=8, line_score=0.000, ratio_lines=0.000, final_score=0.199
trace:         score_window: window_len=11, match_len=8, line_score=0.368, ratio_lines=0.316, final_score=0.537
trace:         score_window: window_len=10, match_len=8, line_score=0.000, ratio_lines=0.000, final_score=0.160
trace:         score_window: window_len=12, match_len=8, line_score=0.366, ratio_lines=0.300, final_score=0.535
trace:         score_window: window_len=5, match_len=8, line_score=0.000, ratio_lines=0.000, final_score=0.200
trace:         score_window: window_len=13, match_len=8, line_score=0.363, ratio_lines=0.286, final_score=0.363
trace:         score_window: window_len=14, match_len=8, line_score=0.361, ratio_lines=0.273, final_score=0.361
trace:         score_window: window_len=15, match_len=8, line_score=0.359, ratio_lines=0.261, final_score=0.359
trace:         score_window: window_len=8, match_len=8, line_score=0.000, ratio_lines=0.000, final_score=0.140
trace:         score_window: window_len=16, match_len=8, line_score=0.356, ratio_lines=0.250, final_score=0.356
trace:         score_window: window_len=17, match_len=8, line_score=0.354, ratio_lines=0.240, final_score=0.354
trace:         score_window: window_len=7, match_len=8, line_score=0.000, ratio_lines=0.000, final_score=0.141
trace:         score_window: window_len=18, match_len=8, line_score=0.352, ratio_lines=0.231, final_score=0.352
trace:         score_window: window_len=19, match_len=8, line_score=0.349, ratio_lines=0.222, final_score=0.349
trace:         score_window: window_len=9, match_len=8, line_score=0.000, ratio_lines=0.000, final_score=0.140
trace:         score_window: window_len=20, match_len=8, line_score=0.347, ratio_lines=0.214, final_score=0.347
trace:         score_window: window_len=8, match_len=8, line_score=0.000, ratio_lines=0.000, final_score=0.105
trace:         score_window: window_len=7, match_len=8, line_score=0.000, ratio_lines=0.000, final_score=0.105
trace:         score_window: window_len=8, match_len=8, line_score=0.250, ratio_lines=0.250, final_score=0.408
trace:         score_window: window_len=6, match_len=8, line_score=0.000, ratio_lines=0.000, final_score=0.105
trace:         score_window: window_len=7, match_len=8, line_score=0.267, ratio_lines=0.267, final_score=0.449
trace:         score_window: window_len=9, match_len=8, line_score=0.248, ratio_lines=0.235, final_score=0.391
trace:         score_window: window_len=7, match_len=8, line_score=0.000, ratio_lines=0.000, final_score=0.269
trace:         score_window: window_len=6, match_len=8, line_score=0.286, ratio_lines=0.286, final_score=0.459
trace:         score_window: window_len=6, match_len=8, line_score=0.000, ratio_lines=0.000, final_score=0.269
trace:         score_window: window_len=10, match_len=8, line_score=0.247, ratio_lines=0.222, final_score=0.387
trace:         score_window: window_len=5, match_len=8, line_score=0.308, ratio_lines=0.308, final_score=0.495
trace:         score_window: window_len=5, match_len=8, line_score=0.000, ratio_lines=0.000, final_score=0.271
trace:         score_window: window_len=11, match_len=8, line_score=0.245, ratio_lines=0.211, final_score=0.386
trace:         score_window: window_len=8, match_len=8, line_score=0.000, ratio_lines=0.000, final_score=0.143
trace:         score_window: window_len=7, match_len=8, line_score=0.000, ratio_lines=0.000, final_score=0.138
trace:         score_window: window_len=12, match_len=8, line_score=0.244, ratio_lines=0.200, final_score=0.328
trace:         score_window: window_len=9, match_len=8, line_score=0.000, ratio_lines=0.000, final_score=0.143
trace:         score_window: window_len=13, match_len=8, line_score=0.242, ratio_lines=0.190, final_score=0.325
trace:         score_window: window_len=10, match_len=8, line_score=0.000, ratio_lines=0.000, final_score=0.283
trace:         score_window: window_len=14, match_len=8, line_score=0.241, ratio_lines=0.182, final_score=0.324
trace:         score_window: window_len=11, match_len=8, line_score=0.000, ratio_lines=0.000, final_score=0.282
trace:         score_window: window_len=15, match_len=8, line_score=0.239, ratio_lines=0.174, final_score=0.313
trace:         score_window: window_len=16, match_len=8, line_score=0.238, ratio_lines=0.167, final_score=0.311
trace:         score_window: window_len=12, match_len=8, line_score=0.000, ratio_lines=0.000, final_score=0.282
trace:         score_window: window_len=13, match_len=8, line_score=0.000, ratio_lines=0.000, final_score=0.279
trace:         score_window: window_len=8, match_len=8, line_score=0.125, ratio_lines=0.125, final_score=0.189
trace:         score_window: window_len=7, match_len=8, line_score=0.133, ratio_lines=0.133, final_score=0.199
trace:         score_window: window_len=14, match_len=8, line_score=0.120, ratio_lines=0.091, final_score=0.287
trace:         score_window: window_len=9, match_len=8, line_score=0.124, ratio_lines=0.118, final_score=0.187
trace:         score_window: window_len=10, match_len=8, line_score=0.123, ratio_lines=0.111, final_score=0.187
trace:         score_window: window_len=15, match_len=8, line_score=0.120, ratio_lines=0.087, final_score=0.285
trace:         score_window: window_len=11, match_len=8, line_score=0.123, ratio_lines=0.105, final_score=0.155
trace:         score_window: window_len=12, match_len=8, line_score=0.122, ratio_lines=0.100, final_score=0.154
trace:         score_window: window_len=16, match_len=8, line_score=0.119, ratio_lines=0.083, final_score=0.284
trace:         score_window: window_len=13, match_len=8, line_score=0.121, ratio_lines=0.095, final_score=0.154
trace:         score_window: window_len=14, match_len=8, line_score=0.120, ratio_lines=0.091, final_score=0.148
trace:         score_window: window_len=17, match_len=8, line_score=0.236, ratio_lines=0.160, final_score=0.288
trace:         score_window: window_len=15, match_len=8, line_score=0.120, ratio_lines=0.087, final_score=0.147
trace:         score_window: window_len=8, match_len=8, line_score=0.000, ratio_lines=0.000, final_score=0.172
trace:         score_window: window_len=7, match_len=8, line_score=0.000, ratio_lines=0.000, final_score=0.175
trace:         score_window: window_len=8, match_len=8, line_score=0.000, ratio_lines=0.000, final_score=0.336
trace:         score_window: window_len=9, match_len=8, line_score=0.000, ratio_lines=0.000, final_score=0.309
trace:         score_window: window_len=7, match_len=8, line_score=0.000, ratio_lines=0.000, final_score=0.336
trace:         score_window: window_len=6, match_len=8, line_score=0.000, ratio_lines=0.000, final_score=0.181
trace:         score_window: window_len=9, match_len=8, line_score=0.000, ratio_lines=0.000, final_score=0.330
trace:         score_window: window_len=10, match_len=8, line_score=0.000, ratio_lines=0.000, final_score=0.307
trace:         score_window: window_len=11, match_len=8, line_score=0.000, ratio_lines=0.000, final_score=0.307
trace:         score_window: window_len=6, match_len=8, line_score=0.000, ratio_lines=0.000, final_score=0.338
trace:         score_window: window_len=12, match_len=8, line_score=0.000, ratio_lines=0.000, final_score=0.303
trace:         score_window: window_len=10, match_len=8, line_score=0.123, ratio_lines=0.111, final_score=0.340
trace:         score_window: window_len=13, match_len=8, line_score=0.121, ratio_lines=0.095, final_score=0.312
trace:         score_window: window_len=11, match_len=8, line_score=0.123, ratio_lines=0.105, final_score=0.329
trace:         score_window: window_len=14, match_len=8, line_score=0.120, ratio_lines=0.091, final_score=0.306
trace:         score_window: window_len=12, match_len=8, line_score=0.122, ratio_lines=0.100, final_score=0.328
trace:         score_window: window_len=15, match_len=8, line_score=0.120, ratio_lines=0.087, final_score=0.305
trace:         score_window: window_len=13, match_len=8, line_score=0.242, ratio_lines=0.190, final_score=0.332
trace:         score_window: window_len=16, match_len=8, line_score=0.238, ratio_lines=0.167, final_score=0.309
trace:         score_window: window_len=14, match_len=8, line_score=0.241, ratio_lines=0.182, final_score=0.369
trace:         score_window: window_len=8, match_len=8, line_score=0.000, ratio_lines=0.000, final_score=0.311
trace:         score_window: window_len=15, match_len=8, line_score=0.239, ratio_lines=0.174, final_score=0.341
trace:         score_window: window_len=9, match_len=8, line_score=0.000, ratio_lines=0.000, final_score=0.309
trace:         score_window: window_len=10, match_len=8, line_score=0.000, ratio_lines=0.000, final_score=0.309
trace:         score_window: window_len=8, match_len=8, line_score=0.000, ratio_lines=0.000, final_score=0.325
trace:         score_window: window_len=11, match_len=8, line_score=0.000, ratio_lines=0.000, final_score=0.305
trace:         score_window: window_len=7, match_len=8, line_score=0.000, ratio_lines=0.000, final_score=0.330
trace:         score_window: window_len=12, match_len=8, line_score=0.122, ratio_lines=0.100, final_score=0.314
trace:         score_window: window_len=9, match_len=8, line_score=0.124, ratio_lines=0.118, final_score=0.335
trace:         score_window: window_len=6, match_len=8, line_score=0.000, ratio_lines=0.000, final_score=0.330
trace:         score_window: window_len=13, match_len=8, line_score=0.121, ratio_lines=0.095, final_score=0.308
trace:         score_window: window_len=10, match_len=8, line_score=0.123, ratio_lines=0.111, final_score=0.261
trace:         score_window: window_len=14, match_len=8, line_score=0.120, ratio_lines=0.091, final_score=0.307
trace:         score_window: window_len=5, match_len=8, line_score=0.000, ratio_lines=0.000, final_score=0.332
trace:         score_window: window_len=11, match_len=8, line_score=0.123, ratio_lines=0.105, final_score=0.271
trace:         score_window: window_len=15, match_len=8, line_score=0.239, ratio_lines=0.174, final_score=0.311
trace:         score_window: window_len=12, match_len=8, line_score=0.244, ratio_lines=0.200, final_score=0.327
trace:         score_window: window_len=13, match_len=8, line_score=0.242, ratio_lines=0.190, final_score=0.359
trace:         score_window: window_len=16, match_len=8, line_score=0.238, ratio_lines=0.167, final_score=0.347
trace:         score_window: window_len=14, match_len=8, line_score=0.241, ratio_lines=0.182, final_score=0.344
trace:         score_window: window_len=8, match_len=8, line_score=0.000, ratio_lines=0.000, final_score=0.303
trace:         score_window: window_len=7, match_len=8, line_score=0.000, ratio_lines=0.000, final_score=0.305
trace:         score_window: window_len=9, match_len=8, line_score=0.124, ratio_lines=0.118, final_score=0.269
trace:         score_window: window_len=9, match_len=8, line_score=0.000, ratio_lines=0.000, final_score=0.303
trace:         score_window: window_len=10, match_len=8, line_score=0.123, ratio_lines=0.111, final_score=0.279
trace:         score_window: window_len=10, match_len=8, line_score=0.000, ratio_lines=0.000, final_score=0.299
trace:         score_window: window_len=11, match_len=8, line_score=0.245, ratio_lines=0.211, final_score=0.339
trace:         score_window: window_len=11, match_len=8, line_score=0.123, ratio_lines=0.105, final_score=0.309
trace:         score_window: window_len=12, match_len=8, line_score=0.244, ratio_lines=0.200, final_score=0.375
trace:         score_window: window_len=12, match_len=8, line_score=0.122, ratio_lines=0.100, final_score=0.303
trace:         score_window: window_len=13, match_len=8, line_score=0.242, ratio_lines=0.190, final_score=0.366
trace:         score_window: window_len=13, match_len=8, line_score=0.121, ratio_lines=0.095, final_score=0.302
trace:         score_window: window_len=14, match_len=8, line_score=0.241, ratio_lines=0.182, final_score=0.352
trace:         score_window: window_len=14, match_len=8, line_score=0.241, ratio_lines=0.182, final_score=0.306
trace:         score_window: window_len=15, match_len=8, line_score=0.239, ratio_lines=0.174, final_score=0.344
trace:         score_window: window_len=15, match_len=8, line_score=0.239, ratio_lines=0.174, final_score=0.343
trace:         score_window: window_len=16, match_len=8, line_score=0.238, ratio_lines=0.167, final_score=0.339
trace:         score_window: window_len=8, match_len=8, line_score=0.125, ratio_lines=0.125, final_score=0.290
trace:         score_window: window_len=9, match_len=8, line_score=0.124, ratio_lines=0.118, final_score=0.300
trace:         score_window: window_len=10, match_len=8, line_score=0.247, ratio_lines=0.222, final_score=0.361
trace:         score_window: window_len=11, match_len=8, line_score=0.245, ratio_lines=0.211, final_score=0.396
trace:         score_window: window_len=12, match_len=8, line_score=0.244, ratio_lines=0.200, final_score=0.377
trace:         score_window: window_len=13, match_len=8, line_score=0.242, ratio_lines=0.190, final_score=0.361
trace:         score_window: window_len=14, match_len=8, line_score=0.241, ratio_lines=0.182, final_score=0.352
trace:         score_window: window_len=15, match_len=8, line_score=0.239, ratio_lines=0.174, final_score=0.347
debug:       compute_scored_windows (parallel) complete: scored 1302 window(s). Best candidate score=0.857 at line 510 (len=6).
trace:       Top fuzzy match candidates:
trace:         - Index 509, Len 6: Score 0.857 (Ratio 0.857) | Content: ["            # Determine if the set_pages_uc() function is present.", "            #", "            CODE=\"", "            #if defined(NV_ASM_SET_MEMORY_H_PRESENT)", "            #if defined(NV_ASM_PGTABLE_TYPES_H_PRESENT)", "            #include <asm/pgtable_types.h>"]
trace:         - Index 508, Len 7: Score 0.800 (Ratio 0.800) | Content: ["            #", "            # Determine if the set_pages_uc() function is present.", "            #", "            CODE=\"", "            #if defined(NV_ASM_SET_MEMORY_H_PRESENT)", "            #if defined(NV_ASM_PGTABLE_TYPES_H_PRESENT)", "            #include <asm/pgtable_types.h>"]
trace:         - Index 509, Len 7: Score 0.800 (Ratio 0.800) | Content: ["            # Determine if the set_pages_uc() function is present.", "            #", "            CODE=\"", "            #if defined(NV_ASM_SET_MEMORY_H_PRESENT)", "            #if defined(NV_ASM_PGTABLE_TYPES_H_PRESENT)", "            #include <asm/pgtable_types.h>", "            #endif"]
trace:         - Index 511, Len 5: Score 0.774 (Ratio 0.774) | Content: ["            CODE=\"", "            #if defined(NV_ASM_SET_MEMORY_H_PRESENT)", "            #if defined(NV_ASM_PGTABLE_TYPES_H_PRESENT)", "            #include <asm/pgtable_types.h>", "            #endif"]
trace:         - Index 507, Len 7: Score 0.773 (Ratio 0.773) | Content: ["        set_pages_uc)", "            #", "            # Determine if the set_pages_uc() function is present.", "            #", "            CODE=\"", "            #if defined(NV_ASM_SET_MEMORY_H_PRESENT)", "            #if defined(NV_ASM_PGTABLE_TYPES_H_PRESENT)"]
trace:         New best score: 0.360 (ratio 0.360 [l:0.250,w:0.400]) at index 493 (window len 8)
trace:         New best score: 0.376 (ratio 0.376 [l:0.267,w:0.423]) at index 493 (window len 7)
trace:         New best score: 0.690 (ratio 0.690 [l:0.200,w:0.000]) at index 493 (window len 12)
trace:         New best score: 0.694 (ratio 0.694 [l:0.429,w:0.444]) at index 495 (window len 20)
trace:         New best score: 0.698 (ratio 0.698 [l:0.444,w:0.533]) at index 496 (window len 19)
trace:         New best score: 0.703 (ratio 0.703 [l:0.462,w:0.703]) at index 497 (window len 18)
trace:         New best score: 0.708 (ratio 0.708 [l:0.480,w:0.708]) at index 498 (window len 17)
trace:         New best score: 0.712 (ratio 0.712 [l:0.500,w:0.712]) at index 499 (window len 16)
trace:         New best score: 0.717 (ratio 0.717 [l:0.522,w:0.717]) at index 500 (window len 15)
trace:         New best score: 0.722 (ratio 0.722 [l:0.545,w:0.722]) at index 501 (window len 14)
trace:         New best score: 0.727 (ratio 0.727 [l:0.571,w:0.727]) at index 502 (window len 13)
trace:         New best score: 0.731 (ratio 0.731 [l:0.600,w:0.731]) at index 503 (window len 12)
trace:         New best score: 0.736 (ratio 0.736 [l:0.632,w:0.736]) at index 504 (window len 11)
trace:         New best score: 0.741 (ratio 0.741 [l:0.667,w:0.741]) at index 505 (window len 10)
trace:         New best score: 0.752 (ratio 0.752 [l:0.625,w:0.794]) at index 506 (window len 8)
trace:         New best score: 0.773 (ratio 0.773 [l:0.667,w:0.794]) at index 507 (window len 7)
trace:         New best score: 0.800 (ratio 0.800 [l:0.800,w:0.800]) at index 508 (window len 7)
trace:         Tie in score (0.800) and ratio (0.800). Adding candidate: index 509, len 7
trace:         New best score: 0.857 (ratio 0.857 [l:0.857,w:0.857]) at index 509 (window len 6)
debug:     Strategy 3 (Fuzzy): 104 window(s) met threshold 0.70
trace:       Top 3 passing candidates: [("0.857", 510, 6), ("0.800", 509, 7), ("0.800", 510, 7)]
debug:     Top fuzzy candidate: start line 510 (len=6, score=0.857)
trace:       Adding candidate location at line 509 (len=7, score=0.800)
trace:       Adding candidate location at line 510 (len=7, score=0.800)
trace:       Adding candidate location at line 512 (len=5, score=0.774)
trace:       Adding candidate location at line 508 (len=7, score=0.773)
trace:       Adding candidate location at line 510 (len=5, score=0.769)
trace:       Adding candidate location at line 511 (len=5, score=0.769)
trace:       Adding candidate location at line 507 (len=8, score=0.752)
trace:       Adding candidate location at line 508 (len=8, score=0.750)
trace:       Adding candidate location at line 509 (len=8, score=0.750)
trace:       Adding candidate location at line 510 (len=8, score=0.750)
trace:       Adding candidate location at line 507 (len=9, score=0.745)
trace:       Adding candidate location at line 508 (len=9, score=0.745)
trace:       Adding candidate location at line 509 (len=9, score=0.745)
trace:       Adding candidate location at line 510 (len=9, score=0.745)
trace:       Adding candidate location at line 506 (len=10, score=0.741)
trace:       Adding candidate location at line 507 (len=10, score=0.741)
trace:       Adding candidate location at line 508 (len=10, score=0.741)
trace:       Adding candidate location at line 509 (len=10, score=0.741)
trace:       Adding candidate location at line 505 (len=11, score=0.736)
trace:       Reached maximum candidate limit (20), stopping candidate collection
debug:     Strategy 3 (Fuzzy): selected 20 candidate location(s)
trace:   Pruned candidates by min_span 5: 20 -> 20 candidate(s)
trace: DefaultHunkFinder::find_candidate_locations: returning 20 candidate(s)
debug:   Found 20 candidate location(s) for hunk. Testing sequentially...
trace:   Evaluating candidate 1/20 at location HunkLocation { start_index: 509, length: 6 } (match_type: Fuzzy { score: 0.8571428656578064 })
debug:   Found location HunkLocation { start_index: 509, length: 6 } with match type Fuzzy { score: 0.8571428656578064 }. Applying changes.
debug:   try_apply_hunk_at_location: target line 510 (length 6), match_type=Fuzzy { score: 0.8571428656578064 }, total target lines=5094.
trace: Hunk::get_match_block: extracted 8 match line(s)
trace:     Match block lines: 8 | Total hunk lines: 9
trace:     Target slice to replace: ["            # Determine if the set_pages_uc() function is present.", "            #", "            CODE=\"", "            #if defined(NV_ASM_SET_MEMORY_H_PRESENT)", "            #if defined(NV_ASM_PGTABLE_TYPES_H_PRESENT)", "            #include <asm/pgtable_types.h>"]
trace:     Ellipsis flags: has_ellipsis=false, is_literal_match=false, is_wildcard_gap_match=false
debug:     Applying hunk via robust reconstruction logic (preserving file context & adjusting indent).
trace:       Fuzzy match location: start=509, len=6
trace:       File content in matched range (6 line(s)): ["            # Determine if the set_pages_uc() function is present.", "            #", "            CODE=\"", "            #if defined(NV_ASM_SET_MEMORY_H_PRESENT)", "            #if defined(NV_ASM_PGTABLE_TYPES_H_PRESENT)", "            #include <asm/pgtable_types.h>"]
trace:       Parsed hunk: 8 match line(s), 0 initial addition(s).
trace: Hunk::get_match_block: extracted 8 match line(s)
trace:       Computed diff between match block and file slice: 2 operation(s), similarity ratio=0.857
trace:       Initial Indentation Context: Hunk='            ', Target='            '
trace:       Active baseline indentation: hunk='            ', target='            '
trace:       DiffOp::Equal: 6 line(s) aligned (hunk old_idx=0, file new_idx=0)
trace:         Equal: preserving target line: '            # Determine if the set_pages_uc() function is present.'
trace:         Equal: preserving target line: '            #'
trace:         Equal: preserving target line: '            CODE=\"'
trace:         Appended 1 addition(s) after line 2
trace:         Equal: applying addition: '            #include <linux/types.h>'
trace:         Equal: preserving target line: '            #if defined(NV_ASM_SET_MEMORY_H_PRESENT)'
trace:         Equal: preserving target line: '            #if defined(NV_ASM_PGTABLE_TYPES_H_PRESENT)'
trace:         Equal: preserving target line: '            #include <asm/pgtable_types.h>'
trace:       DiffOp::Delete: 2 line(s) missing from target file (hunk old_idx=6)
warning:     Fuzzy match rejected: Tail context line(s) missing from target file.
debug:   Candidate 1/20 at HunkLocation { start_index: 509, length: 6 } failed with ContextNotFound. Backtracking...
trace:   Evaluating candidate 2/20 at location HunkLocation { start_index: 508, length: 7 } (match_type: Fuzzy { score: 0.800000011920929 })
debug:   Found location HunkLocation { start_index: 508, length: 7 } with match type Fuzzy { score: 0.800000011920929 }. Applying changes.
debug:   try_apply_hunk_at_location: target line 509 (length 7), match_type=Fuzzy { score: 0.800000011920929 }, total target lines=5094.
trace: Hunk::get_match_block: extracted 8 match line(s)
trace:     Match block lines: 8 | Total hunk lines: 9
trace:     Target slice to replace: ["            #", "            # Determine if the set_pages_uc() function is present.", "            #", "            CODE=\"", "            #if defined(NV_ASM_SET_MEMORY_H_PRESENT)", "            #if defined(NV_ASM_PGTABLE_TYPES_H_PRESENT)", "            #include <asm/pgtable_types.h>"]
trace:     Ellipsis flags: has_ellipsis=false, is_literal_match=false, is_wildcard_gap_match=false
debug:     Applying hunk via robust reconstruction logic (preserving file context & adjusting indent).
trace:       Fuzzy match location: start=508, len=7
trace:       File content in matched range (7 line(s)): ["            #", "            # Determine if the set_pages_uc() function is present.", "            #", "            CODE=\"", "            #if defined(NV_ASM_SET_MEMORY_H_PRESENT)", "            #if defined(NV_ASM_PGTABLE_TYPES_H_PRESENT)", "            #include <asm/pgtable_types.h>"]
trace:       Parsed hunk: 8 match line(s), 0 initial addition(s).
trace: Hunk::get_match_block: extracted 8 match line(s)
trace:       Computed diff between match block and file slice: 3 operation(s), similarity ratio=0.800
trace:       Initial Indentation Context: Hunk='            ', Target='            '
trace:       Active baseline indentation: hunk='            ', target='            '
trace:       DiffOp::Insert: preserving 1 local insertion line(s) from target file (new_idx=0)
trace:         Preserving inserted line: '            #'
trace:       DiffOp::Equal: 6 line(s) aligned (hunk old_idx=0, file new_idx=1)
trace:         Equal: preserving target line: '            # Determine if the set_pages_uc() function is present.'
trace:         Equal: preserving target line: '            #'
trace:         Equal: preserving target line: '            CODE=\"'
trace:         Appended 1 addition(s) after line 2
trace:         Equal: applying addition: '            #include <linux/types.h>'
trace:         Equal: preserving target line: '            #if defined(NV_ASM_SET_MEMORY_H_PRESENT)'
trace:         Equal: preserving target line: '            #if defined(NV_ASM_PGTABLE_TYPES_H_PRESENT)'
trace:         Equal: preserving target line: '            #include <asm/pgtable_types.h>'
trace:       DiffOp::Delete: 2 line(s) missing from target file (hunk old_idx=6)
warning:     Fuzzy match rejected: Tail context line(s) missing from target file.
debug:   Candidate 2/20 at HunkLocation { start_index: 508, length: 7 } failed with ContextNotFound. Backtracking...
trace:   Evaluating candidate 3/20 at location HunkLocation { start_index: 509, length: 7 } (match_type: Fuzzy { score: 0.800000011920929 })
debug:   Found location HunkLocation { start_index: 509, length: 7 } with match type Fuzzy { score: 0.800000011920929 }. Applying changes.
debug:   try_apply_hunk_at_location: target line 510 (length 7), match_type=Fuzzy { score: 0.800000011920929 }, total target lines=5094.
trace: Hunk::get_match_block: extracted 8 match line(s)
trace:     Match block lines: 8 | Total hunk lines: 9
trace:     Target slice to replace: ["            # Determine if the set_pages_uc() function is present.", "            #", "            CODE=\"", "            #if defined(NV_ASM_SET_MEMORY_H_PRESENT)", "            #if defined(NV_ASM_PGTABLE_TYPES_H_PRESENT)", "            #include <asm/pgtable_types.h>", "            #endif"]
trace:     Ellipsis flags: has_ellipsis=false, is_literal_match=false, is_wildcard_gap_match=false
debug:     Applying hunk via robust reconstruction logic (preserving file context & adjusting indent).
trace:       Fuzzy match location: start=509, len=7
trace:       File content in matched range (7 line(s)): ["            # Determine if the set_pages_uc() function is present.", "            #", "            CODE=\"", "            #if defined(NV_ASM_SET_MEMORY_H_PRESENT)", "            #if defined(NV_ASM_PGTABLE_TYPES_H_PRESENT)", "            #include <asm/pgtable_types.h>", "            #endif"]
trace:       Parsed hunk: 8 match line(s), 0 initial addition(s).
trace: Hunk::get_match_block: extracted 8 match line(s)
trace:       Computed diff between match block and file slice: 2 operation(s), similarity ratio=0.800
trace:       Initial Indentation Context: Hunk='            ', Target='            '
trace:       Active baseline indentation: hunk='            ', target='            '
trace:       DiffOp::Equal: 6 line(s) aligned (hunk old_idx=0, file new_idx=0)
trace:         Equal: preserving target line: '            # Determine if the set_pages_uc() function is present.'
trace:         Equal: preserving target line: '            #'
trace:         Equal: preserving target line: '            CODE=\"'
trace:         Appended 1 addition(s) after line 2
trace:         Equal: applying addition: '            #include <linux/types.h>'
trace:         Equal: preserving target line: '            #if defined(NV_ASM_SET_MEMORY_H_PRESENT)'
trace:         Equal: preserving target line: '            #if defined(NV_ASM_PGTABLE_TYPES_H_PRESENT)'
trace:         Equal: preserving target line: '            #include <asm/pgtable_types.h>'
trace:       DiffOp::Replace: hunk lines 6..8 (len=2) vs file lines 6..7 (len=1)
trace:       Dynamic Indentation Update (Replace search): Hunk='', Target='            '
trace:         Multi-line replacement (hunk_len=2, target_len=1). Searching for statement alignment across line breaks...
trace: find_statement_match_in_block: attempting statement alignment for 2 line(s) against 1 target line(s)
trace:   find_statement_match_in_block: comparing target line 1 ('#endif'): word_ratio=0.000, char_ratio=0.000, combined=0.000
trace:         No single statement alignment found (has_context=true). Using block fallback heuristic.
warning:     Fuzzy match rejected: Tail context is unaligned in replacement block.
debug:   Candidate 3/20 at HunkLocation { start_index: 509, length: 7 } failed with ContextNotFound. Backtracking...
trace:   Evaluating candidate 4/20 at location HunkLocation { start_index: 511, length: 5 } (match_type: Fuzzy { score: 0.7741664767265319 })
debug:   Found location HunkLocation { start_index: 511, length: 5 } with match type Fuzzy { score: 0.7741664767265319 }. Applying changes.
debug:   try_apply_hunk_at_location: target line 512 (length 5), match_type=Fuzzy { score: 0.7741664767265319 }, total target lines=5094.
trace: Hunk::get_match_block: extracted 8 match line(s)
trace:     Match block lines: 8 | Total hunk lines: 9
trace:     Target slice to replace: ["            CODE=\"", "            #if defined(NV_ASM_SET_MEMORY_H_PRESENT)", "            #if defined(NV_ASM_PGTABLE_TYPES_H_PRESENT)", "            #include <asm/pgtable_types.h>", "            #endif"]
trace:     Ellipsis flags: has_ellipsis=false, is_literal_match=false, is_wildcard_gap_match=false
debug:     Applying hunk via robust reconstruction logic (preserving file context & adjusting indent).
trace:       Fuzzy match location: start=511, len=5
trace:       File content in matched range (5 line(s)): ["            CODE=\"", "            #if defined(NV_ASM_SET_MEMORY_H_PRESENT)", "            #if defined(NV_ASM_PGTABLE_TYPES_H_PRESENT)", "            #include <asm/pgtable_types.h>", "            #endif"]
trace:       Parsed hunk: 8 match line(s), 0 initial addition(s).
trace: Hunk::get_match_block: extracted 8 match line(s)
trace:       Computed diff between match block and file slice: 3 operation(s), similarity ratio=0.615
trace:       Initial Indentation Context: Hunk='            ', Target='            '
trace:       Active baseline indentation: hunk='            ', target='            '
trace:       DiffOp::Delete: 2 line(s) missing from target file (hunk old_idx=0)
trace:         Skipping stale context line missing in target: "            # Determine if the set_pages_uc() function is present."
trace:         Skipping stale context line missing in target: "            #"
trace:       DiffOp::Equal: 4 line(s) aligned (hunk old_idx=2, file new_idx=0)
trace:         Equal: preserving target line: '            CODE=\"'
trace:         Appended 1 addition(s) after line 2
trace:         Equal: applying addition: '            #include <linux/types.h>'
trace:         Equal: preserving target line: '            #if defined(NV_ASM_SET_MEMORY_H_PRESENT)'
trace:         Equal: preserving target line: '            #if defined(NV_ASM_PGTABLE_TYPES_H_PRESENT)'
trace:         Equal: preserving target line: '            #include <asm/pgtable_types.h>'
trace:       DiffOp::Replace: hunk lines 6..8 (len=2) vs file lines 4..5 (len=1)
trace:       Dynamic Indentation Update (Replace search): Hunk='', Target='            '
trace:         Multi-line replacement (hunk_len=2, target_len=1). Searching for statement alignment across line breaks...
trace: find_statement_match_in_block: attempting statement alignment for 2 line(s) against 1 target line(s)
trace:   find_statement_match_in_block: comparing target line 1 ('#endif'): word_ratio=0.000, char_ratio=0.000, combined=0.000
trace:         No single statement alignment found (has_context=true). Using block fallback heuristic.
warning:     Fuzzy match rejected: Tail context is unaligned in replacement block.
debug:   Candidate 4/20 at HunkLocation { start_index: 511, length: 5 } failed with ContextNotFound. Backtracking...
trace:   Evaluating candidate 5/20 at location HunkLocation { start_index: 507, length: 7 } (match_type: Fuzzy { score: 0.7727272748947143 })
debug:   Found location HunkLocation { start_index: 507, length: 7 } with match type Fuzzy { score: 0.7727272748947143 }. Applying changes.
debug:   try_apply_hunk_at_location: target line 508 (length 7), match_type=Fuzzy { score: 0.7727272748947143 }, total target lines=5094.
trace: Hunk::get_match_block: extracted 8 match line(s)
trace:     Match block lines: 8 | Total hunk lines: 9
trace:     Target slice to replace: ["        set_pages_uc)", "            #", "            # Determine if the set_pages_uc() function is present.", "            #", "            CODE=\"", "            #if defined(NV_ASM_SET_MEMORY_H_PRESENT)", "            #if defined(NV_ASM_PGTABLE_TYPES_H_PRESENT)"]
trace:     Ellipsis flags: has_ellipsis=false, is_literal_match=false, is_wildcard_gap_match=false
debug:     Applying hunk via robust reconstruction logic (preserving file context & adjusting indent).
trace:       Fuzzy match location: start=507, len=7
trace:       File content in matched range (7 line(s)): ["        set_pages_uc)", "            #", "            # Determine if the set_pages_uc() function is present.", "            #", "            CODE=\"", "            #if defined(NV_ASM_SET_MEMORY_H_PRESENT)", "            #if defined(NV_ASM_PGTABLE_TYPES_H_PRESENT)"]
trace:       Parsed hunk: 8 match line(s), 0 initial addition(s).
trace: Hunk::get_match_block: extracted 8 match line(s)
trace:       Computed diff between match block and file slice: 3 operation(s), similarity ratio=0.667
trace:       Initial Indentation Context: Hunk='            ', Target='            '
trace:       Active baseline indentation: hunk='            ', target='            '
trace:       DiffOp::Insert: preserving 2 local insertion line(s) from target file (new_idx=0)
trace:         Preserving inserted line: '        set_pages_uc)'
trace:         Preserving inserted line: '            #'
trace:       DiffOp::Equal: 5 line(s) aligned (hunk old_idx=0, file new_idx=2)
trace:         Equal: preserving target line: '            # Determine if the set_pages_uc() function is present.'
trace:         Equal: preserving target line: '            #'
trace:         Equal: preserving target line: '            CODE=\"'
trace:         Appended 1 addition(s) after line 2
trace:         Equal: applying addition: '            #include <linux/types.h>'
trace:         Equal: preserving target line: '            #if defined(NV_ASM_SET_MEMORY_H_PRESENT)'
trace:         Equal: preserving target line: '            #if defined(NV_ASM_PGTABLE_TYPES_H_PRESENT)'
trace:       DiffOp::Delete: 3 line(s) missing from target file (hunk old_idx=5)
warning:     Fuzzy match rejected: Tail context line(s) missing from target file.
debug:   Candidate 5/20 at HunkLocation { start_index: 507, length: 7 } failed with ContextNotFound. Backtracking...
trace:   Evaluating candidate 6/20 at location HunkLocation { start_index: 509, length: 5 } (match_type: Fuzzy { score: 0.7692307829856873 })
debug:   Found location HunkLocation { start_index: 509, length: 5 } with match type Fuzzy { score: 0.7692307829856873 }. Applying changes.
debug:   try_apply_hunk_at_location: target line 510 (length 5), match_type=Fuzzy { score: 0.7692307829856873 }, total target lines=5094.
trace: Hunk::get_match_block: extracted 8 match line(s)
trace:     Match block lines: 8 | Total hunk lines: 9
trace:     Target slice to replace: ["            # Determine if the set_pages_uc() function is present.", "            #", "            CODE=\"", "            #if defined(NV_ASM_SET_MEMORY_H_PRESENT)", "            #if defined(NV_ASM_PGTABLE_TYPES_H_PRESENT)"]
trace:     Ellipsis flags: has_ellipsis=false, is_literal_match=false, is_wildcard_gap_match=false
debug:     Applying hunk via robust reconstruction logic (preserving file context & adjusting indent).
trace:       Fuzzy match location: start=509, len=5
trace:       File content in matched range (5 line(s)): ["            # Determine if the set_pages_uc() function is present.", "            #", "            CODE=\"", "            #if defined(NV_ASM_SET_MEMORY_H_PRESENT)", "            #if defined(NV_ASM_PGTABLE_TYPES_H_PRESENT)"]
trace:       Parsed hunk: 8 match line(s), 0 initial addition(s).
trace: Hunk::get_match_block: extracted 8 match line(s)
trace:       Computed diff between match block and file slice: 2 operation(s), similarity ratio=0.769
trace:       Initial Indentation Context: Hunk='            ', Target='            '
trace:       Active baseline indentation: hunk='            ', target='            '
trace:       DiffOp::Equal: 5 line(s) aligned (hunk old_idx=0, file new_idx=0)
trace:         Equal: preserving target line: '            # Determine if the set_pages_uc() function is present.'
trace:         Equal: preserving target line: '            #'
trace:         Equal: preserving target line: '            CODE=\"'
trace:         Appended 1 addition(s) after line 2
trace:         Equal: applying addition: '            #include <linux/types.h>'
trace:         Equal: preserving target line: '            #if defined(NV_ASM_SET_MEMORY_H_PRESENT)'
trace:         Equal: preserving target line: '            #if defined(NV_ASM_PGTABLE_TYPES_H_PRESENT)'
trace:       DiffOp::Delete: 3 line(s) missing from target file (hunk old_idx=5)
warning:     Fuzzy match rejected: Tail context line(s) missing from target file.
debug:   Candidate 6/20 at HunkLocation { start_index: 509, length: 5 } failed with ContextNotFound. Backtracking...
trace:   Evaluating candidate 7/20 at location HunkLocation { start_index: 510, length: 5 } (match_type: Fuzzy { score: 0.7692307829856873 })
debug:   Found location HunkLocation { start_index: 510, length: 5 } with match type Fuzzy { score: 0.7692307829856873 }. Applying changes.
debug:   try_apply_hunk_at_location: target line 511 (length 5), match_type=Fuzzy { score: 0.7692307829856873 }, total target lines=5094.
trace: Hunk::get_match_block: extracted 8 match line(s)
trace:     Match block lines: 8 | Total hunk lines: 9
trace:     Target slice to replace: ["            #", "            CODE=\"", "            #if defined(NV_ASM_SET_MEMORY_H_PRESENT)", "            #if defined(NV_ASM_PGTABLE_TYPES_H_PRESENT)", "            #include <asm/pgtable_types.h>"]
trace:     Ellipsis flags: has_ellipsis=false, is_literal_match=false, is_wildcard_gap_match=false
debug:     Applying hunk via robust reconstruction logic (preserving file context & adjusting indent).
trace:       Fuzzy match location: start=510, len=5
trace:       File content in matched range (5 line(s)): ["            #", "            CODE=\"", "            #if defined(NV_ASM_SET_MEMORY_H_PRESENT)", "            #if defined(NV_ASM_PGTABLE_TYPES_H_PRESENT)", "            #include <asm/pgtable_types.h>"]
trace:       Parsed hunk: 8 match line(s), 0 initial addition(s).
trace: Hunk::get_match_block: extracted 8 match line(s)
trace:       Computed diff between match block and file slice: 3 operation(s), similarity ratio=0.769
trace:       Initial Indentation Context: Hunk='            ', Target='            '
trace:       Active baseline indentation: hunk='            ', target='            '
trace:       DiffOp::Delete: 1 line(s) missing from target file (hunk old_idx=0)
trace:         Skipping stale context line missing in target: "            # Determine if the set_pages_uc() function is present."
trace:       DiffOp::Equal: 5 line(s) aligned (hunk old_idx=1, file new_idx=0)
trace:         Equal: preserving target line: '            #'
trace:         Equal: preserving target line: '            CODE=\"'
trace:         Appended 1 addition(s) after line 2
trace:         Equal: applying addition: '            #include <linux/types.h>'
trace:         Equal: preserving target line: '            #if defined(NV_ASM_SET_MEMORY_H_PRESENT)'
trace:         Equal: preserving target line: '            #if defined(NV_ASM_PGTABLE_TYPES_H_PRESENT)'
trace:         Equal: preserving target line: '            #include <asm/pgtable_types.h>'
trace:       DiffOp::Delete: 2 line(s) missing from target file (hunk old_idx=6)
warning:     Fuzzy match rejected: Tail context line(s) missing from target file.
debug:   Candidate 7/20 at HunkLocation { start_index: 510, length: 5 } failed with ContextNotFound. Backtracking...
trace:   Evaluating candidate 8/20 at location HunkLocation { start_index: 506, length: 8 } (match_type: Fuzzy { score: 0.7516790926456451 })
debug:   Found location HunkLocation { start_index: 506, length: 8 } with match type Fuzzy { score: 0.7516790926456451 }. Applying changes.
debug:   try_apply_hunk_at_location: target line 507 (length 8), match_type=Fuzzy { score: 0.7516790926456451 }, total target lines=5094.
trace: Hunk::get_match_block: extracted 8 match line(s)
trace:     Match block lines: 8 | Total hunk lines: 9
trace:     Target slice to replace: ["", "        set_pages_uc)", "            #", "            # Determine if the set_pages_uc() function is present.", "            #", "            CODE=\"", "            #if defined(NV_ASM_SET_MEMORY_H_PRESENT)", "            #if defined(NV_ASM_PGTABLE_TYPES_H_PRESENT)"]
trace:     Ellipsis flags: has_ellipsis=false, is_literal_match=false, is_wildcard_gap_match=false
debug:     Applying hunk via robust reconstruction logic (preserving file context & adjusting indent).
trace:       Fuzzy match location: start=506, len=8
trace:       File content in matched range (8 line(s)): ["", "        set_pages_uc)", "            #", "            # Determine if the set_pages_uc() function is present.", "            #", "            CODE=\"", "            #if defined(NV_ASM_SET_MEMORY_H_PRESENT)", "            #if defined(NV_ASM_PGTABLE_TYPES_H_PRESENT)"]
trace:       Parsed hunk: 8 match line(s), 0 initial addition(s).
trace: Hunk::get_match_block: extracted 8 match line(s)
trace:       Computed diff between match block and file slice: 3 operation(s), similarity ratio=0.625
trace:       Initial Indentation Context: Hunk='            ', Target='            '
trace:       Active baseline indentation: hunk='            ', target='            '
trace:       DiffOp::Insert: preserving 3 local insertion line(s) from target file (new_idx=0)
trace:         Preserving inserted line: ''
trace:         Preserving inserted line: '        set_pages_uc)'
trace:         Preserving inserted line: '            #'
trace:       DiffOp::Equal: 5 line(s) aligned (hunk old_idx=0, file new_idx=3)
trace:         Equal: preserving target line: '            # Determine if the set_pages_uc() function is present.'
trace:         Equal: preserving target line: '            #'
trace:         Equal: preserving target line: '            CODE=\"'
trace:         Appended 1 addition(s) after line 2
trace:         Equal: applying addition: '            #include <linux/types.h>'
trace:         Equal: preserving target line: '            #if defined(NV_ASM_SET_MEMORY_H_PRESENT)'
trace:         Equal: preserving target line: '            #if defined(NV_ASM_PGTABLE_TYPES_H_PRESENT)'
trace:       DiffOp::Delete: 3 line(s) missing from target file (hunk old_idx=5)
warning:     Fuzzy match rejected: Tail context line(s) missing from target file.
debug:   Candidate 8/20 at HunkLocation { start_index: 506, length: 8 } failed with ContextNotFound. Backtracking...
trace:   Evaluating candidate 9/20 at location HunkLocation { start_index: 507, length: 8 } (match_type: Fuzzy { score: 0.75 })
debug:   Found location HunkLocation { start_index: 507, length: 8 } with match type Fuzzy { score: 0.75 }. Applying changes.
debug:   try_apply_hunk_at_location: target line 508 (length 8), match_type=Fuzzy { score: 0.75 }, total target lines=5094.
trace: Hunk::get_match_block: extracted 8 match line(s)
trace:     Match block lines: 8 | Total hunk lines: 9
trace:     Target slice to replace: ["        set_pages_uc)", "            #", "            # Determine if the set_pages_uc() function is present.", "            #", "            CODE=\"", "            #if defined(NV_ASM_SET_MEMORY_H_PRESENT)", "            #if defined(NV_ASM_PGTABLE_TYPES_H_PRESENT)", "            #include <asm/pgtable_types.h>"]
trace:     Ellipsis flags: has_ellipsis=false, is_literal_match=false, is_wildcard_gap_match=false
debug:     Applying hunk via robust reconstruction logic (preserving file context & adjusting indent).
trace:       Fuzzy match location: start=507, len=8
trace:       File content in matched range (8 line(s)): ["        set_pages_uc)", "            #", "            # Determine if the set_pages_uc() function is present.", "            #", "            CODE=\"", "            #if defined(NV_ASM_SET_MEMORY_H_PRESENT)", "            #if defined(NV_ASM_PGTABLE_TYPES_H_PRESENT)", "            #include <asm/pgtable_types.h>"]
trace:       Parsed hunk: 8 match line(s), 0 initial addition(s).
trace: Hunk::get_match_block: extracted 8 match line(s)
trace:       Computed diff between match block and file slice: 3 operation(s), similarity ratio=0.750
trace:       Initial Indentation Context: Hunk='            ', Target='            '
trace:       Active baseline indentation: hunk='            ', target='            '
trace:       DiffOp::Insert: preserving 2 local insertion line(s) from target file (new_idx=0)
trace:         Preserving inserted line: '        set_pages_uc)'
trace:         Preserving inserted line: '            #'
trace:       DiffOp::Equal: 6 line(s) aligned (hunk old_idx=0, file new_idx=2)
trace:         Equal: preserving target line: '            # Determine if the set_pages_uc() function is present.'
trace:         Equal: preserving target line: '            #'
trace:         Equal: preserving target line: '            CODE=\"'
trace:         Appended 1 addition(s) after line 2
trace:         Equal: applying addition: '            #include <linux/types.h>'
trace:         Equal: preserving target line: '            #if defined(NV_ASM_SET_MEMORY_H_PRESENT)'
trace:         Equal: preserving target line: '            #if defined(NV_ASM_PGTABLE_TYPES_H_PRESENT)'
trace:         Equal: preserving target line: '            #include <asm/pgtable_types.h>'
trace:       DiffOp::Delete: 2 line(s) missing from target file (hunk old_idx=6)
warning:     Fuzzy match rejected: Tail context line(s) missing from target file.
debug:   Candidate 9/20 at HunkLocation { start_index: 507, length: 8 } failed with ContextNotFound. Backtracking...
trace:   Evaluating candidate 10/20 at location HunkLocation { start_index: 508, length: 8 } (match_type: Fuzzy { score: 0.75 })
debug:   Found location HunkLocation { start_index: 508, length: 8 } with match type Fuzzy { score: 0.75 }. Applying changes.
debug:   try_apply_hunk_at_location: target line 509 (length 8), match_type=Fuzzy { score: 0.75 }, total target lines=5094.
trace: Hunk::get_match_block: extracted 8 match line(s)
trace:     Match block lines: 8 | Total hunk lines: 9
trace:     Target slice to replace: ["            #", "            # Determine if the set_pages_uc() function is present.", "            #", "            CODE=\"", "            #if defined(NV_ASM_SET_MEMORY_H_PRESENT)", "            #if defined(NV_ASM_PGTABLE_TYPES_H_PRESENT)", "            #include <asm/pgtable_types.h>", "            #endif"]
trace:     Ellipsis flags: has_ellipsis=false, is_literal_match=false, is_wildcard_gap_match=false
debug:     Applying hunk via robust reconstruction logic (preserving file context & adjusting indent).
trace:       Fuzzy match location: start=508, len=8
trace:       File content in matched range (8 line(s)): ["            #", "            # Determine if the set_pages_uc() function is present.", "            #", "            CODE=\"", "            #if defined(NV_ASM_SET_MEMORY_H_PRESENT)", "            #if defined(NV_ASM_PGTABLE_TYPES_H_PRESENT)", "            #include <asm/pgtable_types.h>", "            #endif"]
trace:       Parsed hunk: 8 match line(s), 0 initial addition(s).
trace: Hunk::get_match_block: extracted 8 match line(s)
trace:       Computed diff between match block and file slice: 3 operation(s), similarity ratio=0.750
trace:       Initial Indentation Context: Hunk='            ', Target='            '
trace:       Active baseline indentation: hunk='            ', target='            '
trace:       DiffOp::Insert: preserving 1 local insertion line(s) from target file (new_idx=0)
trace:         Preserving inserted line: '            #'
trace:       DiffOp::Equal: 6 line(s) aligned (hunk old_idx=0, file new_idx=1)
trace:         Equal: preserving target line: '            # Determine if the set_pages_uc() function is present.'
trace:         Equal: preserving target line: '            #'
trace:         Equal: preserving target line: '            CODE=\"'
trace:         Appended 1 addition(s) after line 2
trace:         Equal: applying addition: '            #include <linux/types.h>'
trace:         Equal: preserving target line: '            #if defined(NV_ASM_SET_MEMORY_H_PRESENT)'
trace:         Equal: preserving target line: '            #if defined(NV_ASM_PGTABLE_TYPES_H_PRESENT)'
trace:         Equal: preserving target line: '            #include <asm/pgtable_types.h>'
trace:       DiffOp::Replace: hunk lines 6..8 (len=2) vs file lines 7..8 (len=1)
trace:       Dynamic Indentation Update (Replace search): Hunk='', Target='            '
trace:         Multi-line replacement (hunk_len=2, target_len=1). Searching for statement alignment across line breaks...
trace: find_statement_match_in_block: attempting statement alignment for 2 line(s) against 1 target line(s)
trace:   find_statement_match_in_block: comparing target line 1 ('#endif'): word_ratio=0.000, char_ratio=0.000, combined=0.000
trace:         No single statement alignment found (has_context=true). Using block fallback heuristic.
warning:     Fuzzy match rejected: Tail context is unaligned in replacement block.
debug:   Candidate 10/20 at HunkLocation { start_index: 508, length: 8 } failed with ContextNotFound. Backtracking...
trace:   Evaluating candidate 11/20 at location HunkLocation { start_index: 509, length: 8 } (match_type: Fuzzy { score: 0.75 })
debug:   Found location HunkLocation { start_index: 509, length: 8 } with match type Fuzzy { score: 0.75 }. Applying changes.
debug:   try_apply_hunk_at_location: target line 510 (length 8), match_type=Fuzzy { score: 0.75 }, total target lines=5094.
trace: Hunk::get_match_block: extracted 8 match line(s)
trace:     Match block lines: 8 | Total hunk lines: 9
trace:     Target slice to replace: ["            # Determine if the set_pages_uc() function is present.", "            #", "            CODE=\"", "            #if defined(NV_ASM_SET_MEMORY_H_PRESENT)", "            #if defined(NV_ASM_PGTABLE_TYPES_H_PRESENT)", "            #include <asm/pgtable_types.h>", "            #endif", "            #include <asm/set_memory.h>"]
trace:     Ellipsis flags: has_ellipsis=false, is_literal_match=false, is_wildcard_gap_match=false
debug:     Applying hunk via robust reconstruction logic (preserving file context & adjusting indent).
trace:       Fuzzy match location: start=509, len=8
trace:       File content in matched range (8 line(s)): ["            # Determine if the set_pages_uc() function is present.", "            #", "            CODE=\"", "            #if defined(NV_ASM_SET_MEMORY_H_PRESENT)", "            #if defined(NV_ASM_PGTABLE_TYPES_H_PRESENT)", "            #include <asm/pgtable_types.h>", "            #endif", "            #include <asm/set_memory.h>"]
trace:       Parsed hunk: 8 match line(s), 0 initial addition(s).
trace: Hunk::get_match_block: extracted 8 match line(s)
trace:       Computed diff between match block and file slice: 2 operation(s), similarity ratio=0.750
trace:       Initial Indentation Context: Hunk='            ', Target='            '
trace:       Active baseline indentation: hunk='            ', target='            '
trace:       DiffOp::Equal: 6 line(s) aligned (hunk old_idx=0, file new_idx=0)
trace:         Equal: preserving target line: '            # Determine if the set_pages_uc() function is present.'
trace:         Equal: preserving target line: '            #'
trace:         Equal: preserving target line: '            CODE=\"'
trace:         Appended 1 addition(s) after line 2
trace:         Equal: applying addition: '            #include <linux/types.h>'
trace:         Equal: preserving target line: '            #if defined(NV_ASM_SET_MEMORY_H_PRESENT)'
trace:         Equal: preserving target line: '            #if defined(NV_ASM_PGTABLE_TYPES_H_PRESENT)'
trace:         Equal: preserving target line: '            #include <asm/pgtable_types.h>'
trace:       DiffOp::Replace: hunk lines 6..8 (len=2) vs file lines 6..8 (len=2)
trace:       Dynamic Indentation Update (Replace search): Hunk='', Target='            '
trace:         1-to-1 length replacement. Validating similarity of modified lines...
trace:         1-to-1 replacement line validation [line 6]: is_removal=true, word_sim=0.000, char_sim=0.000
warning:     Fuzzy match rejected: Removal line "- " differs from target line "            #endif" (sim_words=0.000, sim_chars=0.000, required=0.500).
debug:   Candidate 11/20 at HunkLocation { start_index: 509, length: 8 } failed with ContextNotFound. Backtracking...
trace:   Evaluating candidate 12/20 at location HunkLocation { start_index: 506, length: 9 } (match_type: Fuzzy { score: 0.7453125185100362 })
debug:   Found location HunkLocation { start_index: 506, length: 9 } with match type Fuzzy { score: 0.7453125185100362 }. Applying changes.
debug:   try_apply_hunk_at_location: target line 507 (length 9), match_type=Fuzzy { score: 0.7453125185100362 }, total target lines=5094.
trace: Hunk::get_match_block: extracted 8 match line(s)
trace:     Match block lines: 8 | Total hunk lines: 9
trace:     Target slice to replace: ["", "        set_pages_uc)", "            #", "            # Determine if the set_pages_uc() function is present.", "            #", "            CODE=\"", "            #if defined(NV_ASM_SET_MEMORY_H_PRESENT)", "            #if defined(NV_ASM_PGTABLE_TYPES_H_PRESENT)", "            #include <asm/pgtable_types.h>"]
trace:     Ellipsis flags: has_ellipsis=false, is_literal_match=false, is_wildcard_gap_match=false
debug:     Applying hunk via robust reconstruction logic (preserving file context & adjusting indent).
trace:       Fuzzy match location: start=506, len=9
trace:       File content in matched range (9 line(s)): ["", "        set_pages_uc)", "            #", "            # Determine if the set_pages_uc() function is present.", "            #", "            CODE=\"", "            #if defined(NV_ASM_SET_MEMORY_H_PRESENT)", "            #if defined(NV_ASM_PGTABLE_TYPES_H_PRESENT)", "            #include <asm/pgtable_types.h>"]
trace:       Parsed hunk: 8 match line(s), 0 initial addition(s).
trace: Hunk::get_match_block: extracted 8 match line(s)
trace:       Computed diff between match block and file slice: 3 operation(s), similarity ratio=0.706
trace:       Initial Indentation Context: Hunk='            ', Target='            '
trace:       Active baseline indentation: hunk='            ', target='            '
trace:       DiffOp::Insert: preserving 3 local insertion line(s) from target file (new_idx=0)
trace:         Preserving inserted line: ''
trace:         Preserving inserted line: '        set_pages_uc)'
trace:         Preserving inserted line: '            #'
trace:       DiffOp::Equal: 6 line(s) aligned (hunk old_idx=0, file new_idx=3)
trace:         Equal: preserving target line: '            # Determine if the set_pages_uc() function is present.'
trace:         Equal: preserving target line: '            #'
trace:         Equal: preserving target line: '            CODE=\"'
trace:         Appended 1 addition(s) after line 2
trace:         Equal: applying addition: '            #include <linux/types.h>'
trace:         Equal: preserving target line: '            #if defined(NV_ASM_SET_MEMORY_H_PRESENT)'
trace:         Equal: preserving target line: '            #if defined(NV_ASM_PGTABLE_TYPES_H_PRESENT)'
trace:         Equal: preserving target line: '            #include <asm/pgtable_types.h>'
trace:       DiffOp::Delete: 2 line(s) missing from target file (hunk old_idx=6)
warning:     Fuzzy match rejected: Tail context line(s) missing from target file.
debug:   Candidate 12/20 at HunkLocation { start_index: 506, length: 9 } failed with ContextNotFound. Backtracking...
trace:   Evaluating candidate 13/20 at location HunkLocation { start_index: 507, length: 9 } (match_type: Fuzzy { score: 0.7453125185100362 })
debug:   Found location HunkLocation { start_index: 507, length: 9 } with match type Fuzzy { score: 0.7453125185100362 }. Applying changes.
debug:   try_apply_hunk_at_location: target line 508 (length 9), match_type=Fuzzy { score: 0.7453125185100362 }, total target lines=5094.
trace: Hunk::get_match_block: extracted 8 match line(s)
trace:     Match block lines: 8 | Total hunk lines: 9
trace:     Target slice to replace: ["        set_pages_uc)", "            #", "            # Determine if the set_pages_uc() function is present.", "            #", "            CODE=\"", "            #if defined(NV_ASM_SET_MEMORY_H_PRESENT)", "            #if defined(NV_ASM_PGTABLE_TYPES_H_PRESENT)", "            #include <asm/pgtable_types.h>", "            #endif"]
trace:     Ellipsis flags: has_ellipsis=false, is_literal_match=false, is_wildcard_gap_match=false
debug:     Applying hunk via robust reconstruction logic (preserving file context & adjusting indent).
trace:       Fuzzy match location: start=507, len=9
trace:       File content in matched range (9 line(s)): ["        set_pages_uc)", "            #", "            # Determine if the set_pages_uc() function is present.", "            #", "            CODE=\"", "            #if defined(NV_ASM_SET_MEMORY_H_PRESENT)", "            #if defined(NV_ASM_PGTABLE_TYPES_H_PRESENT)", "            #include <asm/pgtable_types.h>", "            #endif"]
trace:       Parsed hunk: 8 match line(s), 0 initial addition(s).
trace: Hunk::get_match_block: extracted 8 match line(s)
trace:       Computed diff between match block and file slice: 3 operation(s), similarity ratio=0.706
trace:       Initial Indentation Context: Hunk='            ', Target='            '
trace:       Active baseline indentation: hunk='            ', target='            '
trace:       DiffOp::Insert: preserving 2 local insertion line(s) from target file (new_idx=0)
trace:         Preserving inserted line: '        set_pages_uc)'
trace:         Preserving inserted line: '            #'
trace:       DiffOp::Equal: 6 line(s) aligned (hunk old_idx=0, file new_idx=2)
trace:         Equal: preserving target line: '            # Determine if the set_pages_uc() function is present.'
trace:         Equal: preserving target line: '            #'
trace:         Equal: preserving target line: '            CODE=\"'
trace:         Appended 1 addition(s) after line 2
trace:         Equal: applying addition: '            #include <linux/types.h>'
trace:         Equal: preserving target line: '            #if defined(NV_ASM_SET_MEMORY_H_PRESENT)'
trace:         Equal: preserving target line: '            #if defined(NV_ASM_PGTABLE_TYPES_H_PRESENT)'
trace:         Equal: preserving target line: '            #include <asm/pgtable_types.h>'
trace:       DiffOp::Replace: hunk lines 6..8 (len=2) vs file lines 8..9 (len=1)
trace:       Dynamic Indentation Update (Replace search): Hunk='', Target='            '
trace:         Multi-line replacement (hunk_len=2, target_len=1). Searching for statement alignment across line breaks...
trace: find_statement_match_in_block: attempting statement alignment for 2 line(s) against 1 target line(s)
trace:   find_statement_match_in_block: comparing target line 1 ('#endif'): word_ratio=0.000, char_ratio=0.000, combined=0.000
trace:         No single statement alignment found (has_context=true). Using block fallback heuristic.
warning:     Fuzzy match rejected: Tail context is unaligned in replacement block.
debug:   Candidate 13/20 at HunkLocation { start_index: 507, length: 9 } failed with ContextNotFound. Backtracking...
trace:   Evaluating candidate 14/20 at location HunkLocation { start_index: 508, length: 9 } (match_type: Fuzzy { score: 0.7453125185100362 })
debug:   Found location HunkLocation { start_index: 508, length: 9 } with match type Fuzzy { score: 0.7453125185100362 }. Applying changes.
debug:   try_apply_hunk_at_location: target line 509 (length 9), match_type=Fuzzy { score: 0.7453125185100362 }, total target lines=5094.
trace: Hunk::get_match_block: extracted 8 match line(s)
trace:     Match block lines: 8 | Total hunk lines: 9
trace:     Target slice to replace: ["            #", "            # Determine if the set_pages_uc() function is present.", "            #", "            CODE=\"", "            #if defined(NV_ASM_SET_MEMORY_H_PRESENT)", "            #if defined(NV_ASM_PGTABLE_TYPES_H_PRESENT)", "            #include <asm/pgtable_types.h>", "            #endif", "            #include <asm/set_memory.h>"]
trace:     Ellipsis flags: has_ellipsis=false, is_literal_match=false, is_wildcard_gap_match=false
debug:     Applying hunk via robust reconstruction logic (preserving file context & adjusting indent).
trace:       Fuzzy match location: start=508, len=9
trace:       File content in matched range (9 line(s)): ["            #", "            # Determine if the set_pages_uc() function is present.", "            #", "            CODE=\"", "            #if defined(NV_ASM_SET_MEMORY_H_PRESENT)", "            #if defined(NV_ASM_PGTABLE_TYPES_H_PRESENT)", "            #include <asm/pgtable_types.h>", "            #endif", "            #include <asm/set_memory.h>"]
trace:       Parsed hunk: 8 match line(s), 0 initial addition(s).
trace: Hunk::get_match_block: extracted 8 match line(s)
trace:       Computed diff between match block and file slice: 3 operation(s), similarity ratio=0.706
trace:       Initial Indentation Context: Hunk='            ', Target='            '
trace:       Active baseline indentation: hunk='            ', target='            '
trace:       DiffOp::Insert: preserving 1 local insertion line(s) from target file (new_idx=0)
trace:         Preserving inserted line: '            #'
trace:       DiffOp::Equal: 6 line(s) aligned (hunk old_idx=0, file new_idx=1)
trace:         Equal: preserving target line: '            # Determine if the set_pages_uc() function is present.'
trace:         Equal: preserving target line: '            #'
trace:         Equal: preserving target line: '            CODE=\"'
trace:         Appended 1 addition(s) after line 2
trace:         Equal: applying addition: '            #include <linux/types.h>'
trace:         Equal: preserving target line: '            #if defined(NV_ASM_SET_MEMORY_H_PRESENT)'
trace:         Equal: preserving target line: '            #if defined(NV_ASM_PGTABLE_TYPES_H_PRESENT)'
trace:         Equal: preserving target line: '            #include <asm/pgtable_types.h>'
trace:       DiffOp::Replace: hunk lines 6..8 (len=2) vs file lines 7..9 (len=2)
trace:       Dynamic Indentation Update (Replace search): Hunk='', Target='            '
trace:         1-to-1 length replacement. Validating similarity of modified lines...
trace:         1-to-1 replacement line validation [line 6]: is_removal=true, word_sim=0.000, char_sim=0.000
warning:     Fuzzy match rejected: Removal line "- " differs from target line "            #endif" (sim_words=0.000, sim_chars=0.000, required=0.500).
debug:   Candidate 14/20 at HunkLocation { start_index: 508, length: 9 } failed with ContextNotFound. Backtracking...
trace:   Evaluating candidate 15/20 at location HunkLocation { start_index: 509, length: 9 } (match_type: Fuzzy { score: 0.7453125185100362 })
debug:   Found location HunkLocation { start_index: 509, length: 9 } with match type Fuzzy { score: 0.7453125185100362 }. Applying changes.
debug:   try_apply_hunk_at_location: target line 510 (length 9), match_type=Fuzzy { score: 0.7453125185100362 }, total target lines=5094.
trace: Hunk::get_match_block: extracted 8 match line(s)
trace:     Match block lines: 8 | Total hunk lines: 9
trace:     Target slice to replace: ["            # Determine if the set_pages_uc() function is present.", "            #", "            CODE=\"", "            #if defined(NV_ASM_SET_MEMORY_H_PRESENT)", "            #if defined(NV_ASM_PGTABLE_TYPES_H_PRESENT)", "            #include <asm/pgtable_types.h>", "            #endif", "            #include <asm/set_memory.h>", "            #else"]
trace:     Ellipsis flags: has_ellipsis=false, is_literal_match=false, is_wildcard_gap_match=false
debug:     Applying hunk via robust reconstruction logic (preserving file context & adjusting indent).
trace:       Fuzzy match location: start=509, len=9
trace:       File content in matched range (9 line(s)): ["            # Determine if the set_pages_uc() function is present.", "            #", "            CODE=\"", "            #if defined(NV_ASM_SET_MEMORY_H_PRESENT)", "            #if defined(NV_ASM_PGTABLE_TYPES_H_PRESENT)", "            #include <asm/pgtable_types.h>", "            #endif", "            #include <asm/set_memory.h>", "            #else"]
trace:       Parsed hunk: 8 match line(s), 0 initial addition(s).
trace: Hunk::get_match_block: extracted 8 match line(s)
trace:       Computed diff between match block and file slice: 2 operation(s), similarity ratio=0.706
trace:       Initial Indentation Context: Hunk='            ', Target='            '
trace:       Active baseline indentation: hunk='            ', target='            '
trace:       DiffOp::Equal: 6 line(s) aligned (hunk old_idx=0, file new_idx=0)
trace:         Equal: preserving target line: '            # Determine if the set_pages_uc() function is present.'
trace:         Equal: preserving target line: '            #'
trace:         Equal: preserving target line: '            CODE=\"'
trace:         Appended 1 addition(s) after line 2
trace:         Equal: applying addition: '            #include <linux/types.h>'
trace:         Equal: preserving target line: '            #if defined(NV_ASM_SET_MEMORY_H_PRESENT)'
trace:         Equal: preserving target line: '            #if defined(NV_ASM_PGTABLE_TYPES_H_PRESENT)'
trace:         Equal: preserving target line: '            #include <asm/pgtable_types.h>'
trace:       DiffOp::Replace: hunk lines 6..8 (len=2) vs file lines 6..9 (len=3)
trace:       Dynamic Indentation Update (Replace search): Hunk='', Target='            '
trace:         Multi-line replacement (hunk_len=2, target_len=3). Searching for statement alignment across line breaks...
trace: find_statement_match_in_block: attempting statement alignment for 2 line(s) against 3 target line(s)
trace:   find_statement_match_in_block: comparing target line 1 ('#endif'): word_ratio=0.000, char_ratio=0.000, combined=0.000
trace:   find_statement_match_in_block: comparing target line 2 ('#include <asm/set_memory.h>'): word_ratio=0.000, char_ratio=0.061, combined=0.061
trace:   find_statement_match_in_block: comparing target line 3 ('#else'): word_ratio=0.000, char_ratio=0.000, combined=0.000
trace:         No single statement alignment found (has_context=true). Using block fallback heuristic.
warning:     Fuzzy match rejected: Tail context is unaligned in replacement block.
debug:   Candidate 15/20 at HunkLocation { start_index: 509, length: 9 } failed with ContextNotFound. Backtracking...
trace:   Evaluating candidate 16/20 at location HunkLocation { start_index: 505, length: 10 } (match_type: Fuzzy { score: 0.7406250220723452 })
debug:   Found location HunkLocation { start_index: 505, length: 10 } with match type Fuzzy { score: 0.7406250220723452 }. Applying changes.
debug:   try_apply_hunk_at_location: target line 506 (length 10), match_type=Fuzzy { score: 0.7406250220723452 }, total target lines=5094.
trace: Hunk::get_match_block: extracted 8 match line(s)
trace:     Match block lines: 8 | Total hunk lines: 9
trace:     Target slice to replace: ["        ;;", "", "        set_pages_uc)", "            #", "            # Determine if the set_pages_uc() function is present.", "            #", "            CODE=\"", "            #if defined(NV_ASM_SET_MEMORY_H_PRESENT)", "            #if defined(NV_ASM_PGTABLE_TYPES_H_PRESENT)", "            #include <asm/pgtable_types.h>"]
trace:     Ellipsis flags: has_ellipsis=false, is_literal_match=false, is_wildcard_gap_match=false
debug:     Applying hunk via robust reconstruction logic (preserving file context & adjusting indent).
trace:       Fuzzy match location: start=505, len=10
trace:       File content in matched range (10 line(s)): ["        ;;", "", "        set_pages_uc)", "            #", "            # Determine if the set_pages_uc() function is present.", "            #", "            CODE=\"", "            #if defined(NV_ASM_SET_MEMORY_H_PRESENT)", "            #if defined(NV_ASM_PGTABLE_TYPES_H_PRESENT)", "            #include <asm/pgtable_types.h>"]
trace:       Parsed hunk: 8 match line(s), 0 initial addition(s).
trace: Hunk::get_match_block: extracted 8 match line(s)
trace:       Computed diff between match block and file slice: 3 operation(s), similarity ratio=0.667
trace:       Initial Indentation Context: Hunk='            ', Target='            '
trace:       Active baseline indentation: hunk='            ', target='            '
trace:       DiffOp::Insert: preserving 4 local insertion line(s) from target file (new_idx=0)
trace:         Preserving inserted line: '        ;;'
trace:         Preserving inserted line: ''
trace:         Preserving inserted line: '        set_pages_uc)'
trace:         Preserving inserted line: '            #'
trace:       DiffOp::Equal: 6 line(s) aligned (hunk old_idx=0, file new_idx=4)
trace:         Equal: preserving target line: '            # Determine if the set_pages_uc() function is present.'
trace:         Equal: preserving target line: '            #'
trace:         Equal: preserving target line: '            CODE=\"'
trace:         Appended 1 addition(s) after line 2
trace:         Equal: applying addition: '            #include <linux/types.h>'
trace:         Equal: preserving target line: '            #if defined(NV_ASM_SET_MEMORY_H_PRESENT)'
trace:         Equal: preserving target line: '            #if defined(NV_ASM_PGTABLE_TYPES_H_PRESENT)'
trace:         Equal: preserving target line: '            #include <asm/pgtable_types.h>'
trace:       DiffOp::Delete: 2 line(s) missing from target file (hunk old_idx=6)
warning:     Fuzzy match rejected: Tail context line(s) missing from target file.
debug:   Candidate 16/20 at HunkLocation { start_index: 505, length: 10 } failed with ContextNotFound. Backtracking...
trace:   Evaluating candidate 17/20 at location HunkLocation { start_index: 506, length: 10 } (match_type: Fuzzy { score: 0.7406250220723452 })
debug:   Found location HunkLocation { start_index: 506, length: 10 } with match type Fuzzy { score: 0.7406250220723452 }. Applying changes.
debug:   try_apply_hunk_at_location: target line 507 (length 10), match_type=Fuzzy { score: 0.7406250220723452 }, total target lines=5094.
trace: Hunk::get_match_block: extracted 8 match line(s)
trace:     Match block lines: 8 | Total hunk lines: 9
trace:     Target slice to replace: ["", "        set_pages_uc)", "            #", "            # Determine if the set_pages_uc() function is present.", "            #", "            CODE=\"", "            #if defined(NV_ASM_SET_MEMORY_H_PRESENT)", "            #if defined(NV_ASM_PGTABLE_TYPES_H_PRESENT)", "            #include <asm/pgtable_types.h>", "            #endif"]
trace:     Ellipsis flags: has_ellipsis=false, is_literal_match=false, is_wildcard_gap_match=false
debug:     Applying hunk via robust reconstruction logic (preserving file context & adjusting indent).
trace:       Fuzzy match location: start=506, len=10
trace:       File content in matched range (10 line(s)): ["", "        set_pages_uc)", "            #", "            # Determine if the set_pages_uc() function is present.", "            #", "            CODE=\"", "            #if defined(NV_ASM_SET_MEMORY_H_PRESENT)", "            #if defined(NV_ASM_PGTABLE_TYPES_H_PRESENT)", "            #include <asm/pgtable_types.h>", "            #endif"]
trace:       Parsed hunk: 8 match line(s), 0 initial addition(s).
trace: Hunk::get_match_block: extracted 8 match line(s)
trace:       Computed diff between match block and file slice: 3 operation(s), similarity ratio=0.667
trace:       Initial Indentation Context: Hunk='            ', Target='            '
trace:       Active baseline indentation: hunk='            ', target='            '
trace:       DiffOp::Insert: preserving 3 local insertion line(s) from target file (new_idx=0)
trace:         Preserving inserted line: ''
trace:         Preserving inserted line: '        set_pages_uc)'
trace:         Preserving inserted line: '            #'
trace:       DiffOp::Equal: 6 line(s) aligned (hunk old_idx=0, file new_idx=3)
trace:         Equal: preserving target line: '            # Determine if the set_pages_uc() function is present.'
trace:         Equal: preserving target line: '            #'
trace:         Equal: preserving target line: '            CODE=\"'
trace:         Appended 1 addition(s) after line 2
trace:         Equal: applying addition: '            #include <linux/types.h>'
trace:         Equal: preserving target line: '            #if defined(NV_ASM_SET_MEMORY_H_PRESENT)'
trace:         Equal: preserving target line: '            #if defined(NV_ASM_PGTABLE_TYPES_H_PRESENT)'
trace:         Equal: preserving target line: '            #include <asm/pgtable_types.h>'
trace:       DiffOp::Replace: hunk lines 6..8 (len=2) vs file lines 9..10 (len=1)
trace:       Dynamic Indentation Update (Replace search): Hunk='', Target='            '
trace:         Multi-line replacement (hunk_len=2, target_len=1). Searching for statement alignment across line breaks...
trace: find_statement_match_in_block: attempting statement alignment for 2 line(s) against 1 target line(s)
trace:   find_statement_match_in_block: comparing target line 1 ('#endif'): word_ratio=0.000, char_ratio=0.000, combined=0.000
trace:         No single statement alignment found (has_context=true). Using block fallback heuristic.
warning:     Fuzzy match rejected: Tail context is unaligned in replacement block.
debug:   Candidate 17/20 at HunkLocation { start_index: 506, length: 10 } failed with ContextNotFound. Backtracking...
trace:   Evaluating candidate 18/20 at location HunkLocation { start_index: 507, length: 10 } (match_type: Fuzzy { score: 0.7406250220723452 })
debug:   Found location HunkLocation { start_index: 507, length: 10 } with match type Fuzzy { score: 0.7406250220723452 }. Applying changes.
debug:   try_apply_hunk_at_location: target line 508 (length 10), match_type=Fuzzy { score: 0.7406250220723452 }, total target lines=5094.
trace: Hunk::get_match_block: extracted 8 match line(s)
trace:     Match block lines: 8 | Total hunk lines: 9
trace:     Target slice to replace: ["        set_pages_uc)", "            #", "            # Determine if the set_pages_uc() function is present.", "            #", "            CODE=\"", "            #if defined(NV_ASM_SET_MEMORY_H_PRESENT)", "            #if defined(NV_ASM_PGTABLE_TYPES_H_PRESENT)", "            #include <asm/pgtable_types.h>", "            #endif", "            #include <asm/set_memory.h>"]
trace:     Ellipsis flags: has_ellipsis=false, is_literal_match=false, is_wildcard_gap_match=false
debug:     Applying hunk via robust reconstruction logic (preserving file context & adjusting indent).
trace:       Fuzzy match location: start=507, len=10
trace:       File content in matched range (10 line(s)): ["        set_pages_uc)", "            #", "            # Determine if the set_pages_uc() function is present.", "            #", "            CODE=\"", "            #if defined(NV_ASM_SET_MEMORY_H_PRESENT)", "            #if defined(NV_ASM_PGTABLE_TYPES_H_PRESENT)", "            #include <asm/pgtable_types.h>", "            #endif", "            #include <asm/set_memory.h>"]
trace:       Parsed hunk: 8 match line(s), 0 initial addition(s).
trace: Hunk::get_match_block: extracted 8 match line(s)
trace:       Computed diff between match block and file slice: 3 operation(s), similarity ratio=0.667
trace:       Initial Indentation Context: Hunk='            ', Target='            '
trace:       Active baseline indentation: hunk='            ', target='            '
trace:       DiffOp::Insert: preserving 2 local insertion line(s) from target file (new_idx=0)
trace:         Preserving inserted line: '        set_pages_uc)'
trace:         Preserving inserted line: '            #'
trace:       DiffOp::Equal: 6 line(s) aligned (hunk old_idx=0, file new_idx=2)
trace:         Equal: preserving target line: '            # Determine if the set_pages_uc() function is present.'
trace:         Equal: preserving target line: '            #'
trace:         Equal: preserving target line: '            CODE=\"'
trace:         Appended 1 addition(s) after line 2
trace:         Equal: applying addition: '            #include <linux/types.h>'
trace:         Equal: preserving target line: '            #if defined(NV_ASM_SET_MEMORY_H_PRESENT)'
trace:         Equal: preserving target line: '            #if defined(NV_ASM_PGTABLE_TYPES_H_PRESENT)'
trace:         Equal: preserving target line: '            #include <asm/pgtable_types.h>'
trace:       DiffOp::Replace: hunk lines 6..8 (len=2) vs file lines 8..10 (len=2)
trace:       Dynamic Indentation Update (Replace search): Hunk='', Target='            '
trace:         1-to-1 length replacement. Validating similarity of modified lines...
trace:         1-to-1 replacement line validation [line 6]: is_removal=true, word_sim=0.000, char_sim=0.000
warning:     Fuzzy match rejected: Removal line "- " differs from target line "            #endif" (sim_words=0.000, sim_chars=0.000, required=0.500).
debug:   Candidate 18/20 at HunkLocation { start_index: 507, length: 10 } failed with ContextNotFound. Backtracking...
trace:   Evaluating candidate 19/20 at location HunkLocation { start_index: 508, length: 10 } (match_type: Fuzzy { score: 0.7406250220723452 })
debug:   Found location HunkLocation { start_index: 508, length: 10 } with match type Fuzzy { score: 0.7406250220723452 }. Applying changes.
debug:   try_apply_hunk_at_location: target line 509 (length 10), match_type=Fuzzy { score: 0.7406250220723452 }, total target lines=5094.
trace: Hunk::get_match_block: extracted 8 match line(s)
trace:     Match block lines: 8 | Total hunk lines: 9
trace:     Target slice to replace: ["            #", "            # Determine if the set_pages_uc() function is present.", "            #", "            CODE=\"", "            #if defined(NV_ASM_SET_MEMORY_H_PRESENT)", "            #if defined(NV_ASM_PGTABLE_TYPES_H_PRESENT)", "            #include <asm/pgtable_types.h>", "            #endif", "            #include <asm/set_memory.h>", "            #else"]
trace:     Ellipsis flags: has_ellipsis=false, is_literal_match=false, is_wildcard_gap_match=false
debug:     Applying hunk via robust reconstruction logic (preserving file context & adjusting indent).
trace:       Fuzzy match location: start=508, len=10
trace:       File content in matched range (10 line(s)): ["            #", "            # Determine if the set_pages_uc() function is present.", "            #", "            CODE=\"", "            #if defined(NV_ASM_SET_MEMORY_H_PRESENT)", "            #if defined(NV_ASM_PGTABLE_TYPES_H_PRESENT)", "            #include <asm/pgtable_types.h>", "            #endif", "            #include <asm/set_memory.h>", "            #else"]
trace:       Parsed hunk: 8 match line(s), 0 initial addition(s).
trace: Hunk::get_match_block: extracted 8 match line(s)
trace:       Computed diff between match block and file slice: 3 operation(s), similarity ratio=0.667
trace:       Initial Indentation Context: Hunk='            ', Target='            '
trace:       Active baseline indentation: hunk='            ', target='            '
trace:       DiffOp::Insert: preserving 1 local insertion line(s) from target file (new_idx=0)
trace:         Preserving inserted line: '            #'
trace:       DiffOp::Equal: 6 line(s) aligned (hunk old_idx=0, file new_idx=1)
trace:         Equal: preserving target line: '            # Determine if the set_pages_uc() function is present.'
trace:         Equal: preserving target line: '            #'
trace:         Equal: preserving target line: '            CODE=\"'
trace:         Appended 1 addition(s) after line 2
trace:         Equal: applying addition: '            #include <linux/types.h>'
trace:         Equal: preserving target line: '            #if defined(NV_ASM_SET_MEMORY_H_PRESENT)'
trace:         Equal: preserving target line: '            #if defined(NV_ASM_PGTABLE_TYPES_H_PRESENT)'
trace:         Equal: preserving target line: '            #include <asm/pgtable_types.h>'
trace:       DiffOp::Replace: hunk lines 6..8 (len=2) vs file lines 7..10 (len=3)
trace:       Dynamic Indentation Update (Replace search): Hunk='', Target='            '
trace:         Multi-line replacement (hunk_len=2, target_len=3). Searching for statement alignment across line breaks...
trace: find_statement_match_in_block: attempting statement alignment for 2 line(s) against 3 target line(s)
trace:   find_statement_match_in_block: comparing target line 1 ('#endif'): word_ratio=0.000, char_ratio=0.000, combined=0.000
trace:   find_statement_match_in_block: comparing target line 2 ('#include <asm/set_memory.h>'): word_ratio=0.000, char_ratio=0.061, combined=0.061
trace:   find_statement_match_in_block: comparing target line 3 ('#else'): word_ratio=0.000, char_ratio=0.000, combined=0.000
trace:         No single statement alignment found (has_context=true). Using block fallback heuristic.
warning:     Fuzzy match rejected: Tail context is unaligned in replacement block.
debug:   Candidate 19/20 at HunkLocation { start_index: 508, length: 10 } failed with ContextNotFound. Backtracking...
trace:   Evaluating candidate 20/20 at location HunkLocation { start_index: 504, length: 11 } (match_type: Fuzzy { score: 0.7359374707564712 })
debug:   Found location HunkLocation { start_index: 504, length: 11 } with match type Fuzzy { score: 0.7359374707564712 }. Applying changes.
debug:   try_apply_hunk_at_location: target line 505 (length 11), match_type=Fuzzy { score: 0.7359374707564712 }, total target lines=5094.
trace: Hunk::get_match_block: extracted 8 match line(s)
trace:     Match block lines: 8 | Total hunk lines: 9
trace:     Target slice to replace: ["            compile_check_conftest \"$CODE\" \"NV_LIST_IS_FIRST_PRESENT\" \"\" \"functions\"", "        ;;", "", "        set_pages_uc)", "            #", "            # Determine if the set_pages_uc() function is present.", "            #", "            CODE=\"", "            #if defined(NV_ASM_SET_MEMORY_H_PRESENT)", "            #if defined(NV_ASM_PGTABLE_TYPES_H_PRESENT)", "            #include <asm/pgtable_types.h>"]
trace:     Ellipsis flags: has_ellipsis=false, is_literal_match=false, is_wildcard_gap_match=false
debug:     Applying hunk via robust reconstruction logic (preserving file context & adjusting indent).
trace:       Fuzzy match location: start=504, len=11
trace:       File content in matched range (11 line(s)): ["            compile_check_conftest \"$CODE\" \"NV_LIST_IS_FIRST_PRESENT\" \"\" \"functions\"", "        ;;", "", "        set_pages_uc)", "            #", "            # Determine if the set_pages_uc() function is present.", "            #", "            CODE=\"", "            #if defined(NV_ASM_SET_MEMORY_H_PRESENT)", "            #if defined(NV_ASM_PGTABLE_TYPES_H_PRESENT)", "            #include <asm/pgtable_types.h>"]
trace:       Parsed hunk: 8 match line(s), 0 initial addition(s).
trace: Hunk::get_match_block: extracted 8 match line(s)
trace:       Computed diff between match block and file slice: 3 operation(s), similarity ratio=0.632
trace:       Initial Indentation Context: Hunk='            ', Target='            '
trace:       Active baseline indentation: hunk='            ', target='            '
trace:       DiffOp::Insert: preserving 5 local insertion line(s) from target file (new_idx=0)
trace:         Preserving inserted line: '            compile_check_conftest \"$CODE\" \"NV_LIST_IS_FIRST_PRESENT\" \"\" \"functions\"'
trace:         Preserving inserted line: '        ;;'
trace:         Preserving inserted line: ''
trace:         Preserving inserted line: '        set_pages_uc)'
trace:         Preserving inserted line: '            #'
trace:       DiffOp::Equal: 6 line(s) aligned (hunk old_idx=0, file new_idx=5)
trace:         Equal: preserving target line: '            # Determine if the set_pages_uc() function is present.'
trace:         Equal: preserving target line: '            #'
trace:         Equal: preserving target line: '            CODE=\"'
trace:         Appended 1 addition(s) after line 2
trace:         Equal: applying addition: '            #include <linux/types.h>'
trace:         Equal: preserving target line: '            #if defined(NV_ASM_SET_MEMORY_H_PRESENT)'
trace:         Equal: preserving target line: '            #if defined(NV_ASM_PGTABLE_TYPES_H_PRESENT)'
trace:         Equal: preserving target line: '            #include <asm/pgtable_types.h>'
trace:       DiffOp::Delete: 2 line(s) missing from target file (hunk old_idx=6)
warning:     Fuzzy match rejected: Tail context line(s) missing from target file.
debug:   Candidate 20/20 at HunkLocation { start_index: 504, length: 11 } failed with ContextNotFound. Backtracking...
debug:   Strict application failed for all 20 candidate(s). Retrying with fallback context reconciliation...
trace:   Evaluating candidate 1/20 with lenient reconciliation at location HunkLocation { start_index: 509, length: 6 }
debug:   Found location HunkLocation { start_index: 509, length: 6 } with match type Fuzzy { score: 0.8571428656578064 }. Applying changes.
debug:   try_apply_hunk_at_location: target line 510 (length 6), match_type=Fuzzy { score: 0.8571428656578064 }, total target lines=5094.
trace: Hunk::get_match_block: extracted 8 match line(s)
trace:     Match block lines: 8 | Total hunk lines: 9
trace:     Target slice to replace: ["            # Determine if the set_pages_uc() function is present.", "            #", "            CODE=\"", "            #if defined(NV_ASM_SET_MEMORY_H_PRESENT)", "            #if defined(NV_ASM_PGTABLE_TYPES_H_PRESENT)", "            #include <asm/pgtable_types.h>"]
trace:     Ellipsis flags: has_ellipsis=false, is_literal_match=false, is_wildcard_gap_match=false
debug:     Applying hunk via robust reconstruction logic (preserving file context & adjusting indent).
trace:       Fuzzy match location: start=509, len=6
trace:       File content in matched range (6 line(s)): ["            # Determine if the set_pages_uc() function is present.", "            #", "            CODE=\"", "            #if defined(NV_ASM_SET_MEMORY_H_PRESENT)", "            #if defined(NV_ASM_PGTABLE_TYPES_H_PRESENT)", "            #include <asm/pgtable_types.h>"]
trace:       Parsed hunk: 8 match line(s), 0 initial addition(s).
trace: Hunk::get_match_block: extracted 8 match line(s)
trace: normalize_line_delimiters: '            # Determine if the set_pages_uc() function is present.' -> '# Determine if the set_pages_uc() function is present.'
trace: normalize_line_delimiters: '            #' -> '#'
trace: normalize_line_delimiters: '            CODE="' -> 'CODE="'
trace: normalize_line_delimiters: '            #if defined(NV_ASM_SET_MEMORY_H_PRESENT)' -> '#if defined(NV_ASM_SET_MEMORY_H_PRESENT)'
trace: normalize_line_delimiters: '            #if defined(NV_ASM_PGTABLE_TYPES_H_PRESENT)' -> '#if defined(NV_ASM_PGTABLE_TYPES_H_PRESENT)'
trace: normalize_line_delimiters: '            #include <asm/pgtable_types.h>' -> '#include <asm/pgtable_types.h>'
trace: normalize_line_delimiters: '- ' -> '-'
trace: normalize_line_delimiters: '2.20.1' -> '2.20.1'
trace: normalize_line_delimiters: '            # Determine if the set_pages_uc() function is present.' -> '# Determine if the set_pages_uc() function is present.'
trace: normalize_line_delimiters: '            #' -> '#'
trace: normalize_line_delimiters: '            CODE="' -> 'CODE="'
trace: normalize_line_delimiters: '            #if defined(NV_ASM_SET_MEMORY_H_PRESENT)' -> '#if defined(NV_ASM_SET_MEMORY_H_PRESENT)'
trace: normalize_line_delimiters: '            #if defined(NV_ASM_PGTABLE_TYPES_H_PRESENT)' -> '#if defined(NV_ASM_PGTABLE_TYPES_H_PRESENT)'
trace: normalize_line_delimiters: '            #include <asm/pgtable_types.h>' -> '#include <asm/pgtable_types.h>'
trace:       Computed diff between match block and file slice: 2 operation(s), similarity ratio=0.857
trace:       Initial Indentation Context: Hunk='            ', Target='            '
trace:       Active baseline indentation: hunk='            ', target='            '
trace:       DiffOp::Equal: 6 line(s) aligned (hunk old_idx=0, file new_idx=0)
trace:         Equal: preserving target line: '            # Determine if the set_pages_uc() function is present.'
trace:         Equal: preserving target line: '            #'
trace:         Equal: preserving target line: '            CODE=\"'
trace:         Appended 1 addition(s) after line 2
trace:         Equal: applying addition: '            #include <linux/types.h>'
trace:         Equal: preserving target line: '            #if defined(NV_ASM_SET_MEMORY_H_PRESENT)'
trace:         Equal: preserving target line: '            #if defined(NV_ASM_PGTABLE_TYPES_H_PRESENT)'
trace:         Equal: preserving target line: '            #include <asm/pgtable_types.h>'
trace:       DiffOp::Delete: 2 line(s) missing from target file (hunk old_idx=6)
warning:     Fuzzy match rejected: Tail context line(s) missing from target file.
trace:   Evaluating candidate 2/20 with lenient reconciliation at location HunkLocation { start_index: 508, length: 7 }
debug:   Found location HunkLocation { start_index: 508, length: 7 } with match type Fuzzy { score: 0.800000011920929 }. Applying changes.
debug:   try_apply_hunk_at_location: target line 509 (length 7), match_type=Fuzzy { score: 0.800000011920929 }, total target lines=5094.
trace: Hunk::get_match_block: extracted 8 match line(s)
trace:     Match block lines: 8 | Total hunk lines: 9
trace:     Target slice to replace: ["            #", "            # Determine if the set_pages_uc() function is present.", "            #", "            CODE=\"", "            #if defined(NV_ASM_SET_MEMORY_H_PRESENT)", "            #if defined(NV_ASM_PGTABLE_TYPES_H_PRESENT)", "            #include <asm/pgtable_types.h>"]
trace:     Ellipsis flags: has_ellipsis=false, is_literal_match=false, is_wildcard_gap_match=false
debug:     Applying hunk via robust reconstruction logic (preserving file context & adjusting indent).
trace:       Fuzzy match location: start=508, len=7
trace:       File content in matched range (7 line(s)): ["            #", "            # Determine if the set_pages_uc() function is present.", "            #", "            CODE=\"", "            #if defined(NV_ASM_SET_MEMORY_H_PRESENT)", "            #if defined(NV_ASM_PGTABLE_TYPES_H_PRESENT)", "            #include <asm/pgtable_types.h>"]
trace:       Parsed hunk: 8 match line(s), 0 initial addition(s).
trace: Hunk::get_match_block: extracted 8 match line(s)
trace: normalize_line_delimiters: '            # Determine if the set_pages_uc() function is present.' -> '# Determine if the set_pages_uc() function is present.'
trace: normalize_line_delimiters: '            #' -> '#'
trace: normalize_line_delimiters: '            CODE="' -> 'CODE="'
trace: normalize_line_delimiters: '            #if defined(NV_ASM_SET_MEMORY_H_PRESENT)' -> '#if defined(NV_ASM_SET_MEMORY_H_PRESENT)'
trace: normalize_line_delimiters: '            #if defined(NV_ASM_PGTABLE_TYPES_H_PRESENT)' -> '#if defined(NV_ASM_PGTABLE_TYPES_H_PRESENT)'
trace: normalize_line_delimiters: '            #include <asm/pgtable_types.h>' -> '#include <asm/pgtable_types.h>'
trace: normalize_line_delimiters: '- ' -> '-'
trace: normalize_line_delimiters: '2.20.1' -> '2.20.1'
trace: normalize_line_delimiters: '            #' -> '#'
trace: normalize_line_delimiters: '            # Determine if the set_pages_uc() function is present.' -> '# Determine if the set_pages_uc() function is present.'
trace: normalize_line_delimiters: '            #' -> '#'
trace: normalize_line_delimiters: '            CODE="' -> 'CODE="'
trace: normalize_line_delimiters: '            #if defined(NV_ASM_SET_MEMORY_H_PRESENT)' -> '#if defined(NV_ASM_SET_MEMORY_H_PRESENT)'
trace: normalize_line_delimiters: '            #if defined(NV_ASM_PGTABLE_TYPES_H_PRESENT)' -> '#if defined(NV_ASM_PGTABLE_TYPES_H_PRESENT)'
trace: normalize_line_delimiters: '            #include <asm/pgtable_types.h>' -> '#include <asm/pgtable_types.h>'
trace:       Computed diff between match block and file slice: 3 operation(s), similarity ratio=0.800
trace:       Initial Indentation Context: Hunk='            ', Target='            '
trace:       Active baseline indentation: hunk='            ', target='            '
trace:       DiffOp::Insert: preserving 1 local insertion line(s) from target file (new_idx=0)
trace:         Preserving inserted line: '            #'
trace:       DiffOp::Equal: 6 line(s) aligned (hunk old_idx=0, file new_idx=1)
trace:         Equal: preserving target line: '            # Determine if the set_pages_uc() function is present.'
trace:         Equal: preserving target line: '            #'
trace:         Equal: preserving target line: '            CODE=\"'
trace:         Appended 1 addition(s) after line 2
trace:         Equal: applying addition: '            #include <linux/types.h>'
trace:         Equal: preserving target line: '            #if defined(NV_ASM_SET_MEMORY_H_PRESENT)'
trace:         Equal: preserving target line: '            #if defined(NV_ASM_PGTABLE_TYPES_H_PRESENT)'
trace:         Equal: preserving target line: '            #include <asm/pgtable_types.h>'
trace:       DiffOp::Delete: 2 line(s) missing from target file (hunk old_idx=6)
warning:     Fuzzy match rejected: Tail context line(s) missing from target file.
trace:   Evaluating candidate 3/20 with lenient reconciliation at location HunkLocation { start_index: 509, length: 7 }
debug:   Found location HunkLocation { start_index: 509, length: 7 } with match type Fuzzy { score: 0.800000011920929 }. Applying changes.
debug:   try_apply_hunk_at_location: target line 510 (length 7), match_type=Fuzzy { score: 0.800000011920929 }, total target lines=5094.
trace: Hunk::get_match_block: extracted 8 match line(s)
trace:     Match block lines: 8 | Total hunk lines: 9
trace:     Target slice to replace: ["            # Determine if the set_pages_uc() function is present.", "            #", "            CODE=\"", "            #if defined(NV_ASM_SET_MEMORY_H_PRESENT)", "            #if defined(NV_ASM_PGTABLE_TYPES_H_PRESENT)", "            #include <asm/pgtable_types.h>", "            #endif"]
trace:     Ellipsis flags: has_ellipsis=false, is_literal_match=false, is_wildcard_gap_match=false
debug:     Applying hunk via robust reconstruction logic (preserving file context & adjusting indent).
trace:       Fuzzy match location: start=509, len=7
trace:       File content in matched range (7 line(s)): ["            # Determine if the set_pages_uc() function is present.", "            #", "            CODE=\"", "            #if defined(NV_ASM_SET_MEMORY_H_PRESENT)", "            #if defined(NV_ASM_PGTABLE_TYPES_H_PRESENT)", "            #include <asm/pgtable_types.h>", "            #endif"]
trace:       Parsed hunk: 8 match line(s), 0 initial addition(s).
trace: Hunk::get_match_block: extracted 8 match line(s)
trace: normalize_line_delimiters: '            # Determine if the set_pages_uc() function is present.' -> '# Determine if the set_pages_uc() function is present.'
trace: normalize_line_delimiters: '            #' -> '#'
trace: normalize_line_delimiters: '            CODE="' -> 'CODE="'
trace: normalize_line_delimiters: '            #if defined(NV_ASM_SET_MEMORY_H_PRESENT)' -> '#if defined(NV_ASM_SET_MEMORY_H_PRESENT)'
trace: normalize_line_delimiters: '            #if defined(NV_ASM_PGTABLE_TYPES_H_PRESENT)' -> '#if defined(NV_ASM_PGTABLE_TYPES_H_PRESENT)'
trace: normalize_line_delimiters: '            #include <asm/pgtable_types.h>' -> '#include <asm/pgtable_types.h>'
trace: normalize_line_delimiters: '- ' -> '-'
trace: normalize_line_delimiters: '2.20.1' -> '2.20.1'
trace: normalize_line_delimiters: '            # Determine if the set_pages_uc() function is present.' -> '# Determine if the set_pages_uc() function is present.'
trace: normalize_line_delimiters: '            #' -> '#'
trace: normalize_line_delimiters: '            CODE="' -> 'CODE="'
trace: normalize_line_delimiters: '            #if defined(NV_ASM_SET_MEMORY_H_PRESENT)' -> '#if defined(NV_ASM_SET_MEMORY_H_PRESENT)'
trace: normalize_line_delimiters: '            #if defined(NV_ASM_PGTABLE_TYPES_H_PRESENT)' -> '#if defined(NV_ASM_PGTABLE_TYPES_H_PRESENT)'
trace: normalize_line_delimiters: '            #include <asm/pgtable_types.h>' -> '#include <asm/pgtable_types.h>'
trace: normalize_line_delimiters: '            #endif' -> '#endif'
trace:       Computed diff between match block and file slice: 2 operation(s), similarity ratio=0.800
trace:       Initial Indentation Context: Hunk='            ', Target='            '
trace:       Active baseline indentation: hunk='            ', target='            '
trace:       DiffOp::Equal: 6 line(s) aligned (hunk old_idx=0, file new_idx=0)
trace:         Equal: preserving target line: '            # Determine if the set_pages_uc() function is present.'
trace:         Equal: preserving target line: '            #'
trace:         Equal: preserving target line: '            CODE=\"'
trace:         Appended 1 addition(s) after line 2
trace:         Equal: applying addition: '            #include <linux/types.h>'
trace:         Equal: preserving target line: '            #if defined(NV_ASM_SET_MEMORY_H_PRESENT)'
trace:         Equal: preserving target line: '            #if defined(NV_ASM_PGTABLE_TYPES_H_PRESENT)'
trace:         Equal: preserving target line: '            #include <asm/pgtable_types.h>'
trace:       DiffOp::Replace: hunk lines 6..8 (len=2) vs file lines 6..7 (len=1)
trace:       Dynamic Indentation Update (Replace search): Hunk='', Target='            '
trace:         Multi-line replacement (hunk_len=2, target_len=1). Searching for statement alignment across line breaks...
trace: find_statement_match_in_block: attempting statement alignment for 2 line(s) against 1 target line(s)
trace:   find_statement_match_in_block: comparing target line 1 ('#endif'): word_ratio=0.000, char_ratio=0.000, combined=0.000
trace:         No single statement alignment found (has_context=true). Using block fallback heuristic.
warning:     Fuzzy match rejected: Tail context is unaligned in replacement block.
trace:   Evaluating candidate 4/20 with lenient reconciliation at location HunkLocation { start_index: 511, length: 5 }
debug:   Found location HunkLocation { start_index: 511, length: 5 } with match type Fuzzy { score: 0.7741664767265319 }. Applying changes.
debug:   try_apply_hunk_at_location: target line 512 (length 5), match_type=Fuzzy { score: 0.7741664767265319 }, total target lines=5094.
trace: Hunk::get_match_block: extracted 8 match line(s)
trace:     Match block lines: 8 | Total hunk lines: 9
trace:     Target slice to replace: ["            CODE=\"", "            #if defined(NV_ASM_SET_MEMORY_H_PRESENT)", "            #if defined(NV_ASM_PGTABLE_TYPES_H_PRESENT)", "            #include <asm/pgtable_types.h>", "            #endif"]
trace:     Ellipsis flags: has_ellipsis=false, is_literal_match=false, is_wildcard_gap_match=false
debug:     Applying hunk via robust reconstruction logic (preserving file context & adjusting indent).
trace:       Fuzzy match location: start=511, len=5
trace:       File content in matched range (5 line(s)): ["            CODE=\"", "            #if defined(NV_ASM_SET_MEMORY_H_PRESENT)", "            #if defined(NV_ASM_PGTABLE_TYPES_H_PRESENT)", "            #include <asm/pgtable_types.h>", "            #endif"]
trace:       Parsed hunk: 8 match line(s), 0 initial addition(s).
trace: Hunk::get_match_block: extracted 8 match line(s)
trace: normalize_line_delimiters: '            # Determine if the set_pages_uc() function is present.' -> '# Determine if the set_pages_uc() function is present.'
trace: normalize_line_delimiters: '            #' -> '#'
trace: normalize_line_delimiters: '            CODE="' -> 'CODE="'
trace: normalize_line_delimiters: '            #if defined(NV_ASM_SET_MEMORY_H_PRESENT)' -> '#if defined(NV_ASM_SET_MEMORY_H_PRESENT)'
trace: normalize_line_delimiters: '            #if defined(NV_ASM_PGTABLE_TYPES_H_PRESENT)' -> '#if defined(NV_ASM_PGTABLE_TYPES_H_PRESENT)'
trace: normalize_line_delimiters: '            #include <asm/pgtable_types.h>' -> '#include <asm/pgtable_types.h>'
trace: normalize_line_delimiters: '- ' -> '-'
trace: normalize_line_delimiters: '2.20.1' -> '2.20.1'
trace: normalize_line_delimiters: '            CODE="' -> 'CODE="'
trace: normalize_line_delimiters: '            #if defined(NV_ASM_SET_MEMORY_H_PRESENT)' -> '#if defined(NV_ASM_SET_MEMORY_H_PRESENT)'
trace: normalize_line_delimiters: '            #if defined(NV_ASM_PGTABLE_TYPES_H_PRESENT)' -> '#if defined(NV_ASM_PGTABLE_TYPES_H_PRESENT)'
trace: normalize_line_delimiters: '            #include <asm/pgtable_types.h>' -> '#include <asm/pgtable_types.h>'
trace: normalize_line_delimiters: '            #endif' -> '#endif'
trace:       Computed diff between match block and file slice: 3 operation(s), similarity ratio=0.615
trace:       Initial Indentation Context: Hunk='            ', Target='            '
trace:       Active baseline indentation: hunk='            ', target='            '
trace:       DiffOp::Delete: 2 line(s) missing from target file (hunk old_idx=0)
trace:         Skipping stale context line missing in target: "            # Determine if the set_pages_uc() function is present."
trace:         Skipping stale context line missing in target: "            #"
trace:       DiffOp::Equal: 4 line(s) aligned (hunk old_idx=2, file new_idx=0)
trace:         Equal: preserving target line: '            CODE=\"'
trace:         Appended 1 addition(s) after line 2
trace:         Equal: applying addition: '            #include <linux/types.h>'
trace:         Equal: preserving target line: '            #if defined(NV_ASM_SET_MEMORY_H_PRESENT)'
trace:         Equal: preserving target line: '            #if defined(NV_ASM_PGTABLE_TYPES_H_PRESENT)'
trace:         Equal: preserving target line: '            #include <asm/pgtable_types.h>'
trace:       DiffOp::Replace: hunk lines 6..8 (len=2) vs file lines 4..5 (len=1)
trace:       Dynamic Indentation Update (Replace search): Hunk='', Target='            '
trace:         Multi-line replacement (hunk_len=2, target_len=1). Searching for statement alignment across line breaks...
trace: find_statement_match_in_block: attempting statement alignment for 2 line(s) against 1 target line(s)
trace:   find_statement_match_in_block: comparing target line 1 ('#endif'): word_ratio=0.000, char_ratio=0.000, combined=0.000
trace:         No single statement alignment found (has_context=true). Using block fallback heuristic.
warning:     Fuzzy match rejected: Tail context is unaligned in replacement block.
trace:   Evaluating candidate 5/20 with lenient reconciliation at location HunkLocation { start_index: 507, length: 7 }
debug:   Found location HunkLocation { start_index: 507, length: 7 } with match type Fuzzy { score: 0.7727272748947143 }. Applying changes.
debug:   try_apply_hunk_at_location: target line 508 (length 7), match_type=Fuzzy { score: 0.7727272748947143 }, total target lines=5094.
trace: Hunk::get_match_block: extracted 8 match line(s)
trace:     Match block lines: 8 | Total hunk lines: 9
trace:     Target slice to replace: ["        set_pages_uc)", "            #", "            # Determine if the set_pages_uc() function is present.", "            #", "            CODE=\"", "            #if defined(NV_ASM_SET_MEMORY_H_PRESENT)", "            #if defined(NV_ASM_PGTABLE_TYPES_H_PRESENT)"]
trace:     Ellipsis flags: has_ellipsis=false, is_literal_match=false, is_wildcard_gap_match=false
debug:     Applying hunk via robust reconstruction logic (preserving file context & adjusting indent).
trace:       Fuzzy match location: start=507, len=7
trace:       File content in matched range (7 line(s)): ["        set_pages_uc)", "            #", "            # Determine if the set_pages_uc() function is present.", "            #", "            CODE=\"", "            #if defined(NV_ASM_SET_MEMORY_H_PRESENT)", "            #if defined(NV_ASM_PGTABLE_TYPES_H_PRESENT)"]
trace:       Parsed hunk: 8 match line(s), 0 initial addition(s).
trace: Hunk::get_match_block: extracted 8 match line(s)
trace: normalize_line_delimiters: '            # Determine if the set_pages_uc() function is present.' -> '# Determine if the set_pages_uc() function is present.'
trace: normalize_line_delimiters: '            #' -> '#'
trace: normalize_line_delimiters: '            CODE="' -> 'CODE="'
trace: normalize_line_delimiters: '            #if defined(NV_ASM_SET_MEMORY_H_PRESENT)' -> '#if defined(NV_ASM_SET_MEMORY_H_PRESENT)'
trace: normalize_line_delimiters: '            #if defined(NV_ASM_PGTABLE_TYPES_H_PRESENT)' -> '#if defined(NV_ASM_PGTABLE_TYPES_H_PRESENT)'
trace: normalize_line_delimiters: '            #include <asm/pgtable_types.h>' -> '#include <asm/pgtable_types.h>'
trace: normalize_line_delimiters: '- ' -> '-'
trace: normalize_line_delimiters: '2.20.1' -> '2.20.1'
trace: normalize_line_delimiters: '        set_pages_uc)' -> 'set_pages_uc)'
trace: normalize_line_delimiters: '            #' -> '#'
trace: normalize_line_delimiters: '            # Determine if the set_pages_uc() function is present.' -> '# Determine if the set_pages_uc() function is present.'
trace: normalize_line_delimiters: '            #' -> '#'
trace: normalize_line_delimiters: '            CODE="' -> 'CODE="'
trace: normalize_line_delimiters: '            #if defined(NV_ASM_SET_MEMORY_H_PRESENT)' -> '#if defined(NV_ASM_SET_MEMORY_H_PRESENT)'
trace: normalize_line_delimiters: '            #if defined(NV_ASM_PGTABLE_TYPES_H_PRESENT)' -> '#if defined(NV_ASM_PGTABLE_TYPES_H_PRESENT)'
trace:       Computed diff between match block and file slice: 3 operation(s), similarity ratio=0.667
trace:       Initial Indentation Context: Hunk='            ', Target='            '
trace:       Active baseline indentation: hunk='            ', target='            '
trace:       DiffOp::Insert: preserving 2 local insertion line(s) from target file (new_idx=0)
trace:         Preserving inserted line: '        set_pages_uc)'
trace:         Preserving inserted line: '            #'
trace:       DiffOp::Equal: 5 line(s) aligned (hunk old_idx=0, file new_idx=2)
trace:         Equal: preserving target line: '            # Determine if the set_pages_uc() function is present.'
trace:         Equal: preserving target line: '            #'
trace:         Equal: preserving target line: '            CODE=\"'
trace:         Appended 1 addition(s) after line 2
trace:         Equal: applying addition: '            #include <linux/types.h>'
trace:         Equal: preserving target line: '            #if defined(NV_ASM_SET_MEMORY_H_PRESENT)'
trace:         Equal: preserving target line: '            #if defined(NV_ASM_PGTABLE_TYPES_H_PRESENT)'
trace:       DiffOp::Delete: 3 line(s) missing from target file (hunk old_idx=5)
warning:     Fuzzy match rejected: Tail context line(s) missing from target file.
trace:   Evaluating candidate 6/20 with lenient reconciliation at location HunkLocation { start_index: 509, length: 5 }
debug:   Found location HunkLocation { start_index: 509, length: 5 } with match type Fuzzy { score: 0.7692307829856873 }. Applying changes.
debug:   try_apply_hunk_at_location: target line 510 (length 5), match_type=Fuzzy { score: 0.7692307829856873 }, total target lines=5094.
trace: Hunk::get_match_block: extracted 8 match line(s)
trace:     Match block lines: 8 | Total hunk lines: 9
trace:     Target slice to replace: ["            # Determine if the set_pages_uc() function is present.", "            #", "            CODE=\"", "            #if defined(NV_ASM_SET_MEMORY_H_PRESENT)", "            #if defined(NV_ASM_PGTABLE_TYPES_H_PRESENT)"]
trace:     Ellipsis flags: has_ellipsis=false, is_literal_match=false, is_wildcard_gap_match=false
debug:     Applying hunk via robust reconstruction logic (preserving file context & adjusting indent).
trace:       Fuzzy match location: start=509, len=5
trace:       File content in matched range (5 line(s)): ["            # Determine if the set_pages_uc() function is present.", "            #", "            CODE=\"", "            #if defined(NV_ASM_SET_MEMORY_H_PRESENT)", "            #if defined(NV_ASM_PGTABLE_TYPES_H_PRESENT)"]
trace:       Parsed hunk: 8 match line(s), 0 initial addition(s).
trace: Hunk::get_match_block: extracted 8 match line(s)
trace: normalize_line_delimiters: '            # Determine if the set_pages_uc() function is present.' -> '# Determine if the set_pages_uc() function is present.'
trace: normalize_line_delimiters: '            #' -> '#'
trace: normalize_line_delimiters: '            CODE="' -> 'CODE="'
trace: normalize_line_delimiters: '            #if defined(NV_ASM_SET_MEMORY_H_PRESENT)' -> '#if defined(NV_ASM_SET_MEMORY_H_PRESENT)'
trace: normalize_line_delimiters: '            #if defined(NV_ASM_PGTABLE_TYPES_H_PRESENT)' -> '#if defined(NV_ASM_PGTABLE_TYPES_H_PRESENT)'
trace: normalize_line_delimiters: '            #include <asm/pgtable_types.h>' -> '#include <asm/pgtable_types.h>'
trace: normalize_line_delimiters: '- ' -> '-'
trace: normalize_line_delimiters: '2.20.1' -> '2.20.1'
trace: normalize_line_delimiters: '            # Determine if the set_pages_uc() function is present.' -> '# Determine if the set_pages_uc() function is present.'
trace: normalize_line_delimiters: '            #' -> '#'
trace: normalize_line_delimiters: '            CODE="' -> 'CODE="'
trace: normalize_line_delimiters: '            #if defined(NV_ASM_SET_MEMORY_H_PRESENT)' -> '#if defined(NV_ASM_SET_MEMORY_H_PRESENT)'
trace: normalize_line_delimiters: '            #if defined(NV_ASM_PGTABLE_TYPES_H_PRESENT)' -> '#if defined(NV_ASM_PGTABLE_TYPES_H_PRESENT)'
trace:       Computed diff between match block and file slice: 2 operation(s), similarity ratio=0.769
trace:       Initial Indentation Context: Hunk='            ', Target='            '
trace:       Active baseline indentation: hunk='            ', target='            '
trace:       DiffOp::Equal: 5 line(s) aligned (hunk old_idx=0, file new_idx=0)
trace:         Equal: preserving target line: '            # Determine if the set_pages_uc() function is present.'
trace:         Equal: preserving target line: '            #'
trace:         Equal: preserving target line: '            CODE=\"'
trace:         Appended 1 addition(s) after line 2
trace:         Equal: applying addition: '            #include <linux/types.h>'
trace:         Equal: preserving target line: '            #if defined(NV_ASM_SET_MEMORY_H_PRESENT)'
trace:         Equal: preserving target line: '            #if defined(NV_ASM_PGTABLE_TYPES_H_PRESENT)'
trace:       DiffOp::Delete: 3 line(s) missing from target file (hunk old_idx=5)
warning:     Fuzzy match rejected: Tail context line(s) missing from target file.
trace:   Evaluating candidate 7/20 with lenient reconciliation at location HunkLocation { start_index: 510, length: 5 }
debug:   Found location HunkLocation { start_index: 510, length: 5 } with match type Fuzzy { score: 0.7692307829856873 }. Applying changes.
debug:   try_apply_hunk_at_location: target line 511 (length 5), match_type=Fuzzy { score: 0.7692307829856873 }, total target lines=5094.
trace: Hunk::get_match_block: extracted 8 match line(s)
trace:     Match block lines: 8 | Total hunk lines: 9
trace:     Target slice to replace: ["            #", "            CODE=\"", "            #if defined(NV_ASM_SET_MEMORY_H_PRESENT)", "            #if defined(NV_ASM_PGTABLE_TYPES_H_PRESENT)", "            #include <asm/pgtable_types.h>"]
trace:     Ellipsis flags: has_ellipsis=false, is_literal_match=false, is_wildcard_gap_match=false
debug:     Applying hunk via robust reconstruction logic (preserving file context & adjusting indent).
trace:       Fuzzy match location: start=510, len=5
trace:       File content in matched range (5 line(s)): ["            #", "            CODE=\"", "            #if defined(NV_ASM_SET_MEMORY_H_PRESENT)", "            #if defined(NV_ASM_PGTABLE_TYPES_H_PRESENT)", "            #include <asm/pgtable_types.h>"]
trace:       Parsed hunk: 8 match line(s), 0 initial addition(s).
trace: Hunk::get_match_block: extracted 8 match line(s)
trace: normalize_line_delimiters: '            # Determine if the set_pages_uc() function is present.' -> '# Determine if the set_pages_uc() function is present.'
trace: normalize_line_delimiters: '            #' -> '#'
trace: normalize_line_delimiters: '            CODE="' -> 'CODE="'
trace: normalize_line_delimiters: '            #if defined(NV_ASM_SET_MEMORY_H_PRESENT)' -> '#if defined(NV_ASM_SET_MEMORY_H_PRESENT)'
trace: normalize_line_delimiters: '            #if defined(NV_ASM_PGTABLE_TYPES_H_PRESENT)' -> '#if defined(NV_ASM_PGTABLE_TYPES_H_PRESENT)'
trace: normalize_line_delimiters: '            #include <asm/pgtable_types.h>' -> '#include <asm/pgtable_types.h>'
trace: normalize_line_delimiters: '- ' -> '-'
trace: normalize_line_delimiters: '2.20.1' -> '2.20.1'
trace: normalize_line_delimiters: '            #' -> '#'
trace: normalize_line_delimiters: '            CODE="' -> 'CODE="'
trace: normalize_line_delimiters: '            #if defined(NV_ASM_SET_MEMORY_H_PRESENT)' -> '#if defined(NV_ASM_SET_MEMORY_H_PRESENT)'
trace: normalize_line_delimiters: '            #if defined(NV_ASM_PGTABLE_TYPES_H_PRESENT)' -> '#if defined(NV_ASM_PGTABLE_TYPES_H_PRESENT)'
trace: normalize_line_delimiters: '            #include <asm/pgtable_types.h>' -> '#include <asm/pgtable_types.h>'
trace:       Computed diff between match block and file slice: 3 operation(s), similarity ratio=0.769
trace:       Initial Indentation Context: Hunk='            ', Target='            '
trace:       Active baseline indentation: hunk='            ', target='            '
trace:       DiffOp::Delete: 1 line(s) missing from target file (hunk old_idx=0)
trace:         Skipping stale context line missing in target: "            # Determine if the set_pages_uc() function is present."
trace:       DiffOp::Equal: 5 line(s) aligned (hunk old_idx=1, file new_idx=0)
trace:         Equal: preserving target line: '            #'
trace:         Equal: preserving target line: '            CODE=\"'
trace:         Appended 1 addition(s) after line 2
trace:         Equal: applying addition: '            #include <linux/types.h>'
trace:         Equal: preserving target line: '            #if defined(NV_ASM_SET_MEMORY_H_PRESENT)'
trace:         Equal: preserving target line: '            #if defined(NV_ASM_PGTABLE_TYPES_H_PRESENT)'
trace:         Equal: preserving target line: '            #include <asm/pgtable_types.h>'
trace:       DiffOp::Delete: 2 line(s) missing from target file (hunk old_idx=6)
warning:     Fuzzy match rejected: Tail context line(s) missing from target file.
trace:   Evaluating candidate 8/20 with lenient reconciliation at location HunkLocation { start_index: 506, length: 8 }
debug:   Found location HunkLocation { start_index: 506, length: 8 } with match type Fuzzy { score: 0.7516790926456451 }. Applying changes.
debug:   try_apply_hunk_at_location: target line 507 (length 8), match_type=Fuzzy { score: 0.7516790926456451 }, total target lines=5094.
trace: Hunk::get_match_block: extracted 8 match line(s)
trace:     Match block lines: 8 | Total hunk lines: 9
trace:     Target slice to replace: ["", "        set_pages_uc)", "            #", "            # Determine if the set_pages_uc() function is present.", "            #", "            CODE=\"", "            #if defined(NV_ASM_SET_MEMORY_H_PRESENT)", "            #if defined(NV_ASM_PGTABLE_TYPES_H_PRESENT)"]
trace:     Ellipsis flags: has_ellipsis=false, is_literal_match=false, is_wildcard_gap_match=false
debug:     Applying hunk via robust reconstruction logic (preserving file context & adjusting indent).
trace:       Fuzzy match location: start=506, len=8
trace:       File content in matched range (8 line(s)): ["", "        set_pages_uc)", "            #", "            # Determine if the set_pages_uc() function is present.", "            #", "            CODE=\"", "            #if defined(NV_ASM_SET_MEMORY_H_PRESENT)", "            #if defined(NV_ASM_PGTABLE_TYPES_H_PRESENT)"]
trace:       Parsed hunk: 8 match line(s), 0 initial addition(s).
trace: Hunk::get_match_block: extracted 8 match line(s)
trace: normalize_line_delimiters: '            # Determine if the set_pages_uc() function is present.' -> '# Determine if the set_pages_uc() function is present.'
trace: normalize_line_delimiters: '            #' -> '#'
trace: normalize_line_delimiters: '            CODE="' -> 'CODE="'
trace: normalize_line_delimiters: '            #if defined(NV_ASM_SET_MEMORY_H_PRESENT)' -> '#if defined(NV_ASM_SET_MEMORY_H_PRESENT)'
trace: normalize_line_delimiters: '            #if defined(NV_ASM_PGTABLE_TYPES_H_PRESENT)' -> '#if defined(NV_ASM_PGTABLE_TYPES_H_PRESENT)'
trace: normalize_line_delimiters: '            #include <asm/pgtable_types.h>' -> '#include <asm/pgtable_types.h>'
trace: normalize_line_delimiters: '- ' -> '-'
trace: normalize_line_delimiters: '2.20.1' -> '2.20.1'
trace: normalize_line_delimiters: '' -> ''
trace: normalize_line_delimiters: '        set_pages_uc)' -> 'set_pages_uc)'
trace: normalize_line_delimiters: '            #' -> '#'
trace: normalize_line_delimiters: '            # Determine if the set_pages_uc() function is present.' -> '# Determine if the set_pages_uc() function is present.'
trace: normalize_line_delimiters: '            #' -> '#'
trace: normalize_line_delimiters: '            CODE="' -> 'CODE="'
trace: normalize_line_delimiters: '            #if defined(NV_ASM_SET_MEMORY_H_PRESENT)' -> '#if defined(NV_ASM_SET_MEMORY_H_PRESENT)'
trace: normalize_line_delimiters: '            #if defined(NV_ASM_PGTABLE_TYPES_H_PRESENT)' -> '#if defined(NV_ASM_PGTABLE_TYPES_H_PRESENT)'
trace:       Computed diff between match block and file slice: 3 operation(s), similarity ratio=0.625
trace:       Initial Indentation Context: Hunk='            ', Target='            '
trace:       Active baseline indentation: hunk='            ', target='            '
trace:       DiffOp::Insert: preserving 3 local insertion line(s) from target file (new_idx=0)
trace:         Preserving inserted line: ''
trace:         Preserving inserted line: '        set_pages_uc)'
trace:         Preserving inserted line: '            #'
trace:       DiffOp::Equal: 5 line(s) aligned (hunk old_idx=0, file new_idx=3)
trace:         Equal: preserving target line: '            # Determine if the set_pages_uc() function is present.'
trace:         Equal: preserving target line: '            #'
trace:         Equal: preserving target line: '            CODE=\"'
trace:         Appended 1 addition(s) after line 2
trace:         Equal: applying addition: '            #include <linux/types.h>'
trace:         Equal: preserving target line: '            #if defined(NV_ASM_SET_MEMORY_H_PRESENT)'
trace:         Equal: preserving target line: '            #if defined(NV_ASM_PGTABLE_TYPES_H_PRESENT)'
trace:       DiffOp::Delete: 3 line(s) missing from target file (hunk old_idx=5)
warning:     Fuzzy match rejected: Tail context line(s) missing from target file.
trace:   Evaluating candidate 9/20 with lenient reconciliation at location HunkLocation { start_index: 507, length: 8 }
debug:   Found location HunkLocation { start_index: 507, length: 8 } with match type Fuzzy { score: 0.75 }. Applying changes.
debug:   try_apply_hunk_at_location: target line 508 (length 8), match_type=Fuzzy { score: 0.75 }, total target lines=5094.
trace: Hunk::get_match_block: extracted 8 match line(s)
trace:     Match block lines: 8 | Total hunk lines: 9
trace:     Target slice to replace: ["        set_pages_uc)", "            #", "            # Determine if the set_pages_uc() function is present.", "            #", "            CODE=\"", "            #if defined(NV_ASM_SET_MEMORY_H_PRESENT)", "            #if defined(NV_ASM_PGTABLE_TYPES_H_PRESENT)", "            #include <asm/pgtable_types.h>"]
trace:     Ellipsis flags: has_ellipsis=false, is_literal_match=false, is_wildcard_gap_match=false
debug:     Applying hunk via robust reconstruction logic (preserving file context & adjusting indent).
trace:       Fuzzy match location: start=507, len=8
trace:       File content in matched range (8 line(s)): ["        set_pages_uc)", "            #", "            # Determine if the set_pages_uc() function is present.", "            #", "            CODE=\"", "            #if defined(NV_ASM_SET_MEMORY_H_PRESENT)", "            #if defined(NV_ASM_PGTABLE_TYPES_H_PRESENT)", "            #include <asm/pgtable_types.h>"]
trace:       Parsed hunk: 8 match line(s), 0 initial addition(s).
trace: Hunk::get_match_block: extracted 8 match line(s)
trace: normalize_line_delimiters: '            # Determine if the set_pages_uc() function is present.' -> '# Determine if the set_pages_uc() function is present.'
trace: normalize_line_delimiters: '            #' -> '#'
trace: normalize_line_delimiters: '            CODE="' -> 'CODE="'
trace: normalize_line_delimiters: '            #if defined(NV_ASM_SET_MEMORY_H_PRESENT)' -> '#if defined(NV_ASM_SET_MEMORY_H_PRESENT)'
trace: normalize_line_delimiters: '            #if defined(NV_ASM_PGTABLE_TYPES_H_PRESENT)' -> '#if defined(NV_ASM_PGTABLE_TYPES_H_PRESENT)'
trace: normalize_line_delimiters: '            #include <asm/pgtable_types.h>' -> '#include <asm/pgtable_types.h>'
trace: normalize_line_delimiters: '- ' -> '-'
trace: normalize_line_delimiters: '2.20.1' -> '2.20.1'
trace: normalize_line_delimiters: '        set_pages_uc)' -> 'set_pages_uc)'
trace: normalize_line_delimiters: '            #' -> '#'
trace: normalize_line_delimiters: '            # Determine if the set_pages_uc() function is present.' -> '# Determine if the set_pages_uc() function is present.'
trace: normalize_line_delimiters: '            #' -> '#'
trace: normalize_line_delimiters: '            CODE="' -> 'CODE="'
trace: normalize_line_delimiters: '            #if defined(NV_ASM_SET_MEMORY_H_PRESENT)' -> '#if defined(NV_ASM_SET_MEMORY_H_PRESENT)'
trace: normalize_line_delimiters: '            #if defined(NV_ASM_PGTABLE_TYPES_H_PRESENT)' -> '#if defined(NV_ASM_PGTABLE_TYPES_H_PRESENT)'
trace: normalize_line_delimiters: '            #include <asm/pgtable_types.h>' -> '#include <asm/pgtable_types.h>'
trace:       Computed diff between match block and file slice: 3 operation(s), similarity ratio=0.750
trace:       Initial Indentation Context: Hunk='            ', Target='            '
trace:       Active baseline indentation: hunk='            ', target='            '
trace:       DiffOp::Insert: preserving 2 local insertion line(s) from target file (new_idx=0)
trace:         Preserving inserted line: '        set_pages_uc)'
trace:         Preserving inserted line: '            #'
trace:       DiffOp::Equal: 6 line(s) aligned (hunk old_idx=0, file new_idx=2)
trace:         Equal: preserving target line: '            # Determine if the set_pages_uc() function is present.'
trace:         Equal: preserving target line: '            #'
trace:         Equal: preserving target line: '            CODE=\"'
trace:         Appended 1 addition(s) after line 2
trace:         Equal: applying addition: '            #include <linux/types.h>'
trace:         Equal: preserving target line: '            #if defined(NV_ASM_SET_MEMORY_H_PRESENT)'
trace:         Equal: preserving target line: '            #if defined(NV_ASM_PGTABLE_TYPES_H_PRESENT)'
trace:         Equal: preserving target line: '            #include <asm/pgtable_types.h>'
trace:       DiffOp::Delete: 2 line(s) missing from target file (hunk old_idx=6)
warning:     Fuzzy match rejected: Tail context line(s) missing from target file.
trace:   Evaluating candidate 10/20 with lenient reconciliation at location HunkLocation { start_index: 508, length: 8 }
debug:   Found location HunkLocation { start_index: 508, length: 8 } with match type Fuzzy { score: 0.75 }. Applying changes.
debug:   try_apply_hunk_at_location: target line 509 (length 8), match_type=Fuzzy { score: 0.75 }, total target lines=5094.
trace: Hunk::get_match_block: extracted 8 match line(s)
trace:     Match block lines: 8 | Total hunk lines: 9
trace:     Target slice to replace: ["            #", "            # Determine if the set_pages_uc() function is present.", "            #", "            CODE=\"", "            #if defined(NV_ASM_SET_MEMORY_H_PRESENT)", "            #if defined(NV_ASM_PGTABLE_TYPES_H_PRESENT)", "            #include <asm/pgtable_types.h>", "            #endif"]
trace:     Ellipsis flags: has_ellipsis=false, is_literal_match=false, is_wildcard_gap_match=false
debug:     Applying hunk via robust reconstruction logic (preserving file context & adjusting indent).
trace:       Fuzzy match location: start=508, len=8
trace:       File content in matched range (8 line(s)): ["            #", "            # Determine if the set_pages_uc() function is present.", "            #", "            CODE=\"", "            #if defined(NV_ASM_SET_MEMORY_H_PRESENT)", "            #if defined(NV_ASM_PGTABLE_TYPES_H_PRESENT)", "            #include <asm/pgtable_types.h>", "            #endif"]
trace:       Parsed hunk: 8 match line(s), 0 initial addition(s).
trace: Hunk::get_match_block: extracted 8 match line(s)
trace: normalize_line_delimiters: '            # Determine if the set_pages_uc() function is present.' -> '# Determine if the set_pages_uc() function is present.'
trace: normalize_line_delimiters: '            #' -> '#'
trace: normalize_line_delimiters: '            CODE="' -> 'CODE="'
trace: normalize_line_delimiters: '            #if defined(NV_ASM_SET_MEMORY_H_PRESENT)' -> '#if defined(NV_ASM_SET_MEMORY_H_PRESENT)'
trace: normalize_line_delimiters: '            #if defined(NV_ASM_PGTABLE_TYPES_H_PRESENT)' -> '#if defined(NV_ASM_PGTABLE_TYPES_H_PRESENT)'
trace: normalize_line_delimiters: '            #include <asm/pgtable_types.h>' -> '#include <asm/pgtable_types.h>'
trace: normalize_line_delimiters: '- ' -> '-'
trace: normalize_line_delimiters: '2.20.1' -> '2.20.1'
trace: normalize_line_delimiters: '            #' -> '#'
trace: normalize_line_delimiters: '            # Determine if the set_pages_uc() function is present.' -> '# Determine if the set_pages_uc() function is present.'
trace: normalize_line_delimiters: '            #' -> '#'
trace: normalize_line_delimiters: '            CODE="' -> 'CODE="'
trace: normalize_line_delimiters: '            #if defined(NV_ASM_SET_MEMORY_H_PRESENT)' -> '#if defined(NV_ASM_SET_MEMORY_H_PRESENT)'
trace: normalize_line_delimiters: '            #if defined(NV_ASM_PGTABLE_TYPES_H_PRESENT)' -> '#if defined(NV_ASM_PGTABLE_TYPES_H_PRESENT)'
trace: normalize_line_delimiters: '            #include <asm/pgtable_types.h>' -> '#include <asm/pgtable_types.h>'
trace: normalize_line_delimiters: '            #endif' -> '#endif'
trace:       Computed diff between match block and file slice: 3 operation(s), similarity ratio=0.750
trace:       Initial Indentation Context: Hunk='            ', Target='            '
trace:       Active baseline indentation: hunk='            ', target='            '
trace:       DiffOp::Insert: preserving 1 local insertion line(s) from target file (new_idx=0)
trace:         Preserving inserted line: '            #'
trace:       DiffOp::Equal: 6 line(s) aligned (hunk old_idx=0, file new_idx=1)
trace:         Equal: preserving target line: '            # Determine if the set_pages_uc() function is present.'
trace:         Equal: preserving target line: '            #'
trace:         Equal: preserving target line: '            CODE=\"'
trace:         Appended 1 addition(s) after line 2
trace:         Equal: applying addition: '            #include <linux/types.h>'
trace:         Equal: preserving target line: '            #if defined(NV_ASM_SET_MEMORY_H_PRESENT)'
trace:         Equal: preserving target line: '            #if defined(NV_ASM_PGTABLE_TYPES_H_PRESENT)'
trace:         Equal: preserving target line: '            #include <asm/pgtable_types.h>'
trace:       DiffOp::Replace: hunk lines 6..8 (len=2) vs file lines 7..8 (len=1)
trace:       Dynamic Indentation Update (Replace search): Hunk='', Target='            '
trace:         Multi-line replacement (hunk_len=2, target_len=1). Searching for statement alignment across line breaks...
trace: find_statement_match_in_block: attempting statement alignment for 2 line(s) against 1 target line(s)
trace:   find_statement_match_in_block: comparing target line 1 ('#endif'): word_ratio=0.000, char_ratio=0.000, combined=0.000
trace:         No single statement alignment found (has_context=true). Using block fallback heuristic.
warning:     Fuzzy match rejected: Tail context is unaligned in replacement block.
trace:   Evaluating candidate 11/20 with lenient reconciliation at location HunkLocation { start_index: 509, length: 8 }
debug:   Found location HunkLocation { start_index: 509, length: 8 } with match type Fuzzy { score: 0.75 }. Applying changes.
debug:   try_apply_hunk_at_location: target line 510 (length 8), match_type=Fuzzy { score: 0.75 }, total target lines=5094.
trace: Hunk::get_match_block: extracted 8 match line(s)
trace:     Match block lines: 8 | Total hunk lines: 9
trace:     Target slice to replace: ["            # Determine if the set_pages_uc() function is present.", "            #", "            CODE=\"", "            #if defined(NV_ASM_SET_MEMORY_H_PRESENT)", "            #if defined(NV_ASM_PGTABLE_TYPES_H_PRESENT)", "            #include <asm/pgtable_types.h>", "            #endif", "            #include <asm/set_memory.h>"]
trace:     Ellipsis flags: has_ellipsis=false, is_literal_match=false, is_wildcard_gap_match=false
debug:     Applying hunk via robust reconstruction logic (preserving file context & adjusting indent).
trace:       Fuzzy match location: start=509, len=8
trace:       File content in matched range (8 line(s)): ["            # Determine if the set_pages_uc() function is present.", "            #", "            CODE=\"", "            #if defined(NV_ASM_SET_MEMORY_H_PRESENT)", "            #if defined(NV_ASM_PGTABLE_TYPES_H_PRESENT)", "            #include <asm/pgtable_types.h>", "            #endif", "            #include <asm/set_memory.h>"]
trace:       Parsed hunk: 8 match line(s), 0 initial addition(s).
trace: Hunk::get_match_block: extracted 8 match line(s)
trace: normalize_line_delimiters: '            # Determine if the set_pages_uc() function is present.' -> '# Determine if the set_pages_uc() function is present.'
trace: normalize_line_delimiters: '            #' -> '#'
trace: normalize_line_delimiters: '            CODE="' -> 'CODE="'
trace: normalize_line_delimiters: '            #if defined(NV_ASM_SET_MEMORY_H_PRESENT)' -> '#if defined(NV_ASM_SET_MEMORY_H_PRESENT)'
trace: normalize_line_delimiters: '            #if defined(NV_ASM_PGTABLE_TYPES_H_PRESENT)' -> '#if defined(NV_ASM_PGTABLE_TYPES_H_PRESENT)'
trace: normalize_line_delimiters: '            #include <asm/pgtable_types.h>' -> '#include <asm/pgtable_types.h>'
trace: normalize_line_delimiters: '- ' -> '-'
trace: normalize_line_delimiters: '2.20.1' -> '2.20.1'
trace: normalize_line_delimiters: '            # Determine if the set_pages_uc() function is present.' -> '# Determine if the set_pages_uc() function is present.'
trace: normalize_line_delimiters: '            #' -> '#'
trace: normalize_line_delimiters: '            CODE="' -> 'CODE="'
trace: normalize_line_delimiters: '            #if defined(NV_ASM_SET_MEMORY_H_PRESENT)' -> '#if defined(NV_ASM_SET_MEMORY_H_PRESENT)'
trace: normalize_line_delimiters: '            #if defined(NV_ASM_PGTABLE_TYPES_H_PRESENT)' -> '#if defined(NV_ASM_PGTABLE_TYPES_H_PRESENT)'
trace: normalize_line_delimiters: '            #include <asm/pgtable_types.h>' -> '#include <asm/pgtable_types.h>'
trace: normalize_line_delimiters: '            #endif' -> '#endif'
trace: normalize_line_delimiters: '            #include <asm/set_memory.h>' -> '#include <asm/set_memory.h>'
trace:       Computed diff between match block and file slice: 2 operation(s), similarity ratio=0.750
trace:       Initial Indentation Context: Hunk='            ', Target='            '
trace:       Active baseline indentation: hunk='            ', target='            '
trace:       DiffOp::Equal: 6 line(s) aligned (hunk old_idx=0, file new_idx=0)
trace:         Equal: preserving target line: '            # Determine if the set_pages_uc() function is present.'
trace:         Equal: preserving target line: '            #'
trace:         Equal: preserving target line: '            CODE=\"'
trace:         Appended 1 addition(s) after line 2
trace:         Equal: applying addition: '            #include <linux/types.h>'
trace:         Equal: preserving target line: '            #if defined(NV_ASM_SET_MEMORY_H_PRESENT)'
trace:         Equal: preserving target line: '            #if defined(NV_ASM_PGTABLE_TYPES_H_PRESENT)'
trace:         Equal: preserving target line: '            #include <asm/pgtable_types.h>'
trace:       DiffOp::Replace: hunk lines 6..8 (len=2) vs file lines 6..8 (len=2)
trace:       Dynamic Indentation Update (Replace search): Hunk='', Target='            '
trace:         1-to-1 length replacement. Validating similarity of modified lines...
trace:         1-to-1 replacement line validation [line 6]: is_removal=true, word_sim=0.000, char_sim=0.000
trace: normalize_line_delimiters: '-' -> '-'
trace: normalize_line_delimiters: '#endif' -> '#endif'
warning:     Fuzzy match rejected: Removal line "- " differs from target line "            #endif" (sim_words=0.000, sim_chars=0.000, required=0.350).
trace:   Evaluating candidate 12/20 with lenient reconciliation at location HunkLocation { start_index: 506, length: 9 }
debug:   Found location HunkLocation { start_index: 506, length: 9 } with match type Fuzzy { score: 0.7453125185100362 }. Applying changes.
debug:   try_apply_hunk_at_location: target line 507 (length 9), match_type=Fuzzy { score: 0.7453125185100362 }, total target lines=5094.
trace: Hunk::get_match_block: extracted 8 match line(s)
trace:     Match block lines: 8 | Total hunk lines: 9
trace:     Target slice to replace: ["", "        set_pages_uc)", "            #", "            # Determine if the set_pages_uc() function is present.", "            #", "            CODE=\"", "            #if defined(NV_ASM_SET_MEMORY_H_PRESENT)", "            #if defined(NV_ASM_PGTABLE_TYPES_H_PRESENT)", "            #include <asm/pgtable_types.h>"]
trace:     Ellipsis flags: has_ellipsis=false, is_literal_match=false, is_wildcard_gap_match=false
debug:     Applying hunk via robust reconstruction logic (preserving file context & adjusting indent).
trace:       Fuzzy match location: start=506, len=9
trace:       File content in matched range (9 line(s)): ["", "        set_pages_uc)", "            #", "            # Determine if the set_pages_uc() function is present.", "            #", "            CODE=\"", "            #if defined(NV_ASM_SET_MEMORY_H_PRESENT)", "            #if defined(NV_ASM_PGTABLE_TYPES_H_PRESENT)", "            #include <asm/pgtable_types.h>"]
trace:       Parsed hunk: 8 match line(s), 0 initial addition(s).
trace: Hunk::get_match_block: extracted 8 match line(s)
trace: normalize_line_delimiters: '            # Determine if the set_pages_uc() function is present.' -> '# Determine if the set_pages_uc() function is present.'
trace: normalize_line_delimiters: '            #' -> '#'
trace: normalize_line_delimiters: '            CODE="' -> 'CODE="'
trace: normalize_line_delimiters: '            #if defined(NV_ASM_SET_MEMORY_H_PRESENT)' -> '#if defined(NV_ASM_SET_MEMORY_H_PRESENT)'
trace: normalize_line_delimiters: '            #if defined(NV_ASM_PGTABLE_TYPES_H_PRESENT)' -> '#if defined(NV_ASM_PGTABLE_TYPES_H_PRESENT)'
trace: normalize_line_delimiters: '            #include <asm/pgtable_types.h>' -> '#include <asm/pgtable_types.h>'
trace: normalize_line_delimiters: '- ' -> '-'
trace: normalize_line_delimiters: '2.20.1' -> '2.20.1'
trace: normalize_line_delimiters: '' -> ''
trace: normalize_line_delimiters: '        set_pages_uc)' -> 'set_pages_uc)'
trace: normalize_line_delimiters: '            #' -> '#'
trace: normalize_line_delimiters: '            # Determine if the set_pages_uc() function is present.' -> '# Determine if the set_pages_uc() function is present.'
trace: normalize_line_delimiters: '            #' -> '#'
trace: normalize_line_delimiters: '            CODE="' -> 'CODE="'
trace: normalize_line_delimiters: '            #if defined(NV_ASM_SET_MEMORY_H_PRESENT)' -> '#if defined(NV_ASM_SET_MEMORY_H_PRESENT)'
trace: normalize_line_delimiters: '            #if defined(NV_ASM_PGTABLE_TYPES_H_PRESENT)' -> '#if defined(NV_ASM_PGTABLE_TYPES_H_PRESENT)'
trace: normalize_line_delimiters: '            #include <asm/pgtable_types.h>' -> '#include <asm/pgtable_types.h>'
trace:       Computed diff between match block and file slice: 3 operation(s), similarity ratio=0.706
trace:       Initial Indentation Context: Hunk='            ', Target='            '
trace:       Active baseline indentation: hunk='            ', target='            '
trace:       DiffOp::Insert: preserving 3 local insertion line(s) from target file (new_idx=0)
trace:         Preserving inserted line: ''
trace:         Preserving inserted line: '        set_pages_uc)'
trace:         Preserving inserted line: '            #'
trace:       DiffOp::Equal: 6 line(s) aligned (hunk old_idx=0, file new_idx=3)
trace:         Equal: preserving target line: '            # Determine if the set_pages_uc() function is present.'
trace:         Equal: preserving target line: '            #'
trace:         Equal: preserving target line: '            CODE=\"'
trace:         Appended 1 addition(s) after line 2
trace:         Equal: applying addition: '            #include <linux/types.h>'
trace:         Equal: preserving target line: '            #if defined(NV_ASM_SET_MEMORY_H_PRESENT)'
trace:         Equal: preserving target line: '            #if defined(NV_ASM_PGTABLE_TYPES_H_PRESENT)'
trace:         Equal: preserving target line: '            #include <asm/pgtable_types.h>'
trace:       DiffOp::Delete: 2 line(s) missing from target file (hunk old_idx=6)
warning:     Fuzzy match rejected: Tail context line(s) missing from target file.
trace:   Evaluating candidate 13/20 with lenient reconciliation at location HunkLocation { start_index: 507, length: 9 }
debug:   Found location HunkLocation { start_index: 507, length: 9 } with match type Fuzzy { score: 0.7453125185100362 }. Applying changes.
debug:   try_apply_hunk_at_location: target line 508 (length 9), match_type=Fuzzy { score: 0.7453125185100362 }, total target lines=5094.
trace: Hunk::get_match_block: extracted 8 match line(s)
trace:     Match block lines: 8 | Total hunk lines: 9
trace:     Target slice to replace: ["        set_pages_uc)", "            #", "            # Determine if the set_pages_uc() function is present.", "            #", "            CODE=\"", "            #if defined(NV_ASM_SET_MEMORY_H_PRESENT)", "            #if defined(NV_ASM_PGTABLE_TYPES_H_PRESENT)", "            #include <asm/pgtable_types.h>", "            #endif"]
trace:     Ellipsis flags: has_ellipsis=false, is_literal_match=false, is_wildcard_gap_match=false
debug:     Applying hunk via robust reconstruction logic (preserving file context & adjusting indent).
trace:       Fuzzy match location: start=507, len=9
trace:       File content in matched range (9 line(s)): ["        set_pages_uc)", "            #", "            # Determine if the set_pages_uc() function is present.", "            #", "            CODE=\"", "            #if defined(NV_ASM_SET_MEMORY_H_PRESENT)", "            #if defined(NV_ASM_PGTABLE_TYPES_H_PRESENT)", "            #include <asm/pgtable_types.h>", "            #endif"]
trace:       Parsed hunk: 8 match line(s), 0 initial addition(s).
trace: Hunk::get_match_block: extracted 8 match line(s)
trace: normalize_line_delimiters: '            # Determine if the set_pages_uc() function is present.' -> '# Determine if the set_pages_uc() function is present.'
trace: normalize_line_delimiters: '            #' -> '#'
trace: normalize_line_delimiters: '            CODE="' -> 'CODE="'
trace: normalize_line_delimiters: '            #if defined(NV_ASM_SET_MEMORY_H_PRESENT)' -> '#if defined(NV_ASM_SET_MEMORY_H_PRESENT)'
trace: normalize_line_delimiters: '            #if defined(NV_ASM_PGTABLE_TYPES_H_PRESENT)' -> '#if defined(NV_ASM_PGTABLE_TYPES_H_PRESENT)'
trace: normalize_line_delimiters: '            #include <asm/pgtable_types.h>' -> '#include <asm/pgtable_types.h>'
trace: normalize_line_delimiters: '- ' -> '-'
trace: normalize_line_delimiters: '2.20.1' -> '2.20.1'
trace: normalize_line_delimiters: '        set_pages_uc)' -> 'set_pages_uc)'
trace: normalize_line_delimiters: '            #' -> '#'
trace: normalize_line_delimiters: '            # Determine if the set_pages_uc() function is present.' -> '# Determine if the set_pages_uc() function is present.'
trace: normalize_line_delimiters: '            #' -> '#'
trace: normalize_line_delimiters: '            CODE="' -> 'CODE="'
trace: normalize_line_delimiters: '            #if defined(NV_ASM_SET_MEMORY_H_PRESENT)' -> '#if defined(NV_ASM_SET_MEMORY_H_PRESENT)'
trace: normalize_line_delimiters: '            #if defined(NV_ASM_PGTABLE_TYPES_H_PRESENT)' -> '#if defined(NV_ASM_PGTABLE_TYPES_H_PRESENT)'
trace: normalize_line_delimiters: '            #include <asm/pgtable_types.h>' -> '#include <asm/pgtable_types.h>'
trace: normalize_line_delimiters: '            #endif' -> '#endif'
trace:       Computed diff between match block and file slice: 3 operation(s), similarity ratio=0.706
trace:       Initial Indentation Context: Hunk='            ', Target='            '
trace:       Active baseline indentation: hunk='            ', target='            '
trace:       DiffOp::Insert: preserving 2 local insertion line(s) from target file (new_idx=0)
trace:         Preserving inserted line: '        set_pages_uc)'
trace:         Preserving inserted line: '            #'
trace:       DiffOp::Equal: 6 line(s) aligned (hunk old_idx=0, file new_idx=2)
trace:         Equal: preserving target line: '            # Determine if the set_pages_uc() function is present.'
trace:         Equal: preserving target line: '            #'
trace:         Equal: preserving target line: '            CODE=\"'
trace:         Appended 1 addition(s) after line 2
trace:         Equal: applying addition: '            #include <linux/types.h>'
trace:         Equal: preserving target line: '            #if defined(NV_ASM_SET_MEMORY_H_PRESENT)'
trace:         Equal: preserving target line: '            #if defined(NV_ASM_PGTABLE_TYPES_H_PRESENT)'
trace:         Equal: preserving target line: '            #include <asm/pgtable_types.h>'
trace:       DiffOp::Replace: hunk lines 6..8 (len=2) vs file lines 8..9 (len=1)
trace:       Dynamic Indentation Update (Replace search): Hunk='', Target='            '
trace:         Multi-line replacement (hunk_len=2, target_len=1). Searching for statement alignment across line breaks...
trace: find_statement_match_in_block: attempting statement alignment for 2 line(s) against 1 target line(s)
trace:   find_statement_match_in_block: comparing target line 1 ('#endif'): word_ratio=0.000, char_ratio=0.000, combined=0.000
trace:         No single statement alignment found (has_context=true). Using block fallback heuristic.
warning:     Fuzzy match rejected: Tail context is unaligned in replacement block.
trace:   Evaluating candidate 14/20 with lenient reconciliation at location HunkLocation { start_index: 508, length: 9 }
debug:   Found location HunkLocation { start_index: 508, length: 9 } with match type Fuzzy { score: 0.7453125185100362 }. Applying changes.
debug:   try_apply_hunk_at_location: target line 509 (length 9), match_type=Fuzzy { score: 0.7453125185100362 }, total target lines=5094.
trace: Hunk::get_match_block: extracted 8 match line(s)
trace:     Match block lines: 8 | Total hunk lines: 9
trace:     Target slice to replace: ["            #", "            # Determine if the set_pages_uc() function is present.", "            #", "            CODE=\"", "            #if defined(NV_ASM_SET_MEMORY_H_PRESENT)", "            #if defined(NV_ASM_PGTABLE_TYPES_H_PRESENT)", "            #include <asm/pgtable_types.h>", "            #endif", "            #include <asm/set_memory.h>"]
trace:     Ellipsis flags: has_ellipsis=false, is_literal_match=false, is_wildcard_gap_match=false
debug:     Applying hunk via robust reconstruction logic (preserving file context & adjusting indent).
trace:       Fuzzy match location: start=508, len=9
trace:       File content in matched range (9 line(s)): ["            #", "            # Determine if the set_pages_uc() function is present.", "            #", "            CODE=\"", "            #if defined(NV_ASM_SET_MEMORY_H_PRESENT)", "            #if defined(NV_ASM_PGTABLE_TYPES_H_PRESENT)", "            #include <asm/pgtable_types.h>", "            #endif", "            #include <asm/set_memory.h>"]
trace:       Parsed hunk: 8 match line(s), 0 initial addition(s).
trace: Hunk::get_match_block: extracted 8 match line(s)
trace: normalize_line_delimiters: '            # Determine if the set_pages_uc() function is present.' -> '# Determine if the set_pages_uc() function is present.'
trace: normalize_line_delimiters: '            #' -> '#'
trace: normalize_line_delimiters: '            CODE="' -> 'CODE="'
trace: normalize_line_delimiters: '            #if defined(NV_ASM_SET_MEMORY_H_PRESENT)' -> '#if defined(NV_ASM_SET_MEMORY_H_PRESENT)'
trace: normalize_line_delimiters: '            #if defined(NV_ASM_PGTABLE_TYPES_H_PRESENT)' -> '#if defined(NV_ASM_PGTABLE_TYPES_H_PRESENT)'
trace: normalize_line_delimiters: '            #include <asm/pgtable_types.h>' -> '#include <asm/pgtable_types.h>'
trace: normalize_line_delimiters: '- ' -> '-'
trace: normalize_line_delimiters: '2.20.1' -> '2.20.1'
trace: normalize_line_delimiters: '            #' -> '#'
trace: normalize_line_delimiters: '            # Determine if the set_pages_uc() function is present.' -> '# Determine if the set_pages_uc() function is present.'
trace: normalize_line_delimiters: '            #' -> '#'
trace: normalize_line_delimiters: '            CODE="' -> 'CODE="'
trace: normalize_line_delimiters: '            #if defined(NV_ASM_SET_MEMORY_H_PRESENT)' -> '#if defined(NV_ASM_SET_MEMORY_H_PRESENT)'
trace: normalize_line_delimiters: '            #if defined(NV_ASM_PGTABLE_TYPES_H_PRESENT)' -> '#if defined(NV_ASM_PGTABLE_TYPES_H_PRESENT)'
trace: normalize_line_delimiters: '            #include <asm/pgtable_types.h>' -> '#include <asm/pgtable_types.h>'
trace: normalize_line_delimiters: '            #endif' -> '#endif'
trace: normalize_line_delimiters: '            #include <asm/set_memory.h>' -> '#include <asm/set_memory.h>'
trace:       Computed diff between match block and file slice: 3 operation(s), similarity ratio=0.706
trace:       Initial Indentation Context: Hunk='            ', Target='            '
trace:       Active baseline indentation: hunk='            ', target='            '
trace:       DiffOp::Insert: preserving 1 local insertion line(s) from target file (new_idx=0)
trace:         Preserving inserted line: '            #'
trace:       DiffOp::Equal: 6 line(s) aligned (hunk old_idx=0, file new_idx=1)
trace:         Equal: preserving target line: '            # Determine if the set_pages_uc() function is present.'
trace:         Equal: preserving target line: '            #'
trace:         Equal: preserving target line: '            CODE=\"'
trace:         Appended 1 addition(s) after line 2
trace:         Equal: applying addition: '            #include <linux/types.h>'
trace:         Equal: preserving target line: '            #if defined(NV_ASM_SET_MEMORY_H_PRESENT)'
trace:         Equal: preserving target line: '            #if defined(NV_ASM_PGTABLE_TYPES_H_PRESENT)'
trace:         Equal: preserving target line: '            #include <asm/pgtable_types.h>'
trace:       DiffOp::Replace: hunk lines 6..8 (len=2) vs file lines 7..9 (len=2)
trace:       Dynamic Indentation Update (Replace search): Hunk='', Target='            '
trace:         1-to-1 length replacement. Validating similarity of modified lines...
trace:         1-to-1 replacement line validation [line 6]: is_removal=true, word_sim=0.000, char_sim=0.000
trace: normalize_line_delimiters: '-' -> '-'
trace: normalize_line_delimiters: '#endif' -> '#endif'
warning:     Fuzzy match rejected: Removal line "- " differs from target line "            #endif" (sim_words=0.000, sim_chars=0.000, required=0.350).
trace:   Evaluating candidate 15/20 with lenient reconciliation at location HunkLocation { start_index: 509, length: 9 }
debug:   Found location HunkLocation { start_index: 509, length: 9 } with match type Fuzzy { score: 0.7453125185100362 }. Applying changes.
debug:   try_apply_hunk_at_location: target line 510 (length 9), match_type=Fuzzy { score: 0.7453125185100362 }, total target lines=5094.
trace: Hunk::get_match_block: extracted 8 match line(s)
trace:     Match block lines: 8 | Total hunk lines: 9
trace:     Target slice to replace: ["            # Determine if the set_pages_uc() function is present.", "            #", "            CODE=\"", "            #if defined(NV_ASM_SET_MEMORY_H_PRESENT)", "            #if defined(NV_ASM_PGTABLE_TYPES_H_PRESENT)", "            #include <asm/pgtable_types.h>", "            #endif", "            #include <asm/set_memory.h>", "            #else"]
trace:     Ellipsis flags: has_ellipsis=false, is_literal_match=false, is_wildcard_gap_match=false
debug:     Applying hunk via robust reconstruction logic (preserving file context & adjusting indent).
trace:       Fuzzy match location: start=509, len=9
trace:       File content in matched range (9 line(s)): ["            # Determine if the set_pages_uc() function is present.", "            #", "            CODE=\"", "            #if defined(NV_ASM_SET_MEMORY_H_PRESENT)", "            #if defined(NV_ASM_PGTABLE_TYPES_H_PRESENT)", "            #include <asm/pgtable_types.h>", "            #endif", "            #include <asm/set_memory.h>", "            #else"]
trace:       Parsed hunk: 8 match line(s), 0 initial addition(s).
trace: Hunk::get_match_block: extracted 8 match line(s)
trace: normalize_line_delimiters: '            # Determine if the set_pages_uc() function is present.' -> '# Determine if the set_pages_uc() function is present.'
trace: normalize_line_delimiters: '            #' -> '#'
trace: normalize_line_delimiters: '            CODE="' -> 'CODE="'
trace: normalize_line_delimiters: '            #if defined(NV_ASM_SET_MEMORY_H_PRESENT)' -> '#if defined(NV_ASM_SET_MEMORY_H_PRESENT)'
trace: normalize_line_delimiters: '            #if defined(NV_ASM_PGTABLE_TYPES_H_PRESENT)' -> '#if defined(NV_ASM_PGTABLE_TYPES_H_PRESENT)'
trace: normalize_line_delimiters: '            #include <asm/pgtable_types.h>' -> '#include <asm/pgtable_types.h>'
trace: normalize_line_delimiters: '- ' -> '-'
trace: normalize_line_delimiters: '2.20.1' -> '2.20.1'
trace: normalize_line_delimiters: '            # Determine if the set_pages_uc() function is present.' -> '# Determine if the set_pages_uc() function is present.'
trace: normalize_line_delimiters: '            #' -> '#'
trace: normalize_line_delimiters: '            CODE="' -> 'CODE="'
trace: normalize_line_delimiters: '            #if defined(NV_ASM_SET_MEMORY_H_PRESENT)' -> '#if defined(NV_ASM_SET_MEMORY_H_PRESENT)'
trace: normalize_line_delimiters: '            #if defined(NV_ASM_PGTABLE_TYPES_H_PRESENT)' -> '#if defined(NV_ASM_PGTABLE_TYPES_H_PRESENT)'
trace: normalize_line_delimiters: '            #include <asm/pgtable_types.h>' -> '#include <asm/pgtable_types.h>'
trace: normalize_line_delimiters: '            #endif' -> '#endif'
trace: normalize_line_delimiters: '            #include <asm/set_memory.h>' -> '#include <asm/set_memory.h>'
trace: normalize_line_delimiters: '            #else' -> '#else'
trace:       Computed diff between match block and file slice: 2 operation(s), similarity ratio=0.706
trace:       Initial Indentation Context: Hunk='            ', Target='            '
trace:       Active baseline indentation: hunk='            ', target='            '
trace:       DiffOp::Equal: 6 line(s) aligned (hunk old_idx=0, file new_idx=0)
trace:         Equal: preserving target line: '            # Determine if the set_pages_uc() function is present.'
trace:         Equal: preserving target line: '            #'
trace:         Equal: preserving target line: '            CODE=\"'
trace:         Appended 1 addition(s) after line 2
trace:         Equal: applying addition: '            #include <linux/types.h>'
trace:         Equal: preserving target line: '            #if defined(NV_ASM_SET_MEMORY_H_PRESENT)'
trace:         Equal: preserving target line: '            #if defined(NV_ASM_PGTABLE_TYPES_H_PRESENT)'
trace:         Equal: preserving target line: '            #include <asm/pgtable_types.h>'
trace:       DiffOp::Replace: hunk lines 6..8 (len=2) vs file lines 6..9 (len=3)
trace:       Dynamic Indentation Update (Replace search): Hunk='', Target='            '
trace:         Multi-line replacement (hunk_len=2, target_len=3). Searching for statement alignment across line breaks...
trace: find_statement_match_in_block: attempting statement alignment for 2 line(s) against 3 target line(s)
trace:   find_statement_match_in_block: comparing target line 1 ('#endif'): word_ratio=0.000, char_ratio=0.000, combined=0.000
trace:   find_statement_match_in_block: comparing target line 2 ('#include <asm/set_memory.h>'): word_ratio=0.000, char_ratio=0.061, combined=0.061
trace:   find_statement_match_in_block: comparing target line 3 ('#else'): word_ratio=0.000, char_ratio=0.000, combined=0.000
trace:         No single statement alignment found (has_context=true). Using block fallback heuristic.
warning:     Fuzzy match rejected: Tail context is unaligned in replacement block.
trace:   Evaluating candidate 16/20 with lenient reconciliation at location HunkLocation { start_index: 505, length: 10 }
debug:   Found location HunkLocation { start_index: 505, length: 10 } with match type Fuzzy { score: 0.7406250220723452 }. Applying changes.
debug:   try_apply_hunk_at_location: target line 506 (length 10), match_type=Fuzzy { score: 0.7406250220723452 }, total target lines=5094.
trace: Hunk::get_match_block: extracted 8 match line(s)
trace:     Match block lines: 8 | Total hunk lines: 9
trace:     Target slice to replace: ["        ;;", "", "        set_pages_uc)", "            #", "            # Determine if the set_pages_uc() function is present.", "            #", "            CODE=\"", "            #if defined(NV_ASM_SET_MEMORY_H_PRESENT)", "            #if defined(NV_ASM_PGTABLE_TYPES_H_PRESENT)", "            #include <asm/pgtable_types.h>"]
trace:     Ellipsis flags: has_ellipsis=false, is_literal_match=false, is_wildcard_gap_match=false
debug:     Applying hunk via robust reconstruction logic (preserving file context & adjusting indent).
trace:       Fuzzy match location: start=505, len=10
trace:       File content in matched range (10 line(s)): ["        ;;", "", "        set_pages_uc)", "            #", "            # Determine if the set_pages_uc() function is present.", "            #", "            CODE=\"", "            #if defined(NV_ASM_SET_MEMORY_H_PRESENT)", "            #if defined(NV_ASM_PGTABLE_TYPES_H_PRESENT)", "            #include <asm/pgtable_types.h>"]
trace:       Parsed hunk: 8 match line(s), 0 initial addition(s).
trace: Hunk::get_match_block: extracted 8 match line(s)
trace: normalize_line_delimiters: '            # Determine if the set_pages_uc() function is present.' -> '# Determine if the set_pages_uc() function is present.'
trace: normalize_line_delimiters: '            #' -> '#'
trace: normalize_line_delimiters: '            CODE="' -> 'CODE="'
trace: normalize_line_delimiters: '            #if defined(NV_ASM_SET_MEMORY_H_PRESENT)' -> '#if defined(NV_ASM_SET_MEMORY_H_PRESENT)'
trace: normalize_line_delimiters: '            #if defined(NV_ASM_PGTABLE_TYPES_H_PRESENT)' -> '#if defined(NV_ASM_PGTABLE_TYPES_H_PRESENT)'
trace: normalize_line_delimiters: '            #include <asm/pgtable_types.h>' -> '#include <asm/pgtable_types.h>'
trace: normalize_line_delimiters: '- ' -> '-'
trace: normalize_line_delimiters: '2.20.1' -> '2.20.1'
trace: normalize_line_delimiters: '        ;;' -> ''
trace: normalize_line_delimiters: '' -> ''
trace: normalize_line_delimiters: '        set_pages_uc)' -> 'set_pages_uc)'
trace: normalize_line_delimiters: '            #' -> '#'
trace: normalize_line_delimiters: '            # Determine if the set_pages_uc() function is present.' -> '# Determine if the set_pages_uc() function is present.'
trace: normalize_line_delimiters: '            #' -> '#'
trace: normalize_line_delimiters: '            CODE="' -> 'CODE="'
trace: normalize_line_delimiters: '            #if defined(NV_ASM_SET_MEMORY_H_PRESENT)' -> '#if defined(NV_ASM_SET_MEMORY_H_PRESENT)'
trace: normalize_line_delimiters: '            #if defined(NV_ASM_PGTABLE_TYPES_H_PRESENT)' -> '#if defined(NV_ASM_PGTABLE_TYPES_H_PRESENT)'
trace: normalize_line_delimiters: '            #include <asm/pgtable_types.h>' -> '#include <asm/pgtable_types.h>'
trace:       Computed diff between match block and file slice: 3 operation(s), similarity ratio=0.667
trace:       Initial Indentation Context: Hunk='            ', Target='            '
trace:       Active baseline indentation: hunk='            ', target='            '
trace:       DiffOp::Insert: preserving 4 local insertion line(s) from target file (new_idx=0)
trace:         Preserving inserted line: '        ;;'
trace:         Preserving inserted line: ''
trace:         Preserving inserted line: '        set_pages_uc)'
trace:         Preserving inserted line: '            #'
trace:       DiffOp::Equal: 6 line(s) aligned (hunk old_idx=0, file new_idx=4)
trace:         Equal: preserving target line: '            # Determine if the set_pages_uc() function is present.'
trace:         Equal: preserving target line: '            #'
trace:         Equal: preserving target line: '            CODE=\"'
trace:         Appended 1 addition(s) after line 2
trace:         Equal: applying addition: '            #include <linux/types.h>'
trace:         Equal: preserving target line: '            #if defined(NV_ASM_SET_MEMORY_H_PRESENT)'
trace:         Equal: preserving target line: '            #if defined(NV_ASM_PGTABLE_TYPES_H_PRESENT)'
trace:         Equal: preserving target line: '            #include <asm/pgtable_types.h>'
trace:       DiffOp::Delete: 2 line(s) missing from target file (hunk old_idx=6)
warning:     Fuzzy match rejected: Tail context line(s) missing from target file.
trace:   Evaluating candidate 17/20 with lenient reconciliation at location HunkLocation { start_index: 506, length: 10 }
debug:   Found location HunkLocation { start_index: 506, length: 10 } with match type Fuzzy { score: 0.7406250220723452 }. Applying changes.
debug:   try_apply_hunk_at_location: target line 507 (length 10), match_type=Fuzzy { score: 0.7406250220723452 }, total target lines=5094.
trace: Hunk::get_match_block: extracted 8 match line(s)
trace:     Match block lines: 8 | Total hunk lines: 9
trace:     Target slice to replace: ["", "        set_pages_uc)", "            #", "            # Determine if the set_pages_uc() function is present.", "            #", "            CODE=\"", "            #if defined(NV_ASM_SET_MEMORY_H_PRESENT)", "            #if defined(NV_ASM_PGTABLE_TYPES_H_PRESENT)", "            #include <asm/pgtable_types.h>", "            #endif"]
trace:     Ellipsis flags: has_ellipsis=false, is_literal_match=false, is_wildcard_gap_match=false
debug:     Applying hunk via robust reconstruction logic (preserving file context & adjusting indent).
trace:       Fuzzy match location: start=506, len=10
trace:       File content in matched range (10 line(s)): ["", "        set_pages_uc)", "            #", "            # Determine if the set_pages_uc() function is present.", "            #", "            CODE=\"", "            #if defined(NV_ASM_SET_MEMORY_H_PRESENT)", "            #if defined(NV_ASM_PGTABLE_TYPES_H_PRESENT)", "            #include <asm/pgtable_types.h>", "            #endif"]
trace:       Parsed hunk: 8 match line(s), 0 initial addition(s).
trace: Hunk::get_match_block: extracted 8 match line(s)
trace: normalize_line_delimiters: '            # Determine if the set_pages_uc() function is present.' -> '# Determine if the set_pages_uc() function is present.'
trace: normalize_line_delimiters: '            #' -> '#'
trace: normalize_line_delimiters: '            CODE="' -> 'CODE="'
trace: normalize_line_delimiters: '            #if defined(NV_ASM_SET_MEMORY_H_PRESENT)' -> '#if defined(NV_ASM_SET_MEMORY_H_PRESENT)'
trace: normalize_line_delimiters: '            #if defined(NV_ASM_PGTABLE_TYPES_H_PRESENT)' -> '#if defined(NV_ASM_PGTABLE_TYPES_H_PRESENT)'
trace: normalize_line_delimiters: '            #include <asm/pgtable_types.h>' -> '#include <asm/pgtable_types.h>'
trace: normalize_line_delimiters: '- ' -> '-'
trace: normalize_line_delimiters: '2.20.1' -> '2.20.1'
trace: normalize_line_delimiters: '' -> ''
trace: normalize_line_delimiters: '        set_pages_uc)' -> 'set_pages_uc)'
trace: normalize_line_delimiters: '            #' -> '#'
trace: normalize_line_delimiters: '            # Determine if the set_pages_uc() function is present.' -> '# Determine if the set_pages_uc() function is present.'
trace: normalize_line_delimiters: '            #' -> '#'
trace: normalize_line_delimiters: '            CODE="' -> 'CODE="'
trace: normalize_line_delimiters: '            #if defined(NV_ASM_SET_MEMORY_H_PRESENT)' -> '#if defined(NV_ASM_SET_MEMORY_H_PRESENT)'
trace: normalize_line_delimiters: '            #if defined(NV_ASM_PGTABLE_TYPES_H_PRESENT)' -> '#if defined(NV_ASM_PGTABLE_TYPES_H_PRESENT)'
trace: normalize_line_delimiters: '            #include <asm/pgtable_types.h>' -> '#include <asm/pgtable_types.h>'
trace: normalize_line_delimiters: '            #endif' -> '#endif'
trace:       Computed diff between match block and file slice: 3 operation(s), similarity ratio=0.667
trace:       Initial Indentation Context: Hunk='            ', Target='            '
trace:       Active baseline indentation: hunk='            ', target='            '
trace:       DiffOp::Insert: preserving 3 local insertion line(s) from target file (new_idx=0)
trace:         Preserving inserted line: ''
trace:         Preserving inserted line: '        set_pages_uc)'
trace:         Preserving inserted line: '            #'
trace:       DiffOp::Equal: 6 line(s) aligned (hunk old_idx=0, file new_idx=3)
trace:         Equal: preserving target line: '            # Determine if the set_pages_uc() function is present.'
trace:         Equal: preserving target line: '            #'
trace:         Equal: preserving target line: '            CODE=\"'
trace:         Appended 1 addition(s) after line 2
trace:         Equal: applying addition: '            #include <linux/types.h>'
trace:         Equal: preserving target line: '            #if defined(NV_ASM_SET_MEMORY_H_PRESENT)'
trace:         Equal: preserving target line: '            #if defined(NV_ASM_PGTABLE_TYPES_H_PRESENT)'
trace:         Equal: preserving target line: '            #include <asm/pgtable_types.h>'
trace:       DiffOp::Replace: hunk lines 6..8 (len=2) vs file lines 9..10 (len=1)
trace:       Dynamic Indentation Update (Replace search): Hunk='', Target='            '
trace:         Multi-line replacement (hunk_len=2, target_len=1). Searching for statement alignment across line breaks...
trace: find_statement_match_in_block: attempting statement alignment for 2 line(s) against 1 target line(s)
trace:   find_statement_match_in_block: comparing target line 1 ('#endif'): word_ratio=0.000, char_ratio=0.000, combined=0.000
trace:         No single statement alignment found (has_context=true). Using block fallback heuristic.
warning:     Fuzzy match rejected: Tail context is unaligned in replacement block.
trace:   Evaluating candidate 18/20 with lenient reconciliation at location HunkLocation { start_index: 507, length: 10 }
debug:   Found location HunkLocation { start_index: 507, length: 10 } with match type Fuzzy { score: 0.7406250220723452 }. Applying changes.
debug:   try_apply_hunk_at_location: target line 508 (length 10), match_type=Fuzzy { score: 0.7406250220723452 }, total target lines=5094.
trace: Hunk::get_match_block: extracted 8 match line(s)
trace:     Match block lines: 8 | Total hunk lines: 9
trace:     Target slice to replace: ["        set_pages_uc)", "            #", "            # Determine if the set_pages_uc() function is present.", "            #", "            CODE=\"", "            #if defined(NV_ASM_SET_MEMORY_H_PRESENT)", "            #if defined(NV_ASM_PGTABLE_TYPES_H_PRESENT)", "            #include <asm/pgtable_types.h>", "            #endif", "            #include <asm/set_memory.h>"]
trace:     Ellipsis flags: has_ellipsis=false, is_literal_match=false, is_wildcard_gap_match=false
debug:     Applying hunk via robust reconstruction logic (preserving file context & adjusting indent).
trace:       Fuzzy match location: start=507, len=10
trace:       File content in matched range (10 line(s)): ["        set_pages_uc)", "            #", "            # Determine if the set_pages_uc() function is present.", "            #", "            CODE=\"", "            #if defined(NV_ASM_SET_MEMORY_H_PRESENT)", "            #if defined(NV_ASM_PGTABLE_TYPES_H_PRESENT)", "            #include <asm/pgtable_types.h>", "            #endif", "            #include <asm/set_memory.h>"]
trace:       Parsed hunk: 8 match line(s), 0 initial addition(s).
trace: Hunk::get_match_block: extracted 8 match line(s)
trace: normalize_line_delimiters: '            # Determine if the set_pages_uc() function is present.' -> '# Determine if the set_pages_uc() function is present.'
trace: normalize_line_delimiters: '            #' -> '#'
trace: normalize_line_delimiters: '            CODE="' -> 'CODE="'
trace: normalize_line_delimiters: '            #if defined(NV_ASM_SET_MEMORY_H_PRESENT)' -> '#if defined(NV_ASM_SET_MEMORY_H_PRESENT)'
trace: normalize_line_delimiters: '            #if defined(NV_ASM_PGTABLE_TYPES_H_PRESENT)' -> '#if defined(NV_ASM_PGTABLE_TYPES_H_PRESENT)'
trace: normalize_line_delimiters: '            #include <asm/pgtable_types.h>' -> '#include <asm/pgtable_types.h>'
trace: normalize_line_delimiters: '- ' -> '-'
trace: normalize_line_delimiters: '2.20.1' -> '2.20.1'
trace: normalize_line_delimiters: '        set_pages_uc)' -> 'set_pages_uc)'
trace: normalize_line_delimiters: '            #' -> '#'
trace: normalize_line_delimiters: '            # Determine if the set_pages_uc() function is present.' -> '# Determine if the set_pages_uc() function is present.'
trace: normalize_line_delimiters: '            #' -> '#'
trace: normalize_line_delimiters: '            CODE="' -> 'CODE="'
trace: normalize_line_delimiters: '            #if defined(NV_ASM_SET_MEMORY_H_PRESENT)' -> '#if defined(NV_ASM_SET_MEMORY_H_PRESENT)'
trace: normalize_line_delimiters: '            #if defined(NV_ASM_PGTABLE_TYPES_H_PRESENT)' -> '#if defined(NV_ASM_PGTABLE_TYPES_H_PRESENT)'
trace: normalize_line_delimiters: '            #include <asm/pgtable_types.h>' -> '#include <asm/pgtable_types.h>'
trace: normalize_line_delimiters: '            #endif' -> '#endif'
trace: normalize_line_delimiters: '            #include <asm/set_memory.h>' -> '#include <asm/set_memory.h>'
trace:       Computed diff between match block and file slice: 3 operation(s), similarity ratio=0.667
trace:       Initial Indentation Context: Hunk='            ', Target='            '
trace:       Active baseline indentation: hunk='            ', target='            '
trace:       DiffOp::Insert: preserving 2 local insertion line(s) from target file (new_idx=0)
trace:         Preserving inserted line: '        set_pages_uc)'
trace:         Preserving inserted line: '            #'
trace:       DiffOp::Equal: 6 line(s) aligned (hunk old_idx=0, file new_idx=2)
trace:         Equal: preserving target line: '            # Determine if the set_pages_uc() function is present.'
trace:         Equal: preserving target line: '            #'
trace:         Equal: preserving target line: '            CODE=\"'
trace:         Appended 1 addition(s) after line 2
trace:         Equal: applying addition: '            #include <linux/types.h>'
trace:         Equal: preserving target line: '            #if defined(NV_ASM_SET_MEMORY_H_PRESENT)'
trace:         Equal: preserving target line: '            #if defined(NV_ASM_PGTABLE_TYPES_H_PRESENT)'
trace:         Equal: preserving target line: '            #include <asm/pgtable_types.h>'
trace:       DiffOp::Replace: hunk lines 6..8 (len=2) vs file lines 8..10 (len=2)
trace:       Dynamic Indentation Update (Replace search): Hunk='', Target='            '
trace:         1-to-1 length replacement. Validating similarity of modified lines...
trace:         1-to-1 replacement line validation [line 6]: is_removal=true, word_sim=0.000, char_sim=0.000
trace: normalize_line_delimiters: '-' -> '-'
trace: normalize_line_delimiters: '#endif' -> '#endif'
warning:     Fuzzy match rejected: Removal line "- " differs from target line "            #endif" (sim_words=0.000, sim_chars=0.000, required=0.350).
trace:   Evaluating candidate 19/20 with lenient reconciliation at location HunkLocation { start_index: 508, length: 10 }
debug:   Found location HunkLocation { start_index: 508, length: 10 } with match type Fuzzy { score: 0.7406250220723452 }. Applying changes.
debug:   try_apply_hunk_at_location: target line 509 (length 10), match_type=Fuzzy { score: 0.7406250220723452 }, total target lines=5094.
trace: Hunk::get_match_block: extracted 8 match line(s)
trace:     Match block lines: 8 | Total hunk lines: 9
trace:     Target slice to replace: ["            #", "            # Determine if the set_pages_uc() function is present.", "            #", "            CODE=\"", "            #if defined(NV_ASM_SET_MEMORY_H_PRESENT)", "            #if defined(NV_ASM_PGTABLE_TYPES_H_PRESENT)", "            #include <asm/pgtable_types.h>", "            #endif", "            #include <asm/set_memory.h>", "            #else"]
trace:     Ellipsis flags: has_ellipsis=false, is_literal_match=false, is_wildcard_gap_match=false
debug:     Applying hunk via robust reconstruction logic (preserving file context & adjusting indent).
trace:       Fuzzy match location: start=508, len=10
trace:       File content in matched range (10 line(s)): ["            #", "            # Determine if the set_pages_uc() function is present.", "            #", "            CODE=\"", "            #if defined(NV_ASM_SET_MEMORY_H_PRESENT)", "            #if defined(NV_ASM_PGTABLE_TYPES_H_PRESENT)", "            #include <asm/pgtable_types.h>", "            #endif", "            #include <asm/set_memory.h>", "            #else"]
trace:       Parsed hunk: 8 match line(s), 0 initial addition(s).
trace: Hunk::get_match_block: extracted 8 match line(s)
trace: normalize_line_delimiters: '            # Determine if the set_pages_uc() function is present.' -> '# Determine if the set_pages_uc() function is present.'
trace: normalize_line_delimiters: '            #' -> '#'
trace: normalize_line_delimiters: '            CODE="' -> 'CODE="'
trace: normalize_line_delimiters: '            #if defined(NV_ASM_SET_MEMORY_H_PRESENT)' -> '#if defined(NV_ASM_SET_MEMORY_H_PRESENT)'
trace: normalize_line_delimiters: '            #if defined(NV_ASM_PGTABLE_TYPES_H_PRESENT)' -> '#if defined(NV_ASM_PGTABLE_TYPES_H_PRESENT)'
trace: normalize_line_delimiters: '            #include <asm/pgtable_types.h>' -> '#include <asm/pgtable_types.h>'
trace: normalize_line_delimiters: '- ' -> '-'
trace: normalize_line_delimiters: '2.20.1' -> '2.20.1'
trace: normalize_line_delimiters: '            #' -> '#'
trace: normalize_line_delimiters: '            # Determine if the set_pages_uc() function is present.' -> '# Determine if the set_pages_uc() function is present.'
trace: normalize_line_delimiters: '            #' -> '#'
trace: normalize_line_delimiters: '            CODE="' -> 'CODE="'
trace: normalize_line_delimiters: '            #if defined(NV_ASM_SET_MEMORY_H_PRESENT)' -> '#if defined(NV_ASM_SET_MEMORY_H_PRESENT)'
trace: normalize_line_delimiters: '            #if defined(NV_ASM_PGTABLE_TYPES_H_PRESENT)' -> '#if defined(NV_ASM_PGTABLE_TYPES_H_PRESENT)'
trace: normalize_line_delimiters: '            #include <asm/pgtable_types.h>' -> '#include <asm/pgtable_types.h>'
trace: normalize_line_delimiters: '            #endif' -> '#endif'
trace: normalize_line_delimiters: '            #include <asm/set_memory.h>' -> '#include <asm/set_memory.h>'
trace: normalize_line_delimiters: '            #else' -> '#else'
trace:       Computed diff between match block and file slice: 3 operation(s), similarity ratio=0.667
trace:       Initial Indentation Context: Hunk='            ', Target='            '
trace:       Active baseline indentation: hunk='            ', target='            '
trace:       DiffOp::Insert: preserving 1 local insertion line(s) from target file (new_idx=0)
trace:         Preserving inserted line: '            #'
trace:       DiffOp::Equal: 6 line(s) aligned (hunk old_idx=0, file new_idx=1)
trace:         Equal: preserving target line: '            # Determine if the set_pages_uc() function is present.'
trace:         Equal: preserving target line: '            #'
trace:         Equal: preserving target line: '            CODE=\"'
trace:         Appended 1 addition(s) after line 2
trace:         Equal: applying addition: '            #include <linux/types.h>'
trace:         Equal: preserving target line: '            #if defined(NV_ASM_SET_MEMORY_H_PRESENT)'
trace:         Equal: preserving target line: '            #if defined(NV_ASM_PGTABLE_TYPES_H_PRESENT)'
trace:         Equal: preserving target line: '            #include <asm/pgtable_types.h>'
trace:       DiffOp::Replace: hunk lines 6..8 (len=2) vs file lines 7..10 (len=3)
trace:       Dynamic Indentation Update (Replace search): Hunk='', Target='            '
trace:         Multi-line replacement (hunk_len=2, target_len=3). Searching for statement alignment across line breaks...
trace: find_statement_match_in_block: attempting statement alignment for 2 line(s) against 3 target line(s)
trace:   find_statement_match_in_block: comparing target line 1 ('#endif'): word_ratio=0.000, char_ratio=0.000, combined=0.000
trace:   find_statement_match_in_block: comparing target line 2 ('#include <asm/set_memory.h>'): word_ratio=0.000, char_ratio=0.061, combined=0.061
trace:   find_statement_match_in_block: comparing target line 3 ('#else'): word_ratio=0.000, char_ratio=0.000, combined=0.000
trace:         No single statement alignment found (has_context=true). Using block fallback heuristic.
warning:     Fuzzy match rejected: Tail context is unaligned in replacement block.
trace:   Evaluating candidate 20/20 with lenient reconciliation at location HunkLocation { start_index: 504, length: 11 }
debug:   Found location HunkLocation { start_index: 504, length: 11 } with match type Fuzzy { score: 0.7359374707564712 }. Applying changes.
debug:   try_apply_hunk_at_location: target line 505 (length 11), match_type=Fuzzy { score: 0.7359374707564712 }, total target lines=5094.
trace: Hunk::get_match_block: extracted 8 match line(s)
trace:     Match block lines: 8 | Total hunk lines: 9
trace:     Target slice to replace: ["            compile_check_conftest \"$CODE\" \"NV_LIST_IS_FIRST_PRESENT\" \"\" \"functions\"", "        ;;", "", "        set_pages_uc)", "            #", "            # Determine if the set_pages_uc() function is present.", "            #", "            CODE=\"", "            #if defined(NV_ASM_SET_MEMORY_H_PRESENT)", "            #if defined(NV_ASM_PGTABLE_TYPES_H_PRESENT)", "            #include <asm/pgtable_types.h>"]
trace:     Ellipsis flags: has_ellipsis=false, is_literal_match=false, is_wildcard_gap_match=false
debug:     Applying hunk via robust reconstruction logic (preserving file context & adjusting indent).
trace:       Fuzzy match location: start=504, len=11
trace:       File content in matched range (11 line(s)): ["            compile_check_conftest \"$CODE\" \"NV_LIST_IS_FIRST_PRESENT\" \"\" \"functions\"", "        ;;", "", "        set_pages_uc)", "            #", "            # Determine if the set_pages_uc() function is present.", "            #", "            CODE=\"", "            #if defined(NV_ASM_SET_MEMORY_H_PRESENT)", "            #if defined(NV_ASM_PGTABLE_TYPES_H_PRESENT)", "            #include <asm/pgtable_types.h>"]
trace:       Parsed hunk: 8 match line(s), 0 initial addition(s).
trace: Hunk::get_match_block: extracted 8 match line(s)
trace: normalize_line_delimiters: '            # Determine if the set_pages_uc() function is present.' -> '# Determine if the set_pages_uc() function is present.'
trace: normalize_line_delimiters: '            #' -> '#'
trace: normalize_line_delimiters: '            CODE="' -> 'CODE="'
trace: normalize_line_delimiters: '            #if defined(NV_ASM_SET_MEMORY_H_PRESENT)' -> '#if defined(NV_ASM_SET_MEMORY_H_PRESENT)'
trace: normalize_line_delimiters: '            #if defined(NV_ASM_PGTABLE_TYPES_H_PRESENT)' -> '#if defined(NV_ASM_PGTABLE_TYPES_H_PRESENT)'
trace: normalize_line_delimiters: '            #include <asm/pgtable_types.h>' -> '#include <asm/pgtable_types.h>'
trace: normalize_line_delimiters: '- ' -> '-'
trace: normalize_line_delimiters: '2.20.1' -> '2.20.1'
trace: normalize_line_delimiters: '            compile_check_conftest "$CODE" "NV_LIST_IS_FIRST_PRESENT" "" "functions"' -> 'compile_check_conftest "$CODE" "NV_LIST_IS_FIRST_PRESENT" "" "functions"'
trace: normalize_line_delimiters: '        ;;' -> ''
trace: normalize_line_delimiters: '' -> ''
trace: normalize_line_delimiters: '        set_pages_uc)' -> 'set_pages_uc)'
trace: normalize_line_delimiters: '            #' -> '#'
trace: normalize_line_delimiters: '            # Determine if the set_pages_uc() function is present.' -> '# Determine if the set_pages_uc() function is present.'
trace: normalize_line_delimiters: '            #' -> '#'
trace: normalize_line_delimiters: '            CODE="' -> 'CODE="'
trace: normalize_line_delimiters: '            #if defined(NV_ASM_SET_MEMORY_H_PRESENT)' -> '#if defined(NV_ASM_SET_MEMORY_H_PRESENT)'
trace: normalize_line_delimiters: '            #if defined(NV_ASM_PGTABLE_TYPES_H_PRESENT)' -> '#if defined(NV_ASM_PGTABLE_TYPES_H_PRESENT)'
trace: normalize_line_delimiters: '            #include <asm/pgtable_types.h>' -> '#include <asm/pgtable_types.h>'
trace:       Computed diff between match block and file slice: 3 operation(s), similarity ratio=0.632
trace:       Initial Indentation Context: Hunk='            ', Target='            '
trace:       Active baseline indentation: hunk='            ', target='            '
trace:       DiffOp::Insert: preserving 5 local insertion line(s) from target file (new_idx=0)
trace:         Preserving inserted line: '            compile_check_conftest \"$CODE\" \"NV_LIST_IS_FIRST_PRESENT\" \"\" \"functions\"'
trace:         Preserving inserted line: '        ;;'
trace:         Preserving inserted line: ''
trace:         Preserving inserted line: '        set_pages_uc)'
trace:         Preserving inserted line: '            #'
trace:       DiffOp::Equal: 6 line(s) aligned (hunk old_idx=0, file new_idx=5)
trace:         Equal: preserving target line: '            # Determine if the set_pages_uc() function is present.'
trace:         Equal: preserving target line: '            #'
trace:         Equal: preserving target line: '            CODE=\"'
trace:         Appended 1 addition(s) after line 2
trace:         Equal: applying addition: '            #include <linux/types.h>'
trace:         Equal: preserving target line: '            #if defined(NV_ASM_SET_MEMORY_H_PRESENT)'
trace:         Equal: preserving target line: '            #if defined(NV_ASM_PGTABLE_TYPES_H_PRESENT)'
trace:         Equal: preserving target line: '            #include <asm/pgtable_types.h>'
trace:       DiffOp::Delete: 2 line(s) missing from target file (hunk old_idx=6)
warning:     Fuzzy match rejected: Tail context line(s) missing from target file.
warning:   All 20 candidate location(s) exhausted. Hunk application failed with: Context not found
debug:   HunkApplier: hunk 3 application outcome: Failed(ContextNotFound)
  Applying Hunk 3/3...
warning:   Failed to apply Hunk 3. Context not found
debug: HunkApplier::into_content: assembling final content from 5094 line(s) (touched_eof=false, patch_ends_with_newline=true, original_ends_with_newline=true)
trace: HunkApplier::into_content: resulting content has 179210 bytes (5094 lines, ends_with_newline=true)
  DRY RUN: Evaluated changes for 'conftest.sh' (3 hunks, clean=false)
trace:   Generating diff for dry run...
debug: apply_patches_to_dir: completed 1 patch(es). all_succeeded=true, all_applied_cleanly=false

>>> Operation 1/1
----- Proposed Changes for conftest.sh -----
--- a/conftest.sh
+++ b/conftest.sh
@@ -432,6 +432,7 @@
             #
             CODE="
             #include <linux/types.h>
+            #include <linux/types.h>
             #if defined(NV_ASM_SET_MEMORY_H_PRESENT)
             #if defined(NV_ASM_PGTABLE_TYPES_H_PRESENT)
             #include <asm/pgtable_types.h>
@@ -453,6 +454,7 @@
             #
             CODE="
             #include <linux/types.h>
+            #include <linux/types.h>
             #if defined(NV_ASM_SET_MEMORY_H_PRESENT)
             #if defined(NV_ASM_PGTABLE_TYPES_H_PRESENT)
             #include <asm/pgtable_types.h>
------------------------------------
error: --- FAILED to apply patch for: conftest.sh
warning:   - Hunk 3 failed: Context not found
warning:     Failed Hunk Content:
warning:                    # Determine if the set_pages_uc() function is present.
warning:                    #
warning:                    CODE="
warning:       +            #include <linux/types.h>
warning:                    #if defined(NV_ASM_SET_MEMORY_H_PRESENT)
warning:                    #if defined(NV_ASM_PGTABLE_TYPES_H_PRESENT)
warning:                    #include <asm/pgtable_types.h>
warning:       -- 
warning:        2.20.1

--- Summary ---
Successful operations: 0
Failed operations:     1
DRY RUN completed. No files were modified.
warning: Review the log for errors. Some files may be in a partially patched state.
error: Completed with 1 failed patch operations.
