
Found 4 patch operation(s) to perform.
Fuzzy matching enabled with threshold: 0.70
debug: apply_patches_to_dir: applying 4 patch(es) to '.' (dry_run=true, fuzz=0.70)
debug:   [1/4] Applying patch for 'conftest.sh' (1 hunk(s))
Applying patch to: conftest.sh
debug:   apply_patch_to_file: target_dir='.', hunks=1, dry_run=true, fuzz=0.70
trace:   Checking path safety for base '.' and relative path 'conftest.sh'
trace:   ensure_path_is_safe: canonicalized base directory '/home/gabi/github/nvidia-390xx-utils/src/NVIDIA-Linux-x86_64-390.157-no-compat32/kernel'
trace:   ensure_path_is_safe: processing component 'Normal("conftest.sh")' on virtual path '/home/gabi/github/nvidia-390xx-utils/src/NVIDIA-Linux-x86_64-390.157-no-compat32/kernel'
trace:   Path safety verified: 'conftest.sh' safely resolves to '/home/gabi/github/nvidia-390xx-utils/src/NVIDIA-Linux-x86_64-390.157-no-compat32/kernel/conftest.sh'
debug:   Resolved safe target path: '/home/gabi/github/nvidia-390xx-utils/src/NVIDIA-Linux-x86_64-390.157-no-compat32/kernel/conftest.sh'
debug:   Target file exists: '/home/gabi/github/nvidia-390xx-utils/src/NVIDIA-Linux-x86_64-390.157-no-compat32/kernel/conftest.sh'. Reading content...
trace:     Read 180280 bytes (5119 lines) from target file.
debug:   Applying patch logic to content in-memory...
debug: apply_patch_to_content: patch for 'conftest.sh' (1 hunks), original content: 180280 bytes
debug:   apply_patch_to_lines called with 5119 lines of original content.
debug: resolve_hunk_line_hints: evaluating 1 hunk(s) across 5119 target lines
trace: Hunk::get_match_block: extracted 6 match line(s)
trace:   Hunk 1: already has explicit line hint 4655
trace: resolve_hunk_line_hints: beginning relaxation pass 1
debug: resolve_hunk_line_hints: completed hint resolution. 1/1 hunk(s) have anchors.
debug: HunkApplier: initialized with 1 hunk(s) across 5119 line(s) of target content (fuzz_factor=0.70, dry_run=true)
trace: HunkApplier::set_original_newline_status: original_ends_with_newline=true
debug: apply_hunk_to_lines: applying hunk with 28 line(s) against target with 5119 line(s)
trace: Hunk::get_match_block: extracted 6 match line(s)
trace:   Match block: ["            compile_check_conftest \"$CODE\" \"NV_ACPI_VIDEO_BACKLIGHT_USE_NATIVE\" \"\" \"functions\"", "        ;;", "", "        # When adding a new conftest entry, please use the correct format for", "        # specifying the relevant upstream Linux kernel commit.", "        #"]
trace: Hunk::get_replace_block: extracted 28 replacement line(s)
trace:   Replace block: ["            compile_check_conftest \"$CODE\" \"NV_ACPI_VIDEO_BACKLIGHT_USE_NATIVE\" \"\" \"functions\"", "        ;;", "", "        drm_connector_has_override_edid)", "            #", "            # Determine if 'struct drm_connector' has an 'override_edid' member.", "            #", "            # Removed by commit 90b575f52c6ab (\"drm/edid: detach debugfs EDID", "            # override from EDID property update\") in linux-next, expected in", "            # v6.2-rc1.", "            #", "            CODE=\"", "            #if defined(NV_DRM_DRM_CRTC_H_PRESENT)", "            #include <drm/drm_crtc.h>", "            #endif", "            #if defined(NV_DRM_DRM_CONNECTOR_H_PRESENT)", "            #include <drm/drm_connector.h>", "            #endif", "            int conftest_drm_connector_has_override_edid(void) {", "                return offsetof(struct drm_connector, override_edid);", "            }\"", "", "            compile_check_conftest \"$CODE\" \"NV_DRM_CONNECTOR_HAS_OVERRIDE_EDID\" \"\" \"types\"", "        ;;", "", "        # When adding a new conftest entry, please use the correct format for", "        # specifying the relevant upstream Linux kernel commit.", "        #"]
trace: Hunk::has_changes: true
trace: Hunk::get_match_block: extracted 6 match line(s)
trace: Hunk::required_match_span: calculated required match span as 1 line(s) (first_match_idx=Some(2), last_match_idx=Some(2))
trace: DefaultHunkFinder::find_candidate_locations: match block len=6, required_match_span=1, target lines=5119
trace:   find_hunk_location_internal: match_block has 6 lines (entropy=true), target has 5119 lines
trace:   find_hunk_location_internal called for a hunk with 6 lines to match against 5119 target lines.
trace:     Attempting exact match for hunk (match block has 6 line(s))...
trace: tie_break_with_line_number: strategy='exact', hint=Some(4655), entropy=true
trace:       No exact matches found.
trace:     Strategy 1 (Exact): no exact match found.
trace:     Attempting exact match (ignoring trailing whitespace) for hunk (match block has 6 line(s))...
trace: tie_break_with_line_number: strategy='exact (ignoring whitespace)', hint=Some(4655), entropy=true
trace:       No exact (ignoring whitespace) matches found.
trace:     Strategy 2 (Whitespace-insensitive): no match found.
debug:     Strategy 3 (Fuzzy): beginning flexible window fuzzy search (threshold=0.70, match block len=0.7)
trace:       Hunk match block (6 lines): ["            compile_check_conftest \"$CODE\" \"NV_ACPI_VIDEO_BACKLIGHT_USE_NATIVE\" \"\" \"functions\"", "        ;;", "", "        # When adding a new conftest entry, please use the correct format for", "        # specifying the relevant upstream Linux kernel commit.", "        #"]
trace:       Searching with window sizes from 2 to 29 (hunk size: 6, fuzz distance: 23)
debug:       find_search_ranges: analyzing 6 match line(s) against 5119 target line(s).
trace:         Identified 3 high-entropy candidate anchor line(s) (search_radius=15, max candidates to test=100)
debug:         Spatial consensus: 3 anchor(s) agree on start near line 4688
debug:       Found anchor line (hunk line 1) with 1 occurrences.
trace:         Anchor text: 'compile_check_conftest "$CODE" "NV_ACPI_VIDEO_BACKLIGHT_USE_NATIVE" "" "functions"'
trace:         Occurrence at target line 4654: window estimated [4639..4697] (search radius +/-15)
trace:         Raw ranges before merging: [(4638, 4697)]
trace: merge_ranges: merging 1 input range(s): [(4638, 4697)]
trace: merge_ranges: result 1 disjoint range(s): [(4638, 4697)]
debug:       Search ranges merged: 1 disjoint range(s) covering 59/5119 line(s) (98.8% pruned): [(4638, 4697)]
trace:     Using search ranges: [(4638, 4697)]
debug:       compute_scored_windows (parallel): evaluating 1246 candidate window(s) across 1 range(s) (window lengths 2..=29)
trace:         Match block length: 6, Target line count: 5119, Search ranges: [(4638, 4697)]
trace:         score_window: window_len=5, match_len=6, line_score=0.000, ratio_lines=0.000, final_score=0.189
trace:         score_window: window_len=6, match_len=6, line_score=0.000, ratio_lines=0.000, final_score=0.180
trace:         score_window: window_len=5, match_len=6, line_score=0.000, ratio_lines=0.000, final_score=0.181
trace:         score_window: window_len=7, match_len=6, line_score=0.000, ratio_lines=0.000, final_score=0.180
trace:         score_window: window_len=4, match_len=6, line_score=0.000, ratio_lines=0.000, final_score=0.217
trace:         score_window: window_len=8, match_len=6, line_score=0.164, ratio_lines=0.143, final_score=0.194
trace:         score_window: window_len=9, match_len=6, line_score=0.163, ratio_lines=0.133, final_score=0.220
trace:         score_window: window_len=3, match_len=6, line_score=0.000, ratio_lines=0.000, final_score=0.245
trace:         score_window: window_len=10, match_len=6, line_score=0.161, ratio_lines=0.125, final_score=0.218
trace:         score_window: window_len=18, match_len=6, line_score=0.450, ratio_lines=0.250, final_score=0.450
trace:         score_window: window_len=11, match_len=6, line_score=0.319, ratio_lines=0.235, final_score=0.319
trace:         score_window: window_len=19, match_len=6, line_score=0.446, ratio_lines=0.240, final_score=0.446
trace:         score_window: window_len=12, match_len=6, line_score=0.475, ratio_lines=0.333, final_score=0.513
trace:         score_window: window_len=13, match_len=6, line_score=0.628, ratio_lines=0.421, final_score=0.654
trace:         score_window: window_len=20, match_len=6, line_score=0.589, ratio_lines=0.231, final_score=0.589
trace:         score_window: window_len=21, match_len=6, line_score=0.583, ratio_lines=0.222, final_score=0.583
trace:         score_window: window_len=26, match_len=6, line_score=0.694, ratio_lines=0.312, final_score=0.694
trace:         score_window: window_len=22, match_len=6, line_score=0.578, ratio_lines=0.214, final_score=0.578
trace:         score_window: window_len=27, match_len=6, line_score=0.688, ratio_lines=0.303, final_score=0.688
trace:         score_window: window_len=23, match_len=6, line_score=0.572, ratio_lines=0.207, final_score=0.572
trace:         score_window: window_len=28, match_len=6, line_score=0.681, ratio_lines=0.294, final_score=0.681
trace:         score_window: window_len=24, match_len=6, line_score=0.567, ratio_lines=0.200, final_score=0.567
trace:         score_window: window_len=29, match_len=6, line_score=0.674, ratio_lines=0.286, final_score=0.674
trace:         score_window: window_len=25, match_len=6, line_score=0.561, ratio_lines=0.194, final_score=0.561
trace:         score_window: window_len=6, match_len=6, line_score=0.000, ratio_lines=0.000, final_score=0.182
trace:         score_window: window_len=26, match_len=6, line_score=0.556, ratio_lines=0.188, final_score=0.556
trace:         score_window: window_len=27, match_len=6, line_score=0.550, ratio_lines=0.182, final_score=0.550
trace:         score_window: window_len=5, match_len=6, line_score=0.000, ratio_lines=0.000, final_score=0.183
trace:         score_window: window_len=28, match_len=6, line_score=0.544, ratio_lines=0.176, final_score=0.544
trace:         score_window: window_len=7, match_len=6, line_score=0.165, ratio_lines=0.154, final_score=0.198
trace:         score_window: window_len=29, match_len=6, line_score=0.539, ratio_lines=0.171, final_score=0.539
trace:         score_window: window_len=4, match_len=6, line_score=0.000, ratio_lines=0.000, final_score=0.184
trace:         score_window: window_len=8, match_len=6, line_score=0.164, ratio_lines=0.143, final_score=0.223
trace:         score_window: window_len=9, match_len=6, line_score=0.163, ratio_lines=0.133, final_score=0.221
trace:         score_window: window_len=6, match_len=6, line_score=0.167, ratio_lines=0.000, final_score=0.286
trace:         score_window: window_len=10, match_len=6, line_score=0.322, ratio_lines=0.250, final_score=0.322
trace:         score_window: window_len=11, match_len=6, line_score=0.479, ratio_lines=0.353, final_score=0.526
trace:         score_window: window_len=12, match_len=6, line_score=0.633, ratio_lines=0.444, final_score=0.669
trace:         score_window: window_len=5, match_len=6, line_score=0.000, ratio_lines=0.000, final_score=0.230
trace:         score_window: window_len=26, match_len=6, line_score=0.694, ratio_lines=0.312, final_score=0.694
trace:         score_window: window_len=27, match_len=6, line_score=0.688, ratio_lines=0.303, final_score=0.688
trace:         score_window: window_len=7, match_len=6, line_score=0.165, ratio_lines=0.000, final_score=0.271
trace:         score_window: window_len=28, match_len=6, line_score=0.681, ratio_lines=0.294, final_score=0.681
trace:         score_window: window_len=29, match_len=6, line_score=0.674, ratio_lines=0.286, final_score=0.674
trace:         score_window: window_len=6, match_len=6, line_score=0.167, ratio_lines=0.167, final_score=0.240
trace:         score_window: window_len=4, match_len=6, line_score=0.000, ratio_lines=0.000, final_score=0.248
trace:         score_window: window_len=5, match_len=6, line_score=0.000, ratio_lines=0.000, final_score=0.223
trace:         score_window: window_len=7, match_len=6, line_score=0.165, ratio_lines=0.154, final_score=0.247
trace:         score_window: window_len=3, match_len=6, line_score=0.000, ratio_lines=0.000, final_score=0.246
trace:         score_window: window_len=4, match_len=6, line_score=0.000, ratio_lines=0.000, final_score=0.224
trace:         score_window: window_len=17, match_len=6, line_score=0.454, ratio_lines=0.261, final_score=0.454
trace:         score_window: window_len=18, match_len=6, line_score=0.450, ratio_lines=0.250, final_score=0.450
trace:         score_window: window_len=8, match_len=6, line_score=0.164, ratio_lines=0.143, final_score=0.244
trace:         score_window: window_len=19, match_len=6, line_score=0.594, ratio_lines=0.240, final_score=0.594
trace:         score_window: window_len=9, match_len=6, line_score=0.325, ratio_lines=0.267, final_score=0.325
trace:         score_window: window_len=20, match_len=6, line_score=0.589, ratio_lines=0.231, final_score=0.589
trace:         score_window: window_len=10, match_len=6, line_score=0.483, ratio_lines=0.375, final_score=0.547
trace:         score_window: window_len=21, match_len=6, line_score=0.583, ratio_lines=0.222, final_score=0.583
trace:         score_window: window_len=11, match_len=6, line_score=0.639, ratio_lines=0.471, final_score=0.693
trace:         score_window: window_len=26, match_len=6, line_score=0.694, ratio_lines=0.312, final_score=0.694
trace:         score_window: window_len=27, match_len=6, line_score=0.688, ratio_lines=0.303, final_score=0.688
trace:         score_window: window_len=28, match_len=6, line_score=0.681, ratio_lines=0.294, final_score=0.681
trace:         score_window: window_len=22, match_len=6, line_score=0.578, ratio_lines=0.214, final_score=0.578
trace:         score_window: window_len=6, match_len=6, line_score=0.167, ratio_lines=0.167, final_score=0.266
trace:         score_window: window_len=23, match_len=6, line_score=0.572, ratio_lines=0.207, final_score=0.572
trace:         score_window: window_len=7, match_len=6, line_score=0.165, ratio_lines=0.154, final_score=0.263
trace:         score_window: window_len=24, match_len=6, line_score=0.567, ratio_lines=0.200, final_score=0.567
trace:         score_window: window_len=8, match_len=6, line_score=0.328, ratio_lines=0.286, final_score=0.328
trace:         score_window: window_len=25, match_len=6, line_score=0.561, ratio_lines=0.194, final_score=0.561
trace:         score_window: window_len=9, match_len=6, line_score=0.488, ratio_lines=0.400, final_score=0.570
trace:         score_window: window_len=26, match_len=6, line_score=0.556, ratio_lines=0.188, final_score=0.556
trace:         score_window: window_len=10, match_len=6, line_score=0.644, ratio_lines=0.500, final_score=0.719
trace:         score_window: window_len=27, match_len=6, line_score=0.550, ratio_lines=0.182, final_score=0.550
trace:         score_window: window_len=26, match_len=6, line_score=0.694, ratio_lines=0.312, final_score=0.694
trace:         score_window: window_len=27, match_len=6, line_score=0.688, ratio_lines=0.303, final_score=0.688
trace:         score_window: window_len=28, match_len=6, line_score=0.544, ratio_lines=0.176, final_score=0.544
trace:         score_window: window_len=6, match_len=6, line_score=0.167, ratio_lines=0.167, final_score=0.269
trace:         score_window: window_len=29, match_len=6, line_score=0.539, ratio_lines=0.171, final_score=0.539
trace:         score_window: window_len=5, match_len=6, line_score=0.182, ratio_lines=0.182, final_score=0.272
trace:         score_window: window_len=7, match_len=6, line_score=0.331, ratio_lines=0.308, final_score=0.331
trace:         score_window: window_len=6, match_len=6, line_score=0.167, ratio_lines=0.000, final_score=0.304
trace:         score_window: window_len=8, match_len=6, line_score=0.492, ratio_lines=0.429, final_score=0.587
trace:         score_window: window_len=9, match_len=6, line_score=0.650, ratio_lines=0.533, final_score=0.738
trace:         score_window: window_len=5, match_len=6, line_score=0.182, ratio_lines=0.000, final_score=0.322
trace:         score_window: window_len=26, match_len=6, line_score=0.694, ratio_lines=0.312, final_score=0.694
trace:         score_window: window_len=6, match_len=6, line_score=0.333, ratio_lines=0.333, final_score=0.333
trace:         score_window: window_len=5, match_len=6, line_score=0.182, ratio_lines=0.182, final_score=0.311
trace:         score_window: window_len=7, match_len=6, line_score=0.165, ratio_lines=0.000, final_score=0.293
trace:         score_window: window_len=7, match_len=6, line_score=0.496, ratio_lines=0.462, final_score=0.619
trace:         score_window: window_len=4, match_len=6, line_score=0.200, ratio_lines=0.200, final_score=0.314
trace:         score_window: window_len=8, match_len=6, line_score=0.656, ratio_lines=0.571, final_score=0.777
trace:         score_window: window_len=3, match_len=6, line_score=0.222, ratio_lines=0.222, final_score=0.222
trace:         score_window: window_len=4, match_len=6, line_score=0.000, ratio_lines=0.000, final_score=0.261
trace:         score_window: window_len=6, match_len=6, line_score=0.500, ratio_lines=0.500, final_score=0.675
trace:         score_window: window_len=5, match_len=6, line_score=0.364, ratio_lines=0.364, final_score=0.364
trace:         score_window: window_len=7, match_len=6, line_score=0.661, ratio_lines=0.615, final_score=0.835
trace:         score_window: window_len=3, match_len=6, line_score=0.222, ratio_lines=0.222, final_score=0.231
trace:         score_window: window_len=2, match_len=6, line_score=0.250, ratio_lines=0.250, final_score=0.250
trace:         score_window: window_len=8, match_len=6, line_score=0.164, ratio_lines=0.000, final_score=0.283
trace:         score_window: window_len=6, match_len=6, line_score=0.667, ratio_lines=0.667, final_score=0.855
trace:         score_window: window_len=5, match_len=6, line_score=0.545, ratio_lines=0.545, final_score=0.691
trace:         score_window: window_len=4, match_len=6, line_score=0.400, ratio_lines=0.400, final_score=0.400
trace:         score_window: window_len=3, match_len=6, line_score=0.222, ratio_lines=0.222, final_score=0.255
trace:         score_window: window_len=2, match_len=6, line_score=0.250, ratio_lines=0.250, final_score=0.250
trace:         score_window: window_len=3, match_len=6, line_score=0.000, ratio_lines=0.000, final_score=0.288
trace:         score_window: window_len=4, match_len=6, line_score=0.600, ratio_lines=0.600, final_score=0.716
trace:         score_window: window_len=3, match_len=6, line_score=0.444, ratio_lines=0.444, final_score=0.444
trace:         score_window: window_len=2, match_len=6, line_score=0.250, ratio_lines=0.250, final_score=0.281
trace:         score_window: window_len=3, match_len=6, line_score=0.667, ratio_lines=0.667, final_score=0.667
trace:         score_window: window_len=2, match_len=6, line_score=0.500, ratio_lines=0.500, final_score=0.500
trace:         score_window: window_len=9, match_len=6, line_score=0.163, ratio_lines=0.000, final_score=0.273
trace:         score_window: window_len=6, match_len=6, line_score=0.667, ratio_lines=0.667, final_score=0.685
trace:         score_window: window_len=16, match_len=6, line_score=0.458, ratio_lines=0.273, final_score=0.458
trace:         score_window: window_len=7, match_len=6, line_score=0.661, ratio_lines=0.615, final_score=0.666
trace:         score_window: window_len=17, match_len=6, line_score=0.454, ratio_lines=0.261, final_score=0.454
trace:         score_window: window_len=8, match_len=6, line_score=0.656, ratio_lines=0.571, final_score=0.656
trace:         score_window: window_len=18, match_len=6, line_score=0.600, ratio_lines=0.250, final_score=0.600
trace:         score_window: window_len=3, match_len=6, line_score=0.667, ratio_lines=0.667, final_score=0.806
trace:         score_window: window_len=19, match_len=6, line_score=0.594, ratio_lines=0.240, final_score=0.594
trace:         score_window: window_len=9, match_len=6, line_score=0.650, ratio_lines=0.533, final_score=0.650
trace:         score_window: window_len=2, match_len=6, line_score=0.500, ratio_lines=0.500, final_score=0.599
trace:         score_window: window_len=20, match_len=6, line_score=0.589, ratio_lines=0.231, final_score=0.589
trace:         score_window: window_len=10, match_len=6, line_score=0.644, ratio_lines=0.500, final_score=0.644
trace:         score_window: window_len=21, match_len=6, line_score=0.583, ratio_lines=0.222, final_score=0.583
trace:         score_window: window_len=11, match_len=6, line_score=0.639, ratio_lines=0.471, final_score=0.639
trace:         score_window: window_len=22, match_len=6, line_score=0.578, ratio_lines=0.214, final_score=0.578
trace:         score_window: window_len=12, match_len=6, line_score=0.633, ratio_lines=0.444, final_score=0.633
trace:         score_window: window_len=23, match_len=6, line_score=0.572, ratio_lines=0.207, final_score=0.572
trace:         score_window: window_len=13, match_len=6, line_score=0.628, ratio_lines=0.421, final_score=0.628
trace:         score_window: window_len=24, match_len=6, line_score=0.567, ratio_lines=0.200, final_score=0.567
trace:         score_window: window_len=25, match_len=6, line_score=0.561, ratio_lines=0.194, final_score=0.561
trace:         score_window: window_len=14, match_len=6, line_score=0.622, ratio_lines=0.400, final_score=0.622
trace:         score_window: window_len=26, match_len=6, line_score=0.556, ratio_lines=0.188, final_score=0.556
trace:         score_window: window_len=27, match_len=6, line_score=0.550, ratio_lines=0.182, final_score=0.550
trace:         score_window: window_len=15, match_len=6, line_score=0.617, ratio_lines=0.381, final_score=0.617
trace:         score_window: window_len=28, match_len=6, line_score=0.544, ratio_lines=0.176, final_score=0.544
trace:         score_window: window_len=16, match_len=6, line_score=0.611, ratio_lines=0.364, final_score=0.611
trace:         score_window: window_len=29, match_len=6, line_score=0.539, ratio_lines=0.171, final_score=0.539
trace:         score_window: window_len=17, match_len=6, line_score=0.606, ratio_lines=0.348, final_score=0.606
trace:         score_window: window_len=6, match_len=6, line_score=0.167, ratio_lines=0.000, final_score=0.299
trace:         score_window: window_len=18, match_len=6, line_score=0.600, ratio_lines=0.333, final_score=0.600
trace:         score_window: window_len=19, match_len=6, line_score=0.594, ratio_lines=0.320, final_score=0.594
trace:         score_window: window_len=5, match_len=6, line_score=0.182, ratio_lines=0.000, final_score=0.312
trace:         score_window: window_len=20, match_len=6, line_score=0.589, ratio_lines=0.308, final_score=0.589
trace:         score_window: window_len=6, match_len=6, line_score=0.500, ratio_lines=0.500, final_score=0.624
trace:         score_window: window_len=7, match_len=6, line_score=0.165, ratio_lines=0.000, final_score=0.287
trace:         score_window: window_len=5, match_len=6, line_score=0.545, ratio_lines=0.545, final_score=0.641
trace:         score_window: window_len=7, match_len=6, line_score=0.496, ratio_lines=0.462, final_score=0.609
trace:         score_window: window_len=4, match_len=6, line_score=0.200, ratio_lines=0.000, final_score=0.335
trace:         score_window: window_len=4, match_len=6, line_score=0.600, ratio_lines=0.600, final_score=0.699
trace:         score_window: window_len=8, match_len=6, line_score=0.492, ratio_lines=0.429, final_score=0.565
trace:         score_window: window_len=3, match_len=6, line_score=0.667, ratio_lines=0.667, final_score=0.814
trace:         score_window: window_len=8, match_len=6, line_score=0.164, ratio_lines=0.000, final_score=0.276
trace:         score_window: window_len=9, match_len=6, line_score=0.488, ratio_lines=0.400, final_score=0.516
trace:         score_window: window_len=3, match_len=6, line_score=0.000, ratio_lines=0.000, final_score=0.267
trace:         score_window: window_len=2, match_len=6, line_score=0.500, ratio_lines=0.500, final_score=0.748
trace:         score_window: window_len=10, match_len=6, line_score=0.483, ratio_lines=0.375, final_score=0.498
trace:         score_window: window_len=9, match_len=6, line_score=0.163, ratio_lines=0.000, final_score=0.263
trace:         score_window: window_len=15, match_len=6, line_score=0.463, ratio_lines=0.286, final_score=0.463
trace:         score_window: window_len=11, match_len=6, line_score=0.479, ratio_lines=0.353, final_score=0.487
trace:         score_window: window_len=16, match_len=6, line_score=0.458, ratio_lines=0.273, final_score=0.458
trace:         score_window: window_len=17, match_len=6, line_score=0.606, ratio_lines=0.261, final_score=0.606
trace:         score_window: window_len=12, match_len=6, line_score=0.475, ratio_lines=0.333, final_score=0.476
trace:         score_window: window_len=18, match_len=6, line_score=0.600, ratio_lines=0.250, final_score=0.600
trace:         score_window: window_len=13, match_len=6, line_score=0.471, ratio_lines=0.316, final_score=0.471
trace:         score_window: window_len=19, match_len=6, line_score=0.594, ratio_lines=0.240, final_score=0.594
trace:         score_window: window_len=14, match_len=6, line_score=0.467, ratio_lines=0.300, final_score=0.467
trace:         score_window: window_len=20, match_len=6, line_score=0.589, ratio_lines=0.231, final_score=0.589
trace:         score_window: window_len=15, match_len=6, line_score=0.463, ratio_lines=0.286, final_score=0.463
trace:         score_window: window_len=21, match_len=6, line_score=0.583, ratio_lines=0.222, final_score=0.583
trace:         score_window: window_len=16, match_len=6, line_score=0.458, ratio_lines=0.273, final_score=0.458
trace:         score_window: window_len=22, match_len=6, line_score=0.578, ratio_lines=0.214, final_score=0.578
trace:         score_window: window_len=17, match_len=6, line_score=0.454, ratio_lines=0.261, final_score=0.454
trace:         score_window: window_len=18, match_len=6, line_score=0.450, ratio_lines=0.250, final_score=0.450
trace:         score_window: window_len=23, match_len=6, line_score=0.572, ratio_lines=0.207, final_score=0.572
trace:         score_window: window_len=19, match_len=6, line_score=0.446, ratio_lines=0.240, final_score=0.446
trace:         score_window: window_len=6, match_len=6, line_score=0.333, ratio_lines=0.333, final_score=0.333
trace:         score_window: window_len=24, match_len=6, line_score=0.567, ratio_lines=0.200, final_score=0.567
trace:         score_window: window_len=5, match_len=6, line_score=0.364, ratio_lines=0.364, final_score=0.364
trace:         score_window: window_len=25, match_len=6, line_score=0.561, ratio_lines=0.194, final_score=0.561
trace:         score_window: window_len=7, match_len=6, line_score=0.331, ratio_lines=0.308, final_score=0.331
trace:         score_window: window_len=4, match_len=6, line_score=0.400, ratio_lines=0.400, final_score=0.400
trace:         score_window: window_len=26, match_len=6, line_score=0.556, ratio_lines=0.188, final_score=0.556
trace:         score_window: window_len=8, match_len=6, line_score=0.328, ratio_lines=0.286, final_score=0.328
trace:         score_window: window_len=3, match_len=6, line_score=0.444, ratio_lines=0.444, final_score=0.444
trace:         score_window: window_len=27, match_len=6, line_score=0.550, ratio_lines=0.182, final_score=0.550
trace:         score_window: window_len=9, match_len=6, line_score=0.325, ratio_lines=0.267, final_score=0.325
trace:         score_window: window_len=2, match_len=6, line_score=0.500, ratio_lines=0.500, final_score=0.500
trace:         score_window: window_len=28, match_len=6, line_score=0.544, ratio_lines=0.176, final_score=0.544
trace:         score_window: window_len=10, match_len=6, line_score=0.322, ratio_lines=0.250, final_score=0.322
trace:         score_window: window_len=11, match_len=6, line_score=0.319, ratio_lines=0.235, final_score=0.319
trace:         score_window: window_len=29, match_len=6, line_score=0.539, ratio_lines=0.171, final_score=0.539
trace:         score_window: window_len=12, match_len=6, line_score=0.317, ratio_lines=0.222, final_score=0.317
trace:         score_window: window_len=13, match_len=6, line_score=0.314, ratio_lines=0.211, final_score=0.314
trace:         score_window: window_len=6, match_len=6, line_score=0.167, ratio_lines=0.000, final_score=0.198
trace:         score_window: window_len=14, match_len=6, line_score=0.311, ratio_lines=0.200, final_score=0.311
trace:         score_window: window_len=5, match_len=6, line_score=0.182, ratio_lines=0.000, final_score=0.209
trace:         score_window: window_len=15, match_len=6, line_score=0.308, ratio_lines=0.190, final_score=0.308
trace:         score_window: window_len=7, match_len=6, line_score=0.165, ratio_lines=0.000, final_score=0.189
trace:         score_window: window_len=16, match_len=6, line_score=0.306, ratio_lines=0.182, final_score=0.306
trace:         score_window: window_len=4, match_len=6, line_score=0.200, ratio_lines=0.000, final_score=0.220
trace:         score_window: window_len=17, match_len=6, line_score=0.303, ratio_lines=0.174, final_score=0.303
trace:         score_window: window_len=8, match_len=6, line_score=0.164, ratio_lines=0.000, final_score=0.178
trace:         score_window: window_len=6, match_len=6, line_score=0.167, ratio_lines=0.167, final_score=0.228
trace:         score_window: window_len=3, match_len=6, line_score=0.222, ratio_lines=0.000, final_score=0.245
trace:         score_window: window_len=7, match_len=6, line_score=0.165, ratio_lines=0.154, final_score=0.186
trace:         score_window: window_len=9, match_len=6, line_score=0.163, ratio_lines=0.000, final_score=0.173
trace:         score_window: window_len=8, match_len=6, line_score=0.164, ratio_lines=0.143, final_score=0.203
trace:         score_window: window_len=3, match_len=6, line_score=0.222, ratio_lines=0.222, final_score=0.267
trace:         score_window: window_len=10, match_len=6, line_score=0.161, ratio_lines=0.000, final_score=0.168
trace:         score_window: window_len=9, match_len=6, line_score=0.163, ratio_lines=0.133, final_score=0.209
trace:         score_window: window_len=11, match_len=6, line_score=0.160, ratio_lines=0.118, final_score=0.165
trace:         score_window: window_len=2, match_len=6, line_score=0.250, ratio_lines=0.250, final_score=0.264
trace:         score_window: window_len=13, match_len=6, line_score=0.314, ratio_lines=0.211, final_score=0.314
trace:         score_window: window_len=14, match_len=6, line_score=0.467, ratio_lines=0.300, final_score=0.467
trace:         score_window: window_len=15, match_len=6, line_score=0.463, ratio_lines=0.286, final_score=0.463
trace:         score_window: window_len=10, match_len=6, line_score=0.161, ratio_lines=0.125, final_score=0.204
trace:         score_window: window_len=16, match_len=6, line_score=0.611, ratio_lines=0.273, final_score=0.611
trace:         score_window: window_len=17, match_len=6, line_score=0.606, ratio_lines=0.261, final_score=0.606
trace:         score_window: window_len=11, match_len=6, line_score=0.160, ratio_lines=0.118, final_score=0.199
trace:         score_window: window_len=18, match_len=6, line_score=0.600, ratio_lines=0.250, final_score=0.600
trace:         score_window: window_len=19, match_len=6, line_score=0.594, ratio_lines=0.240, final_score=0.594
trace:         score_window: window_len=12, match_len=6, line_score=0.158, ratio_lines=0.111, final_score=0.195
trace:         score_window: window_len=20, match_len=6, line_score=0.589, ratio_lines=0.231, final_score=0.589
trace:         score_window: window_len=21, match_len=6, line_score=0.583, ratio_lines=0.222, final_score=0.583
trace:         score_window: window_len=13, match_len=6, line_score=0.157, ratio_lines=0.105, final_score=0.198
trace:         score_window: window_len=22, match_len=6, line_score=0.578, ratio_lines=0.214, final_score=0.578
trace:         score_window: window_len=14, match_len=6, line_score=0.156, ratio_lines=0.100, final_score=0.194
trace:         score_window: window_len=23, match_len=6, line_score=0.572, ratio_lines=0.207, final_score=0.572
trace:         score_window: window_len=15, match_len=6, line_score=0.463, ratio_lines=0.286, final_score=0.463
trace:         score_window: window_len=24, match_len=6, line_score=0.567, ratio_lines=0.200, final_score=0.567
trace:         score_window: window_len=25, match_len=6, line_score=0.561, ratio_lines=0.194, final_score=0.561
trace:         score_window: window_len=16, match_len=6, line_score=0.458, ratio_lines=0.273, final_score=0.458
trace:         score_window: window_len=26, match_len=6, line_score=0.556, ratio_lines=0.188, final_score=0.556
trace:         score_window: window_len=27, match_len=6, line_score=0.550, ratio_lines=0.182, final_score=0.550
trace:         score_window: window_len=17, match_len=6, line_score=0.454, ratio_lines=0.261, final_score=0.454
trace:         score_window: window_len=28, match_len=6, line_score=0.544, ratio_lines=0.176, final_score=0.544
trace:         score_window: window_len=6, match_len=6, line_score=0.167, ratio_lines=0.167, final_score=0.254
trace:         score_window: window_len=29, match_len=6, line_score=0.539, ratio_lines=0.171, final_score=0.539
trace:         score_window: window_len=5, match_len=6, line_score=0.182, ratio_lines=0.182, final_score=0.308
trace:         score_window: window_len=6, match_len=6, line_score=0.167, ratio_lines=0.000, final_score=0.278
trace:         score_window: window_len=7, match_len=6, line_score=0.165, ratio_lines=0.154, final_score=0.243
trace:         score_window: window_len=7, match_len=6, line_score=0.165, ratio_lines=0.000, final_score=0.252
trace:         score_window: window_len=8, match_len=6, line_score=0.164, ratio_lines=0.143, final_score=0.203
trace:         score_window: window_len=3, match_len=6, line_score=0.222, ratio_lines=0.222, final_score=0.337
trace:         score_window: window_len=8, match_len=6, line_score=0.164, ratio_lines=0.000, final_score=0.253
trace:         score_window: window_len=3, match_len=6, line_score=0.222, ratio_lines=0.000, final_score=0.312
trace:         score_window: window_len=9, match_len=6, line_score=0.163, ratio_lines=0.133, final_score=0.197
trace:         score_window: window_len=9, match_len=6, line_score=0.163, ratio_lines=0.000, final_score=0.301
trace:         score_window: window_len=10, match_len=6, line_score=0.161, ratio_lines=0.125, final_score=0.192
trace:         score_window: window_len=2, match_len=6, line_score=0.250, ratio_lines=0.000, final_score=0.308
trace:         score_window: window_len=11, match_len=6, line_score=0.319, ratio_lines=0.235, final_score=0.319
trace:         score_window: window_len=10, match_len=6, line_score=0.161, ratio_lines=0.125, final_score=0.296
trace:         score_window: window_len=11, match_len=6, line_score=0.160, ratio_lines=0.118, final_score=0.302
trace:         score_window: window_len=12, match_len=6, line_score=0.317, ratio_lines=0.222, final_score=0.317
trace:         score_window: window_len=12, match_len=6, line_score=0.317, ratio_lines=0.222, final_score=0.319
trace:         score_window: window_len=13, match_len=6, line_score=0.471, ratio_lines=0.316, final_score=0.471
trace:         score_window: window_len=14, match_len=6, line_score=0.467, ratio_lines=0.300, final_score=0.467
trace:         score_window: window_len=15, match_len=6, line_score=0.617, ratio_lines=0.286, final_score=0.617
trace:         score_window: window_len=16, match_len=6, line_score=0.611, ratio_lines=0.273, final_score=0.611
trace:         score_window: window_len=13, match_len=6, line_score=0.314, ratio_lines=0.211, final_score=0.314
trace:         score_window: window_len=17, match_len=6, line_score=0.606, ratio_lines=0.261, final_score=0.606
trace:         score_window: window_len=18, match_len=6, line_score=0.600, ratio_lines=0.250, final_score=0.600
trace:         score_window: window_len=14, match_len=6, line_score=0.467, ratio_lines=0.300, final_score=0.467
trace:         score_window: window_len=19, match_len=6, line_score=0.594, ratio_lines=0.240, final_score=0.594
trace:         score_window: window_len=20, match_len=6, line_score=0.589, ratio_lines=0.231, final_score=0.589
trace:         score_window: window_len=15, match_len=6, line_score=0.463, ratio_lines=0.286, final_score=0.463
trace:         score_window: window_len=21, match_len=6, line_score=0.583, ratio_lines=0.222, final_score=0.583
trace:         score_window: window_len=22, match_len=6, line_score=0.578, ratio_lines=0.214, final_score=0.578
trace:         score_window: window_len=16, match_len=6, line_score=0.458, ratio_lines=0.273, final_score=0.458
trace:         score_window: window_len=3, match_len=6, line_score=0.222, ratio_lines=0.222, final_score=0.222
trace:         score_window: window_len=2, match_len=6, line_score=0.250, ratio_lines=0.250, final_score=0.250
trace:         score_window: window_len=23, match_len=6, line_score=0.572, ratio_lines=0.207, final_score=0.572
trace:         score_window: window_len=10, match_len=6, line_score=0.322, ratio_lines=0.250, final_score=0.322
trace:         score_window: window_len=24, match_len=6, line_score=0.567, ratio_lines=0.200, final_score=0.567
trace:         score_window: window_len=11, match_len=6, line_score=0.319, ratio_lines=0.235, final_score=0.319
trace:         score_window: window_len=12, match_len=6, line_score=0.317, ratio_lines=0.222, final_score=0.317
trace:         score_window: window_len=25, match_len=6, line_score=0.561, ratio_lines=0.194, final_score=0.561
trace:         score_window: window_len=13, match_len=6, line_score=0.471, ratio_lines=0.316, final_score=0.471
trace:         score_window: window_len=26, match_len=6, line_score=0.556, ratio_lines=0.188, final_score=0.556
trace:         score_window: window_len=14, match_len=6, line_score=0.467, ratio_lines=0.300, final_score=0.467
trace:         score_window: window_len=27, match_len=6, line_score=0.550, ratio_lines=0.182, final_score=0.550
trace:         score_window: window_len=15, match_len=6, line_score=0.463, ratio_lines=0.286, final_score=0.463
trace:         score_window: window_len=3, match_len=6, line_score=0.222, ratio_lines=0.222, final_score=0.222
trace:         score_window: window_len=9, match_len=6, line_score=0.325, ratio_lines=0.267, final_score=0.325
trace:         score_window: window_len=2, match_len=6, line_score=0.250, ratio_lines=0.250, final_score=0.250
trace:         score_window: window_len=10, match_len=6, line_score=0.322, ratio_lines=0.250, final_score=0.322
trace:         score_window: window_len=28, match_len=6, line_score=0.544, ratio_lines=0.176, final_score=0.544
trace:         score_window: window_len=11, match_len=6, line_score=0.319, ratio_lines=0.235, final_score=0.319
trace:         score_window: window_len=12, match_len=6, line_score=0.475, ratio_lines=0.333, final_score=0.475
trace:         score_window: window_len=29, match_len=6, line_score=0.539, ratio_lines=0.171, final_score=0.539
trace:         score_window: window_len=13, match_len=6, line_score=0.471, ratio_lines=0.316, final_score=0.471
trace:         score_window: window_len=6, match_len=6, line_score=0.167, ratio_lines=0.000, final_score=0.167
trace:         score_window: window_len=7, match_len=6, line_score=0.165, ratio_lines=0.000, final_score=0.176
trace:         score_window: window_len=14, match_len=6, line_score=0.467, ratio_lines=0.300, final_score=0.467
trace:         score_window: window_len=8, match_len=6, line_score=0.328, ratio_lines=0.286, final_score=0.328
trace:         score_window: window_len=8, match_len=6, line_score=0.164, ratio_lines=0.000, final_score=0.183
trace:         score_window: window_len=3, match_len=6, line_score=0.222, ratio_lines=0.000, final_score=0.222
trace:         score_window: window_len=9, match_len=6, line_score=0.325, ratio_lines=0.267, final_score=0.325
trace:         score_window: window_len=9, match_len=6, line_score=0.163, ratio_lines=0.133, final_score=0.188
trace:         score_window: window_len=2, match_len=6, line_score=0.250, ratio_lines=0.000, final_score=0.250
trace:         score_window: window_len=10, match_len=6, line_score=0.322, ratio_lines=0.250, final_score=0.322
trace:         score_window: window_len=11, match_len=6, line_score=0.479, ratio_lines=0.353, final_score=0.479
trace:         score_window: window_len=10, match_len=6, line_score=0.161, ratio_lines=0.125, final_score=0.341
trace:         score_window: window_len=11, match_len=6, line_score=0.319, ratio_lines=0.235, final_score=0.358
trace:         score_window: window_len=12, match_len=6, line_score=0.475, ratio_lines=0.333, final_score=0.475
trace:         score_window: window_len=12, match_len=6, line_score=0.475, ratio_lines=0.333, final_score=0.475
trace:         score_window: window_len=13, match_len=6, line_score=0.471, ratio_lines=0.316, final_score=0.471
trace:         score_window: window_len=14, match_len=6, line_score=0.622, ratio_lines=0.300, final_score=0.622
trace:         score_window: window_len=13, match_len=6, line_score=0.471, ratio_lines=0.316, final_score=0.471
trace:         score_window: window_len=15, match_len=6, line_score=0.617, ratio_lines=0.286, final_score=0.617
trace:         score_window: window_len=7, match_len=6, line_score=0.331, ratio_lines=0.308, final_score=0.331
trace:         score_window: window_len=8, match_len=6, line_score=0.328, ratio_lines=0.286, final_score=0.328
trace:         score_window: window_len=16, match_len=6, line_score=0.611, ratio_lines=0.273, final_score=0.611
trace:         score_window: window_len=9, match_len=6, line_score=0.325, ratio_lines=0.267, final_score=0.325
trace:         score_window: window_len=17, match_len=6, line_score=0.606, ratio_lines=0.261, final_score=0.606
trace:         score_window: window_len=10, match_len=6, line_score=0.483, ratio_lines=0.375, final_score=0.483
trace:         score_window: window_len=18, match_len=6, line_score=0.600, ratio_lines=0.250, final_score=0.600
trace:         score_window: window_len=11, match_len=6, line_score=0.479, ratio_lines=0.353, final_score=0.479
trace:         score_window: window_len=19, match_len=6, line_score=0.594, ratio_lines=0.240, final_score=0.594
trace:         score_window: window_len=20, match_len=6, line_score=0.589, ratio_lines=0.231, final_score=0.589
trace:         score_window: window_len=12, match_len=6, line_score=0.475, ratio_lines=0.333, final_score=0.475
trace:         score_window: window_len=6, match_len=6, line_score=0.333, ratio_lines=0.333, final_score=0.333
trace:         score_window: window_len=7, match_len=6, line_score=0.331, ratio_lines=0.308, final_score=0.331
trace:         score_window: window_len=8, match_len=6, line_score=0.328, ratio_lines=0.286, final_score=0.328
trace:         score_window: window_len=21, match_len=6, line_score=0.583, ratio_lines=0.222, final_score=0.583
trace:         score_window: window_len=3, match_len=6, line_score=0.222, ratio_lines=0.222, final_score=0.256
trace:         score_window: window_len=9, match_len=6, line_score=0.488, ratio_lines=0.400, final_score=0.488
trace:         score_window: window_len=22, match_len=6, line_score=0.578, ratio_lines=0.214, final_score=0.578
trace:         score_window: window_len=10, match_len=6, line_score=0.483, ratio_lines=0.375, final_score=0.483
trace:         score_window: window_len=23, match_len=6, line_score=0.572, ratio_lines=0.207, final_score=0.572
trace:         score_window: window_len=24, match_len=6, line_score=0.567, ratio_lines=0.200, final_score=0.567
trace:         score_window: window_len=11, match_len=6, line_score=0.479, ratio_lines=0.353, final_score=0.479
trace:         score_window: window_len=6, match_len=6, line_score=0.333, ratio_lines=0.333, final_score=0.333
trace:         score_window: window_len=5, match_len=6, line_score=0.364, ratio_lines=0.364, final_score=0.364
trace:         score_window: window_len=7, match_len=6, line_score=0.331, ratio_lines=0.308, final_score=0.331
trace:         score_window: window_len=8, match_len=6, line_score=0.492, ratio_lines=0.429, final_score=0.492
trace:         score_window: window_len=3, match_len=6, line_score=0.222, ratio_lines=0.222, final_score=0.222
trace:         score_window: window_len=25, match_len=6, line_score=0.561, ratio_lines=0.194, final_score=0.561
trace:         score_window: window_len=9, match_len=6, line_score=0.488, ratio_lines=0.400, final_score=0.488
trace:         score_window: window_len=2, match_len=6, line_score=0.250, ratio_lines=0.250, final_score=0.250
trace:         score_window: window_len=26, match_len=6, line_score=0.556, ratio_lines=0.188, final_score=0.556
trace:         score_window: window_len=10, match_len=6, line_score=0.483, ratio_lines=0.375, final_score=0.483
trace:         score_window: window_len=6, match_len=6, line_score=0.333, ratio_lines=0.333, final_score=0.333
trace:         score_window: window_len=5, match_len=6, line_score=0.364, ratio_lines=0.364, final_score=0.364
trace:         score_window: window_len=7, match_len=6, line_score=0.496, ratio_lines=0.462, final_score=0.496
trace:         score_window: window_len=4, match_len=6, line_score=0.400, ratio_lines=0.400, final_score=0.400
trace:         score_window: window_len=27, match_len=6, line_score=0.550, ratio_lines=0.182, final_score=0.550
trace:         score_window: window_len=8, match_len=6, line_score=0.492, ratio_lines=0.429, final_score=0.492
trace:         score_window: window_len=3, match_len=6, line_score=0.222, ratio_lines=0.222, final_score=0.222
trace:         score_window: window_len=9, match_len=6, line_score=0.488, ratio_lines=0.400, final_score=0.488
trace:         score_window: window_len=2, match_len=6, line_score=0.250, ratio_lines=0.250, final_score=0.250
trace:         score_window: window_len=6, match_len=6, line_score=0.333, ratio_lines=0.333, final_score=0.333
trace:         score_window: window_len=28, match_len=6, line_score=0.544, ratio_lines=0.176, final_score=0.544
trace:         score_window: window_len=7, match_len=6, line_score=0.331, ratio_lines=0.308, final_score=0.331
trace:         score_window: window_len=8, match_len=6, line_score=0.328, ratio_lines=0.286, final_score=0.338
trace:         score_window: window_len=3, match_len=6, line_score=0.222, ratio_lines=0.222, final_score=0.222
trace:         score_window: window_len=6, match_len=6, line_score=0.333, ratio_lines=0.333, final_score=0.333
trace:         score_window: window_len=29, match_len=6, line_score=0.539, ratio_lines=0.171, final_score=0.539
trace:         score_window: window_len=5, match_len=6, line_score=0.364, ratio_lines=0.364, final_score=0.364
trace:         score_window: window_len=7, match_len=6, line_score=0.331, ratio_lines=0.308, final_score=0.352
trace:         score_window: window_len=6, match_len=6, line_score=0.000, ratio_lines=0.000, final_score=0.176
trace:         score_window: window_len=3, match_len=6, line_score=0.222, ratio_lines=0.222, final_score=0.222
trace:         score_window: window_len=2, match_len=6, line_score=0.250, ratio_lines=0.250, final_score=0.250
trace:         score_window: window_len=5, match_len=6, line_score=0.000, ratio_lines=0.000, final_score=0.167
trace:         score_window: window_len=6, match_len=6, line_score=0.333, ratio_lines=0.333, final_score=0.365
trace:         score_window: window_len=5, match_len=6, line_score=0.364, ratio_lines=0.364, final_score=0.364
trace:         score_window: window_len=4, match_len=6, line_score=0.400, ratio_lines=0.400, final_score=0.400
trace:         score_window: window_len=3, match_len=6, line_score=0.222, ratio_lines=0.222, final_score=0.222
trace:         score_window: window_len=2, match_len=6, line_score=0.250, ratio_lines=0.250, final_score=0.250
trace:         score_window: window_len=7, match_len=6, line_score=0.000, ratio_lines=0.000, final_score=0.175
trace:         score_window: window_len=3, match_len=6, line_score=0.222, ratio_lines=0.222, final_score=0.222
trace:         score_window: window_len=3, match_len=6, line_score=0.222, ratio_lines=0.222, final_score=0.282
trace:         score_window: window_len=2, match_len=6, line_score=0.250, ratio_lines=0.250, final_score=0.250
trace:         score_window: window_len=3, match_len=6, line_score=0.222, ratio_lines=0.222, final_score=0.278
trace:         score_window: window_len=2, match_len=6, line_score=0.250, ratio_lines=0.250, final_score=0.278
trace:         score_window: window_len=8, match_len=6, line_score=0.164, ratio_lines=0.143, final_score=0.190
trace:         score_window: window_len=6, match_len=6, line_score=0.667, ratio_lines=0.500, final_score=0.667
trace:         score_window: window_len=9, match_len=6, line_score=0.163, ratio_lines=0.133, final_score=0.342
trace:         score_window: window_len=5, match_len=6, line_score=0.545, ratio_lines=0.545, final_score=0.646
trace:         score_window: window_len=10, match_len=6, line_score=0.322, ratio_lines=0.250, final_score=0.361
trace:         score_window: window_len=7, match_len=6, line_score=0.661, ratio_lines=0.462, final_score=0.661
trace:         score_window: window_len=4, match_len=6, line_score=0.600, ratio_lines=0.600, final_score=0.600
trace:         score_window: window_len=11, match_len=6, line_score=0.479, ratio_lines=0.353, final_score=0.479
trace:         score_window: window_len=8, match_len=6, line_score=0.656, ratio_lines=0.429, final_score=0.656
trace:         score_window: window_len=3, match_len=6, line_score=0.444, ratio_lines=0.444, final_score=0.444
trace:         score_window: window_len=12, match_len=6, line_score=0.475, ratio_lines=0.333, final_score=0.475
trace:         score_window: window_len=13, match_len=6, line_score=0.628, ratio_lines=0.316, final_score=0.628
trace:         score_window: window_len=9, match_len=6, line_score=0.650, ratio_lines=0.400, final_score=0.650
trace:         score_window: window_len=14, match_len=6, line_score=0.622, ratio_lines=0.300, final_score=0.622
trace:         score_window: window_len=2, match_len=6, line_score=0.250, ratio_lines=0.250, final_score=0.269
trace:         score_window: window_len=15, match_len=6, line_score=0.617, ratio_lines=0.286, final_score=0.617
trace:         score_window: window_len=16, match_len=6, line_score=0.611, ratio_lines=0.273, final_score=0.611
trace:         score_window: window_len=10, match_len=6, line_score=0.644, ratio_lines=0.375, final_score=0.644
trace:         score_window: window_len=17, match_len=6, line_score=0.606, ratio_lines=0.261, final_score=0.606
trace:         score_window: window_len=11, match_len=6, line_score=0.639, ratio_lines=0.353, final_score=0.639
trace:         score_window: window_len=18, match_len=6, line_score=0.600, ratio_lines=0.250, final_score=0.600
trace:         score_window: window_len=19, match_len=6, line_score=0.594, ratio_lines=0.240, final_score=0.594
trace:         score_window: window_len=12, match_len=6, line_score=0.633, ratio_lines=0.333, final_score=0.633
trace:         score_window: window_len=20, match_len=6, line_score=0.589, ratio_lines=0.231, final_score=0.589
trace:         score_window: window_len=21, match_len=6, line_score=0.583, ratio_lines=0.222, final_score=0.583
trace:         score_window: window_len=13, match_len=6, line_score=0.628, ratio_lines=0.316, final_score=0.628
trace:         score_window: window_len=22, match_len=6, line_score=0.578, ratio_lines=0.214, final_score=0.578
trace:         score_window: window_len=14, match_len=6, line_score=0.622, ratio_lines=0.300, final_score=0.622
trace:         score_window: window_len=15, match_len=6, line_score=0.617, ratio_lines=0.286, final_score=0.617
trace:         score_window: window_len=23, match_len=6, line_score=0.572, ratio_lines=0.207, final_score=0.572
trace:         score_window: window_len=24, match_len=6, line_score=0.567, ratio_lines=0.200, final_score=0.567
trace:         score_window: window_len=16, match_len=6, line_score=0.611, ratio_lines=0.273, final_score=0.611
trace:         score_window: window_len=25, match_len=6, line_score=0.561, ratio_lines=0.194, final_score=0.561
trace:         score_window: window_len=17, match_len=6, line_score=0.606, ratio_lines=0.261, final_score=0.606
trace:         score_window: window_len=26, match_len=6, line_score=0.556, ratio_lines=0.188, final_score=0.556
trace:         score_window: window_len=18, match_len=6, line_score=0.600, ratio_lines=0.250, final_score=0.600
trace:         score_window: window_len=27, match_len=6, line_score=0.550, ratio_lines=0.182, final_score=0.550
trace:         score_window: window_len=19, match_len=6, line_score=0.594, ratio_lines=0.240, final_score=0.594
trace:         score_window: window_len=28, match_len=6, line_score=0.544, ratio_lines=0.176, final_score=0.544
trace:         score_window: window_len=20, match_len=6, line_score=0.589, ratio_lines=0.231, final_score=0.589
trace:         score_window: window_len=29, match_len=6, line_score=0.539, ratio_lines=0.171, final_score=0.539
trace:         score_window: window_len=21, match_len=6, line_score=0.583, ratio_lines=0.222, final_score=0.583
trace:         score_window: window_len=6, match_len=6, line_score=0.000, ratio_lines=0.000, final_score=0.178
trace:         score_window: window_len=5, match_len=6, line_score=0.000, ratio_lines=0.000, final_score=0.179
trace:         score_window: window_len=22, match_len=6, line_score=0.578, ratio_lines=0.214, final_score=0.578
trace:         score_window: window_len=7, match_len=6, line_score=0.165, ratio_lines=0.154, final_score=0.194
trace:         score_window: window_len=23, match_len=6, line_score=0.572, ratio_lines=0.207, final_score=0.572
trace:         score_window: window_len=4, match_len=6, line_score=0.000, ratio_lines=0.000, final_score=0.171
trace:         score_window: window_len=8, match_len=6, line_score=0.164, ratio_lines=0.143, final_score=0.348
trace:         score_window: window_len=24, match_len=6, line_score=0.567, ratio_lines=0.200, final_score=0.567
trace:         score_window: window_len=9, match_len=6, line_score=0.325, ratio_lines=0.267, final_score=0.367
trace:         score_window: window_len=10, match_len=6, line_score=0.483, ratio_lines=0.375, final_score=0.483
trace:         score_window: window_len=25, match_len=6, line_score=0.561, ratio_lines=0.194, final_score=0.561
trace:         score_window: window_len=11, match_len=6, line_score=0.479, ratio_lines=0.353, final_score=0.479
trace:         score_window: window_len=12, match_len=6, line_score=0.633, ratio_lines=0.333, final_score=0.633
trace:         score_window: window_len=26, match_len=6, line_score=0.556, ratio_lines=0.188, final_score=0.556
trace:         score_window: window_len=13, match_len=6, line_score=0.628, ratio_lines=0.316, final_score=0.628
trace:         score_window: window_len=14, match_len=6, line_score=0.622, ratio_lines=0.300, final_score=0.622
trace:         score_window: window_len=27, match_len=6, line_score=0.550, ratio_lines=0.242, final_score=0.550
trace:         score_window: window_len=15, match_len=6, line_score=0.617, ratio_lines=0.286, final_score=0.617
trace:         score_window: window_len=28, match_len=6, line_score=0.681, ratio_lines=0.294, final_score=0.681
trace:         score_window: window_len=16, match_len=6, line_score=0.611, ratio_lines=0.273, final_score=0.611
trace:         score_window: window_len=6, match_len=6, line_score=0.667, ratio_lines=0.500, final_score=0.667
trace:         score_window: window_len=7, match_len=6, line_score=0.661, ratio_lines=0.462, final_score=0.661
trace:         score_window: window_len=4, match_len=6, line_score=0.600, ratio_lines=0.600, final_score=0.652
trace:         score_window: window_len=8, match_len=6, line_score=0.656, ratio_lines=0.429, final_score=0.656
trace:         score_window: window_len=3, match_len=6, line_score=0.667, ratio_lines=0.667, final_score=0.667
trace:         score_window: window_len=17, match_len=6, line_score=0.606, ratio_lines=0.261, final_score=0.606
trace:         score_window: window_len=9, match_len=6, line_score=0.650, ratio_lines=0.400, final_score=0.650
trace:         score_window: window_len=2, match_len=6, line_score=0.500, ratio_lines=0.500, final_score=0.500
trace:         score_window: window_len=18, match_len=6, line_score=0.600, ratio_lines=0.250, final_score=0.600
trace:         score_window: window_len=10, match_len=6, line_score=0.644, ratio_lines=0.375, final_score=0.644
trace:         score_window: window_len=19, match_len=6, line_score=0.594, ratio_lines=0.240, final_score=0.594
trace:         score_window: window_len=20, match_len=6, line_score=0.589, ratio_lines=0.231, final_score=0.589
trace:         score_window: window_len=11, match_len=6, line_score=0.639, ratio_lines=0.353, final_score=0.639
trace:         score_window: window_len=21, match_len=6, line_score=0.583, ratio_lines=0.222, final_score=0.583
trace:         score_window: window_len=12, match_len=6, line_score=0.633, ratio_lines=0.333, final_score=0.633
trace:         score_window: window_len=22, match_len=6, line_score=0.578, ratio_lines=0.214, final_score=0.578
trace:         score_window: window_len=13, match_len=6, line_score=0.628, ratio_lines=0.316, final_score=0.628
trace:         score_window: window_len=14, match_len=6, line_score=0.622, ratio_lines=0.300, final_score=0.622
trace:         score_window: window_len=23, match_len=6, line_score=0.572, ratio_lines=0.207, final_score=0.572
trace:         score_window: window_len=15, match_len=6, line_score=0.617, ratio_lines=0.286, final_score=0.617
trace:         score_window: window_len=24, match_len=6, line_score=0.567, ratio_lines=0.200, final_score=0.567
trace:         score_window: window_len=16, match_len=6, line_score=0.611, ratio_lines=0.273, final_score=0.611
trace:         score_window: window_len=25, match_len=6, line_score=0.561, ratio_lines=0.194, final_score=0.561
trace:         score_window: window_len=17, match_len=6, line_score=0.606, ratio_lines=0.261, final_score=0.606
trace:         score_window: window_len=18, match_len=6, line_score=0.600, ratio_lines=0.250, final_score=0.600
trace:         score_window: window_len=26, match_len=6, line_score=0.556, ratio_lines=0.188, final_score=0.556
trace:         score_window: window_len=19, match_len=6, line_score=0.594, ratio_lines=0.240, final_score=0.594
trace:         score_window: window_len=27, match_len=6, line_score=0.550, ratio_lines=0.182, final_score=0.550
trace:         score_window: window_len=20, match_len=6, line_score=0.589, ratio_lines=0.231, final_score=0.589
trace:         score_window: window_len=21, match_len=6, line_score=0.583, ratio_lines=0.222, final_score=0.583
trace:         score_window: window_len=28, match_len=6, line_score=0.544, ratio_lines=0.176, final_score=0.544
trace:         score_window: window_len=22, match_len=6, line_score=0.578, ratio_lines=0.214, final_score=0.578
trace:         score_window: window_len=29, match_len=6, line_score=0.539, ratio_lines=0.171, final_score=0.539
trace:         score_window: window_len=23, match_len=6, line_score=0.572, ratio_lines=0.207, final_score=0.572
trace:         score_window: window_len=6, match_len=6, line_score=0.167, ratio_lines=0.167, final_score=0.208
trace:         score_window: window_len=24, match_len=6, line_score=0.567, ratio_lines=0.200, final_score=0.567
trace:         score_window: window_len=5, match_len=6, line_score=0.000, ratio_lines=0.000, final_score=0.191
trace:         score_window: window_len=25, match_len=6, line_score=0.561, ratio_lines=0.194, final_score=0.561
trace:         score_window: window_len=7, match_len=6, line_score=0.165, ratio_lines=0.154, final_score=0.368
trace:         score_window: window_len=26, match_len=6, line_score=0.556, ratio_lines=0.250, final_score=0.556
trace:         score_window: window_len=4, match_len=6, line_score=0.000, ratio_lines=0.000, final_score=0.192
trace:         score_window: window_len=27, match_len=6, line_score=0.688, ratio_lines=0.303, final_score=0.688
trace:         score_window: window_len=8, match_len=6, line_score=0.328, ratio_lines=0.286, final_score=0.389
trace:         score_window: window_len=6, match_len=6, line_score=0.500, ratio_lines=0.333, final_score=0.500
trace:         score_window: window_len=5, match_len=6, line_score=0.545, ratio_lines=0.364, final_score=0.545
trace:         score_window: window_len=9, match_len=6, line_score=0.488, ratio_lines=0.400, final_score=0.488
trace:         score_window: window_len=10, match_len=6, line_score=0.483, ratio_lines=0.375, final_score=0.483
trace:         score_window: window_len=7, match_len=6, line_score=0.496, ratio_lines=0.308, final_score=0.496
trace:         score_window: window_len=4, match_len=6, line_score=0.600, ratio_lines=0.400, final_score=0.600
trace:         score_window: window_len=8, match_len=6, line_score=0.492, ratio_lines=0.286, final_score=0.492
trace:         score_window: window_len=11, match_len=6, line_score=0.639, ratio_lines=0.353, final_score=0.639
trace:         score_window: window_len=3, match_len=6, line_score=0.444, ratio_lines=0.444, final_score=0.444
trace:         score_window: window_len=12, match_len=6, line_score=0.633, ratio_lines=0.333, final_score=0.633
trace:         score_window: window_len=9, match_len=6, line_score=0.488, ratio_lines=0.267, final_score=0.488
trace:         score_window: window_len=2, match_len=6, line_score=0.500, ratio_lines=0.500, final_score=0.500
trace:         score_window: window_len=13, match_len=6, line_score=0.628, ratio_lines=0.316, final_score=0.628
trace:         score_window: window_len=14, match_len=6, line_score=0.622, ratio_lines=0.300, final_score=0.622
trace:         score_window: window_len=10, match_len=6, line_score=0.483, ratio_lines=0.250, final_score=0.483
trace:         score_window: window_len=15, match_len=6, line_score=0.617, ratio_lines=0.286, final_score=0.617
trace:         score_window: window_len=16, match_len=6, line_score=0.611, ratio_lines=0.273, final_score=0.611
trace:         score_window: window_len=11, match_len=6, line_score=0.479, ratio_lines=0.235, final_score=0.479
trace:         score_window: window_len=17, match_len=6, line_score=0.606, ratio_lines=0.261, final_score=0.606
trace:         score_window: window_len=12, match_len=6, line_score=0.475, ratio_lines=0.222, final_score=0.475
trace:         score_window: window_len=18, match_len=6, line_score=0.600, ratio_lines=0.250, final_score=0.600
trace:         score_window: window_len=19, match_len=6, line_score=0.594, ratio_lines=0.240, final_score=0.594
trace:         score_window: window_len=20, match_len=6, line_score=0.589, ratio_lines=0.231, final_score=0.589
trace:         score_window: window_len=13, match_len=6, line_score=0.471, ratio_lines=0.211, final_score=0.471
trace:         score_window: window_len=21, match_len=6, line_score=0.583, ratio_lines=0.222, final_score=0.583
trace:         score_window: window_len=14, match_len=6, line_score=0.467, ratio_lines=0.200, final_score=0.467
trace:         score_window: window_len=22, match_len=6, line_score=0.578, ratio_lines=0.214, final_score=0.578
trace:         score_window: window_len=15, match_len=6, line_score=0.463, ratio_lines=0.190, final_score=0.463
trace:         score_window: window_len=23, match_len=6, line_score=0.572, ratio_lines=0.207, final_score=0.572
trace:         score_window: window_len=16, match_len=6, line_score=0.458, ratio_lines=0.182, final_score=0.458
trace:         score_window: window_len=24, match_len=6, line_score=0.567, ratio_lines=0.200, final_score=0.567
trace:         score_window: window_len=17, match_len=6, line_score=0.454, ratio_lines=0.174, final_score=0.454
trace:         score_window: window_len=25, match_len=6, line_score=0.561, ratio_lines=0.194, final_score=0.561
trace:         score_window: window_len=18, match_len=6, line_score=0.450, ratio_lines=0.167, final_score=0.450
trace:         score_window: window_len=19, match_len=6, line_score=0.446, ratio_lines=0.160, final_score=0.446
trace:         score_window: window_len=26, match_len=6, line_score=0.556, ratio_lines=0.188, final_score=0.556
trace:         score_window: window_len=20, match_len=6, line_score=0.442, ratio_lines=0.154, final_score=0.442
trace:         score_window: window_len=27, match_len=6, line_score=0.550, ratio_lines=0.182, final_score=0.550
trace:         score_window: window_len=21, match_len=6, line_score=0.438, ratio_lines=0.148, final_score=0.438
trace:         score_window: window_len=22, match_len=6, line_score=0.433, ratio_lines=0.143, final_score=0.433
trace:         score_window: window_len=26, match_len=6, line_score=0.556, ratio_lines=0.250, final_score=0.556
trace:         score_window: window_len=27, match_len=6, line_score=0.688, ratio_lines=0.303, final_score=0.688
trace:         score_window: window_len=28, match_len=6, line_score=0.544, ratio_lines=0.176, final_score=0.544
trace:         score_window: window_len=28, match_len=6, line_score=0.681, ratio_lines=0.294, final_score=0.681
trace:         score_window: window_len=29, match_len=6, line_score=0.674, ratio_lines=0.286, final_score=0.674
trace:         score_window: window_len=29, match_len=6, line_score=0.539, ratio_lines=0.171, final_score=0.539
trace:         score_window: window_len=6, match_len=6, line_score=0.167, ratio_lines=0.167, final_score=0.391
trace:         score_window: window_len=6, match_len=6, line_score=0.333, ratio_lines=0.167, final_score=0.333
trace:         score_window: window_len=7, match_len=6, line_score=0.331, ratio_lines=0.308, final_score=0.413
trace:         score_window: window_len=5, match_len=6, line_score=0.364, ratio_lines=0.182, final_score=0.364
trace:         score_window: window_len=8, match_len=6, line_score=0.492, ratio_lines=0.429, final_score=0.492
trace:         score_window: window_len=9, match_len=6, line_score=0.488, ratio_lines=0.400, final_score=0.488
trace:         score_window: window_len=7, match_len=6, line_score=0.331, ratio_lines=0.154, final_score=0.331
trace:         score_window: window_len=10, match_len=6, line_score=0.644, ratio_lines=0.375, final_score=0.644
trace:         score_window: window_len=4, match_len=6, line_score=0.400, ratio_lines=0.200, final_score=0.400
trace:         score_window: window_len=11, match_len=6, line_score=0.639, ratio_lines=0.353, final_score=0.639
trace:         score_window: window_len=8, match_len=6, line_score=0.328, ratio_lines=0.143, final_score=0.328
trace:         score_window: window_len=3, match_len=6, line_score=0.444, ratio_lines=0.222, final_score=0.444
trace:         score_window: window_len=12, match_len=6, line_score=0.633, ratio_lines=0.333, final_score=0.633
trace:         score_window: window_len=13, match_len=6, line_score=0.628, ratio_lines=0.316, final_score=0.628
trace:         score_window: window_len=9, match_len=6, line_score=0.325, ratio_lines=0.133, final_score=0.325
trace:         score_window: window_len=2, match_len=6, line_score=0.250, ratio_lines=0.250, final_score=0.250
trace:         score_window: window_len=14, match_len=6, line_score=0.622, ratio_lines=0.300, final_score=0.622
trace:         score_window: window_len=15, match_len=6, line_score=0.617, ratio_lines=0.286, final_score=0.617
trace:         score_window: window_len=10, match_len=6, line_score=0.322, ratio_lines=0.125, final_score=0.322
trace:         score_window: window_len=16, match_len=6, line_score=0.611, ratio_lines=0.273, final_score=0.611
trace:         score_window: window_len=17, match_len=6, line_score=0.606, ratio_lines=0.261, final_score=0.606
trace:         score_window: window_len=11, match_len=6, line_score=0.319, ratio_lines=0.118, final_score=0.319
trace:         score_window: window_len=18, match_len=6, line_score=0.600, ratio_lines=0.250, final_score=0.600
trace:         score_window: window_len=12, match_len=6, line_score=0.317, ratio_lines=0.111, final_score=0.317
trace:         score_window: window_len=19, match_len=6, line_score=0.594, ratio_lines=0.240, final_score=0.594
trace:         score_window: window_len=20, match_len=6, line_score=0.589, ratio_lines=0.231, final_score=0.589
trace:         score_window: window_len=13, match_len=6, line_score=0.314, ratio_lines=0.105, final_score=0.314
trace:         score_window: window_len=21, match_len=6, line_score=0.583, ratio_lines=0.222, final_score=0.583
trace:         score_window: window_len=25, match_len=6, line_score=0.561, ratio_lines=0.258, final_score=0.561
trace:         score_window: window_len=26, match_len=6, line_score=0.694, ratio_lines=0.312, final_score=0.694
trace:         score_window: window_len=22, match_len=6, line_score=0.578, ratio_lines=0.214, final_score=0.578
trace:         score_window: window_len=27, match_len=6, line_score=0.688, ratio_lines=0.303, final_score=0.688
trace:         score_window: window_len=28, match_len=6, line_score=0.681, ratio_lines=0.294, final_score=0.681
trace:         score_window: window_len=29, match_len=6, line_score=0.674, ratio_lines=0.286, final_score=0.674
trace:         score_window: window_len=23, match_len=6, line_score=0.572, ratio_lines=0.207, final_score=0.572
trace:         score_window: window_len=6, match_len=6, line_score=0.167, ratio_lines=0.000, final_score=0.214
trace:         score_window: window_len=24, match_len=6, line_score=0.567, ratio_lines=0.200, final_score=0.567
trace:         score_window: window_len=5, match_len=6, line_score=0.182, ratio_lines=0.000, final_score=0.244
trace:         score_window: window_len=25, match_len=6, line_score=0.561, ratio_lines=0.194, final_score=0.561
trace:         score_window: window_len=7, match_len=6, line_score=0.165, ratio_lines=0.000, final_score=0.207
trace:         score_window: window_len=26, match_len=6, line_score=0.556, ratio_lines=0.188, final_score=0.556
trace:         score_window: window_len=8, match_len=6, line_score=0.164, ratio_lines=0.000, final_score=0.203
trace:         score_window: window_len=27, match_len=6, line_score=0.550, ratio_lines=0.182, final_score=0.550
trace:         score_window: window_len=3, match_len=6, line_score=0.222, ratio_lines=0.000, final_score=0.269
trace:         score_window: window_len=28, match_len=6, line_score=0.544, ratio_lines=0.176, final_score=0.544
trace:         score_window: window_len=9, match_len=6, line_score=0.163, ratio_lines=0.000, final_score=0.200
trace:         score_window: window_len=2, match_len=6, line_score=0.250, ratio_lines=0.000, final_score=0.250
trace:         score_window: window_len=29, match_len=6, line_score=0.539, ratio_lines=0.171, final_score=0.539
trace:         score_window: window_len=6, match_len=6, line_score=0.333, ratio_lines=0.333, final_score=0.439
trace:         score_window: window_len=10, match_len=6, line_score=0.161, ratio_lines=0.000, final_score=0.194
trace:         score_window: window_len=5, match_len=6, line_score=0.182, ratio_lines=0.182, final_score=0.416
trace:         score_window: window_len=7, match_len=6, line_score=0.496, ratio_lines=0.462, final_score=0.496
trace:         score_window: window_len=8, match_len=6, line_score=0.492, ratio_lines=0.429, final_score=0.499
trace:         score_window: window_len=9, match_len=6, line_score=0.650, ratio_lines=0.400, final_score=0.650
trace:         score_window: window_len=11, match_len=6, line_score=0.160, ratio_lines=0.000, final_score=0.188
trace:         score_window: window_len=10, match_len=6, line_score=0.644, ratio_lines=0.375, final_score=0.644
trace:         score_window: window_len=12, match_len=6, line_score=0.158, ratio_lines=0.000, final_score=0.185
trace:         score_window: window_len=11, match_len=6, line_score=0.639, ratio_lines=0.353, final_score=0.639
trace:         score_window: window_len=24, match_len=6, line_score=0.567, ratio_lines=0.267, final_score=0.567
trace:         score_window: window_len=12, match_len=6, line_score=0.633, ratio_lines=0.333, final_score=0.633
trace:         score_window: window_len=26, match_len=6, line_score=0.694, ratio_lines=0.312, final_score=0.694
trace:         score_window: window_len=27, match_len=6, line_score=0.688, ratio_lines=0.303, final_score=0.688
trace:         score_window: window_len=13, match_len=6, line_score=0.628, ratio_lines=0.316, final_score=0.628
trace:         score_window: window_len=28, match_len=6, line_score=0.681, ratio_lines=0.294, final_score=0.681
trace:         score_window: window_len=29, match_len=6, line_score=0.674, ratio_lines=0.286, final_score=0.674
trace:         score_window: window_len=14, match_len=6, line_score=0.622, ratio_lines=0.300, final_score=0.622
trace:         score_window: window_len=15, match_len=6, line_score=0.617, ratio_lines=0.286, final_score=0.617
trace:         score_window: window_len=6, match_len=6, line_score=0.167, ratio_lines=0.000, final_score=0.222
trace:         score_window: window_len=16, match_len=6, line_score=0.611, ratio_lines=0.273, final_score=0.611
trace:         score_window: window_len=5, match_len=6, line_score=0.182, ratio_lines=0.000, final_score=0.229
trace:         score_window: window_len=17, match_len=6, line_score=0.606, ratio_lines=0.261, final_score=0.606
trace:         score_window: window_len=7, match_len=6, line_score=0.165, ratio_lines=0.000, final_score=0.218
trace:         score_window: window_len=4, match_len=6, line_score=0.200, ratio_lines=0.000, final_score=0.262
trace:         score_window: window_len=18, match_len=6, line_score=0.600, ratio_lines=0.250, final_score=0.600
trace:         score_window: window_len=8, match_len=6, line_score=0.164, ratio_lines=0.000, final_score=0.215
trace:         score_window: window_len=19, match_len=6, line_score=0.594, ratio_lines=0.240, final_score=0.594
trace:         score_window: window_len=3, match_len=6, line_score=0.222, ratio_lines=0.000, final_score=0.288
trace:         score_window: window_len=20, match_len=6, line_score=0.589, ratio_lines=0.231, final_score=0.589
trace:         score_window: window_len=9, match_len=6, line_score=0.163, ratio_lines=0.000, final_score=0.208
trace:         score_window: window_len=2, match_len=6, line_score=0.250, ratio_lines=0.000, final_score=0.264
trace:         score_window: window_len=21, match_len=6, line_score=0.583, ratio_lines=0.222, final_score=0.583
trace:         score_window: window_len=22, match_len=6, line_score=0.578, ratio_lines=0.214, final_score=0.578
trace:         score_window: window_len=10, match_len=6, line_score=0.161, ratio_lines=0.000, final_score=0.202
trace:         score_window: window_len=23, match_len=6, line_score=0.572, ratio_lines=0.207, final_score=0.572
trace:         score_window: window_len=11, match_len=6, line_score=0.160, ratio_lines=0.000, final_score=0.199
trace:         score_window: window_len=24, match_len=6, line_score=0.567, ratio_lines=0.200, final_score=0.567
trace:         score_window: window_len=22, match_len=6, line_score=0.433, ratio_lines=0.214, final_score=0.433
trace:         score_window: window_len=23, match_len=6, line_score=0.572, ratio_lines=0.276, final_score=0.572
trace:         score_window: window_len=25, match_len=6, line_score=0.561, ratio_lines=0.194, final_score=0.561
trace:         score_window: window_len=26, match_len=6, line_score=0.694, ratio_lines=0.312, final_score=0.694
trace:         score_window: window_len=27, match_len=6, line_score=0.688, ratio_lines=0.303, final_score=0.688
trace:         score_window: window_len=26, match_len=6, line_score=0.556, ratio_lines=0.188, final_score=0.556
trace:         score_window: window_len=28, match_len=6, line_score=0.681, ratio_lines=0.294, final_score=0.681
trace:         score_window: window_len=29, match_len=6, line_score=0.674, ratio_lines=0.286, final_score=0.674
trace:         score_window: window_len=27, match_len=6, line_score=0.550, ratio_lines=0.182, final_score=0.550
trace:         score_window: window_len=6, match_len=6, line_score=0.167, ratio_lines=0.000, final_score=0.287
trace:         score_window: window_len=28, match_len=6, line_score=0.544, ratio_lines=0.176, final_score=0.544
trace:         score_window: window_len=5, match_len=6, line_score=0.182, ratio_lines=0.000, final_score=0.296
trace:         score_window: window_len=29, match_len=6, line_score=0.539, ratio_lines=0.171, final_score=0.539
trace:         score_window: window_len=6, match_len=6, line_score=0.500, ratio_lines=0.500, final_score=0.525
trace:         score_window: window_len=5, match_len=6, line_score=0.364, ratio_lines=0.364, final_score=0.512
trace:         score_window: window_len=7, match_len=6, line_score=0.165, ratio_lines=0.000, final_score=0.279
trace:         score_window: window_len=7, match_len=6, line_score=0.496, ratio_lines=0.462, final_score=0.573
trace:         score_window: window_len=4, match_len=6, line_score=0.200, ratio_lines=0.200, final_score=0.486
trace:         score_window: window_len=8, match_len=6, line_score=0.656, ratio_lines=0.429, final_score=0.656
trace:         score_window: window_len=3, match_len=6, line_score=0.222, ratio_lines=0.222, final_score=0.222
trace:         score_window: window_len=4, match_len=6, line_score=0.200, ratio_lines=0.000, final_score=0.310
trace:         score_window: window_len=9, match_len=6, line_score=0.650, ratio_lines=0.400, final_score=0.650
trace:         score_window: window_len=8, match_len=6, line_score=0.164, ratio_lines=0.000, final_score=0.269
trace:         score_window: window_len=3, match_len=6, line_score=0.222, ratio_lines=0.000, final_score=0.341
trace:         score_window: window_len=9, match_len=6, line_score=0.163, ratio_lines=0.000, final_score=0.259
trace:         score_window: window_len=10, match_len=6, line_score=0.644, ratio_lines=0.375, final_score=0.644
trace:         score_window: window_len=2, match_len=6, line_score=0.250, ratio_lines=0.000, final_score=0.283
trace:         score_window: window_len=11, match_len=6, line_score=0.639, ratio_lines=0.353, final_score=0.639
trace:         score_window: window_len=10, match_len=6, line_score=0.161, ratio_lines=0.000, final_score=0.253
trace:         score_window: window_len=12, match_len=6, line_score=0.633, ratio_lines=0.333, final_score=0.633
trace:         score_window: window_len=21, match_len=6, line_score=0.438, ratio_lines=0.222, final_score=0.438
trace:         score_window: window_len=13, match_len=6, line_score=0.628, ratio_lines=0.316, final_score=0.628
trace:         score_window: window_len=22, match_len=6, line_score=0.578, ratio_lines=0.286, final_score=0.578
trace:         score_window: window_len=26, match_len=6, line_score=0.694, ratio_lines=0.312, final_score=0.694
trace:         score_window: window_len=14, match_len=6, line_score=0.622, ratio_lines=0.300, final_score=0.622
trace:         score_window: window_len=27, match_len=6, line_score=0.688, ratio_lines=0.303, final_score=0.688
trace:         score_window: window_len=28, match_len=6, line_score=0.681, ratio_lines=0.294, final_score=0.681
trace:         score_window: window_len=29, match_len=6, line_score=0.674, ratio_lines=0.286, final_score=0.674
trace:         score_window: window_len=15, match_len=6, line_score=0.617, ratio_lines=0.286, final_score=0.617
trace:         score_window: window_len=6, match_len=6, line_score=0.167, ratio_lines=0.000, final_score=0.256
trace:         score_window: window_len=16, match_len=6, line_score=0.611, ratio_lines=0.273, final_score=0.611
trace:         score_window: window_len=5, match_len=6, line_score=0.182, ratio_lines=0.000, final_score=0.261
trace:         score_window: window_len=17, match_len=6, line_score=0.606, ratio_lines=0.261, final_score=0.606
trace:         score_window: window_len=7, match_len=6, line_score=0.165, ratio_lines=0.000, final_score=0.246
trace:         score_window: window_len=18, match_len=6, line_score=0.600, ratio_lines=0.250, final_score=0.600
trace:         score_window: window_len=4, match_len=6, line_score=0.200, ratio_lines=0.000, final_score=0.266
trace:         score_window: window_len=19, match_len=6, line_score=0.594, ratio_lines=0.240, final_score=0.594
trace:         score_window: window_len=20, match_len=6, line_score=0.589, ratio_lines=0.231, final_score=0.589
trace:         score_window: window_len=8, match_len=6, line_score=0.164, ratio_lines=0.000, final_score=0.237
trace:         score_window: window_len=3, match_len=6, line_score=0.222, ratio_lines=0.000, final_score=0.262
trace:         score_window: window_len=21, match_len=6, line_score=0.583, ratio_lines=0.222, final_score=0.583
trace:         score_window: window_len=9, match_len=6, line_score=0.163, ratio_lines=0.000, final_score=0.233
trace:         score_window: window_len=2, match_len=6, line_score=0.250, ratio_lines=0.000, final_score=0.264
trace:         score_window: window_len=22, match_len=6, line_score=0.578, ratio_lines=0.214, final_score=0.578
trace:         score_window: window_len=10, match_len=6, line_score=0.161, ratio_lines=0.000, final_score=0.225
trace:         score_window: window_len=23, match_len=6, line_score=0.572, ratio_lines=0.207, final_score=0.572
trace:         score_window: window_len=11, match_len=6, line_score=0.160, ratio_lines=0.000, final_score=0.218
trace:         score_window: window_len=24, match_len=6, line_score=0.567, ratio_lines=0.200, final_score=0.567
trace:         score_window: window_len=12, match_len=6, line_score=0.158, ratio_lines=0.000, final_score=0.215
trace:         score_window: window_len=25, match_len=6, line_score=0.561, ratio_lines=0.194, final_score=0.561
trace:         score_window: window_len=20, match_len=6, line_score=0.442, ratio_lines=0.231, final_score=0.442
trace:         score_window: window_len=21, match_len=6, line_score=0.583, ratio_lines=0.296, final_score=0.583
trace:         score_window: window_len=26, match_len=6, line_score=0.556, ratio_lines=0.188, final_score=0.556
trace:         score_window: window_len=26, match_len=6, line_score=0.694, ratio_lines=0.312, final_score=0.694
trace:         score_window: window_len=27, match_len=6, line_score=0.688, ratio_lines=0.303, final_score=0.688
trace:         score_window: window_len=28, match_len=6, line_score=0.681, ratio_lines=0.294, final_score=0.681
trace:         score_window: window_len=29, match_len=6, line_score=0.674, ratio_lines=0.286, final_score=0.674
trace:         score_window: window_len=27, match_len=6, line_score=0.550, ratio_lines=0.182, final_score=0.550
trace:         score_window: window_len=6, match_len=6, line_score=0.167, ratio_lines=0.000, final_score=0.319
trace:         score_window: window_len=5, match_len=6, line_score=0.182, ratio_lines=0.000, final_score=0.335
trace:         score_window: window_len=28, match_len=6, line_score=0.544, ratio_lines=0.176, final_score=0.544
trace:         score_window: window_len=7, match_len=6, line_score=0.165, ratio_lines=0.000, final_score=0.305
trace:         score_window: window_len=29, match_len=6, line_score=0.539, ratio_lines=0.229, final_score=0.539
trace:         score_window: window_len=4, match_len=6, line_score=0.200, ratio_lines=0.000, final_score=0.346
trace:         score_window: window_len=6, match_len=6, line_score=0.500, ratio_lines=0.500, final_score=0.638
trace:         score_window: window_len=5, match_len=6, line_score=0.545, ratio_lines=0.545, final_score=0.545
trace:         score_window: window_len=7, match_len=6, line_score=0.661, ratio_lines=0.462, final_score=0.661
trace:         score_window: window_len=4, match_len=6, line_score=0.400, ratio_lines=0.400, final_score=0.400
trace:         score_window: window_len=8, match_len=6, line_score=0.164, ratio_lines=0.000, final_score=0.297
trace:         score_window: window_len=8, match_len=6, line_score=0.656, ratio_lines=0.429, final_score=0.656
trace:         score_window: window_len=3, match_len=6, line_score=0.222, ratio_lines=0.222, final_score=0.273
trace:         score_window: window_len=3, match_len=6, line_score=0.000, ratio_lines=0.000, final_score=0.292
trace:         score_window: window_len=9, match_len=6, line_score=0.650, ratio_lines=0.400, final_score=0.650
trace:         score_window: window_len=2, match_len=6, line_score=0.250, ratio_lines=0.250, final_score=0.250
trace:         score_window: window_len=9, match_len=6, line_score=0.163, ratio_lines=0.000, final_score=0.286
trace:         score_window: window_len=10, match_len=6, line_score=0.161, ratio_lines=0.000, final_score=0.275
trace:         score_window: window_len=10, match_len=6, line_score=0.644, ratio_lines=0.375, final_score=0.644
trace:         score_window: window_len=11, match_len=6, line_score=0.160, ratio_lines=0.000, final_score=0.269
trace:         score_window: window_len=19, match_len=6, line_score=0.446, ratio_lines=0.240, final_score=0.446
trace:         score_window: window_len=11, match_len=6, line_score=0.639, ratio_lines=0.353, final_score=0.639
trace:         score_window: window_len=20, match_len=6, line_score=0.589, ratio_lines=0.308, final_score=0.589
trace:         score_window: window_len=26, match_len=6, line_score=0.694, ratio_lines=0.312, final_score=0.694
trace:         score_window: window_len=27, match_len=6, line_score=0.688, ratio_lines=0.303, final_score=0.688
trace:         score_window: window_len=12, match_len=6, line_score=0.633, ratio_lines=0.333, final_score=0.633
trace:         score_window: window_len=28, match_len=6, line_score=0.681, ratio_lines=0.294, final_score=0.681
trace:         score_window: window_len=29, match_len=6, line_score=0.674, ratio_lines=0.286, final_score=0.674
trace:         score_window: window_len=6, match_len=6, line_score=0.167, ratio_lines=0.000, final_score=0.283
trace:         score_window: window_len=13, match_len=6, line_score=0.628, ratio_lines=0.316, final_score=0.628
trace:         score_window: window_len=7, match_len=6, line_score=0.165, ratio_lines=0.000, final_score=0.274
trace:         score_window: window_len=8, match_len=6, line_score=0.164, ratio_lines=0.000, final_score=0.262
trace:         score_window: window_len=14, match_len=6, line_score=0.622, ratio_lines=0.300, final_score=0.622
trace:         score_window: window_len=3, match_len=6, line_score=0.222, ratio_lines=0.000, final_score=0.329
trace:         score_window: window_len=15, match_len=6, line_score=0.617, ratio_lines=0.286, final_score=0.617
trace:         score_window: window_len=9, match_len=6, line_score=0.163, ratio_lines=0.000, final_score=0.250
trace:         score_window: window_len=16, match_len=6, line_score=0.611, ratio_lines=0.273, final_score=0.611
trace:         score_window: window_len=10, match_len=6, line_score=0.161, ratio_lines=0.000, final_score=0.243
trace:         score_window: window_len=17, match_len=6, line_score=0.606, ratio_lines=0.261, final_score=0.606
trace:         score_window: window_len=11, match_len=6, line_score=0.160, ratio_lines=0.000, final_score=0.230
trace:         score_window: window_len=18, match_len=6, line_score=0.450, ratio_lines=0.250, final_score=0.450
trace:         score_window: window_len=19, match_len=6, line_score=0.594, ratio_lines=0.320, final_score=0.594
trace:         score_window: window_len=18, match_len=6, line_score=0.600, ratio_lines=0.250, final_score=0.600
trace:         score_window: window_len=26, match_len=6, line_score=0.694, ratio_lines=0.312, final_score=0.694
trace:         score_window: window_len=19, match_len=6, line_score=0.594, ratio_lines=0.240, final_score=0.594
trace:         score_window: window_len=27, match_len=6, line_score=0.688, ratio_lines=0.303, final_score=0.688
trace:         score_window: window_len=28, match_len=6, line_score=0.681, ratio_lines=0.294, final_score=0.681
trace:         score_window: window_len=29, match_len=6, line_score=0.674, ratio_lines=0.286, final_score=0.674
trace:         score_window: window_len=20, match_len=6, line_score=0.589, ratio_lines=0.231, final_score=0.589
trace:         score_window: window_len=7, match_len=6, line_score=0.165, ratio_lines=0.000, final_score=0.185
trace:         score_window: window_len=21, match_len=6, line_score=0.583, ratio_lines=0.222, final_score=0.583
trace:         score_window: window_len=8, match_len=6, line_score=0.164, ratio_lines=0.000, final_score=0.183
trace:         score_window: window_len=3, match_len=6, line_score=0.222, ratio_lines=0.000, final_score=0.222
trace:         score_window: window_len=22, match_len=6, line_score=0.578, ratio_lines=0.214, final_score=0.578
trace:         score_window: window_len=9, match_len=6, line_score=0.163, ratio_lines=0.000, final_score=0.194
trace:         score_window: window_len=2, match_len=6, line_score=0.250, ratio_lines=0.000, final_score=0.250
trace:         score_window: window_len=10, match_len=6, line_score=0.161, ratio_lines=0.000, final_score=0.165
trace:         score_window: window_len=23, match_len=6, line_score=0.572, ratio_lines=0.207, final_score=0.572
trace:         score_window: window_len=24, match_len=6, line_score=0.567, ratio_lines=0.200, final_score=0.567
trace:         score_window: window_len=11, match_len=6, line_score=0.160, ratio_lines=0.000, final_score=0.160
trace:         score_window: window_len=25, match_len=6, line_score=0.561, ratio_lines=0.194, final_score=0.561
trace:         score_window: window_len=12, match_len=6, line_score=0.158, ratio_lines=0.000, final_score=0.158
trace:         score_window: window_len=13, match_len=6, line_score=0.157, ratio_lines=0.105, final_score=0.184
trace:         score_window: window_len=26, match_len=6, line_score=0.556, ratio_lines=0.188, final_score=0.556
trace:         score_window: window_len=17, match_len=6, line_score=0.454, ratio_lines=0.261, final_score=0.454
trace:         score_window: window_len=18, match_len=6, line_score=0.600, ratio_lines=0.333, final_score=0.600
trace:         score_window: window_len=27, match_len=6, line_score=0.550, ratio_lines=0.182, final_score=0.550
trace:         score_window: window_len=28, match_len=6, line_score=0.544, ratio_lines=0.235, final_score=0.544
trace:         score_window: window_len=26, match_len=6, line_score=0.694, ratio_lines=0.312, final_score=0.694
trace:         score_window: window_len=27, match_len=6, line_score=0.688, ratio_lines=0.303, final_score=0.688
trace:         score_window: window_len=29, match_len=6, line_score=0.674, ratio_lines=0.286, final_score=0.674
trace:         score_window: window_len=7, match_len=6, line_score=0.165, ratio_lines=0.000, final_score=0.165
trace:         score_window: window_len=28, match_len=6, line_score=0.681, ratio_lines=0.294, final_score=0.681
trace:         score_window: window_len=8, match_len=6, line_score=0.164, ratio_lines=0.000, final_score=0.164
trace:         score_window: window_len=29, match_len=6, line_score=0.674, ratio_lines=0.286, final_score=0.674
trace:         score_window: window_len=3, match_len=6, line_score=0.222, ratio_lines=0.000, final_score=0.222
trace:         score_window: window_len=6, match_len=6, line_score=0.000, ratio_lines=0.000, final_score=0.120
trace:         score_window: window_len=9, match_len=6, line_score=0.163, ratio_lines=0.000, final_score=0.163
trace:         score_window: window_len=2, match_len=6, line_score=0.250, ratio_lines=0.000, final_score=0.250
trace:         score_window: window_len=5, match_len=6, line_score=0.000, ratio_lines=0.000, final_score=0.106
trace:         score_window: window_len=7, match_len=6, line_score=0.000, ratio_lines=0.000, final_score=0.152
trace:         score_window: window_len=10, match_len=6, line_score=0.161, ratio_lines=0.000, final_score=0.164
trace:         score_window: window_len=8, match_len=6, line_score=0.000, ratio_lines=0.000, final_score=0.156
trace:         score_window: window_len=11, match_len=6, line_score=0.160, ratio_lines=0.000, final_score=0.160
trace:         score_window: window_len=9, match_len=6, line_score=0.000, ratio_lines=0.000, final_score=0.154
trace:         score_window: window_len=12, match_len=6, line_score=0.158, ratio_lines=0.111, final_score=0.192
trace:         score_window: window_len=16, match_len=6, line_score=0.458, ratio_lines=0.273, final_score=0.458
trace:         score_window: window_len=10, match_len=6, line_score=0.161, ratio_lines=0.125, final_score=0.188
trace:         score_window: window_len=13, match_len=6, line_score=0.314, ratio_lines=0.211, final_score=0.314
trace:         score_window: window_len=14, match_len=6, line_score=0.467, ratio_lines=0.300, final_score=0.478
trace:         score_window: window_len=15, match_len=6, line_score=0.617, ratio_lines=0.381, final_score=0.617
trace:         score_window: window_len=17, match_len=6, line_score=0.606, ratio_lines=0.348, final_score=0.606
trace:         score_window: window_len=26, match_len=6, line_score=0.694, ratio_lines=0.312, final_score=0.694
trace:         score_window: window_len=26, match_len=6, line_score=0.694, ratio_lines=0.312, final_score=0.694
trace:         score_window: window_len=27, match_len=6, line_score=0.688, ratio_lines=0.303, final_score=0.688
trace:         score_window: window_len=27, match_len=6, line_score=0.688, ratio_lines=0.303, final_score=0.688
trace:         score_window: window_len=28, match_len=6, line_score=0.681, ratio_lines=0.294, final_score=0.681
trace:         score_window: window_len=28, match_len=6, line_score=0.681, ratio_lines=0.294, final_score=0.681
trace:         score_window: window_len=29, match_len=6, line_score=0.674, ratio_lines=0.286, final_score=0.674
trace:         score_window: window_len=29, match_len=6, line_score=0.674, ratio_lines=0.286, final_score=0.674
trace:         score_window: window_len=6, match_len=6, line_score=0.000, ratio_lines=0.000, final_score=0.104
trace:         score_window: window_len=6, match_len=6, line_score=0.000, ratio_lines=0.000, final_score=0.168
trace:         score_window: window_len=7, match_len=6, line_score=0.000, ratio_lines=0.000, final_score=0.118
trace:         score_window: window_len=7, match_len=6, line_score=0.000, ratio_lines=0.000, final_score=0.169
trace:         score_window: window_len=8, match_len=6, line_score=0.000, ratio_lines=0.000, final_score=0.149
trace:         score_window: window_len=8, match_len=6, line_score=0.000, ratio_lines=0.000, final_score=0.169
trace:         score_window: window_len=9, match_len=6, line_score=0.000, ratio_lines=0.000, final_score=0.153
trace:         score_window: window_len=9, match_len=6, line_score=0.163, ratio_lines=0.133, final_score=0.182
trace:         score_window: window_len=10, match_len=6, line_score=0.000, ratio_lines=0.000, final_score=0.152
trace:         score_window: window_len=10, match_len=6, line_score=0.161, ratio_lines=0.125, final_score=0.208
trace:         score_window: window_len=11, match_len=6, line_score=0.160, ratio_lines=0.118, final_score=0.183
trace:         score_window: window_len=11, match_len=6, line_score=0.160, ratio_lines=0.118, final_score=0.207
trace:         score_window: window_len=15, match_len=6, line_score=0.463, ratio_lines=0.286, final_score=0.468
trace:         score_window: window_len=16, match_len=6, line_score=0.611, ratio_lines=0.364, final_score=0.611
trace:         score_window: window_len=12, match_len=6, line_score=0.317, ratio_lines=0.222, final_score=0.317
trace:         score_window: window_len=13, match_len=6, line_score=0.471, ratio_lines=0.316, final_score=0.495
trace:         score_window: window_len=26, match_len=6, line_score=0.694, ratio_lines=0.312, final_score=0.694
trace:         score_window: window_len=14, match_len=6, line_score=0.622, ratio_lines=0.400, final_score=0.633
trace:         score_window: window_len=27, match_len=6, line_score=0.688, ratio_lines=0.303, final_score=0.688
trace:         score_window: window_len=26, match_len=6, line_score=0.694, ratio_lines=0.312, final_score=0.694
trace:         score_window: window_len=28, match_len=6, line_score=0.681, ratio_lines=0.294, final_score=0.681
trace:         score_window: window_len=27, match_len=6, line_score=0.688, ratio_lines=0.303, final_score=0.688
trace:         score_window: window_len=29, match_len=6, line_score=0.674, ratio_lines=0.286, final_score=0.674
trace:         score_window: window_len=28, match_len=6, line_score=0.681, ratio_lines=0.294, final_score=0.681
trace:         score_window: window_len=29, match_len=6, line_score=0.674, ratio_lines=0.286, final_score=0.674
debug:       compute_scored_windows (parallel) complete: scored 1246 window(s). Best candidate score=0.909 at line 4677 (len=5).
trace:       Top fuzzy match candidates:
trace:         - Index 4676, Len 5: Score 0.909 (Ratio 0.909) | Content: ["        ;;", "", "        # When adding a new conftest entry, please use the correct format for", "        # specifying the relevant upstream Linux kernel commit.", "        #"]
trace:         - Index 4674, Len 6: Score 0.855 (Ratio 0.855) | Content: ["", "            compile_check_conftest \"$CODE\" \"NV_DRM_CONNECTOR_HAS_OVERRIDE_EDID\" \"\" \"types\"", "        ;;", "", "        # When adding a new conftest entry, please use the correct format for", "        # specifying the relevant upstream Linux kernel commit."]
trace:         - Index 4673, Len 7: Score 0.835 (Ratio 0.835) | Content: ["            }\"", "", "            compile_check_conftest \"$CODE\" \"NV_DRM_CONNECTOR_HAS_OVERRIDE_EDID\" \"\" \"types\"", "        ;;", "", "        # When adding a new conftest entry, please use the correct format for", "        # specifying the relevant upstream Linux kernel commit."]
trace:         - Index 4675, Len 6: Score 0.833 (Ratio 0.833) | Content: ["            compile_check_conftest \"$CODE\" \"NV_DRM_CONNECTOR_HAS_OVERRIDE_EDID\" \"\" \"types\"", "        ;;", "", "        # When adding a new conftest entry, please use the correct format for", "        # specifying the relevant upstream Linux kernel commit.", "        #"]
trace:         - Index 4676, Len 6: Score 0.833 (Ratio 0.833) | Content: ["        ;;", "", "        # When adding a new conftest entry, please use the correct format for", "        # specifying the relevant upstream Linux kernel commit.", "        #", "        # <function> was added|removed|etc by commit <sha> (\"<commit message\")"]
trace:         New best score: 0.654 (ratio 0.654 [l:0.000,w:0.000]) at index 4638 (window len 6)
trace:         New best score: 0.665 (ratio 0.665 [l:0.000,w:0.000]) at index 4638 (window len 2)
trace:         New best score: 0.680 (ratio 0.680 [l:0.095,w:0.000]) at index 4638 (window len 15)
trace:         New best score: 0.686 (ratio 0.686 [l:0.000,w:0.000]) at index 4639 (window len 8)
trace:         New best score: 0.690 (ratio 0.690 [l:0.100,w:0.000]) at index 4639 (window len 14)
trace:         New best score: 0.690 (ratio 0.690 [l:0.200,w:0.000]) at index 4641 (window len 14)
trace:         New best score: 0.691 (ratio 0.691 [l:0.182,w:0.000]) at index 4648 (window len 5)
trace:         New best score: 0.808 (ratio 0.808 [l:0.343,w:0.808]) at index 4652 (window len 29)
trace:         New best score: 0.817 (ratio 0.817 [l:0.353,w:0.817]) at index 4653 (window len 28)
trace:         New best score: 0.835 (ratio 0.835 [l:0.615,w:0.929]) at index 4673 (window len 7)
trace:         New best score: 0.855 (ratio 0.855 [l:0.667,w:0.927]) at index 4674 (window len 6)
trace:         New best score: 0.909 (ratio 0.909 [l:0.909,w:0.909]) at index 4676 (window len 5)
debug:     Strategy 3 (Fuzzy): 238 window(s) met threshold 0.70
trace:       Top 3 passing candidates: [("0.909", 4677, 5), ("0.855", 4675, 6), ("0.835", 4674, 7)]
debug:     Top fuzzy candidate: start line 4677 (len=5, score=0.909)
trace:       Adding candidate location at line 4675 (len=6, score=0.855)
trace:       Adding candidate location at line 4674 (len=7, score=0.835)
trace:       Adding candidate location at line 4676 (len=6, score=0.833)
trace:       Adding candidate location at line 4677 (len=6, score=0.833)
trace:       Adding candidate location at line 4675 (len=7, score=0.826)
trace:       Adding candidate location at line 4676 (len=7, score=0.826)
trace:       Adding candidate location at line 4677 (len=7, score=0.826)
trace:       Adding candidate location at line 4674 (len=8, score=0.819)
trace:       Adding candidate location at line 4675 (len=8, score=0.819)
trace:       Adding candidate location at line 4676 (len=8, score=0.819)
trace:       Adding candidate location at line 4677 (len=8, score=0.819)
trace:       Adding candidate location at line 4654 (len=28, score=0.817)
trace:       Adding candidate location at line 4679 (len=3, score=0.814)
trace:       Adding candidate location at line 4673 (len=9, score=0.813)
trace:       Adding candidate location at line 4674 (len=9, score=0.813)
trace:       Adding candidate location at line 4675 (len=9, score=0.813)
trace:       Adding candidate location at line 4676 (len=9, score=0.813)
trace:       Adding candidate location at line 4677 (len=9, score=0.813)
trace:       Adding candidate location at line 4653 (len=29, score=0.808)
trace:       Reached maximum candidate limit (20), stopping candidate collection
debug:     Strategy 3 (Fuzzy): selected 20 candidate location(s)
trace:   Pruned candidates by min_span 1: 20 -> 20 candidate(s)
trace: DefaultHunkFinder::find_candidate_locations: returning 20 candidate(s)
debug:   Found 20 candidate location(s) for hunk. Testing sequentially...
trace:   Evaluating candidate 1/20 at location HunkLocation { start_index: 4676, length: 5 } (match_type: Fuzzy { score: 0.9090909361839294 })
debug:   Found location HunkLocation { start_index: 4676, length: 5 } with match type Fuzzy { score: 0.9090909361839294 }. Applying changes.
debug:   try_apply_hunk_at_location: target line 4677 (length 5), match_type=Fuzzy { score: 0.9090909361839294 }, total target lines=5119.
trace: Hunk::get_match_block: extracted 6 match line(s)
trace:     Match block lines: 6 | Total hunk lines: 28
trace:     Target slice to replace: ["        ;;", "", "        # When adding a new conftest entry, please use the correct format for", "        # specifying the relevant upstream Linux kernel commit.", "        #"]
trace:     Ellipsis flags: has_ellipsis=false, is_literal_match=false, is_wildcard_gap_match=false
debug:     Applying hunk via robust reconstruction logic (preserving file context & adjusting indent).
trace:       Fuzzy match location: start=4676, len=5
trace:       File content in matched range (5 line(s)): ["        ;;", "", "        # When adding a new conftest entry, please use the correct format for", "        # specifying the relevant upstream Linux kernel commit.", "        #"]
trace:       Parsed hunk: 6 match line(s), 0 initial addition(s).
trace: Hunk::get_match_block: extracted 6 match line(s)
trace:       Computed diff between match block and file slice: 2 operation(s), similarity ratio=0.909
trace:       Initial Indentation Context: Hunk='        ', Target='        '
trace:       Active baseline indentation: hunk='        ', target='        '
trace:       DiffOp::Delete: 1 line(s) missing from target file (hunk old_idx=0)
trace:         Skipping stale context line missing in target: "            compile_check_conftest \"$CODE\" \"NV_ACPI_VIDEO_BACKLIGHT_USE_NATIVE\" \"\" \"functions\""
trace:       DiffOp::Equal: 5 line(s) aligned (hunk old_idx=1, file new_idx=0)
trace:         Equal: preserving target line: '        ;;'
trace:         Equal: preserving target line: ''
trace:         Appended 22 addition(s) after line 2
trace:         Equal: applying addition: '        drm_connector_has_override_edid)'
trace:         Equal: applying addition: '            #'
trace:         Equal: applying addition: '            # Determine if \'struct drm_connector\' has an \'override_edid\' member.'
trace:         Equal: applying addition: '            #'
trace:         Equal: applying addition: '            # Removed by commit 90b575f52c6ab (\"drm/edid: detach debugfs EDID'
trace:         Equal: applying addition: '            # override from EDID property update\") in linux-next, expected in'
trace:         Equal: applying addition: '            # v6.2-rc1.'
trace:         Equal: applying addition: '            #'
trace:         Equal: applying addition: '            CODE=\"'
trace:         Equal: applying addition: '            #if defined(NV_DRM_DRM_CRTC_H_PRESENT)'
trace:         Equal: applying addition: '            #include <drm/drm_crtc.h>'
trace:         Equal: applying addition: '            #endif'
trace:         Equal: applying addition: '            #if defined(NV_DRM_DRM_CONNECTOR_H_PRESENT)'
trace:         Equal: applying addition: '            #include <drm/drm_connector.h>'
trace:         Equal: applying addition: '            #endif'
trace:         Equal: applying addition: '            int conftest_drm_connector_has_override_edid(void) {'
trace:         Equal: applying addition: '                return offsetof(struct drm_connector, override_edid);'
trace:         Equal: applying addition: '            }\"'
trace:         Equal: applying addition: ''
trace:         Equal: applying addition: '            compile_check_conftest \"$CODE\" \"NV_DRM_CONNECTOR_HAS_OVERRIDE_EDID\" \"\" \"types\"'
trace:         Equal: applying addition: '        ;;'
trace:         Equal: applying addition: ''
trace:         Equal: preserving target line: '        # When adding a new conftest entry, please use the correct format for'
trace:         Equal: preserving target line: '        # specifying the relevant upstream Linux kernel commit.'
trace:         Equal: preserving target line: '        #'
debug:     Robust reconstruction complete: produced 27 replacement line(s) for 5 target line(s).
trace:   Splicing final replacement block into target lines: range [4676..4681], replacement line count=27
  try_apply_hunk_at_location: successfully spliced hunk at line 4677 (replaced 5 line(s), resulting target lines=5141)
trace:     Replaced lines: ["        ;;", "", "        # When adding a new conftest entry, please use the correct format for", "        # specifying the relevant upstream Linux kernel commit.", "        #"]
debug:   Candidate 1/20 at HunkLocation { start_index: 4676, length: 5 } succeeded! Hunk applied cleanly.
debug:   HunkApplier: hunk 1 application outcome: Applied { location: HunkLocation { start_index: 4676, length: 5 }, match_type: Fuzzy { score: 0.9090909361839294 }, replaced_lines: ["        ;;", "", "        # When adding a new conftest entry, please use the correct format for", "        # specifying the relevant upstream Linux kernel commit.", "        #"] }
trace:   HunkApplier: hunk 1 applied at line 4677 (len=5), delta=22, target lines now=5141
  Applying Hunk 1/1...
debug:     Successfully applied Hunk 1 at line 4677 via Fuzzy { score: 0.9090909361839294 }
trace:     Replaced lines:
trace:       -         ;;
trace:       - 
trace:       -         # When adding a new conftest entry, please use the correct format for
trace:       -         # specifying the relevant upstream Linux kernel commit.
trace:       -         #
debug: HunkApplier::into_content: assembling final content from 5141 line(s) (touched_eof=false, patch_ends_with_newline=true, original_ends_with_newline=true)
trace: HunkApplier::into_content: resulting content has 181123 bytes (5141 lines, ends_with_newline=true)
  DRY RUN: Evaluated changes for 'conftest.sh' (1 hunks, clean=true)
trace:   Generating diff for dry run...
debug:   [2/4] Applying patch for 'nvidia-drm/nvidia-drm-connector.c' (2 hunk(s))
Applying patch to: nvidia-drm/nvidia-drm-connector.c
debug:   apply_patch_to_file: target_dir='.', hunks=2, dry_run=true, fuzz=0.70
trace:   Checking path safety for base '.' and relative path 'nvidia-drm/nvidia-drm-connector.c'
trace:   ensure_path_is_safe: canonicalized base directory '/home/gabi/github/nvidia-390xx-utils/src/NVIDIA-Linux-x86_64-390.157-no-compat32/kernel'
trace:   ensure_path_is_safe: processing component 'Normal("nvidia-drm")' on virtual path '/home/gabi/github/nvidia-390xx-utils/src/NVIDIA-Linux-x86_64-390.157-no-compat32/kernel'
trace:   ensure_path_is_safe: processing component 'Normal("nvidia-drm-connector.c")' on virtual path '/home/gabi/github/nvidia-390xx-utils/src/NVIDIA-Linux-x86_64-390.157-no-compat32/kernel/nvidia-drm'
trace:   Path safety verified: 'nvidia-drm/nvidia-drm-connector.c' safely resolves to '/home/gabi/github/nvidia-390xx-utils/src/NVIDIA-Linux-x86_64-390.157-no-compat32/kernel/nvidia-drm/nvidia-drm-connector.c'
debug:   Resolved safe target path: '/home/gabi/github/nvidia-390xx-utils/src/NVIDIA-Linux-x86_64-390.157-no-compat32/kernel/nvidia-drm/nvidia-drm-connector.c'
debug:   Target file exists: '/home/gabi/github/nvidia-390xx-utils/src/NVIDIA-Linux-x86_64-390.157-no-compat32/kernel/nvidia-drm/nvidia-drm-connector.c'. Reading content...
trace:     Read 14287 bytes (466 lines) from target file.
debug:   Applying patch logic to content in-memory...
debug: apply_patch_to_content: patch for 'nvidia-drm/nvidia-drm-connector.c' (2 hunks), original content: 14287 bytes
debug:   apply_patch_to_lines called with 466 lines of original content.
debug: resolve_hunk_line_hints: evaluating 2 hunk(s) across 466 target lines
trace: Hunk::get_match_block: extracted 6 match line(s)
trace: is_low_entropy_line: line '' is low-entropy
trace:   Hunk 1: already has explicit line hint 42
trace: Hunk::get_match_block: extracted 7 match line(s)
trace:   Hunk 2: already has explicit line hint 98
trace: resolve_hunk_line_hints: beginning relaxation pass 1
debug: resolve_hunk_line_hints: completed hint resolution. 2/2 hunk(s) have anchors.
debug: HunkApplier: initialized with 2 hunk(s) across 466 line(s) of target content (fuzz_factor=0.70, dry_run=true)
trace: HunkApplier::set_original_newline_status: original_ends_with_newline=true
debug: apply_hunk_to_lines: applying hunk with 7 line(s) against target with 466 line(s)
trace: Hunk::get_match_block: extracted 6 match line(s)
trace:   Match block: ["", "#include <drm/drm_atomic.h>", "#include <drm/drm_atomic_helper.h>", "", "static void nv_drm_connector_destroy(struct drm_connector *connector)", "{"]
trace: Hunk::get_replace_block: extracted 7 replacement line(s)
trace:   Replace block: ["", "#include <drm/drm_atomic.h>", "#include <drm/drm_atomic_helper.h>", "#include <drm/drm_edid.h>", "", "static void nv_drm_connector_destroy(struct drm_connector *connector)", "{"]
trace: Hunk::has_changes: true
trace: Hunk::get_match_block: extracted 6 match line(s)
trace: Hunk::required_match_span: calculated required match span as 1 line(s) (first_match_idx=Some(2), last_match_idx=Some(2))
trace: DefaultHunkFinder::find_candidate_locations: match block len=6, required_match_span=1, target lines=466
trace: is_low_entropy_line: line '' is low-entropy
trace:   find_hunk_location_internal: match_block has 6 lines (entropy=true), target has 466 lines
trace:   find_hunk_location_internal called for a hunk with 6 lines to match against 466 target lines.
trace:     Attempting exact match for hunk (match block has 6 line(s))...
trace: tie_break_with_line_number: strategy='exact', hint=Some(42), entropy=true
trace:       No exact matches found.
trace:     Strategy 1 (Exact): no exact match found.
trace:     Attempting exact match (ignoring trailing whitespace) for hunk (match block has 6 line(s))...
trace: tie_break_with_line_number: strategy='exact (ignoring whitespace)', hint=Some(42), entropy=true
trace:       No exact (ignoring whitespace) matches found.
trace:     Strategy 2 (Whitespace-insensitive): no match found.
debug:     Strategy 3 (Fuzzy): beginning flexible window fuzzy search (threshold=0.70, match block len=0.7)
trace:       Hunk match block (6 lines): ["", "#include <drm/drm_atomic.h>", "#include <drm/drm_atomic_helper.h>", "", "static void nv_drm_connector_destroy(struct drm_connector *connector)", "{"]
trace:       Searching with window sizes from 2 to 29 (hunk size: 6, fuzz distance: 23)
debug:       find_search_ranges: analyzing 6 match line(s) against 466 target line(s).
trace:         Identified 3 high-entropy candidate anchor line(s) (search_radius=15, max candidates to test=100)
debug:         Spatial consensus: 3 anchor(s) agree on start near line 38
debug:       Found anchor line (hunk line 5) with 1 occurrences.
trace:         Anchor text: 'static void nv_drm_connector_destroy(struct drm_connector *connector)'
trace:         Occurrence at target line 47: window estimated [28..86] (search radius +/-15)
trace:         Raw ranges before merging: [(27, 86)]
trace: merge_ranges: merging 1 input range(s): [(27, 86)]
trace: merge_ranges: result 1 disjoint range(s): [(27, 86)]
debug:       Search ranges merged: 1 disjoint range(s) covering 59/466 line(s) (87.3% pruned): [(27, 86)]
trace:     Using search ranges: [(27, 86)]
debug:       compute_scored_windows (parallel): evaluating 1246 candidate window(s) across 1 range(s) (window lengths 2..=29)
trace:         Match block length: 6, Target line count: 466, Search ranges: [(27, 86)]
trace:         score_window: window_len=6, match_len=6, line_score=0.333, ratio_lines=0.333, final_score=0.333
trace:         score_window: window_len=5, match_len=6, line_score=0.364, ratio_lines=0.364, final_score=0.364
trace:         score_window: window_len=6, match_len=6, line_score=0.167, ratio_lines=0.167, final_score=0.349
trace:         score_window: window_len=7, match_len=6, line_score=0.331, ratio_lines=0.308, final_score=0.331
trace:         score_window: window_len=5, match_len=6, line_score=0.182, ratio_lines=0.182, final_score=0.366
trace:         score_window: window_len=8, match_len=6, line_score=0.328, ratio_lines=0.286, final_score=0.379
trace:         score_window: window_len=3, match_len=6, line_score=0.222, ratio_lines=0.222, final_score=0.222
trace:         score_window: window_len=7, match_len=6, line_score=0.165, ratio_lines=0.154, final_score=0.270
trace:         score_window: window_len=4, match_len=6, line_score=0.000, ratio_lines=0.000, final_score=0.327
trace:         score_window: window_len=9, match_len=6, line_score=0.325, ratio_lines=0.267, final_score=0.352
trace:         score_window: window_len=2, match_len=6, line_score=0.250, ratio_lines=0.250, final_score=0.250
trace:         score_window: window_len=3, match_len=6, line_score=0.000, ratio_lines=0.000, final_score=0.348
trace:         score_window: window_len=17, match_len=6, line_score=0.454, ratio_lines=0.261, final_score=0.454
trace:         score_window: window_len=10, match_len=6, line_score=0.483, ratio_lines=0.375, final_score=0.483
trace:         score_window: window_len=18, match_len=6, line_score=0.450, ratio_lines=0.250, final_score=0.450
trace:         score_window: window_len=11, match_len=6, line_score=0.479, ratio_lines=0.353, final_score=0.479
trace:         score_window: window_len=12, match_len=6, line_score=0.475, ratio_lines=0.333, final_score=0.475
trace:         score_window: window_len=19, match_len=6, line_score=0.594, ratio_lines=0.320, final_score=0.594
trace:         score_window: window_len=13, match_len=6, line_score=0.471, ratio_lines=0.316, final_score=0.471
trace:         score_window: window_len=14, match_len=6, line_score=0.467, ratio_lines=0.300, final_score=0.467
trace:         score_window: window_len=15, match_len=6, line_score=0.463, ratio_lines=0.286, final_score=0.463
trace:         score_window: window_len=6, match_len=6, line_score=0.167, ratio_lines=0.167, final_score=0.378
trace:         score_window: window_len=16, match_len=6, line_score=0.458, ratio_lines=0.273, final_score=0.458
trace:         score_window: window_len=5, match_len=6, line_score=0.182, ratio_lines=0.182, final_score=0.352
trace:         score_window: window_len=17, match_len=6, line_score=0.454, ratio_lines=0.261, final_score=0.454
trace:         score_window: window_len=18, match_len=6, line_score=0.450, ratio_lines=0.250, final_score=0.450
trace:         score_window: window_len=7, match_len=6, line_score=0.165, ratio_lines=0.154, final_score=0.331
trace:         score_window: window_len=19, match_len=6, line_score=0.446, ratio_lines=0.240, final_score=0.446
trace:         score_window: window_len=4, match_len=6, line_score=0.200, ratio_lines=0.200, final_score=0.366
trace:         score_window: window_len=20, match_len=6, line_score=0.442, ratio_lines=0.231, final_score=0.442
trace:         score_window: window_len=3, match_len=6, line_score=0.000, ratio_lines=0.000, final_score=0.271
trace:         score_window: window_len=16, match_len=6, line_score=0.458, ratio_lines=0.273, final_score=0.458
trace:         score_window: window_len=21, match_len=6, line_score=0.438, ratio_lines=0.222, final_score=0.438
trace:         score_window: window_len=17, match_len=6, line_score=0.454, ratio_lines=0.261, final_score=0.454
trace:         score_window: window_len=18, match_len=6, line_score=0.600, ratio_lines=0.333, final_score=0.600
trace:         score_window: window_len=22, match_len=6, line_score=0.433, ratio_lines=0.214, final_score=0.433
trace:         score_window: window_len=6, match_len=6, line_score=0.333, ratio_lines=0.333, final_score=0.347
trace:         score_window: window_len=5, match_len=6, line_score=0.364, ratio_lines=0.364, final_score=0.364
trace:         score_window: window_len=6, match_len=6, line_score=0.167, ratio_lines=0.167, final_score=0.368
trace:         score_window: window_len=7, match_len=6, line_score=0.331, ratio_lines=0.308, final_score=0.407
trace:         score_window: window_len=5, match_len=6, line_score=0.182, ratio_lines=0.182, final_score=0.336
trace:         score_window: window_len=4, match_len=6, line_score=0.400, ratio_lines=0.400, final_score=0.400
trace:         score_window: window_len=3, match_len=6, line_score=0.222, ratio_lines=0.222, final_score=0.267
trace:         score_window: window_len=13, match_len=6, line_score=0.314, ratio_lines=0.211, final_score=0.314
trace:         score_window: window_len=15, match_len=6, line_score=0.463, ratio_lines=0.286, final_score=0.463
trace:         score_window: window_len=8, match_len=6, line_score=0.328, ratio_lines=0.286, final_score=0.390
trace:         score_window: window_len=3, match_len=6, line_score=0.222, ratio_lines=0.222, final_score=0.222
trace:         score_window: window_len=16, match_len=6, line_score=0.458, ratio_lines=0.273, final_score=0.458
trace:         score_window: window_len=17, match_len=6, line_score=0.606, ratio_lines=0.348, final_score=0.606
trace:         score_window: window_len=9, match_len=6, line_score=0.488, ratio_lines=0.400, final_score=0.488
trace:         score_window: window_len=2, match_len=6, line_score=0.250, ratio_lines=0.250, final_score=0.250
trace:         score_window: window_len=10, match_len=6, line_score=0.483, ratio_lines=0.375, final_score=0.483
trace:         score_window: window_len=11, match_len=6, line_score=0.479, ratio_lines=0.353, final_score=0.479
trace:         score_window: window_len=12, match_len=6, line_score=0.475, ratio_lines=0.333, final_score=0.475
trace:         score_window: window_len=6, match_len=6, line_score=0.167, ratio_lines=0.167, final_score=0.262
trace:         score_window: window_len=13, match_len=6, line_score=0.471, ratio_lines=0.316, final_score=0.471
trace:         score_window: window_len=14, match_len=6, line_score=0.467, ratio_lines=0.300, final_score=0.467
trace:         score_window: window_len=5, match_len=6, line_score=0.182, ratio_lines=0.182, final_score=0.309
trace:         score_window: window_len=15, match_len=6, line_score=0.463, ratio_lines=0.286, final_score=0.463
trace:         score_window: window_len=16, match_len=6, line_score=0.458, ratio_lines=0.273, final_score=0.458
trace:         score_window: window_len=7, match_len=6, line_score=0.165, ratio_lines=0.154, final_score=0.265
trace:         score_window: window_len=17, match_len=6, line_score=0.454, ratio_lines=0.261, final_score=0.454
trace:         score_window: window_len=18, match_len=6, line_score=0.450, ratio_lines=0.250, final_score=0.450
trace:         score_window: window_len=19, match_len=6, line_score=0.446, ratio_lines=0.240, final_score=0.446
trace:         score_window: window_len=20, match_len=6, line_score=0.442, ratio_lines=0.231, final_score=0.442
trace:         score_window: window_len=21, match_len=6, line_score=0.438, ratio_lines=0.222, final_score=0.438
trace:         score_window: window_len=4, match_len=6, line_score=0.200, ratio_lines=0.200, final_score=0.311
trace:         score_window: window_len=3, match_len=6, line_score=0.222, ratio_lines=0.222, final_score=0.235
trace:         score_window: window_len=2, match_len=6, line_score=0.250, ratio_lines=0.250, final_score=0.250
trace:         score_window: window_len=12, match_len=6, line_score=0.317, ratio_lines=0.222, final_score=0.317
trace:         score_window: window_len=22, match_len=6, line_score=0.433, ratio_lines=0.214, final_score=0.433
trace:         score_window: window_len=13, match_len=6, line_score=0.314, ratio_lines=0.211, final_score=0.314
trace:         score_window: window_len=14, match_len=6, line_score=0.467, ratio_lines=0.300, final_score=0.467
trace:         score_window: window_len=15, match_len=6, line_score=0.463, ratio_lines=0.286, final_score=0.463
trace:         score_window: window_len=16, match_len=6, line_score=0.611, ratio_lines=0.364, final_score=0.611
trace:         score_window: window_len=6, match_len=6, line_score=0.167, ratio_lines=0.167, final_score=0.369
trace:         score_window: window_len=5, match_len=6, line_score=0.182, ratio_lines=0.182, final_score=0.267
trace:         score_window: window_len=6, match_len=6, line_score=0.167, ratio_lines=0.167, final_score=0.274
trace:         score_window: window_len=7, match_len=6, line_score=0.165, ratio_lines=0.154, final_score=0.342
trace:         score_window: window_len=8, match_len=6, line_score=0.328, ratio_lines=0.286, final_score=0.384
trace:         score_window: window_len=5, match_len=6, line_score=0.182, ratio_lines=0.182, final_score=0.271
trace:         score_window: window_len=3, match_len=6, line_score=0.222, ratio_lines=0.222, final_score=0.222
trace:         score_window: window_len=9, match_len=6, line_score=0.325, ratio_lines=0.267, final_score=0.326
trace:         score_window: window_len=10, match_len=6, line_score=0.322, ratio_lines=0.250, final_score=0.322
trace:         score_window: window_len=11, match_len=6, line_score=0.319, ratio_lines=0.235, final_score=0.319
trace:         score_window: window_len=7, match_len=6, line_score=0.165, ratio_lines=0.154, final_score=0.236
trace:         score_window: window_len=12, match_len=6, line_score=0.317, ratio_lines=0.222, final_score=0.317
trace:         score_window: window_len=13, match_len=6, line_score=0.314, ratio_lines=0.211, final_score=0.314
trace:         score_window: window_len=4, match_len=6, line_score=0.200, ratio_lines=0.200, final_score=0.301
trace:         score_window: window_len=3, match_len=6, line_score=0.222, ratio_lines=0.222, final_score=0.339
trace:         score_window: window_len=2, match_len=6, line_score=0.250, ratio_lines=0.250, final_score=0.250
trace:         score_window: window_len=11, match_len=6, line_score=0.319, ratio_lines=0.235, final_score=0.319
trace:         score_window: window_len=12, match_len=6, line_score=0.317, ratio_lines=0.222, final_score=0.317
trace:         score_window: window_len=13, match_len=6, line_score=0.471, ratio_lines=0.316, final_score=0.471
trace:         score_window: window_len=14, match_len=6, line_score=0.467, ratio_lines=0.300, final_score=0.467
trace:         score_window: window_len=6, match_len=6, line_score=0.167, ratio_lines=0.167, final_score=0.382
trace:         score_window: window_len=15, match_len=6, line_score=0.617, ratio_lines=0.381, final_score=0.617
trace:         score_window: window_len=5, match_len=6, line_score=0.182, ratio_lines=0.182, final_score=0.416
trace:         score_window: window_len=7, match_len=6, line_score=0.331, ratio_lines=0.308, final_score=0.402
trace:         score_window: window_len=6, match_len=6, line_score=0.000, ratio_lines=0.000, final_score=0.221
trace:         score_window: window_len=4, match_len=6, line_score=0.200, ratio_lines=0.200, final_score=0.311
trace:         score_window: window_len=5, match_len=6, line_score=0.000, ratio_lines=0.000, final_score=0.257
trace:         score_window: window_len=8, match_len=6, line_score=0.328, ratio_lines=0.286, final_score=0.329
trace:         score_window: window_len=3, match_len=6, line_score=0.222, ratio_lines=0.222, final_score=0.235
trace:         score_window: window_len=9, match_len=6, line_score=0.325, ratio_lines=0.267, final_score=0.325
trace:         score_window: window_len=2, match_len=6, line_score=0.250, ratio_lines=0.250, final_score=0.250
trace:         score_window: window_len=4, match_len=6, line_score=0.000, ratio_lines=0.000, final_score=0.252
trace:         score_window: window_len=3, match_len=6, line_score=0.000, ratio_lines=0.000, final_score=0.281
trace:         score_window: window_len=10, match_len=6, line_score=0.322, ratio_lines=0.250, final_score=0.322
trace:         score_window: window_len=11, match_len=6, line_score=0.319, ratio_lines=0.235, final_score=0.319
trace:         score_window: window_len=11, match_len=6, line_score=0.319, ratio_lines=0.235, final_score=0.319
trace:         score_window: window_len=12, match_len=6, line_score=0.475, ratio_lines=0.333, final_score=0.475
trace:         score_window: window_len=12, match_len=6, line_score=0.317, ratio_lines=0.222, final_score=0.317
trace:         score_window: window_len=13, match_len=6, line_score=0.471, ratio_lines=0.316, final_score=0.471
trace:         score_window: window_len=13, match_len=6, line_score=0.314, ratio_lines=0.211, final_score=0.314
trace:         score_window: window_len=14, match_len=6, line_score=0.622, ratio_lines=0.400, final_score=0.622
trace:         score_window: window_len=6, match_len=6, line_score=0.333, ratio_lines=0.333, final_score=0.406
trace:         score_window: window_len=5, match_len=6, line_score=0.000, ratio_lines=0.000, final_score=0.222
trace:         score_window: window_len=5, match_len=6, line_score=0.182, ratio_lines=0.182, final_score=0.385
trace:         score_window: window_len=4, match_len=6, line_score=0.000, ratio_lines=0.000, final_score=0.259
trace:         score_window: window_len=7, match_len=6, line_score=0.331, ratio_lines=0.308, final_score=0.332
trace:         score_window: window_len=3, match_len=6, line_score=0.000, ratio_lines=0.000, final_score=0.254
trace:         score_window: window_len=4, match_len=6, line_score=0.200, ratio_lines=0.200, final_score=0.419
trace:         score_window: window_len=8, match_len=6, line_score=0.328, ratio_lines=0.286, final_score=0.328
trace:         score_window: window_len=2, match_len=6, line_score=0.000, ratio_lines=0.000, final_score=0.284
trace:         score_window: window_len=10, match_len=6, line_score=0.322, ratio_lines=0.250, final_score=0.322
trace:         score_window: window_len=3, match_len=6, line_score=0.222, ratio_lines=0.222, final_score=0.315
trace:         score_window: window_len=11, match_len=6, line_score=0.479, ratio_lines=0.353, final_score=0.479
trace:         score_window: window_len=9, match_len=6, line_score=0.325, ratio_lines=0.267, final_score=0.325
trace:         score_window: window_len=2, match_len=6, line_score=0.250, ratio_lines=0.250, final_score=0.250
trace:         score_window: window_len=12, match_len=6, line_score=0.475, ratio_lines=0.333, final_score=0.475
trace:         score_window: window_len=10, match_len=6, line_score=0.322, ratio_lines=0.250, final_score=0.322
trace:         score_window: window_len=13, match_len=6, line_score=0.628, ratio_lines=0.421, final_score=0.628
trace:         score_window: window_len=11, match_len=6, line_score=0.319, ratio_lines=0.235, final_score=0.319
trace:         score_window: window_len=12, match_len=6, line_score=0.317, ratio_lines=0.222, final_score=0.317
trace:         score_window: window_len=13, match_len=6, line_score=0.314, ratio_lines=0.211, final_score=0.314
trace:         score_window: window_len=6, match_len=6, line_score=0.000, ratio_lines=0.000, final_score=0.185
trace:         score_window: window_len=5, match_len=6, line_score=0.000, ratio_lines=0.000, final_score=0.177
trace:         score_window: window_len=6, match_len=6, line_score=0.167, ratio_lines=0.167, final_score=0.318
trace:         score_window: window_len=4, match_len=6, line_score=0.000, ratio_lines=0.000, final_score=0.260
trace:         score_window: window_len=5, match_len=6, line_score=0.182, ratio_lines=0.182, final_score=0.390
trace:         score_window: window_len=3, match_len=6, line_score=0.000, ratio_lines=0.000, final_score=0.314
trace:         score_window: window_len=9, match_len=6, line_score=0.325, ratio_lines=0.267, final_score=0.325
trace:         score_window: window_len=4, match_len=6, line_score=0.000, ratio_lines=0.000, final_score=0.367
trace:         score_window: window_len=2, match_len=6, line_score=0.000, ratio_lines=0.000, final_score=0.308
trace:         score_window: window_len=10, match_len=6, line_score=0.483, ratio_lines=0.375, final_score=0.483
trace:         score_window: window_len=3, match_len=6, line_score=0.000, ratio_lines=0.000, final_score=0.399
trace:         score_window: window_len=11, match_len=6, line_score=0.479, ratio_lines=0.353, final_score=0.479
trace:         score_window: window_len=12, match_len=6, line_score=0.633, ratio_lines=0.444, final_score=0.633
trace:         score_window: window_len=2, match_len=6, line_score=0.000, ratio_lines=0.000, final_score=0.293
trace:         score_window: window_len=6, match_len=6, line_score=0.000, ratio_lines=0.000, final_score=0.312
trace:         score_window: window_len=5, match_len=6, line_score=0.182, ratio_lines=0.182, final_score=0.300
trace:         score_window: window_len=4, match_len=6, line_score=0.200, ratio_lines=0.200, final_score=0.372
trace:         score_window: window_len=5, match_len=6, line_score=0.000, ratio_lines=0.000, final_score=0.217
trace:         score_window: window_len=3, match_len=6, line_score=0.000, ratio_lines=0.000, final_score=0.346
trace:         score_window: window_len=7, match_len=6, line_score=0.165, ratio_lines=0.154, final_score=0.328
trace:         score_window: window_len=4, match_len=6, line_score=0.000, ratio_lines=0.000, final_score=0.208
trace:         score_window: window_len=2, match_len=6, line_score=0.000, ratio_lines=0.000, final_score=0.377
trace:         score_window: window_len=6, match_len=6, line_score=0.167, ratio_lines=0.167, final_score=0.188
trace:         score_window: window_len=5, match_len=6, line_score=0.182, ratio_lines=0.182, final_score=0.217
trace:         score_window: window_len=8, match_len=6, line_score=0.328, ratio_lines=0.286, final_score=0.328
trace:         score_window: window_len=4, match_len=6, line_score=0.200, ratio_lines=0.200, final_score=0.248
trace:         score_window: window_len=3, match_len=6, line_score=0.000, ratio_lines=0.000, final_score=0.279
trace:         score_window: window_len=3, match_len=6, line_score=0.222, ratio_lines=0.222, final_score=0.279
trace:         score_window: window_len=9, match_len=6, line_score=0.488, ratio_lines=0.400, final_score=0.488
trace:         score_window: window_len=10, match_len=6, line_score=0.483, ratio_lines=0.375, final_score=0.483
trace:         score_window: window_len=11, match_len=6, line_score=0.639, ratio_lines=0.471, final_score=0.639
trace:         score_window: window_len=6, match_len=6, line_score=0.167, ratio_lines=0.167, final_score=0.390
trace:         score_window: window_len=6, match_len=6, line_score=0.167, ratio_lines=0.167, final_score=0.302
trace:         score_window: window_len=5, match_len=6, line_score=0.000, ratio_lines=0.000, final_score=0.373
trace:         score_window: window_len=7, match_len=6, line_score=0.331, ratio_lines=0.308, final_score=0.361
trace:         score_window: window_len=5, match_len=6, line_score=0.182, ratio_lines=0.182, final_score=0.334
trace:         score_window: window_len=4, match_len=6, line_score=0.000, ratio_lines=0.000, final_score=0.266
trace:         score_window: window_len=8, match_len=6, line_score=0.492, ratio_lines=0.429, final_score=0.492
trace:         score_window: window_len=7, match_len=6, line_score=0.165, ratio_lines=0.154, final_score=0.301
trace:         score_window: window_len=9, match_len=6, line_score=0.488, ratio_lines=0.400, final_score=0.488
trace:         score_window: window_len=4, match_len=6, line_score=0.200, ratio_lines=0.200, final_score=0.393
trace:         score_window: window_len=10, match_len=6, line_score=0.644, ratio_lines=0.500, final_score=0.644
trace:         score_window: window_len=3, match_len=6, line_score=0.222, ratio_lines=0.222, final_score=0.458
trace:         score_window: window_len=2, match_len=6, line_score=0.250, ratio_lines=0.250, final_score=0.282
trace:         score_window: window_len=6, match_len=6, line_score=0.333, ratio_lines=0.333, final_score=0.366
trace:         score_window: window_len=5, match_len=6, line_score=0.182, ratio_lines=0.182, final_score=0.343
trace:         score_window: window_len=7, match_len=6, line_score=0.496, ratio_lines=0.462, final_score=0.496
trace:         score_window: window_len=6, match_len=6, line_score=0.167, ratio_lines=0.167, final_score=0.249
trace:         score_window: window_len=4, match_len=6, line_score=0.000, ratio_lines=0.000, final_score=0.264
trace:         score_window: window_len=5, match_len=6, line_score=0.182, ratio_lines=0.182, final_score=0.251
trace:         score_window: window_len=8, match_len=6, line_score=0.492, ratio_lines=0.429, final_score=0.492
trace:         score_window: window_len=3, match_len=6, line_score=0.000, ratio_lines=0.000, final_score=0.303
trace:         score_window: window_len=7, match_len=6, line_score=0.165, ratio_lines=0.154, final_score=0.246
trace:         score_window: window_len=9, match_len=6, line_score=0.650, ratio_lines=0.533, final_score=0.650
trace:         score_window: window_len=4, match_len=6, line_score=0.200, ratio_lines=0.200, final_score=0.280
trace:         score_window: window_len=6, match_len=6, line_score=0.500, ratio_lines=0.500, final_score=0.500
trace:         score_window: window_len=3, match_len=6, line_score=0.222, ratio_lines=0.222, final_score=0.334
trace:         score_window: window_len=2, match_len=6, line_score=0.250, ratio_lines=0.250, final_score=0.250
trace:         score_window: window_len=5, match_len=6, line_score=0.364, ratio_lines=0.364, final_score=0.437
trace:         score_window: window_len=6, match_len=6, line_score=0.167, ratio_lines=0.167, final_score=0.248
trace:         score_window: window_len=7, match_len=6, line_score=0.496, ratio_lines=0.462, final_score=0.496
trace:         score_window: window_len=8, match_len=6, line_score=0.656, ratio_lines=0.571, final_score=0.656
trace:         score_window: window_len=5, match_len=6, line_score=0.182, ratio_lines=0.182, final_score=0.255
trace:         score_window: window_len=6, match_len=6, line_score=0.500, ratio_lines=0.500, final_score=0.550
trace:         score_window: window_len=4, match_len=6, line_score=0.000, ratio_lines=0.000, final_score=0.233
trace:         score_window: window_len=5, match_len=6, line_score=0.545, ratio_lines=0.545, final_score=0.545
trace:         score_window: window_len=7, match_len=6, line_score=0.661, ratio_lines=0.615, final_score=0.661
trace:         score_window: window_len=4, match_len=6, line_score=0.400, ratio_lines=0.400, final_score=0.400
trace:         score_window: window_len=3, match_len=6, line_score=0.000, ratio_lines=0.000, final_score=0.261
trace:         score_window: window_len=3, match_len=6, line_score=0.222, ratio_lines=0.222, final_score=0.282
trace:         score_window: window_len=2, match_len=6, line_score=0.000, ratio_lines=0.000, final_score=0.313
trace:         score_window: window_len=6, match_len=6, line_score=0.667, ratio_lines=0.667, final_score=0.667
trace:         score_window: window_len=11, match_len=6, line_score=0.319, ratio_lines=0.235, final_score=0.319
trace:         score_window: window_len=5, match_len=6, line_score=0.545, ratio_lines=0.545, final_score=0.567
trace:         score_window: window_len=4, match_len=6, line_score=0.600, ratio_lines=0.600, final_score=0.600
trace:         score_window: window_len=3, match_len=6, line_score=0.444, ratio_lines=0.444, final_score=0.444
trace:         score_window: window_len=12, match_len=6, line_score=0.317, ratio_lines=0.222, final_score=0.317
trace:         score_window: window_len=2, match_len=6, line_score=0.250, ratio_lines=0.250, final_score=0.250
trace:         score_window: window_len=13, match_len=6, line_score=0.314, ratio_lines=0.211, final_score=0.314
trace:         score_window: window_len=4, match_len=6, line_score=0.600, ratio_lines=0.600, final_score=0.648
trace:         score_window: window_len=3, match_len=6, line_score=0.667, ratio_lines=0.667, final_score=0.667
trace:         score_window: window_len=2, match_len=6, line_score=0.500, ratio_lines=0.500, final_score=0.500
trace:         score_window: window_len=4, match_len=6, line_score=0.600, ratio_lines=0.600, final_score=0.648
trace:         score_window: window_len=3, match_len=6, line_score=0.444, ratio_lines=0.444, final_score=0.633
trace:         score_window: window_len=2, match_len=6, line_score=0.500, ratio_lines=0.500, final_score=0.513
trace:         score_window: window_len=6, match_len=6, line_score=0.167, ratio_lines=0.167, final_score=0.200
trace:         score_window: window_len=26, match_len=6, line_score=0.694, ratio_lines=0.312, final_score=0.694
trace:         score_window: window_len=5, match_len=6, line_score=0.182, ratio_lines=0.182, final_score=0.230
trace:         score_window: window_len=27, match_len=6, line_score=0.688, ratio_lines=0.303, final_score=0.688
trace:         score_window: window_len=28, match_len=6, line_score=0.681, ratio_lines=0.294, final_score=0.681
trace:         score_window: window_len=4, match_len=6, line_score=0.200, ratio_lines=0.200, final_score=0.243
trace:         score_window: window_len=29, match_len=6, line_score=0.674, ratio_lines=0.286, final_score=0.674
trace:         score_window: window_len=3, match_len=6, line_score=0.000, ratio_lines=0.000, final_score=0.189
trace:         score_window: window_len=6, match_len=6, line_score=0.667, ratio_lines=0.667, final_score=0.721
trace:         score_window: window_len=2, match_len=6, line_score=0.000, ratio_lines=0.000, final_score=0.218
trace:         score_window: window_len=7, match_len=6, line_score=0.661, ratio_lines=0.615, final_score=0.716
trace:         score_window: window_len=10, match_len=6, line_score=0.322, ratio_lines=0.250, final_score=0.322
trace:         score_window: window_len=4, match_len=6, line_score=0.600, ratio_lines=0.600, final_score=0.876
trace:         score_window: window_len=11, match_len=6, line_score=0.319, ratio_lines=0.235, final_score=0.319
trace:         score_window: window_len=8, match_len=6, line_score=0.656, ratio_lines=0.571, final_score=0.656
trace:         score_window: window_len=3, match_len=6, line_score=0.444, ratio_lines=0.444, final_score=0.444
trace:         score_window: window_len=12, match_len=6, line_score=0.317, ratio_lines=0.222, final_score=0.317
trace:         score_window: window_len=9, match_len=6, line_score=0.650, ratio_lines=0.533, final_score=0.650
trace:         score_window: window_len=2, match_len=6, line_score=0.250, ratio_lines=0.250, final_score=0.282
trace:         score_window: window_len=10, match_len=6, line_score=0.644, ratio_lines=0.500, final_score=0.644
trace:         score_window: window_len=13, match_len=6, line_score=0.314, ratio_lines=0.211, final_score=0.314
trace:         score_window: window_len=11, match_len=6, line_score=0.639, ratio_lines=0.471, final_score=0.639
trace:         score_window: window_len=12, match_len=6, line_score=0.633, ratio_lines=0.444, final_score=0.633
trace:         score_window: window_len=13, match_len=6, line_score=0.628, ratio_lines=0.421, final_score=0.628
trace:         score_window: window_len=14, match_len=6, line_score=0.622, ratio_lines=0.400, final_score=0.622
trace:         score_window: window_len=15, match_len=6, line_score=0.617, ratio_lines=0.381, final_score=0.617
trace:         score_window: window_len=16, match_len=6, line_score=0.611, ratio_lines=0.364, final_score=0.611
trace:         score_window: window_len=17, match_len=6, line_score=0.606, ratio_lines=0.348, final_score=0.606
trace:         score_window: window_len=6, match_len=6, line_score=0.167, ratio_lines=0.167, final_score=0.230
trace:         score_window: window_len=18, match_len=6, line_score=0.600, ratio_lines=0.333, final_score=0.600
trace:         score_window: window_len=19, match_len=6, line_score=0.594, ratio_lines=0.320, final_score=0.594
trace:         score_window: window_len=20, match_len=6, line_score=0.589, ratio_lines=0.308, final_score=0.589
trace:         score_window: window_len=5, match_len=6, line_score=0.182, ratio_lines=0.182, final_score=0.207
trace:         score_window: window_len=7, match_len=6, line_score=0.165, ratio_lines=0.154, final_score=0.227
trace:         score_window: window_len=4, match_len=6, line_score=0.200, ratio_lines=0.200, final_score=0.346
trace:         score_window: window_len=21, match_len=6, line_score=0.583, ratio_lines=0.296, final_score=0.583
trace:         score_window: window_len=22, match_len=6, line_score=0.578, ratio_lines=0.286, final_score=0.578
trace:         score_window: window_len=23, match_len=6, line_score=0.572, ratio_lines=0.276, final_score=0.572
trace:         score_window: window_len=8, match_len=6, line_score=0.164, ratio_lines=0.143, final_score=0.224
trace:         score_window: window_len=24, match_len=6, line_score=0.567, ratio_lines=0.267, final_score=0.567
trace:         score_window: window_len=25, match_len=6, line_score=0.561, ratio_lines=0.258, final_score=0.561
trace:         score_window: window_len=3, match_len=6, line_score=0.222, ratio_lines=0.222, final_score=0.352
trace:         score_window: window_len=26, match_len=6, line_score=0.556, ratio_lines=0.250, final_score=0.556
trace:         score_window: window_len=27, match_len=6, line_score=0.550, ratio_lines=0.242, final_score=0.550
trace:         score_window: window_len=28, match_len=6, line_score=0.544, ratio_lines=0.235, final_score=0.544
trace:         score_window: window_len=9, match_len=6, line_score=0.325, ratio_lines=0.267, final_score=0.325
trace:         score_window: window_len=29, match_len=6, line_score=0.539, ratio_lines=0.229, final_score=0.539
trace:         score_window: window_len=10, match_len=6, line_score=0.322, ratio_lines=0.250, final_score=0.322
trace:         score_window: window_len=6, match_len=6, line_score=0.500, ratio_lines=0.500, final_score=0.626
trace:         score_window: window_len=11, match_len=6, line_score=0.319, ratio_lines=0.235, final_score=0.319
trace:         score_window: window_len=5, match_len=6, line_score=0.545, ratio_lines=0.545, final_score=0.631
trace:         score_window: window_len=12, match_len=6, line_score=0.317, ratio_lines=0.222, final_score=0.317
trace:         score_window: window_len=7, match_len=6, line_score=0.496, ratio_lines=0.462, final_score=0.556
trace:         score_window: window_len=4, match_len=6, line_score=0.600, ratio_lines=0.600, final_score=0.740
trace:         score_window: window_len=8, match_len=6, line_score=0.492, ratio_lines=0.429, final_score=0.553
trace:         score_window: window_len=13, match_len=6, line_score=0.314, ratio_lines=0.211, final_score=0.314
trace:         score_window: window_len=3, match_len=6, line_score=0.444, ratio_lines=0.444, final_score=0.785
trace:         score_window: window_len=9, match_len=6, line_score=0.488, ratio_lines=0.400, final_score=0.520
trace:         score_window: window_len=2, match_len=6, line_score=0.250, ratio_lines=0.250, final_score=0.250
trace:         score_window: window_len=10, match_len=6, line_score=0.483, ratio_lines=0.375, final_score=0.505
trace:         score_window: window_len=11, match_len=6, line_score=0.479, ratio_lines=0.353, final_score=0.479
trace:         score_window: window_len=12, match_len=6, line_score=0.475, ratio_lines=0.333, final_score=0.475
trace:         score_window: window_len=13, match_len=6, line_score=0.471, ratio_lines=0.316, final_score=0.471
trace:         score_window: window_len=6, match_len=6, line_score=0.167, ratio_lines=0.167, final_score=0.263
trace:         score_window: window_len=14, match_len=6, line_score=0.467, ratio_lines=0.300, final_score=0.467
trace:         score_window: window_len=15, match_len=6, line_score=0.463, ratio_lines=0.286, final_score=0.463
trace:         score_window: window_len=16, match_len=6, line_score=0.458, ratio_lines=0.273, final_score=0.458
trace:         score_window: window_len=17, match_len=6, line_score=0.454, ratio_lines=0.261, final_score=0.454
trace:         score_window: window_len=5, match_len=6, line_score=0.182, ratio_lines=0.182, final_score=0.270
trace:         score_window: window_len=18, match_len=6, line_score=0.450, ratio_lines=0.250, final_score=0.450
trace:         score_window: window_len=19, match_len=6, line_score=0.446, ratio_lines=0.240, final_score=0.446
trace:         score_window: window_len=20, match_len=6, line_score=0.442, ratio_lines=0.231, final_score=0.442
trace:         score_window: window_len=21, match_len=6, line_score=0.438, ratio_lines=0.222, final_score=0.438
trace:         score_window: window_len=7, match_len=6, line_score=0.165, ratio_lines=0.154, final_score=0.260
trace:         score_window: window_len=22, match_len=6, line_score=0.433, ratio_lines=0.214, final_score=0.433
trace:         score_window: window_len=4, match_len=6, line_score=0.200, ratio_lines=0.200, final_score=0.251
trace:         score_window: window_len=6, match_len=6, line_score=0.500, ratio_lines=0.500, final_score=0.532
trace:         score_window: window_len=5, match_len=6, line_score=0.545, ratio_lines=0.545, final_score=0.554
trace:         score_window: window_len=8, match_len=6, line_score=0.328, ratio_lines=0.286, final_score=0.328
trace:         score_window: window_len=3, match_len=6, line_score=0.222, ratio_lines=0.222, final_score=0.222
trace:         score_window: window_len=7, match_len=6, line_score=0.496, ratio_lines=0.462, final_score=0.512
trace:         score_window: window_len=4, match_len=6, line_score=0.600, ratio_lines=0.600, final_score=0.600
trace:         score_window: window_len=9, match_len=6, line_score=0.325, ratio_lines=0.267, final_score=0.325
trace:         score_window: window_len=2, match_len=6, line_score=0.250, ratio_lines=0.250, final_score=0.250
trace:         score_window: window_len=8, match_len=6, line_score=0.492, ratio_lines=0.429, final_score=0.494
trace:         score_window: window_len=3, match_len=6, line_score=0.667, ratio_lines=0.667, final_score=0.725
trace:         score_window: window_len=10, match_len=6, line_score=0.322, ratio_lines=0.250, final_score=0.322
trace:         score_window: window_len=9, match_len=6, line_score=0.488, ratio_lines=0.400, final_score=0.488
trace:         score_window: window_len=2, match_len=6, line_score=0.500, ratio_lines=0.500, final_score=0.617
trace:         score_window: window_len=11, match_len=6, line_score=0.319, ratio_lines=0.235, final_score=0.319
trace:         score_window: window_len=10, match_len=6, line_score=0.483, ratio_lines=0.375, final_score=0.483
trace:         score_window: window_len=11, match_len=6, line_score=0.479, ratio_lines=0.353, final_score=0.479
trace:         score_window: window_len=12, match_len=6, line_score=0.475, ratio_lines=0.333, final_score=0.475
trace:         score_window: window_len=13, match_len=6, line_score=0.471, ratio_lines=0.316, final_score=0.471
trace:         score_window: window_len=12, match_len=6, line_score=0.317, ratio_lines=0.222, final_score=0.317
trace:         score_window: window_len=14, match_len=6, line_score=0.467, ratio_lines=0.300, final_score=0.467
trace:         score_window: window_len=13, match_len=6, line_score=0.314, ratio_lines=0.211, final_score=0.314
trace:         score_window: window_len=15, match_len=6, line_score=0.463, ratio_lines=0.286, final_score=0.463
trace:         score_window: window_len=6, match_len=6, line_score=0.167, ratio_lines=0.167, final_score=0.227
trace:         score_window: window_len=16, match_len=6, line_score=0.458, ratio_lines=0.273, final_score=0.458
trace:         score_window: window_len=17, match_len=6, line_score=0.454, ratio_lines=0.261, final_score=0.454
trace:         score_window: window_len=18, match_len=6, line_score=0.450, ratio_lines=0.250, final_score=0.450
trace:         score_window: window_len=19, match_len=6, line_score=0.446, ratio_lines=0.240, final_score=0.446
trace:         score_window: window_len=5, match_len=6, line_score=0.182, ratio_lines=0.182, final_score=0.230
trace:         score_window: window_len=20, match_len=6, line_score=0.442, ratio_lines=0.231, final_score=0.442
trace:         score_window: window_len=21, match_len=6, line_score=0.438, ratio_lines=0.222, final_score=0.438
trace:         score_window: window_len=22, match_len=6, line_score=0.433, ratio_lines=0.214, final_score=0.433
trace:         score_window: window_len=7, match_len=6, line_score=0.331, ratio_lines=0.308, final_score=0.331
trace:         score_window: window_len=4, match_len=6, line_score=0.200, ratio_lines=0.200, final_score=0.247
trace:         score_window: window_len=6, match_len=6, line_score=0.333, ratio_lines=0.333, final_score=0.450
trace:         score_window: window_len=5, match_len=6, line_score=0.364, ratio_lines=0.364, final_score=0.467
trace:         score_window: window_len=7, match_len=6, line_score=0.331, ratio_lines=0.308, final_score=0.435
trace:         score_window: window_len=8, match_len=6, line_score=0.328, ratio_lines=0.286, final_score=0.328
trace:         score_window: window_len=3, match_len=6, line_score=0.222, ratio_lines=0.222, final_score=0.312
trace:         score_window: window_len=4, match_len=6, line_score=0.400, ratio_lines=0.400, final_score=0.508
trace:         score_window: window_len=9, match_len=6, line_score=0.325, ratio_lines=0.267, final_score=0.325
trace:         score_window: window_len=2, match_len=6, line_score=0.250, ratio_lines=0.250, final_score=0.250
trace:         score_window: window_len=8, match_len=6, line_score=0.328, ratio_lines=0.286, final_score=0.420
trace:         score_window: window_len=10, match_len=6, line_score=0.322, ratio_lines=0.250, final_score=0.322
trace:         score_window: window_len=3, match_len=6, line_score=0.444, ratio_lines=0.444, final_score=0.512
trace:         score_window: window_len=9, match_len=6, line_score=0.325, ratio_lines=0.267, final_score=0.360
trace:         score_window: window_len=2, match_len=6, line_score=0.500, ratio_lines=0.500, final_score=0.647
trace:         score_window: window_len=10, match_len=6, line_score=0.322, ratio_lines=0.250, final_score=0.345
trace:         score_window: window_len=11, match_len=6, line_score=0.319, ratio_lines=0.235, final_score=0.319
trace:         score_window: window_len=11, match_len=6, line_score=0.319, ratio_lines=0.235, final_score=0.332
trace:         score_window: window_len=12, match_len=6, line_score=0.317, ratio_lines=0.222, final_score=0.323
trace:         score_window: window_len=13, match_len=6, line_score=0.314, ratio_lines=0.211, final_score=0.316
trace:         score_window: window_len=12, match_len=6, line_score=0.317, ratio_lines=0.222, final_score=0.317
trace:         score_window: window_len=13, match_len=6, line_score=0.314, ratio_lines=0.211, final_score=0.314
trace:         score_window: window_len=6, match_len=6, line_score=0.167, ratio_lines=0.167, final_score=0.338
trace:         score_window: window_len=6, match_len=6, line_score=0.167, ratio_lines=0.167, final_score=0.230
trace:         score_window: window_len=5, match_len=6, line_score=0.182, ratio_lines=0.182, final_score=0.386
trace:         score_window: window_len=7, match_len=6, line_score=0.165, ratio_lines=0.154, final_score=0.336
trace:         score_window: window_len=5, match_len=6, line_score=0.000, ratio_lines=0.000, final_score=0.210
trace:         score_window: window_len=4, match_len=6, line_score=0.200, ratio_lines=0.200, final_score=0.388
trace:         score_window: window_len=7, match_len=6, line_score=0.165, ratio_lines=0.154, final_score=0.253
trace:         score_window: window_len=8, match_len=6, line_score=0.164, ratio_lines=0.143, final_score=0.323
trace:         score_window: window_len=3, match_len=6, line_score=0.222, ratio_lines=0.222, final_score=0.222
trace:         score_window: window_len=4, match_len=6, line_score=0.000, ratio_lines=0.000, final_score=0.212
trace:         score_window: window_len=3, match_len=6, line_score=0.000, ratio_lines=0.000, final_score=0.215
trace:         score_window: window_len=9, match_len=6, line_score=0.163, ratio_lines=0.133, final_score=0.279
trace:         score_window: window_len=2, match_len=6, line_score=0.250, ratio_lines=0.250, final_score=0.250
trace:         score_window: window_len=12, match_len=6, line_score=0.317, ratio_lines=0.222, final_score=0.317
trace:         score_window: window_len=10, match_len=6, line_score=0.161, ratio_lines=0.125, final_score=0.277
trace:         score_window: window_len=13, match_len=6, line_score=0.314, ratio_lines=0.211, final_score=0.314
trace:         score_window: window_len=6, match_len=6, line_score=0.167, ratio_lines=0.167, final_score=0.256
trace:         score_window: window_len=11, match_len=6, line_score=0.160, ratio_lines=0.118, final_score=0.276
trace:         score_window: window_len=5, match_len=6, line_score=0.182, ratio_lines=0.182, final_score=0.222
trace:         score_window: window_len=19, match_len=6, line_score=0.446, ratio_lines=0.240, final_score=0.446
trace:         score_window: window_len=4, match_len=6, line_score=0.000, ratio_lines=0.000, final_score=0.204
trace:         score_window: window_len=6, match_len=6, line_score=0.333, ratio_lines=0.333, final_score=0.356
trace:         score_window: window_len=3, match_len=6, line_score=0.000, ratio_lines=0.000, final_score=0.206
trace:         score_window: window_len=5, match_len=6, line_score=0.364, ratio_lines=0.364, final_score=0.364
trace:         score_window: window_len=2, match_len=6, line_score=0.000, ratio_lines=0.000, final_score=0.208
trace:         score_window: window_len=7, match_len=6, line_score=0.331, ratio_lines=0.308, final_score=0.353
trace:         score_window: window_len=11, match_len=6, line_score=0.319, ratio_lines=0.235, final_score=0.319
trace:         score_window: window_len=4, match_len=6, line_score=0.400, ratio_lines=0.400, final_score=0.410
trace:         score_window: window_len=12, match_len=6, line_score=0.317, ratio_lines=0.222, final_score=0.317
trace:         score_window: window_len=8, match_len=6, line_score=0.328, ratio_lines=0.286, final_score=0.335
trace:         score_window: window_len=13, match_len=6, line_score=0.314, ratio_lines=0.211, final_score=0.314
trace:         score_window: window_len=3, match_len=6, line_score=0.222, ratio_lines=0.222, final_score=0.392
trace:         score_window: window_len=6, match_len=6, line_score=0.167, ratio_lines=0.167, final_score=0.303
trace:         score_window: window_len=9, match_len=6, line_score=0.325, ratio_lines=0.267, final_score=0.325
trace:         score_window: window_len=2, match_len=6, line_score=0.250, ratio_lines=0.250, final_score=0.250
trace:         score_window: window_len=5, match_len=6, line_score=0.182, ratio_lines=0.182, final_score=0.271
trace:         score_window: window_len=10, match_len=6, line_score=0.322, ratio_lines=0.250, final_score=0.322
trace:         score_window: window_len=10, match_len=6, line_score=0.322, ratio_lines=0.250, final_score=0.322
trace:         score_window: window_len=11, match_len=6, line_score=0.319, ratio_lines=0.235, final_score=0.319
trace:         score_window: window_len=12, match_len=6, line_score=0.317, ratio_lines=0.222, final_score=0.317
trace:         score_window: window_len=11, match_len=6, line_score=0.319, ratio_lines=0.235, final_score=0.319
trace:         score_window: window_len=13, match_len=6, line_score=0.314, ratio_lines=0.211, final_score=0.314
trace:         score_window: window_len=12, match_len=6, line_score=0.317, ratio_lines=0.222, final_score=0.317
trace:         score_window: window_len=13, match_len=6, line_score=0.314, ratio_lines=0.211, final_score=0.314
trace:         score_window: window_len=6, match_len=6, line_score=0.167, ratio_lines=0.167, final_score=0.254
trace:         score_window: window_len=18, match_len=6, line_score=0.450, ratio_lines=0.250, final_score=0.450
trace:         score_window: window_len=19, match_len=6, line_score=0.446, ratio_lines=0.240, final_score=0.446
trace:         score_window: window_len=5, match_len=6, line_score=0.182, ratio_lines=0.182, final_score=0.279
trace:         score_window: window_len=20, match_len=6, line_score=0.442, ratio_lines=0.231, final_score=0.442
trace:         score_window: window_len=21, match_len=6, line_score=0.438, ratio_lines=0.222, final_score=0.438
trace:         score_window: window_len=7, match_len=6, line_score=0.165, ratio_lines=0.154, final_score=0.238
trace:         score_window: window_len=22, match_len=6, line_score=0.433, ratio_lines=0.214, final_score=0.433
trace:         score_window: window_len=4, match_len=6, line_score=0.200, ratio_lines=0.200, final_score=0.275
trace:         score_window: window_len=6, match_len=6, line_score=0.333, ratio_lines=0.333, final_score=0.397
trace:         score_window: window_len=8, match_len=6, line_score=0.164, ratio_lines=0.143, final_score=0.236
trace:         score_window: window_len=5, match_len=6, line_score=0.364, ratio_lines=0.364, final_score=0.364
trace:         score_window: window_len=3, match_len=6, line_score=0.222, ratio_lines=0.222, final_score=0.222
trace:         score_window: window_len=7, match_len=6, line_score=0.331, ratio_lines=0.308, final_score=0.365
trace:         score_window: window_len=4, match_len=6, line_score=0.400, ratio_lines=0.400, final_score=0.400
trace:         score_window: window_len=9, match_len=6, line_score=0.325, ratio_lines=0.267, final_score=0.325
trace:         score_window: window_len=10, match_len=6, line_score=0.322, ratio_lines=0.250, final_score=0.322
trace:         score_window: window_len=8, match_len=6, line_score=0.328, ratio_lines=0.286, final_score=0.345
trace:         score_window: window_len=3, match_len=6, line_score=0.444, ratio_lines=0.444, final_score=0.444
trace:         score_window: window_len=11, match_len=6, line_score=0.319, ratio_lines=0.235, final_score=0.319
trace:         score_window: window_len=9, match_len=6, line_score=0.325, ratio_lines=0.267, final_score=0.343
trace:         score_window: window_len=12, match_len=6, line_score=0.317, ratio_lines=0.222, final_score=0.317
trace:         score_window: window_len=2, match_len=6, line_score=0.250, ratio_lines=0.250, final_score=0.250
trace:         score_window: window_len=6, match_len=6, line_score=0.167, ratio_lines=0.167, final_score=0.242
trace:         score_window: window_len=10, match_len=6, line_score=0.322, ratio_lines=0.250, final_score=0.322
trace:         score_window: window_len=5, match_len=6, line_score=0.182, ratio_lines=0.182, final_score=0.263
trace:         score_window: window_len=11, match_len=6, line_score=0.319, ratio_lines=0.235, final_score=0.319
trace:         score_window: window_len=7, match_len=6, line_score=0.165, ratio_lines=0.154, final_score=0.231
trace:         score_window: window_len=12, match_len=6, line_score=0.317, ratio_lines=0.222, final_score=0.317
trace:         score_window: window_len=4, match_len=6, line_score=0.200, ratio_lines=0.200, final_score=0.275
trace:         score_window: window_len=13, match_len=6, line_score=0.314, ratio_lines=0.211, final_score=0.314
trace:         score_window: window_len=8, match_len=6, line_score=0.328, ratio_lines=0.286, final_score=0.328
trace:         score_window: window_len=3, match_len=6, line_score=0.222, ratio_lines=0.222, final_score=0.292
trace:         score_window: window_len=17, match_len=6, line_score=0.454, ratio_lines=0.261, final_score=0.454
trace:         score_window: window_len=18, match_len=6, line_score=0.450, ratio_lines=0.250, final_score=0.450
trace:         score_window: window_len=9, match_len=6, line_score=0.325, ratio_lines=0.267, final_score=0.325
trace:         score_window: window_len=2, match_len=6, line_score=0.250, ratio_lines=0.250, final_score=0.250
trace:         score_window: window_len=10, match_len=6, line_score=0.322, ratio_lines=0.250, final_score=0.322
trace:         score_window: window_len=19, match_len=6, line_score=0.446, ratio_lines=0.240, final_score=0.446
trace:         score_window: window_len=11, match_len=6, line_score=0.319, ratio_lines=0.235, final_score=0.319
trace:         score_window: window_len=20, match_len=6, line_score=0.442, ratio_lines=0.231, final_score=0.442
trace:         score_window: window_len=21, match_len=6, line_score=0.438, ratio_lines=0.222, final_score=0.438
trace:         score_window: window_len=6, match_len=6, line_score=0.167, ratio_lines=0.167, final_score=0.265
trace:         score_window: window_len=22, match_len=6, line_score=0.433, ratio_lines=0.214, final_score=0.433
trace:         score_window: window_len=5, match_len=6, line_score=0.182, ratio_lines=0.182, final_score=0.279
trace:         score_window: window_len=7, match_len=6, line_score=0.331, ratio_lines=0.308, final_score=0.331
trace:         score_window: window_len=6, match_len=6, line_score=0.333, ratio_lines=0.333, final_score=0.351
trace:         score_window: window_len=4, match_len=6, line_score=0.200, ratio_lines=0.200, final_score=0.303
trace:         score_window: window_len=5, match_len=6, line_score=0.364, ratio_lines=0.364, final_score=0.400
trace:         score_window: window_len=7, match_len=6, line_score=0.331, ratio_lines=0.308, final_score=0.347
trace:         score_window: window_len=8, match_len=6, line_score=0.328, ratio_lines=0.286, final_score=0.328
trace:         score_window: window_len=4, match_len=6, line_score=0.400, ratio_lines=0.400, final_score=0.400
trace:         score_window: window_len=3, match_len=6, line_score=0.222, ratio_lines=0.222, final_score=0.288
trace:         score_window: window_len=8, match_len=6, line_score=0.328, ratio_lines=0.286, final_score=0.345
trace:         score_window: window_len=3, match_len=6, line_score=0.222, ratio_lines=0.222, final_score=0.222
trace:         score_window: window_len=9, match_len=6, line_score=0.325, ratio_lines=0.267, final_score=0.325
trace:         score_window: window_len=2, match_len=6, line_score=0.250, ratio_lines=0.250, final_score=0.308
trace:         score_window: window_len=9, match_len=6, line_score=0.325, ratio_lines=0.267, final_score=0.325
trace:         score_window: window_len=2, match_len=6, line_score=0.250, ratio_lines=0.250, final_score=0.250
trace:         score_window: window_len=10, match_len=6, line_score=0.322, ratio_lines=0.250, final_score=0.322
trace:         score_window: window_len=10, match_len=6, line_score=0.322, ratio_lines=0.250, final_score=0.322
trace:         score_window: window_len=6, match_len=6, line_score=0.167, ratio_lines=0.167, final_score=0.238
trace:         score_window: window_len=11, match_len=6, line_score=0.319, ratio_lines=0.235, final_score=0.319
trace:         score_window: window_len=5, match_len=6, line_score=0.000, ratio_lines=0.000, final_score=0.214
trace:         score_window: window_len=12, match_len=6, line_score=0.317, ratio_lines=0.222, final_score=0.317
trace:         score_window: window_len=13, match_len=6, line_score=0.314, ratio_lines=0.211, final_score=0.314
trace:         score_window: window_len=7, match_len=6, line_score=0.165, ratio_lines=0.154, final_score=0.218
trace:         score_window: window_len=16, match_len=6, line_score=0.458, ratio_lines=0.273, final_score=0.458
trace:         score_window: window_len=17, match_len=6, line_score=0.454, ratio_lines=0.261, final_score=0.454
trace:         score_window: window_len=4, match_len=6, line_score=0.000, ratio_lines=0.000, final_score=0.214
trace:         score_window: window_len=18, match_len=6, line_score=0.450, ratio_lines=0.250, final_score=0.450
trace:         score_window: window_len=19, match_len=6, line_score=0.446, ratio_lines=0.240, final_score=0.446
trace:         score_window: window_len=8, match_len=6, line_score=0.328, ratio_lines=0.286, final_score=0.328
trace:         score_window: window_len=20, match_len=6, line_score=0.442, ratio_lines=0.231, final_score=0.442
trace:         score_window: window_len=21, match_len=6, line_score=0.438, ratio_lines=0.222, final_score=0.438
trace:         score_window: window_len=3, match_len=6, line_score=0.000, ratio_lines=0.000, final_score=0.224
trace:         score_window: window_len=22, match_len=6, line_score=0.433, ratio_lines=0.214, final_score=0.433
trace:         score_window: window_len=9, match_len=6, line_score=0.325, ratio_lines=0.267, final_score=0.325
trace:         score_window: window_len=2, match_len=6, line_score=0.000, ratio_lines=0.000, final_score=0.254
trace:         score_window: window_len=6, match_len=6, line_score=0.333, ratio_lines=0.333, final_score=0.372
trace:         score_window: window_len=6, match_len=6, line_score=0.167, ratio_lines=0.167, final_score=0.254
trace:         score_window: window_len=5, match_len=6, line_score=0.364, ratio_lines=0.364, final_score=0.397
trace:         score_window: window_len=5, match_len=6, line_score=0.182, ratio_lines=0.182, final_score=0.282
trace:         score_window: window_len=7, match_len=6, line_score=0.331, ratio_lines=0.308, final_score=0.331
trace:         score_window: window_len=4, match_len=6, line_score=0.000, ratio_lines=0.000, final_score=0.233
trace:         score_window: window_len=7, match_len=6, line_score=0.331, ratio_lines=0.308, final_score=0.357
trace:         score_window: window_len=4, match_len=6, line_score=0.400, ratio_lines=0.400, final_score=0.426
trace:         score_window: window_len=8, match_len=6, line_score=0.328, ratio_lines=0.286, final_score=0.328
trace:         score_window: window_len=8, match_len=6, line_score=0.328, ratio_lines=0.286, final_score=0.344
trace:         score_window: window_len=3, match_len=6, line_score=0.444, ratio_lines=0.444, final_score=0.444
trace:         score_window: window_len=3, match_len=6, line_score=0.000, ratio_lines=0.000, final_score=0.245
trace:         score_window: window_len=9, match_len=6, line_score=0.325, ratio_lines=0.267, final_score=0.325
trace:         score_window: window_len=2, match_len=6, line_score=0.250, ratio_lines=0.250, final_score=0.250
trace:         score_window: window_len=2, match_len=6, line_score=0.000, ratio_lines=0.000, final_score=0.272
trace:         score_window: window_len=10, match_len=6, line_score=0.322, ratio_lines=0.250, final_score=0.322
trace:         score_window: window_len=6, match_len=6, line_score=0.333, ratio_lines=0.333, final_score=0.340
trace:         score_window: window_len=11, match_len=6, line_score=0.319, ratio_lines=0.235, final_score=0.319
trace:         score_window: window_len=5, match_len=6, line_score=0.182, ratio_lines=0.182, final_score=0.325
trace:         score_window: window_len=12, match_len=6, line_score=0.317, ratio_lines=0.222, final_score=0.317
trace:         score_window: window_len=7, match_len=6, line_score=0.331, ratio_lines=0.308, final_score=0.331
trace:         score_window: window_len=13, match_len=6, line_score=0.314, ratio_lines=0.211, final_score=0.314
trace:         score_window: window_len=15, match_len=6, line_score=0.463, ratio_lines=0.286, final_score=0.463
trace:         score_window: window_len=16, match_len=6, line_score=0.458, ratio_lines=0.273, final_score=0.458
trace:         score_window: window_len=6, match_len=6, line_score=0.333, ratio_lines=0.333, final_score=0.333
trace:         score_window: window_len=5, match_len=6, line_score=0.364, ratio_lines=0.364, final_score=0.372
trace:         score_window: window_len=3, match_len=6, line_score=0.222, ratio_lines=0.222, final_score=0.228
trace:         score_window: window_len=17, match_len=6, line_score=0.454, ratio_lines=0.261, final_score=0.454
trace:         score_window: window_len=18, match_len=6, line_score=0.450, ratio_lines=0.250, final_score=0.450
trace:         score_window: window_len=5, match_len=6, line_score=0.364, ratio_lines=0.364, final_score=0.364
trace:         score_window: window_len=4, match_len=6, line_score=0.400, ratio_lines=0.400, final_score=0.400
trace:         score_window: window_len=3, match_len=6, line_score=0.222, ratio_lines=0.222, final_score=0.222
trace:         score_window: window_len=19, match_len=6, line_score=0.446, ratio_lines=0.240, final_score=0.446
trace:         score_window: window_len=2, match_len=6, line_score=0.250, ratio_lines=0.250, final_score=0.250
trace:         score_window: window_len=20, match_len=6, line_score=0.442, ratio_lines=0.231, final_score=0.442
trace:         score_window: window_len=4, match_len=6, line_score=0.400, ratio_lines=0.400, final_score=0.400
trace:         score_window: window_len=3, match_len=6, line_score=0.444, ratio_lines=0.444, final_score=0.444
trace:         score_window: window_len=2, match_len=6, line_score=0.250, ratio_lines=0.250, final_score=0.250
trace:         score_window: window_len=21, match_len=6, line_score=0.438, ratio_lines=0.222, final_score=0.438
trace:         score_window: window_len=22, match_len=6, line_score=0.433, ratio_lines=0.214, final_score=0.433
trace:         score_window: window_len=3, match_len=6, line_score=0.222, ratio_lines=0.222, final_score=0.292
trace:         score_window: window_len=2, match_len=6, line_score=0.250, ratio_lines=0.250, final_score=0.250
trace:         score_window: window_len=2, match_len=6, line_score=0.250, ratio_lines=0.250, final_score=0.250
trace:         score_window: window_len=6, match_len=6, line_score=0.333, ratio_lines=0.333, final_score=0.333
trace:         score_window: window_len=6, match_len=6, line_score=0.167, ratio_lines=0.167, final_score=0.328
trace:         score_window: window_len=5, match_len=6, line_score=0.182, ratio_lines=0.182, final_score=0.295
trace:         score_window: window_len=5, match_len=6, line_score=0.182, ratio_lines=0.182, final_score=0.331
trace:         score_window: window_len=7, match_len=6, line_score=0.331, ratio_lines=0.308, final_score=0.331
trace:         score_window: window_len=7, match_len=6, line_score=0.331, ratio_lines=0.308, final_score=0.342
trace:         score_window: window_len=4, match_len=6, line_score=0.200, ratio_lines=0.200, final_score=0.315
trace:         score_window: window_len=8, match_len=6, line_score=0.328, ratio_lines=0.286, final_score=0.328
trace:         score_window: window_len=8, match_len=6, line_score=0.328, ratio_lines=0.286, final_score=0.328
trace:         score_window: window_len=3, match_len=6, line_score=0.222, ratio_lines=0.222, final_score=0.338
trace:         score_window: window_len=9, match_len=6, line_score=0.325, ratio_lines=0.267, final_score=0.325
trace:         score_window: window_len=9, match_len=6, line_score=0.325, ratio_lines=0.267, final_score=0.325
trace:         score_window: window_len=2, match_len=6, line_score=0.250, ratio_lines=0.250, final_score=0.250
trace:         score_window: window_len=10, match_len=6, line_score=0.322, ratio_lines=0.250, final_score=0.322
trace:         score_window: window_len=10, match_len=6, line_score=0.322, ratio_lines=0.250, final_score=0.322
trace:         score_window: window_len=11, match_len=6, line_score=0.319, ratio_lines=0.235, final_score=0.319
trace:         score_window: window_len=11, match_len=6, line_score=0.319, ratio_lines=0.235, final_score=0.319
trace:         score_window: window_len=12, match_len=6, line_score=0.317, ratio_lines=0.222, final_score=0.317
trace:         score_window: window_len=13, match_len=6, line_score=0.314, ratio_lines=0.211, final_score=0.314
trace:         score_window: window_len=14, match_len=6, line_score=0.467, ratio_lines=0.300, final_score=0.467
trace:         score_window: window_len=12, match_len=6, line_score=0.475, ratio_lines=0.333, final_score=0.475
trace:         score_window: window_len=15, match_len=6, line_score=0.463, ratio_lines=0.286, final_score=0.463
trace:         score_window: window_len=13, match_len=6, line_score=0.471, ratio_lines=0.316, final_score=0.471
trace:         score_window: window_len=16, match_len=6, line_score=0.458, ratio_lines=0.273, final_score=0.458
trace:         score_window: window_len=14, match_len=6, line_score=0.467, ratio_lines=0.300, final_score=0.467
trace:         score_window: window_len=17, match_len=6, line_score=0.454, ratio_lines=0.261, final_score=0.454
trace:         score_window: window_len=15, match_len=6, line_score=0.463, ratio_lines=0.286, final_score=0.463
trace:         score_window: window_len=16, match_len=6, line_score=0.458, ratio_lines=0.273, final_score=0.458
trace:         score_window: window_len=18, match_len=6, line_score=0.450, ratio_lines=0.250, final_score=0.450
trace:         score_window: window_len=17, match_len=6, line_score=0.454, ratio_lines=0.261, final_score=0.454
trace:         score_window: window_len=19, match_len=6, line_score=0.446, ratio_lines=0.240, final_score=0.446
trace:         score_window: window_len=18, match_len=6, line_score=0.450, ratio_lines=0.250, final_score=0.450
trace:         score_window: window_len=20, match_len=6, line_score=0.442, ratio_lines=0.231, final_score=0.442
trace:         score_window: window_len=19, match_len=6, line_score=0.446, ratio_lines=0.240, final_score=0.446
trace:         score_window: window_len=21, match_len=6, line_score=0.438, ratio_lines=0.222, final_score=0.438
trace:         score_window: window_len=20, match_len=6, line_score=0.442, ratio_lines=0.231, final_score=0.442
trace:         score_window: window_len=22, match_len=6, line_score=0.433, ratio_lines=0.214, final_score=0.433
trace:         score_window: window_len=21, match_len=6, line_score=0.438, ratio_lines=0.222, final_score=0.438
trace:         score_window: window_len=22, match_len=6, line_score=0.433, ratio_lines=0.214, final_score=0.433
trace:         score_window: window_len=6, match_len=6, line_score=0.333, ratio_lines=0.333, final_score=0.346
trace:         score_window: window_len=5, match_len=6, line_score=0.364, ratio_lines=0.364, final_score=0.364
trace:         score_window: window_len=6, match_len=6, line_score=0.333, ratio_lines=0.333, final_score=0.333
trace:         score_window: window_len=7, match_len=6, line_score=0.331, ratio_lines=0.308, final_score=0.331
trace:         score_window: window_len=7, match_len=6, line_score=0.331, ratio_lines=0.308, final_score=0.342
trace:         score_window: window_len=8, match_len=6, line_score=0.328, ratio_lines=0.286, final_score=0.340
trace:         score_window: window_len=8, match_len=6, line_score=0.328, ratio_lines=0.286, final_score=0.328
trace:         score_window: window_len=3, match_len=6, line_score=0.222, ratio_lines=0.222, final_score=0.222
trace:         score_window: window_len=3, match_len=6, line_score=0.222, ratio_lines=0.222, final_score=0.329
trace:         score_window: window_len=9, match_len=6, line_score=0.325, ratio_lines=0.267, final_score=0.325
trace:         score_window: window_len=2, match_len=6, line_score=0.250, ratio_lines=0.250, final_score=0.355
trace:         score_window: window_len=9, match_len=6, line_score=0.325, ratio_lines=0.267, final_score=0.373
trace:         score_window: window_len=10, match_len=6, line_score=0.322, ratio_lines=0.250, final_score=0.322
trace:         score_window: window_len=10, match_len=6, line_score=0.322, ratio_lines=0.250, final_score=0.361
trace:         score_window: window_len=11, match_len=6, line_score=0.319, ratio_lines=0.235, final_score=0.330
trace:         score_window: window_len=11, match_len=6, line_score=0.479, ratio_lines=0.353, final_score=0.479
trace:         score_window: window_len=12, match_len=6, line_score=0.317, ratio_lines=0.222, final_score=0.323
trace:         score_window: window_len=12, match_len=6, line_score=0.475, ratio_lines=0.333, final_score=0.475
trace:         score_window: window_len=13, match_len=6, line_score=0.471, ratio_lines=0.316, final_score=0.471
trace:         score_window: window_len=13, match_len=6, line_score=0.471, ratio_lines=0.316, final_score=0.471
trace:         score_window: window_len=14, match_len=6, line_score=0.467, ratio_lines=0.300, final_score=0.467
trace:         score_window: window_len=14, match_len=6, line_score=0.467, ratio_lines=0.300, final_score=0.467
trace:         score_window: window_len=15, match_len=6, line_score=0.463, ratio_lines=0.286, final_score=0.463
trace:         score_window: window_len=15, match_len=6, line_score=0.463, ratio_lines=0.286, final_score=0.463
trace:         score_window: window_len=16, match_len=6, line_score=0.458, ratio_lines=0.273, final_score=0.458
trace:         score_window: window_len=16, match_len=6, line_score=0.458, ratio_lines=0.273, final_score=0.458
trace:         score_window: window_len=17, match_len=6, line_score=0.454, ratio_lines=0.261, final_score=0.454
trace:         score_window: window_len=17, match_len=6, line_score=0.454, ratio_lines=0.261, final_score=0.454
trace:         score_window: window_len=18, match_len=6, line_score=0.450, ratio_lines=0.250, final_score=0.450
trace:         score_window: window_len=18, match_len=6, line_score=0.450, ratio_lines=0.250, final_score=0.450
trace:         score_window: window_len=19, match_len=6, line_score=0.446, ratio_lines=0.240, final_score=0.446
trace:         score_window: window_len=20, match_len=6, line_score=0.442, ratio_lines=0.231, final_score=0.442
trace:         score_window: window_len=21, match_len=6, line_score=0.438, ratio_lines=0.222, final_score=0.438
trace:         score_window: window_len=22, match_len=6, line_score=0.433, ratio_lines=0.214, final_score=0.433
trace:         score_window: window_len=19, match_len=6, line_score=0.446, ratio_lines=0.240, final_score=0.446
trace:         score_window: window_len=20, match_len=6, line_score=0.442, ratio_lines=0.231, final_score=0.442
trace:         score_window: window_len=21, match_len=6, line_score=0.438, ratio_lines=0.222, final_score=0.438
trace:         score_window: window_len=22, match_len=6, line_score=0.433, ratio_lines=0.214, final_score=0.433
debug:       compute_scored_windows (parallel) complete: scored 1246 window(s). Best candidate score=0.992 at line 42 (len=7).
trace:       Top fuzzy match candidates:
trace:         - Index 41, Len 7: Score 0.992 (Ratio 0.992) | Content: ["", "#include <drm/drm_atomic.h>", "#include <drm/drm_atomic_helper.h>", "#include <drm/drm_edid.h>", "", "static void nv_drm_connector_destroy(struct drm_connector *connector)", "{"]
trace:         - Index 40, Len 8: Score 0.983 (Ratio 0.983) | Content: ["#include <drm/drm_crtc_helper.h>", "", "#include <drm/drm_atomic.h>", "#include <drm/drm_atomic_helper.h>", "#include <drm/drm_edid.h>", "", "static void nv_drm_connector_destroy(struct drm_connector *connector)", "{"]
trace:         - Index 41, Len 8: Score 0.983 (Ratio 0.983) | Content: ["", "#include <drm/drm_atomic.h>", "#include <drm/drm_atomic_helper.h>", "#include <drm/drm_edid.h>", "", "static void nv_drm_connector_destroy(struct drm_connector *connector)", "{", "    struct nv_drm_connector *nv_connector = to_nv_connector(connector);"]
trace:         - Index 39, Len 9: Score 0.975 (Ratio 0.975) | Content: ["#endif", "#include <drm/drm_crtc_helper.h>", "", "#include <drm/drm_atomic.h>", "#include <drm/drm_atomic_helper.h>", "#include <drm/drm_edid.h>", "", "static void nv_drm_connector_destroy(struct drm_connector *connector)", "{"]
trace:         - Index 40, Len 9: Score 0.975 (Ratio 0.975) | Content: ["#include <drm/drm_crtc_helper.h>", "", "#include <drm/drm_atomic.h>", "#include <drm/drm_atomic_helper.h>", "#include <drm/drm_edid.h>", "", "static void nv_drm_connector_destroy(struct drm_connector *connector)", "{", "    struct nv_drm_connector *nv_connector = to_nv_connector(connector);"]
trace:         New best score: 0.349 (ratio 0.349 [l:0.167,w:0.378]) at index 27 (window len 6)
trace:         New best score: 0.366 (ratio 0.366 [l:0.182,w:0.444]) at index 27 (window len 5)
trace:         New best score: 0.674 (ratio 0.674 [l:0.143,w:0.000]) at index 27 (window len 8)
trace:         New best score: 0.680 (ratio 0.680 [l:0.190,w:0.000]) at index 27 (window len 15)
trace:         New best score: 0.736 (ratio 0.736 [l:0.385,w:0.736]) at index 27 (window len 20)
trace:         New best score: 0.875 (ratio 0.875 [l:0.444,w:0.875]) at index 27 (window len 21)
trace:         New best score: 0.883 (ratio 0.883 [l:0.462,w:0.883]) at index 28 (window len 20)
trace:         New best score: 0.892 (ratio 0.892 [l:0.480,w:0.892]) at index 29 (window len 19)
trace:         New best score: 0.900 (ratio 0.900 [l:0.500,w:0.900]) at index 30 (window len 18)
trace:         New best score: 0.908 (ratio 0.908 [l:0.522,w:0.908]) at index 31 (window len 17)
trace:         New best score: 0.917 (ratio 0.917 [l:0.545,w:0.917]) at index 32 (window len 16)
trace:         New best score: 0.925 (ratio 0.925 [l:0.571,w:0.925]) at index 33 (window len 15)
trace:         New best score: 0.933 (ratio 0.933 [l:0.600,w:0.933]) at index 34 (window len 14)
trace:         New best score: 0.942 (ratio 0.942 [l:0.632,w:0.942]) at index 35 (window len 13)
trace:         New best score: 0.950 (ratio 0.950 [l:0.667,w:0.950]) at index 36 (window len 12)
trace:         New best score: 0.958 (ratio 0.958 [l:0.706,w:0.958]) at index 37 (window len 11)
trace:         New best score: 0.967 (ratio 0.967 [l:0.750,w:0.967]) at index 38 (window len 10)
trace:         New best score: 0.975 (ratio 0.975 [l:0.800,w:0.975]) at index 39 (window len 9)
trace:         New best score: 0.983 (ratio 0.983 [l:0.857,w:0.983]) at index 40 (window len 8)
trace:         New best score: 0.992 (ratio 0.992 [l:0.923,w:0.992]) at index 41 (window len 7)
debug:     Strategy 3 (Fuzzy): 284 window(s) met threshold 0.70
trace:       Top 3 passing candidates: [("0.992", 42, 7), ("0.983", 41, 8), ("0.983", 42, 8)]
debug:     Top fuzzy candidate: start line 42 (len=7, score=0.992)
trace:       Adding candidate location at line 41 (len=8, score=0.983)
trace:       Adding candidate location at line 42 (len=8, score=0.983)
trace:       Adding candidate location at line 40 (len=9, score=0.975)
trace:       Adding candidate location at line 41 (len=9, score=0.975)
trace:       Adding candidate location at line 42 (len=9, score=0.975)
trace:       Adding candidate location at line 39 (len=10, score=0.967)
trace:       Adding candidate location at line 40 (len=10, score=0.967)
trace:       Adding candidate location at line 41 (len=10, score=0.967)
trace:       Adding candidate location at line 42 (len=10, score=0.967)
trace:       Adding candidate location at line 38 (len=11, score=0.958)
trace:       Adding candidate location at line 39 (len=11, score=0.958)
trace:       Adding candidate location at line 40 (len=11, score=0.958)
trace:       Adding candidate location at line 41 (len=11, score=0.958)
trace:       Adding candidate location at line 42 (len=11, score=0.958)
trace:       Adding candidate location at line 37 (len=12, score=0.950)
trace:       Adding candidate location at line 38 (len=12, score=0.950)
trace:       Adding candidate location at line 39 (len=12, score=0.950)
trace:       Adding candidate location at line 40 (len=12, score=0.950)
trace:       Adding candidate location at line 41 (len=12, score=0.950)
trace:       Reached maximum candidate limit (20), stopping candidate collection
debug:     Strategy 3 (Fuzzy): selected 20 candidate location(s)
trace:   Pruned candidates by min_span 1: 20 -> 20 candidate(s)
trace: DefaultHunkFinder::find_candidate_locations: returning 20 candidate(s)
debug:   Found 20 candidate location(s) for hunk. Testing sequentially...
trace:   Evaluating candidate 1/20 at location HunkLocation { start_index: 41, length: 7 } (match_type: Fuzzy { score: 0.9916666715923284 })
debug:   Found location HunkLocation { start_index: 41, length: 7 } with match type Fuzzy { score: 0.9916666715923284 }. Applying changes.
debug:   try_apply_hunk_at_location: target line 42 (length 7), match_type=Fuzzy { score: 0.9916666715923284 }, total target lines=466.
trace: Hunk::get_match_block: extracted 6 match line(s)
trace:     Match block lines: 6 | Total hunk lines: 7
trace:     Target slice to replace: ["", "#include <drm/drm_atomic.h>", "#include <drm/drm_atomic_helper.h>", "#include <drm/drm_edid.h>", "", "static void nv_drm_connector_destroy(struct drm_connector *connector)", "{"]
trace:     Ellipsis flags: has_ellipsis=false, is_literal_match=false, is_wildcard_gap_match=false
debug:     Applying hunk via robust reconstruction logic (preserving file context & adjusting indent).
trace:       Fuzzy match location: start=41, len=7
trace:       File content in matched range (7 line(s)): ["", "#include <drm/drm_atomic.h>", "#include <drm/drm_atomic_helper.h>", "#include <drm/drm_edid.h>", "", "static void nv_drm_connector_destroy(struct drm_connector *connector)", "{"]
trace:       Parsed hunk: 6 match line(s), 0 initial addition(s).
trace: Hunk::get_match_block: extracted 6 match line(s)
trace:       Computed diff between match block and file slice: 3 operation(s), similarity ratio=0.923
trace:       Active baseline indentation: hunk='', target=''
trace:       DiffOp::Equal: 3 line(s) aligned (hunk old_idx=0, file new_idx=0)
trace:         Equal: preserving target line: ''
trace:         Equal: preserving target line: '#include <drm/drm_atomic.h>'
trace:         Equal: preserving target line: '#include <drm/drm_atomic_helper.h>'
trace:         Appended 1 addition(s) after line 2
trace:         Equal: applying addition: '#include <drm/drm_edid.h>'
trace:       DiffOp::Insert: preserving 1 local insertion line(s) from target file (new_idx=3)
trace:         Preserving inserted line: '#include <drm/drm_edid.h>'
trace:       DiffOp::Equal: 3 line(s) aligned (hunk old_idx=3, file new_idx=4)
trace:         Equal: preserving target line: ''
trace:         Equal: preserving target line: 'static void nv_drm_connector_destroy(struct drm_connector *connector)'
trace:         Equal: preserving target line: '{'
debug:     Robust reconstruction complete: produced 8 replacement line(s) for 7 target line(s).
trace:   Splicing final replacement block into target lines: range [41..48], replacement line count=8
  try_apply_hunk_at_location: successfully spliced hunk at line 42 (replaced 7 line(s), resulting target lines=467)
trace:     Replaced lines: ["", "#include <drm/drm_atomic.h>", "#include <drm/drm_atomic_helper.h>", "#include <drm/drm_edid.h>", "", "static void nv_drm_connector_destroy(struct drm_connector *connector)", "{"]
debug:   Candidate 1/20 at HunkLocation { start_index: 41, length: 7 } succeeded! Hunk applied cleanly.
debug:   HunkApplier: hunk 1 application outcome: Applied { location: HunkLocation { start_index: 41, length: 7 }, match_type: Fuzzy { score: 0.9916666715923284 }, replaced_lines: ["", "#include <drm/drm_atomic.h>", "#include <drm/drm_atomic_helper.h>", "#include <drm/drm_edid.h>", "", "static void nv_drm_connector_destroy(struct drm_connector *connector)", "{"] }
trace:   HunkApplier: hunk 1 applied at line 42 (len=7), delta=1, target lines now=467
  Applying Hunk 1/2...
debug:     Successfully applied Hunk 1 at line 42 via Fuzzy { score: 0.9916666715923284 }
trace:     Replaced lines:
trace:       - 
trace:       - #include <drm/drm_atomic.h>
trace:       - #include <drm/drm_atomic_helper.h>
trace:       - #include <drm/drm_edid.h>
trace:       - 
trace:       - static void nv_drm_connector_destroy(struct drm_connector *connector)
trace:       - {
trace:   HunkApplier: shifting hunk 2 line hint from 98 to 99 (cumulative delta=1)
debug: apply_hunk_to_lines: applying hunk with 11 line(s) against target with 467 line(s)
trace: Hunk::get_match_block: extracted 7 match line(s)
trace:   Match block: ["            break;", "    }", "", "    if (connector->override_edid) {", "        const struct drm_property_blob *edid = connector->edid_blob_ptr;", "", "        if (edid->length <= sizeof(pDetectParams->edid.buffer)) {"]
trace: Hunk::get_replace_block: extracted 11 replacement line(s)
trace:   Replace block: ["            break;", "    }", "", "#if defined(NV_DRM_CONNECTOR_HAS_OVERRIDE_EDID)", "    if (connector->override_edid) {", "#else", "    if (drm_edid_override_connector_update(connector) > 0) {", "#endif", "        const struct drm_property_blob *edid = connector->edid_blob_ptr;", "", "        if (edid->length <= sizeof(pDetectParams->edid.buffer)) {"]
trace: Hunk::has_changes: true
trace: Hunk::get_match_block: extracted 7 match line(s)
trace: Hunk::required_match_span: calculated required match span as 2 line(s) (first_match_idx=Some(2), last_match_idx=Some(3))
trace: DefaultHunkFinder::find_candidate_locations: match block len=7, required_match_span=2, target lines=467
trace:   find_hunk_location_internal: match_block has 7 lines (entropy=true), target has 467 lines
trace:   find_hunk_location_internal called for a hunk with 7 lines to match against 467 target lines.
trace:     Attempting exact match for hunk (match block has 7 line(s))...
trace: tie_break_with_line_number: strategy='exact', hint=Some(99), entropy=true
trace:       No exact matches found.
trace:     Strategy 1 (Exact): no exact match found.
trace:     Attempting exact match (ignoring trailing whitespace) for hunk (match block has 7 line(s))...
trace: tie_break_with_line_number: strategy='exact (ignoring whitespace)', hint=Some(99), entropy=true
trace:       No exact (ignoring whitespace) matches found.
trace:     Strategy 2 (Whitespace-insensitive): no match found.
debug:     Strategy 3 (Fuzzy): beginning flexible window fuzzy search (threshold=0.70, match block len=0.7)
trace:       Hunk match block (7 lines): ["            break;", "    }", "", "    if (connector->override_edid) {", "        const struct drm_property_blob *edid = connector->edid_blob_ptr;", "", "        if (edid->length <= sizeof(pDetectParams->edid.buffer)) {"]
trace:       Searching with window sizes from 2 to 30 (hunk size: 7, fuzz distance: 23)
debug:       find_search_ranges: analyzing 7 match line(s) against 467 target line(s).
trace:         Identified 4 high-entropy candidate anchor line(s) (search_radius=15, max candidates to test=100)
debug:         Spatial consensus: 3 anchor(s) agree on start near line 113
debug:       Found anchor line (hunk line 5) with 1 occurrences.
trace:         Anchor text: 'const struct drm_property_blob *edid = connector->edid_blob_ptr;'
trace:         Occurrence at target line 108: window estimated [89..148] (search radius +/-15)
trace:         Raw ranges before merging: [(88, 148)]
trace: merge_ranges: merging 1 input range(s): [(88, 148)]
trace: merge_ranges: result 1 disjoint range(s): [(88, 148)]
debug:       Search ranges merged: 1 disjoint range(s) covering 60/467 line(s) (87.2% pruned): [(88, 148)]
trace:     Using search ranges: [(88, 148)]
debug:       compute_scored_windows (parallel): evaluating 1305 candidate window(s) across 1 range(s) (window lengths 2..=30)
trace:         Match block length: 7, Target line count: 467, Search ranges: [(88, 148)]
trace:         score_window: window_len=7, match_len=7, line_score=0.143, ratio_lines=0.143, final_score=0.284
trace:         score_window: window_len=7, match_len=7, line_score=0.286, ratio_lines=0.286, final_score=0.375
trace:         score_window: window_len=6, match_len=7, line_score=0.154, ratio_lines=0.154, final_score=0.296
trace:         score_window: window_len=6, match_len=7, line_score=0.308, ratio_lines=0.308, final_score=0.377
trace:         score_window: window_len=8, match_len=7, line_score=0.142, ratio_lines=0.133, final_score=0.288
trace:         score_window: window_len=5, match_len=7, line_score=0.167, ratio_lines=0.167, final_score=0.246
trace:         score_window: window_len=9, match_len=7, line_score=0.141, ratio_lines=0.125, final_score=0.305
trace:         score_window: window_len=10, match_len=7, line_score=0.140, ratio_lines=0.118, final_score=0.295
trace:         score_window: window_len=2, match_len=7, line_score=0.222, ratio_lines=0.222, final_score=0.222
trace:         score_window: window_len=8, match_len=7, line_score=0.284, ratio_lines=0.267, final_score=0.360
trace:         score_window: window_len=14, match_len=7, line_score=0.407, ratio_lines=0.286, final_score=0.407
trace:         score_window: window_len=5, match_len=7, line_score=0.333, ratio_lines=0.333, final_score=0.333
trace:         score_window: window_len=15, match_len=7, line_score=0.404, ratio_lines=0.273, final_score=0.404
trace:         score_window: window_len=16, match_len=7, line_score=0.535, ratio_lines=0.348, final_score=0.535
trace:         score_window: window_len=17, match_len=7, line_score=0.531, ratio_lines=0.333, final_score=0.531
trace:         score_window: window_len=9, match_len=7, line_score=0.422, ratio_lines=0.375, final_score=0.422
trace:         score_window: window_len=4, match_len=7, line_score=0.364, ratio_lines=0.364, final_score=0.364
trace:         score_window: window_len=18, match_len=7, line_score=0.527, ratio_lines=0.320, final_score=0.527
trace:         score_window: window_len=19, match_len=7, line_score=0.522, ratio_lines=0.308, final_score=0.522
trace:         score_window: window_len=20, match_len=7, line_score=0.648, ratio_lines=0.370, final_score=0.648
trace:         score_window: window_len=10, match_len=7, line_score=0.419, ratio_lines=0.353, final_score=0.419
trace:         score_window: window_len=3, match_len=7, line_score=0.400, ratio_lines=0.400, final_score=0.400
trace:         score_window: window_len=7, match_len=7, line_score=0.143, ratio_lines=0.143, final_score=0.313
trace:         score_window: window_len=6, match_len=7, line_score=0.154, ratio_lines=0.154, final_score=0.310
trace:         score_window: window_len=11, match_len=7, line_score=0.416, ratio_lines=0.333, final_score=0.416
trace:         score_window: window_len=2, match_len=7, line_score=0.444, ratio_lines=0.444, final_score=0.444
trace:         score_window: window_len=8, match_len=7, line_score=0.142, ratio_lines=0.133, final_score=0.329
trace:         score_window: window_len=5, match_len=7, line_score=0.167, ratio_lines=0.167, final_score=0.325
trace:         score_window: window_len=12, match_len=7, line_score=0.413, ratio_lines=0.316, final_score=0.413
trace:         score_window: window_len=13, match_len=7, line_score=0.410, ratio_lines=0.300, final_score=0.410
trace:         score_window: window_len=9, match_len=7, line_score=0.141, ratio_lines=0.125, final_score=0.318
trace:         score_window: window_len=14, match_len=7, line_score=0.407, ratio_lines=0.286, final_score=0.407
trace:         score_window: window_len=15, match_len=7, line_score=0.404, ratio_lines=0.273, final_score=0.404
trace:         score_window: window_len=10, match_len=7, line_score=0.140, ratio_lines=0.118, final_score=0.319
trace:         score_window: window_len=16, match_len=7, line_score=0.401, ratio_lines=0.261, final_score=0.401
trace:         score_window: window_len=17, match_len=7, line_score=0.398, ratio_lines=0.250, final_score=0.398
trace:         score_window: window_len=11, match_len=7, line_score=0.139, ratio_lines=0.111, final_score=0.309
trace:         score_window: window_len=18, match_len=7, line_score=0.395, ratio_lines=0.240, final_score=0.395
trace:         score_window: window_len=2, match_len=7, line_score=0.222, ratio_lines=0.222, final_score=0.222
trace:         score_window: window_len=19, match_len=7, line_score=0.392, ratio_lines=0.231, final_score=0.392
trace:         score_window: window_len=20, match_len=7, line_score=0.389, ratio_lines=0.222, final_score=0.389
trace:         score_window: window_len=12, match_len=7, line_score=0.276, ratio_lines=0.211, final_score=0.332
trace:         score_window: window_len=21, match_len=7, line_score=0.386, ratio_lines=0.214, final_score=0.386
trace:         score_window: window_len=13, match_len=7, line_score=0.410, ratio_lines=0.300, final_score=0.410
trace:         score_window: window_len=14, match_len=7, line_score=0.407, ratio_lines=0.286, final_score=0.407
trace:         score_window: window_len=15, match_len=7, line_score=0.539, ratio_lines=0.364, final_score=0.539
trace:         score_window: window_len=16, match_len=7, line_score=0.535, ratio_lines=0.348, final_score=0.535
trace:         score_window: window_len=7, match_len=7, line_score=0.143, ratio_lines=0.143, final_score=0.304
trace:         score_window: window_len=17, match_len=7, line_score=0.531, ratio_lines=0.333, final_score=0.531
trace:         score_window: window_len=18, match_len=7, line_score=0.527, ratio_lines=0.320, final_score=0.527
trace:         score_window: window_len=6, match_len=7, line_score=0.154, ratio_lines=0.154, final_score=0.316
trace:         score_window: window_len=19, match_len=7, line_score=0.653, ratio_lines=0.385, final_score=0.653
trace:         score_window: window_len=8, match_len=7, line_score=0.284, ratio_lines=0.267, final_score=0.337
trace:         score_window: window_len=7, match_len=7, line_score=0.143, ratio_lines=0.143, final_score=0.314
trace:         score_window: window_len=5, match_len=7, line_score=0.167, ratio_lines=0.167, final_score=0.314
trace:         score_window: window_len=6, match_len=7, line_score=0.154, ratio_lines=0.154, final_score=0.296
trace:         score_window: window_len=9, match_len=7, line_score=0.282, ratio_lines=0.250, final_score=0.282
trace:         score_window: window_len=8, match_len=7, line_score=0.142, ratio_lines=0.133, final_score=0.303
trace:         score_window: window_len=4, match_len=7, line_score=0.182, ratio_lines=0.182, final_score=0.252
trace:         score_window: window_len=5, match_len=7, line_score=0.167, ratio_lines=0.167, final_score=0.309
trace:         score_window: window_len=10, match_len=7, line_score=0.280, ratio_lines=0.235, final_score=0.332
trace:         score_window: window_len=9, match_len=7, line_score=0.141, ratio_lines=0.125, final_score=0.305
trace:         score_window: window_len=4, match_len=7, line_score=0.000, ratio_lines=0.000, final_score=0.285
trace:         score_window: window_len=11, match_len=7, line_score=0.416, ratio_lines=0.333, final_score=0.416
trace:         score_window: window_len=2, match_len=7, line_score=0.222, ratio_lines=0.222, final_score=0.282
trace:         score_window: window_len=12, match_len=7, line_score=0.413, ratio_lines=0.316, final_score=0.413
trace:         score_window: window_len=10, match_len=7, line_score=0.140, ratio_lines=0.118, final_score=0.295
trace:         score_window: window_len=13, match_len=7, line_score=0.410, ratio_lines=0.300, final_score=0.410
trace:         score_window: window_len=14, match_len=7, line_score=0.407, ratio_lines=0.286, final_score=0.407
trace:         score_window: window_len=11, match_len=7, line_score=0.278, ratio_lines=0.222, final_score=0.319
trace:         score_window: window_len=15, match_len=7, line_score=0.404, ratio_lines=0.273, final_score=0.404
trace:         score_window: window_len=16, match_len=7, line_score=0.401, ratio_lines=0.261, final_score=0.401
trace:         score_window: window_len=12, match_len=7, line_score=0.413, ratio_lines=0.316, final_score=0.413
trace:         score_window: window_len=17, match_len=7, line_score=0.398, ratio_lines=0.250, final_score=0.398
trace:         score_window: window_len=13, match_len=7, line_score=0.410, ratio_lines=0.300, final_score=0.410
trace:         score_window: window_len=14, match_len=7, line_score=0.543, ratio_lines=0.381, final_score=0.543
trace:         score_window: window_len=18, match_len=7, line_score=0.395, ratio_lines=0.240, final_score=0.395
trace:         score_window: window_len=15, match_len=7, line_score=0.539, ratio_lines=0.364, final_score=0.539
trace:         score_window: window_len=16, match_len=7, line_score=0.535, ratio_lines=0.348, final_score=0.535
trace:         score_window: window_len=17, match_len=7, line_score=0.531, ratio_lines=0.333, final_score=0.531
trace:         score_window: window_len=18, match_len=7, line_score=0.658, ratio_lines=0.400, final_score=0.658
trace:         score_window: window_len=19, match_len=7, line_score=0.392, ratio_lines=0.231, final_score=0.392
trace:         score_window: window_len=7, match_len=7, line_score=0.143, ratio_lines=0.143, final_score=0.260
trace:         score_window: window_len=20, match_len=7, line_score=0.389, ratio_lines=0.222, final_score=0.389
trace:         score_window: window_len=6, match_len=7, line_score=0.154, ratio_lines=0.154, final_score=0.271
trace:         score_window: window_len=21, match_len=7, line_score=0.386, ratio_lines=0.214, final_score=0.386
trace:         score_window: window_len=8, match_len=7, line_score=0.142, ratio_lines=0.133, final_score=0.266
trace:         score_window: window_len=5, match_len=7, line_score=0.167, ratio_lines=0.167, final_score=0.246
trace:         score_window: window_len=7, match_len=7, line_score=0.286, ratio_lines=0.286, final_score=0.323
trace:         score_window: window_len=9, match_len=7, line_score=0.141, ratio_lines=0.125, final_score=0.256
trace:         score_window: window_len=6, match_len=7, line_score=0.154, ratio_lines=0.154, final_score=0.288
trace:         score_window: window_len=10, match_len=7, line_score=0.280, ratio_lines=0.235, final_score=0.280
trace:         score_window: window_len=8, match_len=7, line_score=0.284, ratio_lines=0.267, final_score=0.284
trace:         score_window: window_len=11, match_len=7, line_score=0.416, ratio_lines=0.333, final_score=0.416
trace:         score_window: window_len=5, match_len=7, line_score=0.000, ratio_lines=0.000, final_score=0.250
trace:         score_window: window_len=12, match_len=7, line_score=0.413, ratio_lines=0.316, final_score=0.413
trace:         score_window: window_len=13, match_len=7, line_score=0.547, ratio_lines=0.400, final_score=0.547
trace:         score_window: window_len=14, match_len=7, line_score=0.543, ratio_lines=0.381, final_score=0.543
trace:         score_window: window_len=15, match_len=7, line_score=0.539, ratio_lines=0.364, final_score=0.539
trace:         score_window: window_len=9, match_len=7, line_score=0.282, ratio_lines=0.250, final_score=0.340
trace:         score_window: window_len=16, match_len=7, line_score=0.535, ratio_lines=0.348, final_score=0.535
trace:         score_window: window_len=17, match_len=7, line_score=0.663, ratio_lines=0.417, final_score=0.663
trace:         score_window: window_len=4, match_len=7, line_score=0.000, ratio_lines=0.000, final_score=0.242
trace:         score_window: window_len=7, match_len=7, line_score=0.143, ratio_lines=0.143, final_score=0.260
trace:         score_window: window_len=10, match_len=7, line_score=0.419, ratio_lines=0.353, final_score=0.419
trace:         score_window: window_len=11, match_len=7, line_score=0.416, ratio_lines=0.333, final_score=0.416
trace:         score_window: window_len=6, match_len=7, line_score=0.154, ratio_lines=0.154, final_score=0.254
trace:         score_window: window_len=12, match_len=7, line_score=0.413, ratio_lines=0.316, final_score=0.413
trace:         score_window: window_len=8, match_len=7, line_score=0.142, ratio_lines=0.133, final_score=0.250
trace:         score_window: window_len=13, match_len=7, line_score=0.410, ratio_lines=0.300, final_score=0.410
trace:         score_window: window_len=14, match_len=7, line_score=0.407, ratio_lines=0.286, final_score=0.407
trace:         score_window: window_len=5, match_len=7, line_score=0.167, ratio_lines=0.167, final_score=0.265
trace:         score_window: window_len=15, match_len=7, line_score=0.404, ratio_lines=0.273, final_score=0.404
trace:         score_window: window_len=9, match_len=7, line_score=0.282, ratio_lines=0.250, final_score=0.282
trace:         score_window: window_len=16, match_len=7, line_score=0.401, ratio_lines=0.261, final_score=0.401
trace:         score_window: window_len=10, match_len=7, line_score=0.419, ratio_lines=0.353, final_score=0.419
trace:         score_window: window_len=17, match_len=7, line_score=0.398, ratio_lines=0.250, final_score=0.398
trace:         score_window: window_len=11, match_len=7, line_score=0.416, ratio_lines=0.333, final_score=0.416
trace:         score_window: window_len=12, match_len=7, line_score=0.551, ratio_lines=0.421, final_score=0.551
trace:         score_window: window_len=18, match_len=7, line_score=0.395, ratio_lines=0.240, final_score=0.395
trace:         score_window: window_len=13, match_len=7, line_score=0.547, ratio_lines=0.400, final_score=0.547
trace:         score_window: window_len=14, match_len=7, line_score=0.543, ratio_lines=0.381, final_score=0.543
trace:         score_window: window_len=19, match_len=7, line_score=0.392, ratio_lines=0.231, final_score=0.392
trace:         score_window: window_len=15, match_len=7, line_score=0.539, ratio_lines=0.364, final_score=0.539
trace:         score_window: window_len=20, match_len=7, line_score=0.389, ratio_lines=0.222, final_score=0.389
trace:         score_window: window_len=16, match_len=7, line_score=0.668, ratio_lines=0.435, final_score=0.668
trace:         score_window: window_len=21, match_len=7, line_score=0.386, ratio_lines=0.214, final_score=0.386
trace:         score_window: window_len=7, match_len=7, line_score=0.143, ratio_lines=0.143, final_score=0.236
trace:         score_window: window_len=6, match_len=7, line_score=0.154, ratio_lines=0.154, final_score=0.246
trace:         score_window: window_len=7, match_len=7, line_score=0.286, ratio_lines=0.286, final_score=0.314
trace:         score_window: window_len=6, match_len=7, line_score=0.308, ratio_lines=0.308, final_score=0.308
trace:         score_window: window_len=8, match_len=7, line_score=0.284, ratio_lines=0.267, final_score=0.284
trace:         score_window: window_len=5, match_len=7, line_score=0.167, ratio_lines=0.167, final_score=0.238
trace:         score_window: window_len=8, match_len=7, line_score=0.284, ratio_lines=0.267, final_score=0.377
trace:         score_window: window_len=9, match_len=7, line_score=0.422, ratio_lines=0.375, final_score=0.422
trace:         score_window: window_len=4, match_len=7, line_score=0.182, ratio_lines=0.182, final_score=0.251
trace:         score_window: window_len=9, match_len=7, line_score=0.422, ratio_lines=0.375, final_score=0.422
trace:         score_window: window_len=10, match_len=7, line_score=0.419, ratio_lines=0.353, final_score=0.419
trace:         score_window: window_len=11, match_len=7, line_score=0.555, ratio_lines=0.444, final_score=0.555
trace:         score_window: window_len=2, match_len=7, line_score=0.222, ratio_lines=0.222, final_score=0.222
trace:         score_window: window_len=10, match_len=7, line_score=0.419, ratio_lines=0.353, final_score=0.428
trace:         score_window: window_len=12, match_len=7, line_score=0.551, ratio_lines=0.421, final_score=0.551
trace:         score_window: window_len=13, match_len=7, line_score=0.547, ratio_lines=0.400, final_score=0.547
trace:         score_window: window_len=11, match_len=7, line_score=0.416, ratio_lines=0.333, final_score=0.416
trace:         score_window: window_len=14, match_len=7, line_score=0.543, ratio_lines=0.381, final_score=0.543
trace:         score_window: window_len=15, match_len=7, line_score=0.673, ratio_lines=0.455, final_score=0.673
trace:         score_window: window_len=12, match_len=7, line_score=0.413, ratio_lines=0.316, final_score=0.413
trace:         score_window: window_len=7, match_len=7, line_score=0.286, ratio_lines=0.286, final_score=0.301
trace:         score_window: window_len=6, match_len=7, line_score=0.154, ratio_lines=0.154, final_score=0.270
trace:         score_window: window_len=8, match_len=7, line_score=0.426, ratio_lines=0.400, final_score=0.426
trace:         score_window: window_len=13, match_len=7, line_score=0.410, ratio_lines=0.300, final_score=0.410
trace:         score_window: window_len=5, match_len=7, line_score=0.167, ratio_lines=0.167, final_score=0.283
trace:         score_window: window_len=14, match_len=7, line_score=0.407, ratio_lines=0.286, final_score=0.407
trace:         score_window: window_len=9, match_len=7, line_score=0.422, ratio_lines=0.375, final_score=0.422
trace:         score_window: window_len=10, match_len=7, line_score=0.559, ratio_lines=0.471, final_score=0.559
trace:         score_window: window_len=11, match_len=7, line_score=0.555, ratio_lines=0.444, final_score=0.555
trace:         score_window: window_len=2, match_len=7, line_score=0.222, ratio_lines=0.222, final_score=0.222
trace:         score_window: window_len=15, match_len=7, line_score=0.404, ratio_lines=0.273, final_score=0.404
trace:         score_window: window_len=12, match_len=7, line_score=0.551, ratio_lines=0.421, final_score=0.551
trace:         score_window: window_len=16, match_len=7, line_score=0.401, ratio_lines=0.261, final_score=0.401
trace:         score_window: window_len=17, match_len=7, line_score=0.398, ratio_lines=0.250, final_score=0.398
trace:         score_window: window_len=13, match_len=7, line_score=0.547, ratio_lines=0.400, final_score=0.547
trace:         score_window: window_len=18, match_len=7, line_score=0.395, ratio_lines=0.240, final_score=0.395
trace:         score_window: window_len=14, match_len=7, line_score=0.679, ratio_lines=0.476, final_score=0.679
trace:         score_window: window_len=19, match_len=7, line_score=0.392, ratio_lines=0.231, final_score=0.392
trace:         score_window: window_len=7, match_len=7, line_score=0.429, ratio_lines=0.429, final_score=0.429
trace:         score_window: window_len=20, match_len=7, line_score=0.389, ratio_lines=0.222, final_score=0.389
trace:         score_window: window_len=6, match_len=7, line_score=0.308, ratio_lines=0.308, final_score=0.308
trace:         score_window: window_len=21, match_len=7, line_score=0.386, ratio_lines=0.214, final_score=0.386
trace:         score_window: window_len=8, match_len=7, line_score=0.426, ratio_lines=0.400, final_score=0.426
trace:         score_window: window_len=5, match_len=7, line_score=0.167, ratio_lines=0.167, final_score=0.225
trace:         score_window: window_len=7, match_len=7, line_score=0.286, ratio_lines=0.286, final_score=0.404
trace:         score_window: window_len=9, match_len=7, line_score=0.563, ratio_lines=0.500, final_score=0.563
trace:         score_window: window_len=6, match_len=7, line_score=0.308, ratio_lines=0.308, final_score=0.308
trace:         score_window: window_len=4, match_len=7, line_score=0.182, ratio_lines=0.182, final_score=0.237
trace:         score_window: window_len=8, match_len=7, line_score=0.426, ratio_lines=0.400, final_score=0.433
trace:         score_window: window_len=10, match_len=7, line_score=0.559, ratio_lines=0.471, final_score=0.559
trace:         score_window: window_len=5, match_len=7, line_score=0.333, ratio_lines=0.333, final_score=0.333
trace:         score_window: window_len=11, match_len=7, line_score=0.555, ratio_lines=0.444, final_score=0.555
trace:         score_window: window_len=9, match_len=7, line_score=0.422, ratio_lines=0.375, final_score=0.443
trace:         score_window: window_len=12, match_len=7, line_score=0.551, ratio_lines=0.421, final_score=0.551
trace:         score_window: window_len=10, match_len=7, line_score=0.419, ratio_lines=0.353, final_score=0.428
trace:         score_window: window_len=13, match_len=7, line_score=0.684, ratio_lines=0.500, final_score=0.684
trace:         score_window: window_len=7, match_len=7, line_score=0.429, ratio_lines=0.429, final_score=0.429
trace:         score_window: window_len=11, match_len=7, line_score=0.416, ratio_lines=0.333, final_score=0.424
trace:         score_window: window_len=6, match_len=7, line_score=0.462, ratio_lines=0.462, final_score=0.462
trace:         score_window: window_len=8, match_len=7, line_score=0.567, ratio_lines=0.533, final_score=0.567
trace:         score_window: window_len=5, match_len=7, line_score=0.333, ratio_lines=0.333, final_score=0.333
trace:         score_window: window_len=12, match_len=7, line_score=0.413, ratio_lines=0.316, final_score=0.415
trace:         score_window: window_len=9, match_len=7, line_score=0.563, ratio_lines=0.500, final_score=0.563
trace:         score_window: window_len=10, match_len=7, line_score=0.559, ratio_lines=0.471, final_score=0.559
trace:         score_window: window_len=13, match_len=7, line_score=0.410, ratio_lines=0.300, final_score=0.410
trace:         score_window: window_len=14, match_len=7, line_score=0.407, ratio_lines=0.286, final_score=0.407
trace:         score_window: window_len=11, match_len=7, line_score=0.555, ratio_lines=0.444, final_score=0.555
trace:         score_window: window_len=2, match_len=7, line_score=0.222, ratio_lines=0.222, final_score=0.222
trace:         score_window: window_len=15, match_len=7, line_score=0.404, ratio_lines=0.273, final_score=0.404
trace:         score_window: window_len=12, match_len=7, line_score=0.689, ratio_lines=0.526, final_score=0.689
trace:         score_window: window_len=16, match_len=7, line_score=0.401, ratio_lines=0.261, final_score=0.401
trace:         score_window: window_len=7, match_len=7, line_score=0.571, ratio_lines=0.571, final_score=0.571
trace:         score_window: window_len=6, match_len=7, line_score=0.462, ratio_lines=0.462, final_score=0.462
trace:         score_window: window_len=8, match_len=7, line_score=0.567, ratio_lines=0.533, final_score=0.567
trace:         score_window: window_len=5, match_len=7, line_score=0.500, ratio_lines=0.500, final_score=0.500
trace:         score_window: window_len=17, match_len=7, line_score=0.398, ratio_lines=0.250, final_score=0.398
trace:         score_window: window_len=9, match_len=7, line_score=0.563, ratio_lines=0.500, final_score=0.563
trace:         score_window: window_len=4, match_len=7, line_score=0.364, ratio_lines=0.364, final_score=0.364
trace:         score_window: window_len=18, match_len=7, line_score=0.395, ratio_lines=0.240, final_score=0.395
trace:         score_window: window_len=19, match_len=7, line_score=0.392, ratio_lines=0.231, final_score=0.392
trace:         score_window: window_len=10, match_len=7, line_score=0.559, ratio_lines=0.471, final_score=0.559
trace:         score_window: window_len=20, match_len=7, line_score=0.389, ratio_lines=0.222, final_score=0.389
trace:         score_window: window_len=11, match_len=7, line_score=0.694, ratio_lines=0.556, final_score=0.694
trace:         score_window: window_len=2, match_len=7, line_score=0.222, ratio_lines=0.222, final_score=0.222
trace:         score_window: window_len=21, match_len=7, line_score=0.386, ratio_lines=0.214, final_score=0.386
trace:         score_window: window_len=7, match_len=7, line_score=0.571, ratio_lines=0.571, final_score=0.571
trace:         score_window: window_len=6, match_len=7, line_score=0.615, ratio_lines=0.615, final_score=0.615
trace:         score_window: window_len=7, match_len=7, line_score=0.429, ratio_lines=0.429, final_score=0.452
trace:         score_window: window_len=8, match_len=7, line_score=0.567, ratio_lines=0.533, final_score=0.567
trace:         score_window: window_len=5, match_len=7, line_score=0.500, ratio_lines=0.500, final_score=0.500
trace:         score_window: window_len=6, match_len=7, line_score=0.308, ratio_lines=0.308, final_score=0.420
trace:         score_window: window_len=9, match_len=7, line_score=0.563, ratio_lines=0.500, final_score=0.563
trace:         score_window: window_len=4, match_len=7, line_score=0.545, ratio_lines=0.545, final_score=0.545
trace:         score_window: window_len=8, match_len=7, line_score=0.426, ratio_lines=0.400, final_score=0.460
trace:         score_window: window_len=5, match_len=7, line_score=0.333, ratio_lines=0.333, final_score=0.333
trace:         score_window: window_len=10, match_len=7, line_score=0.699, ratio_lines=0.588, final_score=0.699
trace:         score_window: window_len=3, match_len=7, line_score=0.400, ratio_lines=0.400, final_score=0.400
trace:         score_window: window_len=2, match_len=7, line_score=0.222, ratio_lines=0.222, final_score=0.222
trace:         score_window: window_len=9, match_len=7, line_score=0.422, ratio_lines=0.375, final_score=0.443
trace:         score_window: window_len=4, match_len=7, line_score=0.364, ratio_lines=0.364, final_score=0.364
trace:         score_window: window_len=7, match_len=7, line_score=0.571, ratio_lines=0.571, final_score=0.571
trace:         score_window: window_len=6, match_len=7, line_score=0.615, ratio_lines=0.615, final_score=0.615
trace:         score_window: window_len=8, match_len=7, line_score=0.567, ratio_lines=0.533, final_score=0.567
trace:         score_window: window_len=10, match_len=7, line_score=0.419, ratio_lines=0.353, final_score=0.438
trace:         score_window: window_len=5, match_len=7, line_score=0.667, ratio_lines=0.667, final_score=0.667
trace:         score_window: window_len=4, match_len=7, line_score=0.545, ratio_lines=0.545, final_score=0.545
trace:         score_window: window_len=3, match_len=7, line_score=0.600, ratio_lines=0.600, final_score=0.600
trace:         score_window: window_len=2, match_len=7, line_score=0.444, ratio_lines=0.444, final_score=0.444
trace:         score_window: window_len=11, match_len=7, line_score=0.416, ratio_lines=0.333, final_score=0.428
trace:         score_window: window_len=7, match_len=7, line_score=0.429, ratio_lines=0.429, final_score=0.479
trace:         score_window: window_len=6, match_len=7, line_score=0.462, ratio_lines=0.462, final_score=0.501
trace:         score_window: window_len=8, match_len=7, line_score=0.567, ratio_lines=0.533, final_score=0.567
trace:         score_window: window_len=5, match_len=7, line_score=0.500, ratio_lines=0.500, final_score=0.500
trace:         score_window: window_len=4, match_len=7, line_score=0.545, ratio_lines=0.545, final_score=0.545
trace:         score_window: window_len=12, match_len=7, line_score=0.413, ratio_lines=0.316, final_score=0.413
trace:         score_window: window_len=3, match_len=7, line_score=0.400, ratio_lines=0.400, final_score=0.400
trace:         score_window: window_len=2, match_len=7, line_score=0.444, ratio_lines=0.444, final_score=0.444
trace:         score_window: window_len=13, match_len=7, line_score=0.410, ratio_lines=0.300, final_score=0.410
trace:         score_window: window_len=14, match_len=7, line_score=0.407, ratio_lines=0.286, final_score=0.407
trace:         score_window: window_len=15, match_len=7, line_score=0.404, ratio_lines=0.273, final_score=0.404
trace:         score_window: window_len=7, match_len=7, line_score=0.429, ratio_lines=0.429, final_score=0.507
trace:         score_window: window_len=16, match_len=7, line_score=0.401, ratio_lines=0.261, final_score=0.401
trace:         score_window: window_len=6, match_len=7, line_score=0.308, ratio_lines=0.308, final_score=0.423
trace:         score_window: window_len=17, match_len=7, line_score=0.398, ratio_lines=0.250, final_score=0.398
trace:         score_window: window_len=18, match_len=7, line_score=0.395, ratio_lines=0.240, final_score=0.395
trace:         score_window: window_len=8, match_len=7, line_score=0.567, ratio_lines=0.533, final_score=0.567
trace:         score_window: window_len=19, match_len=7, line_score=0.392, ratio_lines=0.231, final_score=0.392
trace:         score_window: window_len=5, match_len=7, line_score=0.333, ratio_lines=0.333, final_score=0.443
trace:         score_window: window_len=4, match_len=7, line_score=0.364, ratio_lines=0.364, final_score=0.364
trace:         score_window: window_len=20, match_len=7, line_score=0.389, ratio_lines=0.222, final_score=0.389
trace:         score_window: window_len=10, match_len=7, line_score=0.699, ratio_lines=0.588, final_score=0.699
trace:         score_window: window_len=3, match_len=7, line_score=0.400, ratio_lines=0.400, final_score=0.400
trace:         score_window: window_len=21, match_len=7, line_score=0.386, ratio_lines=0.214, final_score=0.386
trace:         score_window: window_len=11, match_len=7, line_score=0.694, ratio_lines=0.556, final_score=0.694
trace:         score_window: window_len=2, match_len=7, line_score=0.222, ratio_lines=0.222, final_score=0.222
trace:         score_window: window_len=12, match_len=7, line_score=0.689, ratio_lines=0.526, final_score=0.689
trace:         score_window: window_len=13, match_len=7, line_score=0.684, ratio_lines=0.500, final_score=0.684
trace:         score_window: window_len=14, match_len=7, line_score=0.679, ratio_lines=0.476, final_score=0.679
trace:         score_window: window_len=7, match_len=7, line_score=0.429, ratio_lines=0.429, final_score=0.525
trace:         score_window: window_len=15, match_len=7, line_score=0.673, ratio_lines=0.455, final_score=0.673
trace:         score_window: window_len=16, match_len=7, line_score=0.668, ratio_lines=0.435, final_score=0.668
trace:         score_window: window_len=6, match_len=7, line_score=0.462, ratio_lines=0.462, final_score=0.508
trace:         score_window: window_len=17, match_len=7, line_score=0.663, ratio_lines=0.417, final_score=0.663
trace:         score_window: window_len=18, match_len=7, line_score=0.658, ratio_lines=0.400, final_score=0.658
trace:         score_window: window_len=8, match_len=7, line_score=0.426, ratio_lines=0.400, final_score=0.504
trace:         score_window: window_len=19, match_len=7, line_score=0.653, ratio_lines=0.385, final_score=0.653
trace:         score_window: window_len=20, match_len=7, line_score=0.648, ratio_lines=0.370, final_score=0.648
trace:         score_window: window_len=5, match_len=7, line_score=0.333, ratio_lines=0.333, final_score=0.477
trace:         score_window: window_len=21, match_len=7, line_score=0.643, ratio_lines=0.357, final_score=0.643
trace:         score_window: window_len=22, match_len=7, line_score=0.638, ratio_lines=0.345, final_score=0.638
trace:         score_window: window_len=23, match_len=7, line_score=0.633, ratio_lines=0.333, final_score=0.633
trace:         score_window: window_len=24, match_len=7, line_score=0.628, ratio_lines=0.323, final_score=0.628
trace:         score_window: window_len=25, match_len=7, line_score=0.622, ratio_lines=0.312, final_score=0.622
trace:         score_window: window_len=9, match_len=7, line_score=0.422, ratio_lines=0.375, final_score=0.493
trace:         score_window: window_len=4, match_len=7, line_score=0.364, ratio_lines=0.364, final_score=0.364
trace:         score_window: window_len=26, match_len=7, line_score=0.617, ratio_lines=0.303, final_score=0.617
trace:         score_window: window_len=27, match_len=7, line_score=0.612, ratio_lines=0.294, final_score=0.612
trace:         score_window: window_len=10, match_len=7, line_score=0.419, ratio_lines=0.353, final_score=0.481
trace:         score_window: window_len=28, match_len=7, line_score=0.607, ratio_lines=0.286, final_score=0.607
trace:         score_window: window_len=29, match_len=7, line_score=0.602, ratio_lines=0.278, final_score=0.602
trace:         score_window: window_len=3, match_len=7, line_score=0.400, ratio_lines=0.400, final_score=0.400
trace:         score_window: window_len=30, match_len=7, line_score=0.597, ratio_lines=0.270, final_score=0.597
trace:         score_window: window_len=7, match_len=7, line_score=0.429, ratio_lines=0.429, final_score=0.507
trace:         score_window: window_len=11, match_len=7, line_score=0.416, ratio_lines=0.333, final_score=0.450
trace:         score_window: window_len=2, match_len=7, line_score=0.222, ratio_lines=0.222, final_score=0.222
trace:         score_window: window_len=6, match_len=7, line_score=0.308, ratio_lines=0.308, final_score=0.495
trace:         score_window: window_len=8, match_len=7, line_score=0.567, ratio_lines=0.533, final_score=0.696
trace:         score_window: window_len=12, match_len=7, line_score=0.413, ratio_lines=0.316, final_score=0.435
trace:         score_window: window_len=13, match_len=7, line_score=0.410, ratio_lines=0.300, final_score=0.422
trace:         score_window: window_len=5, match_len=7, line_score=0.167, ratio_lines=0.167, final_score=0.401
trace:         score_window: window_len=9, match_len=7, line_score=0.563, ratio_lines=0.500, final_score=0.628
trace:         score_window: window_len=14, match_len=7, line_score=0.407, ratio_lines=0.286, final_score=0.407
trace:         score_window: window_len=15, match_len=7, line_score=0.404, ratio_lines=0.273, final_score=0.404
trace:         score_window: window_len=4, match_len=7, line_score=0.182, ratio_lines=0.182, final_score=0.410
trace:         score_window: window_len=10, match_len=7, line_score=0.559, ratio_lines=0.471, final_score=0.587
trace:         score_window: window_len=16, match_len=7, line_score=0.401, ratio_lines=0.261, final_score=0.401
trace:         score_window: window_len=11, match_len=7, line_score=0.555, ratio_lines=0.444, final_score=0.555
trace:         score_window: window_len=2, match_len=7, line_score=0.222, ratio_lines=0.222, final_score=0.277
trace:         score_window: window_len=17, match_len=7, line_score=0.398, ratio_lines=0.250, final_score=0.398
trace:         score_window: window_len=12, match_len=7, line_score=0.551, ratio_lines=0.421, final_score=0.551
trace:         score_window: window_len=13, match_len=7, line_score=0.547, ratio_lines=0.400, final_score=0.547
trace:         score_window: window_len=18, match_len=7, line_score=0.395, ratio_lines=0.240, final_score=0.395
trace:         score_window: window_len=14, match_len=7, line_score=0.543, ratio_lines=0.381, final_score=0.543
trace:         score_window: window_len=19, match_len=7, line_score=0.392, ratio_lines=0.231, final_score=0.392
trace:         score_window: window_len=15, match_len=7, line_score=0.539, ratio_lines=0.364, final_score=0.539
trace:         score_window: window_len=16, match_len=7, line_score=0.535, ratio_lines=0.348, final_score=0.535
trace:         score_window: window_len=20, match_len=7, line_score=0.389, ratio_lines=0.222, final_score=0.389
trace:         score_window: window_len=17, match_len=7, line_score=0.531, ratio_lines=0.333, final_score=0.531
trace:         score_window: window_len=21, match_len=7, line_score=0.386, ratio_lines=0.214, final_score=0.386
trace:         score_window: window_len=18, match_len=7, line_score=0.527, ratio_lines=0.320, final_score=0.527
trace:         score_window: window_len=19, match_len=7, line_score=0.522, ratio_lines=0.308, final_score=0.522
trace:         score_window: window_len=20, match_len=7, line_score=0.518, ratio_lines=0.296, final_score=0.518
trace:         score_window: window_len=7, match_len=7, line_score=0.429, ratio_lines=0.429, final_score=0.515
trace:         score_window: window_len=21, match_len=7, line_score=0.514, ratio_lines=0.286, final_score=0.514
trace:         score_window: window_len=22, match_len=7, line_score=0.510, ratio_lines=0.276, final_score=0.510
trace:         score_window: window_len=23, match_len=7, line_score=0.506, ratio_lines=0.267, final_score=0.506
trace:         score_window: window_len=24, match_len=7, line_score=0.502, ratio_lines=0.258, final_score=0.502
trace:         score_window: window_len=25, match_len=7, line_score=0.498, ratio_lines=0.250, final_score=0.498
trace:         score_window: window_len=26, match_len=7, line_score=0.494, ratio_lines=0.242, final_score=0.494
trace:         score_window: window_len=6, match_len=7, line_score=0.462, ratio_lines=0.462, final_score=0.538
trace:         score_window: window_len=27, match_len=7, line_score=0.490, ratio_lines=0.235, final_score=0.490
trace:         score_window: window_len=28, match_len=7, line_score=0.486, ratio_lines=0.229, final_score=0.486
trace:         score_window: window_len=8, match_len=7, line_score=0.426, ratio_lines=0.400, final_score=0.502
trace:         score_window: window_len=29, match_len=7, line_score=0.482, ratio_lines=0.222, final_score=0.482
trace:         score_window: window_len=5, match_len=7, line_score=0.500, ratio_lines=0.500, final_score=0.521
trace:         score_window: window_len=30, match_len=7, line_score=0.478, ratio_lines=0.216, final_score=0.478
trace:         score_window: window_len=7, match_len=7, line_score=0.571, ratio_lines=0.571, final_score=0.778
trace:         score_window: window_len=9, match_len=7, line_score=0.422, ratio_lines=0.375, final_score=0.489
trace:         score_window: window_len=6, match_len=7, line_score=0.462, ratio_lines=0.462, final_score=0.576
trace:         score_window: window_len=4, match_len=7, line_score=0.364, ratio_lines=0.364, final_score=0.488
trace:         score_window: window_len=8, match_len=7, line_score=0.567, ratio_lines=0.533, final_score=0.671
trace:         score_window: window_len=5, match_len=7, line_score=0.333, ratio_lines=0.333, final_score=0.563
trace:         score_window: window_len=10, match_len=7, line_score=0.419, ratio_lines=0.353, final_score=0.456
trace:         score_window: window_len=3, match_len=7, line_score=0.400, ratio_lines=0.400, final_score=0.400
trace:         score_window: window_len=9, match_len=7, line_score=0.563, ratio_lines=0.500, final_score=0.600
trace:         score_window: window_len=4, match_len=7, line_score=0.182, ratio_lines=0.182, final_score=0.468
trace:         score_window: window_len=11, match_len=7, line_score=0.416, ratio_lines=0.333, final_score=0.440
trace:         score_window: window_len=2, match_len=7, line_score=0.444, ratio_lines=0.444, final_score=0.444
trace:         score_window: window_len=10, match_len=7, line_score=0.559, ratio_lines=0.471, final_score=0.561
trace:         score_window: window_len=11, match_len=7, line_score=0.555, ratio_lines=0.444, final_score=0.555
trace:         score_window: window_len=12, match_len=7, line_score=0.413, ratio_lines=0.316, final_score=0.425
trace:         score_window: window_len=2, match_len=7, line_score=0.222, ratio_lines=0.222, final_score=0.288
trace:         score_window: window_len=12, match_len=7, line_score=0.551, ratio_lines=0.421, final_score=0.551
trace:         score_window: window_len=13, match_len=7, line_score=0.410, ratio_lines=0.300, final_score=0.410
trace:         score_window: window_len=13, match_len=7, line_score=0.547, ratio_lines=0.400, final_score=0.547
trace:         score_window: window_len=14, match_len=7, line_score=0.407, ratio_lines=0.286, final_score=0.407
trace:         score_window: window_len=14, match_len=7, line_score=0.543, ratio_lines=0.381, final_score=0.543
trace:         score_window: window_len=15, match_len=7, line_score=0.539, ratio_lines=0.364, final_score=0.539
trace:         score_window: window_len=15, match_len=7, line_score=0.404, ratio_lines=0.273, final_score=0.404
trace:         score_window: window_len=16, match_len=7, line_score=0.535, ratio_lines=0.348, final_score=0.535
trace:         score_window: window_len=16, match_len=7, line_score=0.401, ratio_lines=0.261, final_score=0.401
trace:         score_window: window_len=17, match_len=7, line_score=0.531, ratio_lines=0.333, final_score=0.531
trace:         score_window: window_len=18, match_len=7, line_score=0.527, ratio_lines=0.320, final_score=0.527
trace:         score_window: window_len=17, match_len=7, line_score=0.398, ratio_lines=0.250, final_score=0.398
trace:         score_window: window_len=19, match_len=7, line_score=0.522, ratio_lines=0.308, final_score=0.522
trace:         score_window: window_len=18, match_len=7, line_score=0.395, ratio_lines=0.240, final_score=0.395
trace:         score_window: window_len=20, match_len=7, line_score=0.518, ratio_lines=0.296, final_score=0.518
trace:         score_window: window_len=19, match_len=7, line_score=0.392, ratio_lines=0.231, final_score=0.392
trace:         score_window: window_len=21, match_len=7, line_score=0.514, ratio_lines=0.286, final_score=0.514
trace:         score_window: window_len=20, match_len=7, line_score=0.389, ratio_lines=0.222, final_score=0.389
trace:         score_window: window_len=22, match_len=7, line_score=0.510, ratio_lines=0.276, final_score=0.510
trace:         score_window: window_len=23, match_len=7, line_score=0.506, ratio_lines=0.267, final_score=0.506
trace:         score_window: window_len=21, match_len=7, line_score=0.386, ratio_lines=0.214, final_score=0.386
trace:         score_window: window_len=24, match_len=7, line_score=0.502, ratio_lines=0.258, final_score=0.502
trace:         score_window: window_len=25, match_len=7, line_score=0.498, ratio_lines=0.250, final_score=0.498
trace:         score_window: window_len=7, match_len=7, line_score=0.286, ratio_lines=0.286, final_score=0.425
trace:         score_window: window_len=26, match_len=7, line_score=0.494, ratio_lines=0.242, final_score=0.494
trace:         score_window: window_len=27, match_len=7, line_score=0.490, ratio_lines=0.235, final_score=0.490
trace:         score_window: window_len=28, match_len=7, line_score=0.486, ratio_lines=0.229, final_score=0.486
trace:         score_window: window_len=29, match_len=7, line_score=0.482, ratio_lines=0.222, final_score=0.482
trace:         score_window: window_len=6, match_len=7, line_score=0.308, ratio_lines=0.308, final_score=0.382
trace:         score_window: window_len=30, match_len=7, line_score=0.478, ratio_lines=0.216, final_score=0.478
trace:         score_window: window_len=7, match_len=7, line_score=0.429, ratio_lines=0.429, final_score=0.654
trace:         score_window: window_len=8, match_len=7, line_score=0.284, ratio_lines=0.267, final_score=0.414
trace:         score_window: window_len=6, match_len=7, line_score=0.462, ratio_lines=0.462, final_score=0.711
trace:         score_window: window_len=8, match_len=7, line_score=0.426, ratio_lines=0.400, final_score=0.605
trace:         score_window: window_len=5, match_len=7, line_score=0.333, ratio_lines=0.333, final_score=0.400
trace:         score_window: window_len=5, match_len=7, line_score=0.333, ratio_lines=0.333, final_score=0.533
trace:         score_window: window_len=9, match_len=7, line_score=0.422, ratio_lines=0.375, final_score=0.562
trace:         score_window: window_len=9, match_len=7, line_score=0.282, ratio_lines=0.250, final_score=0.404
trace:         score_window: window_len=4, match_len=7, line_score=0.182, ratio_lines=0.182, final_score=0.518
trace:         score_window: window_len=10, match_len=7, line_score=0.419, ratio_lines=0.353, final_score=0.526
trace:         score_window: window_len=11, match_len=7, line_score=0.416, ratio_lines=0.333, final_score=0.502
trace:         score_window: window_len=4, match_len=7, line_score=0.364, ratio_lines=0.364, final_score=0.459
trace:         score_window: window_len=12, match_len=7, line_score=0.413, ratio_lines=0.316, final_score=0.488
trace:         score_window: window_len=13, match_len=7, line_score=0.410, ratio_lines=0.300, final_score=0.476
trace:         score_window: window_len=14, match_len=7, line_score=0.407, ratio_lines=0.286, final_score=0.464
trace:         score_window: window_len=15, match_len=7, line_score=0.404, ratio_lines=0.273, final_score=0.456
trace:         score_window: window_len=10, match_len=7, line_score=0.280, ratio_lines=0.235, final_score=0.391
trace:         score_window: window_len=16, match_len=7, line_score=0.401, ratio_lines=0.261, final_score=0.428
trace:         score_window: window_len=17, match_len=7, line_score=0.398, ratio_lines=0.250, final_score=0.419
trace:         score_window: window_len=3, match_len=7, line_score=0.200, ratio_lines=0.200, final_score=0.417
trace:         score_window: window_len=18, match_len=7, line_score=0.395, ratio_lines=0.240, final_score=0.410
trace:         score_window: window_len=11, match_len=7, line_score=0.278, ratio_lines=0.222, final_score=0.378
trace:         score_window: window_len=2, match_len=7, line_score=0.222, ratio_lines=0.222, final_score=0.256
trace:         score_window: window_len=19, match_len=7, line_score=0.392, ratio_lines=0.231, final_score=0.392
trace:         score_window: window_len=20, match_len=7, line_score=0.389, ratio_lines=0.222, final_score=0.389
trace:         score_window: window_len=21, match_len=7, line_score=0.386, ratio_lines=0.214, final_score=0.386
trace:         score_window: window_len=7, match_len=7, line_score=0.429, ratio_lines=0.429, final_score=0.608
trace:         score_window: window_len=12, match_len=7, line_score=0.276, ratio_lines=0.211, final_score=0.368
trace:         score_window: window_len=19, match_len=7, line_score=0.392, ratio_lines=0.154, final_score=0.392
trace:         score_window: window_len=6, match_len=7, line_score=0.462, ratio_lines=0.462, final_score=0.658
trace:         score_window: window_len=8, match_len=7, line_score=0.426, ratio_lines=0.400, final_score=0.564
trace:         score_window: window_len=20, match_len=7, line_score=0.389, ratio_lines=0.148, final_score=0.389
trace:         score_window: window_len=5, match_len=7, line_score=0.500, ratio_lines=0.500, final_score=0.719
trace:         score_window: window_len=9, match_len=7, line_score=0.422, ratio_lines=0.375, final_score=0.526
trace:         score_window: window_len=21, match_len=7, line_score=0.386, ratio_lines=0.143, final_score=0.386
trace:         score_window: window_len=4, match_len=7, line_score=0.364, ratio_lines=0.364, final_score=0.539
trace:         score_window: window_len=10, match_len=7, line_score=0.419, ratio_lines=0.353, final_score=0.502
trace:         score_window: window_len=7, match_len=7, line_score=0.286, ratio_lines=0.286, final_score=0.399
trace:         score_window: window_len=3, match_len=7, line_score=0.200, ratio_lines=0.200, final_score=0.523
trace:         score_window: window_len=11, match_len=7, line_score=0.416, ratio_lines=0.333, final_score=0.487
trace:         score_window: window_len=12, match_len=7, line_score=0.413, ratio_lines=0.316, final_score=0.474
trace:         score_window: window_len=13, match_len=7, line_score=0.410, ratio_lines=0.300, final_score=0.461
trace:         score_window: window_len=14, match_len=7, line_score=0.407, ratio_lines=0.286, final_score=0.453
trace:         score_window: window_len=15, match_len=7, line_score=0.404, ratio_lines=0.273, final_score=0.425
trace:         score_window: window_len=16, match_len=7, line_score=0.401, ratio_lines=0.261, final_score=0.415
trace:         score_window: window_len=17, match_len=7, line_score=0.398, ratio_lines=0.250, final_score=0.406
trace:         score_window: window_len=6, match_len=7, line_score=0.154, ratio_lines=0.154, final_score=0.364
trace:         score_window: window_len=18, match_len=7, line_score=0.395, ratio_lines=0.240, final_score=0.395
trace:         score_window: window_len=19, match_len=7, line_score=0.392, ratio_lines=0.231, final_score=0.392
trace:         score_window: window_len=8, match_len=7, line_score=0.284, ratio_lines=0.267, final_score=0.398
trace:         score_window: window_len=20, match_len=7, line_score=0.389, ratio_lines=0.222, final_score=0.389
trace:         score_window: window_len=21, match_len=7, line_score=0.386, ratio_lines=0.214, final_score=0.386
trace:         score_window: window_len=5, match_len=7, line_score=0.167, ratio_lines=0.167, final_score=0.350
trace:         score_window: window_len=7, match_len=7, line_score=0.429, ratio_lines=0.429, final_score=0.558
trace:         score_window: window_len=9, match_len=7, line_score=0.282, ratio_lines=0.250, final_score=0.384
trace:         score_window: window_len=6, match_len=7, line_score=0.462, ratio_lines=0.462, final_score=0.612
trace:         score_window: window_len=4, match_len=7, line_score=0.182, ratio_lines=0.182, final_score=0.418
trace:         score_window: window_len=8, match_len=7, line_score=0.426, ratio_lines=0.400, final_score=0.515
trace:         score_window: window_len=10, match_len=7, line_score=0.280, ratio_lines=0.235, final_score=0.371
trace:         score_window: window_len=5, match_len=7, line_score=0.500, ratio_lines=0.500, final_score=0.692
trace:         score_window: window_len=9, match_len=7, line_score=0.422, ratio_lines=0.375, final_score=0.488
trace:         score_window: window_len=3, match_len=7, line_score=0.200, ratio_lines=0.200, final_score=0.407
trace:         score_window: window_len=4, match_len=7, line_score=0.545, ratio_lines=0.545, final_score=0.734
trace:         score_window: window_len=10, match_len=7, line_score=0.419, ratio_lines=0.353, final_score=0.473
trace:         score_window: window_len=11, match_len=7, line_score=0.278, ratio_lines=0.222, final_score=0.354
trace:         score_window: window_len=3, match_len=7, line_score=0.400, ratio_lines=0.400, final_score=0.493
trace:         score_window: window_len=11, match_len=7, line_score=0.416, ratio_lines=0.333, final_score=0.458
trace:         score_window: window_len=2, match_len=7, line_score=0.222, ratio_lines=0.222, final_score=0.448
trace:         score_window: window_len=12, match_len=7, line_score=0.276, ratio_lines=0.211, final_score=0.319
trace:         score_window: window_len=12, match_len=7, line_score=0.413, ratio_lines=0.316, final_score=0.445
trace:         score_window: window_len=13, match_len=7, line_score=0.410, ratio_lines=0.300, final_score=0.436
trace:         score_window: window_len=18, match_len=7, line_score=0.395, ratio_lines=0.160, final_score=0.395
trace:         score_window: window_len=14, match_len=7, line_score=0.407, ratio_lines=0.286, final_score=0.407
trace:         score_window: window_len=19, match_len=7, line_score=0.392, ratio_lines=0.154, final_score=0.392
trace:         score_window: window_len=15, match_len=7, line_score=0.404, ratio_lines=0.273, final_score=0.404
trace:         score_window: window_len=16, match_len=7, line_score=0.401, ratio_lines=0.261, final_score=0.401
trace:         score_window: window_len=20, match_len=7, line_score=0.389, ratio_lines=0.148, final_score=0.389
trace:         score_window: window_len=17, match_len=7, line_score=0.398, ratio_lines=0.250, final_score=0.398
trace:         score_window: window_len=21, match_len=7, line_score=0.386, ratio_lines=0.214, final_score=0.386
trace:         score_window: window_len=18, match_len=7, line_score=0.395, ratio_lines=0.240, final_score=0.395
trace:         score_window: window_len=19, match_len=7, line_score=0.392, ratio_lines=0.231, final_score=0.392
trace:         score_window: window_len=20, match_len=7, line_score=0.389, ratio_lines=0.222, final_score=0.389
trace:         score_window: window_len=7, match_len=7, line_score=0.286, ratio_lines=0.286, final_score=0.357
trace:         score_window: window_len=21, match_len=7, line_score=0.386, ratio_lines=0.214, final_score=0.386
trace:         score_window: window_len=6, match_len=7, line_score=0.308, ratio_lines=0.308, final_score=0.368
trace:         score_window: window_len=7, match_len=7, line_score=0.429, ratio_lines=0.429, final_score=0.541
trace:         score_window: window_len=8, match_len=7, line_score=0.284, ratio_lines=0.267, final_score=0.343
trace:         score_window: window_len=6, match_len=7, line_score=0.462, ratio_lines=0.462, final_score=0.558
trace:         score_window: window_len=5, match_len=7, line_score=0.167, ratio_lines=0.167, final_score=0.330
trace:         score_window: window_len=8, match_len=7, line_score=0.426, ratio_lines=0.400, final_score=0.487
trace:         score_window: window_len=5, match_len=7, line_score=0.500, ratio_lines=0.500, final_score=0.609
trace:         score_window: window_len=9, match_len=7, line_score=0.282, ratio_lines=0.250, final_score=0.330
trace:         score_window: window_len=9, match_len=7, line_score=0.422, ratio_lines=0.375, final_score=0.471
trace:         score_window: window_len=4, match_len=7, line_score=0.182, ratio_lines=0.182, final_score=0.361
trace:         score_window: window_len=4, match_len=7, line_score=0.545, ratio_lines=0.545, final_score=0.687
trace:         score_window: window_len=10, match_len=7, line_score=0.419, ratio_lines=0.353, final_score=0.456
trace:         score_window: window_len=3, match_len=7, line_score=0.600, ratio_lines=0.600, final_score=0.745
trace:         score_window: window_len=11, match_len=7, line_score=0.416, ratio_lines=0.333, final_score=0.442
trace:         score_window: window_len=2, match_len=7, line_score=0.444, ratio_lines=0.444, final_score=0.491
trace:         score_window: window_len=10, match_len=7, line_score=0.280, ratio_lines=0.235, final_score=0.323
trace:         score_window: window_len=12, match_len=7, line_score=0.413, ratio_lines=0.316, final_score=0.433
trace:         score_window: window_len=13, match_len=7, line_score=0.410, ratio_lines=0.300, final_score=0.410
trace:         score_window: window_len=3, match_len=7, line_score=0.200, ratio_lines=0.200, final_score=0.366
trace:         score_window: window_len=14, match_len=7, line_score=0.407, ratio_lines=0.286, final_score=0.407
trace:         score_window: window_len=11, match_len=7, line_score=0.278, ratio_lines=0.222, final_score=0.282
trace:         score_window: window_len=2, match_len=7, line_score=0.222, ratio_lines=0.222, final_score=0.237
trace:         score_window: window_len=15, match_len=7, line_score=0.404, ratio_lines=0.273, final_score=0.404
trace:         score_window: window_len=16, match_len=7, line_score=0.401, ratio_lines=0.261, final_score=0.401
trace:         score_window: window_len=17, match_len=7, line_score=0.398, ratio_lines=0.250, final_score=0.398
trace:         score_window: window_len=18, match_len=7, line_score=0.395, ratio_lines=0.240, final_score=0.395
trace:         score_window: window_len=19, match_len=7, line_score=0.392, ratio_lines=0.231, final_score=0.392
trace:         score_window: window_len=12, match_len=7, line_score=0.276, ratio_lines=0.211, final_score=0.276
trace:         score_window: window_len=20, match_len=7, line_score=0.389, ratio_lines=0.222, final_score=0.389
trace:         score_window: window_len=21, match_len=7, line_score=0.386, ratio_lines=0.214, final_score=0.386
trace:         score_window: window_len=17, match_len=7, line_score=0.398, ratio_lines=0.167, final_score=0.398
trace:         score_window: window_len=18, match_len=7, line_score=0.395, ratio_lines=0.160, final_score=0.395
trace:         score_window: window_len=19, match_len=7, line_score=0.392, ratio_lines=0.154, final_score=0.392
trace:         score_window: window_len=7, match_len=7, line_score=0.286, ratio_lines=0.286, final_score=0.289
trace:         score_window: window_len=20, match_len=7, line_score=0.389, ratio_lines=0.222, final_score=0.389
trace:         score_window: window_len=6, match_len=7, line_score=0.308, ratio_lines=0.308, final_score=0.308
trace:         score_window: window_len=8, match_len=7, line_score=0.284, ratio_lines=0.267, final_score=0.284
trace:         score_window: window_len=21, match_len=7, line_score=0.386, ratio_lines=0.214, final_score=0.386
trace:         score_window: window_len=5, match_len=7, line_score=0.333, ratio_lines=0.333, final_score=0.337
trace:         score_window: window_len=9, match_len=7, line_score=0.282, ratio_lines=0.250, final_score=0.282
trace:         score_window: window_len=7, match_len=7, line_score=0.286, ratio_lines=0.286, final_score=0.376
trace:         score_window: window_len=4, match_len=7, line_score=0.364, ratio_lines=0.364, final_score=0.373
trace:         score_window: window_len=6, match_len=7, line_score=0.308, ratio_lines=0.308, final_score=0.415
trace:         score_window: window_len=10, match_len=7, line_score=0.280, ratio_lines=0.235, final_score=0.280
trace:         score_window: window_len=3, match_len=7, line_score=0.400, ratio_lines=0.400, final_score=0.418
trace:         score_window: window_len=11, match_len=7, line_score=0.278, ratio_lines=0.222, final_score=0.278
trace:         score_window: window_len=8, match_len=7, line_score=0.284, ratio_lines=0.267, final_score=0.338
trace:         score_window: window_len=2, match_len=7, line_score=0.444, ratio_lines=0.444, final_score=0.475
trace:         score_window: window_len=5, match_len=7, line_score=0.333, ratio_lines=0.333, final_score=0.380
trace:         score_window: window_len=12, match_len=7, line_score=0.276, ratio_lines=0.211, final_score=0.276
trace:         score_window: window_len=9, match_len=7, line_score=0.282, ratio_lines=0.250, final_score=0.331
trace:         score_window: window_len=6, match_len=7, line_score=0.154, ratio_lines=0.154, final_score=0.275
trace:         score_window: window_len=10, match_len=7, line_score=0.280, ratio_lines=0.235, final_score=0.303
trace:         score_window: window_len=5, match_len=7, line_score=0.167, ratio_lines=0.167, final_score=0.292
trace:         score_window: window_len=11, match_len=7, line_score=0.278, ratio_lines=0.222, final_score=0.301
trace:         score_window: window_len=2, match_len=7, line_score=0.222, ratio_lines=0.222, final_score=0.282
trace:         score_window: window_len=4, match_len=7, line_score=0.182, ratio_lines=0.182, final_score=0.299
trace:         score_window: window_len=10, match_len=7, line_score=0.280, ratio_lines=0.235, final_score=0.280
trace:         score_window: window_len=3, match_len=7, line_score=0.200, ratio_lines=0.200, final_score=0.334
trace:         score_window: window_len=11, match_len=7, line_score=0.278, ratio_lines=0.222, final_score=0.278
trace:         score_window: window_len=2, match_len=7, line_score=0.222, ratio_lines=0.222, final_score=0.389
trace:         score_window: window_len=12, match_len=7, line_score=0.276, ratio_lines=0.211, final_score=0.276
trace:         score_window: window_len=17, match_len=7, line_score=0.398, ratio_lines=0.250, final_score=0.398
trace:         score_window: window_len=18, match_len=7, line_score=0.395, ratio_lines=0.240, final_score=0.395
trace:         score_window: window_len=19, match_len=7, line_score=0.392, ratio_lines=0.231, final_score=0.392
trace:         score_window: window_len=12, match_len=7, line_score=0.276, ratio_lines=0.211, final_score=0.299
trace:         score_window: window_len=20, match_len=7, line_score=0.389, ratio_lines=0.222, final_score=0.389
trace:         score_window: window_len=21, match_len=7, line_score=0.386, ratio_lines=0.214, final_score=0.386
trace:         score_window: window_len=13, match_len=7, line_score=0.273, ratio_lines=0.200, final_score=0.298
trace:         score_window: window_len=14, match_len=7, line_score=0.271, ratio_lines=0.190, final_score=0.288
trace:         score_window: window_len=15, match_len=7, line_score=0.269, ratio_lines=0.091, final_score=0.278
trace:         score_window: window_len=7, match_len=7, line_score=0.143, ratio_lines=0.000, final_score=0.359
trace:         score_window: window_len=16, match_len=7, line_score=0.401, ratio_lines=0.174, final_score=0.401
trace:         score_window: window_len=6, match_len=7, line_score=0.000, ratio_lines=0.000, final_score=0.360
trace:         score_window: window_len=17, match_len=7, line_score=0.398, ratio_lines=0.167, final_score=0.398
trace:         score_window: window_len=8, match_len=7, line_score=0.142, ratio_lines=0.133, final_score=0.371
trace:         score_window: window_len=18, match_len=7, line_score=0.395, ratio_lines=0.160, final_score=0.395
trace:         score_window: window_len=5, match_len=7, line_score=0.000, ratio_lines=0.000, final_score=0.257
trace:         score_window: window_len=19, match_len=7, line_score=0.392, ratio_lines=0.231, final_score=0.392
trace:         score_window: window_len=20, match_len=7, line_score=0.389, ratio_lines=0.222, final_score=0.389
trace:         score_window: window_len=9, match_len=7, line_score=0.282, ratio_lines=0.250, final_score=0.383
trace:         score_window: window_len=7, match_len=7, line_score=0.143, ratio_lines=0.143, final_score=0.326
trace:         score_window: window_len=4, match_len=7, line_score=0.000, ratio_lines=0.000, final_score=0.275
trace:         score_window: window_len=6, match_len=7, line_score=0.154, ratio_lines=0.154, final_score=0.363
trace:         score_window: window_len=10, match_len=7, line_score=0.280, ratio_lines=0.235, final_score=0.280
trace:         score_window: window_len=3, match_len=7, line_score=0.000, ratio_lines=0.000, final_score=0.224
trace:         score_window: window_len=8, match_len=7, line_score=0.142, ratio_lines=0.133, final_score=0.319
trace:         score_window: window_len=11, match_len=7, line_score=0.278, ratio_lines=0.222, final_score=0.278
trace:         score_window: window_len=5, match_len=7, line_score=0.167, ratio_lines=0.167, final_score=0.401
trace:         score_window: window_len=2, match_len=7, line_score=0.000, ratio_lines=0.000, final_score=0.229
trace:         score_window: window_len=12, match_len=7, line_score=0.276, ratio_lines=0.211, final_score=0.276
trace:         score_window: window_len=9, match_len=7, line_score=0.141, ratio_lines=0.125, final_score=0.292
trace:         score_window: window_len=16, match_len=7, line_score=0.401, ratio_lines=0.261, final_score=0.401
trace:         score_window: window_len=17, match_len=7, line_score=0.398, ratio_lines=0.250, final_score=0.398
trace:         score_window: window_len=10, match_len=7, line_score=0.140, ratio_lines=0.118, final_score=0.290
trace:         score_window: window_len=18, match_len=7, line_score=0.395, ratio_lines=0.240, final_score=0.395
trace:         score_window: window_len=19, match_len=7, line_score=0.392, ratio_lines=0.231, final_score=0.392
trace:         score_window: window_len=20, match_len=7, line_score=0.389, ratio_lines=0.222, final_score=0.389
trace:         score_window: window_len=21, match_len=7, line_score=0.386, ratio_lines=0.214, final_score=0.386
trace:         score_window: window_len=11, match_len=7, line_score=0.139, ratio_lines=0.111, final_score=0.289
trace:         score_window: window_len=12, match_len=7, line_score=0.276, ratio_lines=0.211, final_score=0.299
trace:         score_window: window_len=7, match_len=7, line_score=0.143, ratio_lines=0.143, final_score=0.438
trace:         score_window: window_len=13, match_len=7, line_score=0.273, ratio_lines=0.200, final_score=0.289
trace:         score_window: window_len=6, match_len=7, line_score=0.154, ratio_lines=0.000, final_score=0.425
trace:         score_window: window_len=14, match_len=7, line_score=0.271, ratio_lines=0.095, final_score=0.278
trace:         score_window: window_len=8, match_len=7, line_score=0.284, ratio_lines=0.267, final_score=0.451
trace:         score_window: window_len=15, match_len=7, line_score=0.404, ratio_lines=0.182, final_score=0.404
trace:         score_window: window_len=5, match_len=7, line_score=0.000, ratio_lines=0.000, final_score=0.427
trace:         score_window: window_len=16, match_len=7, line_score=0.401, ratio_lines=0.174, final_score=0.401
trace:         score_window: window_len=9, match_len=7, line_score=0.282, ratio_lines=0.250, final_score=0.377
trace:         score_window: window_len=17, match_len=7, line_score=0.398, ratio_lines=0.167, final_score=0.398
trace:         score_window: window_len=4, match_len=7, line_score=0.000, ratio_lines=0.000, final_score=0.233
trace:         score_window: window_len=18, match_len=7, line_score=0.395, ratio_lines=0.240, final_score=0.395
trace:         score_window: window_len=19, match_len=7, line_score=0.392, ratio_lines=0.231, final_score=0.392
trace:         score_window: window_len=10, match_len=7, line_score=0.280, ratio_lines=0.235, final_score=0.358
trace:         score_window: window_len=7, match_len=7, line_score=0.143, ratio_lines=0.143, final_score=0.258
trace:         score_window: window_len=6, match_len=7, line_score=0.154, ratio_lines=0.154, final_score=0.205
trace:         score_window: window_len=11, match_len=7, line_score=0.278, ratio_lines=0.222, final_score=0.350
trace:         score_window: window_len=12, match_len=7, line_score=0.276, ratio_lines=0.211, final_score=0.285
trace:         score_window: window_len=8, match_len=7, line_score=0.142, ratio_lines=0.133, final_score=0.233
trace:         score_window: window_len=5, match_len=7, line_score=0.167, ratio_lines=0.167, final_score=0.231
trace:         score_window: window_len=15, match_len=7, line_score=0.404, ratio_lines=0.273, final_score=0.404
trace:         score_window: window_len=16, match_len=7, line_score=0.401, ratio_lines=0.261, final_score=0.401
trace:         score_window: window_len=9, match_len=7, line_score=0.141, ratio_lines=0.125, final_score=0.224
trace:         score_window: window_len=17, match_len=7, line_score=0.398, ratio_lines=0.250, final_score=0.398
trace:         score_window: window_len=10, match_len=7, line_score=0.140, ratio_lines=0.118, final_score=0.216
trace:         score_window: window_len=18, match_len=7, line_score=0.395, ratio_lines=0.240, final_score=0.395
trace:         score_window: window_len=19, match_len=7, line_score=0.392, ratio_lines=0.231, final_score=0.392
trace:         score_window: window_len=20, match_len=7, line_score=0.389, ratio_lines=0.222, final_score=0.389
trace:         score_window: window_len=11, match_len=7, line_score=0.278, ratio_lines=0.222, final_score=0.278
trace:         score_window: window_len=21, match_len=7, line_score=0.386, ratio_lines=0.214, final_score=0.386
trace:         score_window: window_len=12, match_len=7, line_score=0.276, ratio_lines=0.211, final_score=0.276
trace:         score_window: window_len=7, match_len=7, line_score=0.286, ratio_lines=0.286, final_score=0.527
trace:         score_window: window_len=13, match_len=7, line_score=0.273, ratio_lines=0.100, final_score=0.273
trace:         score_window: window_len=6, match_len=7, line_score=0.154, ratio_lines=0.154, final_score=0.514
trace:         score_window: window_len=14, match_len=7, line_score=0.407, ratio_lines=0.190, final_score=0.407
trace:         score_window: window_len=8, match_len=7, line_score=0.284, ratio_lines=0.267, final_score=0.428
trace:         score_window: window_len=15, match_len=7, line_score=0.404, ratio_lines=0.182, final_score=0.404
trace:         score_window: window_len=5, match_len=7, line_score=0.167, ratio_lines=0.000, final_score=0.501
trace:         score_window: window_len=16, match_len=7, line_score=0.401, ratio_lines=0.174, final_score=0.401
trace:         score_window: window_len=9, match_len=7, line_score=0.282, ratio_lines=0.250, final_score=0.403
trace:         score_window: window_len=17, match_len=7, line_score=0.398, ratio_lines=0.250, final_score=0.398
trace:         score_window: window_len=18, match_len=7, line_score=0.395, ratio_lines=0.240, final_score=0.395
trace:         score_window: window_len=4, match_len=7, line_score=0.000, ratio_lines=0.000, final_score=0.503
trace:         score_window: window_len=7, match_len=7, line_score=0.143, ratio_lines=0.143, final_score=0.243
trace:         score_window: window_len=10, match_len=7, line_score=0.280, ratio_lines=0.235, final_score=0.394
trace:         score_window: window_len=6, match_len=7, line_score=0.154, ratio_lines=0.154, final_score=0.242
trace:         score_window: window_len=8, match_len=7, line_score=0.142, ratio_lines=0.133, final_score=0.233
trace:         score_window: window_len=11, match_len=7, line_score=0.278, ratio_lines=0.222, final_score=0.363
trace:         score_window: window_len=5, match_len=7, line_score=0.167, ratio_lines=0.167, final_score=0.208
trace:         score_window: window_len=9, match_len=7, line_score=0.141, ratio_lines=0.125, final_score=0.224
trace:         score_window: window_len=12, match_len=7, line_score=0.276, ratio_lines=0.211, final_score=0.351
trace:         score_window: window_len=4, match_len=7, line_score=0.182, ratio_lines=0.182, final_score=0.235
trace:         score_window: window_len=10, match_len=7, line_score=0.280, ratio_lines=0.235, final_score=0.280
trace:         score_window: window_len=13, match_len=7, line_score=0.273, ratio_lines=0.200, final_score=0.349
trace:         score_window: window_len=11, match_len=7, line_score=0.278, ratio_lines=0.222, final_score=0.285
trace:         score_window: window_len=2, match_len=7, line_score=0.222, ratio_lines=0.222, final_score=0.222
trace:         score_window: window_len=12, match_len=7, line_score=0.276, ratio_lines=0.105, final_score=0.276
trace:         score_window: window_len=14, match_len=7, line_score=0.407, ratio_lines=0.286, final_score=0.407
trace:         score_window: window_len=15, match_len=7, line_score=0.404, ratio_lines=0.273, final_score=0.404
trace:         score_window: window_len=13, match_len=7, line_score=0.410, ratio_lines=0.200, final_score=0.410
trace:         score_window: window_len=16, match_len=7, line_score=0.401, ratio_lines=0.261, final_score=0.401
trace:         score_window: window_len=14, match_len=7, line_score=0.407, ratio_lines=0.190, final_score=0.407
trace:         score_window: window_len=17, match_len=7, line_score=0.398, ratio_lines=0.250, final_score=0.398
trace:         score_window: window_len=15, match_len=7, line_score=0.404, ratio_lines=0.182, final_score=0.404
trace:         score_window: window_len=18, match_len=7, line_score=0.395, ratio_lines=0.240, final_score=0.395
trace:         score_window: window_len=16, match_len=7, line_score=0.401, ratio_lines=0.261, final_score=0.401
trace:         score_window: window_len=19, match_len=7, line_score=0.392, ratio_lines=0.231, final_score=0.392
trace:         score_window: window_len=17, match_len=7, line_score=0.398, ratio_lines=0.250, final_score=0.398
trace:         score_window: window_len=20, match_len=7, line_score=0.389, ratio_lines=0.222, final_score=0.389
trace:         score_window: window_len=7, match_len=7, line_score=0.143, ratio_lines=0.143, final_score=0.334
trace:         score_window: window_len=21, match_len=7, line_score=0.386, ratio_lines=0.214, final_score=0.386
trace:         score_window: window_len=7, match_len=7, line_score=0.286, ratio_lines=0.286, final_score=0.378
trace:         score_window: window_len=6, match_len=7, line_score=0.154, ratio_lines=0.154, final_score=0.337
trace:         score_window: window_len=6, match_len=7, line_score=0.308, ratio_lines=0.308, final_score=0.308
trace:         score_window: window_len=8, match_len=7, line_score=0.142, ratio_lines=0.133, final_score=0.332
trace:         score_window: window_len=8, match_len=7, line_score=0.284, ratio_lines=0.267, final_score=0.354
trace:         score_window: window_len=5, match_len=7, line_score=0.167, ratio_lines=0.167, final_score=0.378
trace:         score_window: window_len=9, match_len=7, line_score=0.282, ratio_lines=0.250, final_score=0.345
trace:         score_window: window_len=9, match_len=7, line_score=0.282, ratio_lines=0.250, final_score=0.344
trace:         score_window: window_len=10, match_len=7, line_score=0.280, ratio_lines=0.235, final_score=0.318
trace:         score_window: window_len=10, match_len=7, line_score=0.280, ratio_lines=0.235, final_score=0.330
trace:         score_window: window_len=11, match_len=7, line_score=0.278, ratio_lines=0.222, final_score=0.319
trace:         score_window: window_len=11, match_len=7, line_score=0.278, ratio_lines=0.111, final_score=0.316
trace:         score_window: window_len=2, match_len=7, line_score=0.222, ratio_lines=0.222, final_score=0.222
trace:         score_window: window_len=12, match_len=7, line_score=0.276, ratio_lines=0.211, final_score=0.309
trace:         score_window: window_len=12, match_len=7, line_score=0.413, ratio_lines=0.211, final_score=0.413
trace:         score_window: window_len=13, match_len=7, line_score=0.410, ratio_lines=0.300, final_score=0.410
trace:         score_window: window_len=13, match_len=7, line_score=0.410, ratio_lines=0.200, final_score=0.410
trace:         score_window: window_len=14, match_len=7, line_score=0.407, ratio_lines=0.190, final_score=0.407
trace:         score_window: window_len=14, match_len=7, line_score=0.407, ratio_lines=0.286, final_score=0.407
trace:         score_window: window_len=15, match_len=7, line_score=0.404, ratio_lines=0.273, final_score=0.404
trace:         score_window: window_len=15, match_len=7, line_score=0.404, ratio_lines=0.273, final_score=0.404
trace:         score_window: window_len=16, match_len=7, line_score=0.401, ratio_lines=0.261, final_score=0.401
trace:         score_window: window_len=16, match_len=7, line_score=0.401, ratio_lines=0.261, final_score=0.401
trace:         score_window: window_len=17, match_len=7, line_score=0.398, ratio_lines=0.250, final_score=0.398
trace:         score_window: window_len=18, match_len=7, line_score=0.395, ratio_lines=0.240, final_score=0.395
trace:         score_window: window_len=19, match_len=7, line_score=0.392, ratio_lines=0.231, final_score=0.392
trace:         score_window: window_len=20, match_len=7, line_score=0.389, ratio_lines=0.222, final_score=0.389
trace:         score_window: window_len=7, match_len=7, line_score=0.143, ratio_lines=0.000, final_score=0.319
trace:         score_window: window_len=21, match_len=7, line_score=0.386, ratio_lines=0.214, final_score=0.386
trace:         score_window: window_len=6, match_len=7, line_score=0.154, ratio_lines=0.000, final_score=0.320
trace:         score_window: window_len=8, match_len=7, line_score=0.284, ratio_lines=0.133, final_score=0.332
trace:         score_window: window_len=7, match_len=7, line_score=0.286, ratio_lines=0.286, final_score=0.338
trace:         score_window: window_len=5, match_len=7, line_score=0.000, ratio_lines=0.000, final_score=0.321
trace:         score_window: window_len=6, match_len=7, line_score=0.308, ratio_lines=0.308, final_score=0.362
trace:         score_window: window_len=8, match_len=7, line_score=0.284, ratio_lines=0.267, final_score=0.329
trace:         score_window: window_len=9, match_len=7, line_score=0.282, ratio_lines=0.125, final_score=0.325
trace:         score_window: window_len=5, match_len=7, line_score=0.333, ratio_lines=0.333, final_score=0.333
trace:         score_window: window_len=10, match_len=7, line_score=0.280, ratio_lines=0.118, final_score=0.317
trace:         score_window: window_len=9, match_len=7, line_score=0.282, ratio_lines=0.250, final_score=0.359
trace:         score_window: window_len=11, match_len=7, line_score=0.416, ratio_lines=0.222, final_score=0.416
trace:         score_window: window_len=10, match_len=7, line_score=0.280, ratio_lines=0.235, final_score=0.359
trace:         score_window: window_len=12, match_len=7, line_score=0.413, ratio_lines=0.211, final_score=0.413
trace:         score_window: window_len=11, match_len=7, line_score=0.278, ratio_lines=0.222, final_score=0.347
trace:         score_window: window_len=13, match_len=7, line_score=0.410, ratio_lines=0.200, final_score=0.410
trace:         score_window: window_len=12, match_len=7, line_score=0.413, ratio_lines=0.316, final_score=0.413
trace:         score_window: window_len=14, match_len=7, line_score=0.407, ratio_lines=0.286, final_score=0.407
trace:         score_window: window_len=13, match_len=7, line_score=0.410, ratio_lines=0.300, final_score=0.431
trace:         score_window: window_len=15, match_len=7, line_score=0.404, ratio_lines=0.273, final_score=0.404
trace:         score_window: window_len=14, match_len=7, line_score=0.407, ratio_lines=0.286, final_score=0.419
trace:         score_window: window_len=7, match_len=7, line_score=0.286, ratio_lines=0.143, final_score=0.305
trace:         score_window: window_len=15, match_len=7, line_score=0.404, ratio_lines=0.273, final_score=0.404
trace:         score_window: window_len=6, match_len=7, line_score=0.154, ratio_lines=0.000, final_score=0.270
trace:         score_window: window_len=8, match_len=7, line_score=0.284, ratio_lines=0.133, final_score=0.339
trace:         score_window: window_len=16, match_len=7, line_score=0.401, ratio_lines=0.261, final_score=0.401
trace:         score_window: window_len=5, match_len=7, line_score=0.167, ratio_lines=0.000, final_score=0.283
trace:         score_window: window_len=17, match_len=7, line_score=0.398, ratio_lines=0.250, final_score=0.398
trace:         score_window: window_len=9, match_len=7, line_score=0.282, ratio_lines=0.125, final_score=0.325
trace:         score_window: window_len=18, match_len=7, line_score=0.395, ratio_lines=0.240, final_score=0.395
trace:         score_window: window_len=4, match_len=7, line_score=0.000, ratio_lines=0.000, final_score=0.243
trace:         score_window: window_len=19, match_len=7, line_score=0.392, ratio_lines=0.231, final_score=0.392
trace:         score_window: window_len=10, match_len=7, line_score=0.419, ratio_lines=0.235, final_score=0.419
trace:         score_window: window_len=11, match_len=7, line_score=0.416, ratio_lines=0.222, final_score=0.416
trace:         score_window: window_len=20, match_len=7, line_score=0.389, ratio_lines=0.222, final_score=0.389
trace:         score_window: window_len=12, match_len=7, line_score=0.413, ratio_lines=0.211, final_score=0.413
trace:         score_window: window_len=21, match_len=7, line_score=0.386, ratio_lines=0.214, final_score=0.386
trace:         score_window: window_len=13, match_len=7, line_score=0.410, ratio_lines=0.300, final_score=0.410
trace:         score_window: window_len=14, match_len=7, line_score=0.407, ratio_lines=0.286, final_score=0.407
trace:         score_window: window_len=7, match_len=7, line_score=0.286, ratio_lines=0.286, final_score=0.319
trace:         score_window: window_len=7, match_len=7, line_score=0.286, ratio_lines=0.143, final_score=0.355
trace:         score_window: window_len=6, match_len=7, line_score=0.308, ratio_lines=0.154, final_score=0.321
trace:         score_window: window_len=6, match_len=7, line_score=0.308, ratio_lines=0.308, final_score=0.336
trace:         score_window: window_len=8, match_len=7, line_score=0.284, ratio_lines=0.267, final_score=0.370
trace:         score_window: window_len=5, match_len=7, line_score=0.333, ratio_lines=0.333, final_score=0.355
trace:         score_window: window_len=8, match_len=7, line_score=0.284, ratio_lines=0.133, final_score=0.339
trace:         score_window: window_len=9, match_len=7, line_score=0.282, ratio_lines=0.250, final_score=0.369
trace:         score_window: window_len=4, match_len=7, line_score=0.364, ratio_lines=0.364, final_score=0.364
trace:         score_window: window_len=9, match_len=7, line_score=0.422, ratio_lines=0.250, final_score=0.422
trace:         score_window: window_len=10, match_len=7, line_score=0.419, ratio_lines=0.235, final_score=0.419
trace:         score_window: window_len=10, match_len=7, line_score=0.280, ratio_lines=0.235, final_score=0.355
trace:         score_window: window_len=11, match_len=7, line_score=0.416, ratio_lines=0.222, final_score=0.416
trace:         score_window: window_len=11, match_len=7, line_score=0.416, ratio_lines=0.333, final_score=0.416
trace:         score_window: window_len=12, match_len=7, line_score=0.413, ratio_lines=0.316, final_score=0.413
trace:         score_window: window_len=2, match_len=7, line_score=0.222, ratio_lines=0.000, final_score=0.222
trace:         score_window: window_len=13, match_len=7, line_score=0.410, ratio_lines=0.300, final_score=0.410
trace:         score_window: window_len=12, match_len=7, line_score=0.413, ratio_lines=0.316, final_score=0.455
trace:         score_window: window_len=7, match_len=7, line_score=0.286, ratio_lines=0.143, final_score=0.328
trace:         score_window: window_len=6, match_len=7, line_score=0.308, ratio_lines=0.154, final_score=0.344
trace:         score_window: window_len=13, match_len=7, line_score=0.410, ratio_lines=0.300, final_score=0.440
trace:         score_window: window_len=8, match_len=7, line_score=0.426, ratio_lines=0.267, final_score=0.426
trace:         score_window: window_len=5, match_len=7, line_score=0.333, ratio_lines=0.167, final_score=0.333
trace:         score_window: window_len=9, match_len=7, line_score=0.422, ratio_lines=0.250, final_score=0.422
trace:         score_window: window_len=14, match_len=7, line_score=0.407, ratio_lines=0.286, final_score=0.407
trace:         score_window: window_len=10, match_len=7, line_score=0.419, ratio_lines=0.235, final_score=0.419
trace:         score_window: window_len=11, match_len=7, line_score=0.416, ratio_lines=0.333, final_score=0.416
trace:         score_window: window_len=15, match_len=7, line_score=0.404, ratio_lines=0.273, final_score=0.404
trace:         score_window: window_len=16, match_len=7, line_score=0.401, ratio_lines=0.261, final_score=0.401
trace:         score_window: window_len=12, match_len=7, line_score=0.413, ratio_lines=0.316, final_score=0.413
trace:         score_window: window_len=7, match_len=7, line_score=0.429, ratio_lines=0.286, final_score=0.429
trace:         score_window: window_len=6, match_len=7, line_score=0.308, ratio_lines=0.154, final_score=0.308
trace:         score_window: window_len=17, match_len=7, line_score=0.398, ratio_lines=0.250, final_score=0.398
trace:         score_window: window_len=8, match_len=7, line_score=0.426, ratio_lines=0.267, final_score=0.426
trace:         score_window: window_len=5, match_len=7, line_score=0.333, ratio_lines=0.167, final_score=0.333
trace:         score_window: window_len=9, match_len=7, line_score=0.422, ratio_lines=0.250, final_score=0.422
trace:         score_window: window_len=4, match_len=7, line_score=0.364, ratio_lines=0.182, final_score=0.364
trace:         score_window: window_len=18, match_len=7, line_score=0.395, ratio_lines=0.240, final_score=0.395
trace:         score_window: window_len=10, match_len=7, line_score=0.419, ratio_lines=0.353, final_score=0.419
trace:         score_window: window_len=19, match_len=7, line_score=0.392, ratio_lines=0.231, final_score=0.392
trace:         score_window: window_len=11, match_len=7, line_score=0.416, ratio_lines=0.333, final_score=0.416
trace:         score_window: window_len=2, match_len=7, line_score=0.222, ratio_lines=0.000, final_score=0.222
trace:         score_window: window_len=7, match_len=7, line_score=0.429, ratio_lines=0.286, final_score=0.429
trace:         score_window: window_len=20, match_len=7, line_score=0.389, ratio_lines=0.222, final_score=0.389
trace:         score_window: window_len=6, match_len=7, line_score=0.462, ratio_lines=0.308, final_score=0.462
trace:         score_window: window_len=8, match_len=7, line_score=0.426, ratio_lines=0.267, final_score=0.426
trace:         score_window: window_len=5, match_len=7, line_score=0.333, ratio_lines=0.167, final_score=0.333
trace:         score_window: window_len=9, match_len=7, line_score=0.422, ratio_lines=0.375, final_score=0.422
trace:         score_window: window_len=4, match_len=7, line_score=0.364, ratio_lines=0.182, final_score=0.364
trace:         score_window: window_len=21, match_len=7, line_score=0.386, ratio_lines=0.214, final_score=0.386
trace:         score_window: window_len=10, match_len=7, line_score=0.419, ratio_lines=0.353, final_score=0.419
trace:         score_window: window_len=3, match_len=7, line_score=0.400, ratio_lines=0.200, final_score=0.400
trace:         score_window: window_len=2, match_len=7, line_score=0.222, ratio_lines=0.000, final_score=0.222
trace:         score_window: window_len=7, match_len=7, line_score=0.429, ratio_lines=0.286, final_score=0.429
trace:         score_window: window_len=6, match_len=7, line_score=0.462, ratio_lines=0.308, final_score=0.462
trace:         score_window: window_len=8, match_len=7, line_score=0.426, ratio_lines=0.400, final_score=0.426
trace:         score_window: window_len=5, match_len=7, line_score=0.500, ratio_lines=0.333, final_score=0.500
trace:         score_window: window_len=7, match_len=7, line_score=0.286, ratio_lines=0.286, final_score=0.386
trace:         score_window: window_len=6, match_len=7, line_score=0.308, ratio_lines=0.308, final_score=0.336
trace:         score_window: window_len=8, match_len=7, line_score=0.284, ratio_lines=0.267, final_score=0.383
trace:         score_window: window_len=5, match_len=7, line_score=0.333, ratio_lines=0.333, final_score=0.355
trace:         score_window: window_len=9, match_len=7, line_score=0.282, ratio_lines=0.250, final_score=0.369
trace:         score_window: window_len=9, match_len=7, line_score=0.422, ratio_lines=0.375, final_score=0.422
trace:         score_window: window_len=4, match_len=7, line_score=0.364, ratio_lines=0.364, final_score=0.376
trace:         score_window: window_len=4, match_len=7, line_score=0.364, ratio_lines=0.182, final_score=0.364
trace:         score_window: window_len=3, match_len=7, line_score=0.400, ratio_lines=0.200, final_score=0.400
trace:         score_window: window_len=2, match_len=7, line_score=0.444, ratio_lines=0.222, final_score=0.444
trace:         score_window: window_len=7, match_len=7, line_score=0.429, ratio_lines=0.429, final_score=0.429
trace:         score_window: window_len=6, match_len=7, line_score=0.308, ratio_lines=0.308, final_score=0.308
trace:         score_window: window_len=10, match_len=7, line_score=0.419, ratio_lines=0.353, final_score=0.419
trace:         score_window: window_len=3, match_len=7, line_score=0.400, ratio_lines=0.400, final_score=0.400
trace:         score_window: window_len=8, match_len=7, line_score=0.426, ratio_lines=0.400, final_score=0.426
trace:         score_window: window_len=5, match_len=7, line_score=0.333, ratio_lines=0.333, final_score=0.333
trace:         score_window: window_len=4, match_len=7, line_score=0.364, ratio_lines=0.364, final_score=0.364
trace:         score_window: window_len=2, match_len=7, line_score=0.222, ratio_lines=0.222, final_score=0.222
trace:         score_window: window_len=11, match_len=7, line_score=0.416, ratio_lines=0.333, final_score=0.471
trace:         score_window: window_len=7, match_len=7, line_score=0.429, ratio_lines=0.429, final_score=0.429
trace:         score_window: window_len=2, match_len=7, line_score=0.222, ratio_lines=0.222, final_score=0.222
trace:         score_window: window_len=6, match_len=7, line_score=0.462, ratio_lines=0.462, final_score=0.462
trace:         score_window: window_len=5, match_len=7, line_score=0.333, ratio_lines=0.333, final_score=0.333
trace:         score_window: window_len=4, match_len=7, line_score=0.364, ratio_lines=0.364, final_score=0.364
trace:         score_window: window_len=3, match_len=7, line_score=0.400, ratio_lines=0.400, final_score=0.400
trace:         score_window: window_len=2, match_len=7, line_score=0.222, ratio_lines=0.222, final_score=0.222
trace:         score_window: window_len=6, match_len=7, line_score=0.462, ratio_lines=0.462, final_score=0.462
trace:         score_window: window_len=5, match_len=7, line_score=0.500, ratio_lines=0.500, final_score=0.500
trace:         score_window: window_len=4, match_len=7, line_score=0.364, ratio_lines=0.364, final_score=0.364
trace:         score_window: window_len=3, match_len=7, line_score=0.400, ratio_lines=0.400, final_score=0.400
trace:         score_window: window_len=2, match_len=7, line_score=0.444, ratio_lines=0.444, final_score=0.444
trace:         score_window: window_len=12, match_len=7, line_score=0.413, ratio_lines=0.316, final_score=0.454
trace:         score_window: window_len=5, match_len=7, line_score=0.333, ratio_lines=0.333, final_score=0.333
trace:         score_window: window_len=4, match_len=7, line_score=0.364, ratio_lines=0.364, final_score=0.364
trace:         score_window: window_len=2, match_len=7, line_score=0.222, ratio_lines=0.222, final_score=0.222
trace:         score_window: window_len=4, match_len=7, line_score=0.364, ratio_lines=0.182, final_score=0.364
trace:         score_window: window_len=3, match_len=7, line_score=0.400, ratio_lines=0.200, final_score=0.400
trace:         score_window: window_len=2, match_len=7, line_score=0.222, ratio_lines=0.000, final_score=0.222
trace:         score_window: window_len=3, match_len=7, line_score=0.400, ratio_lines=0.200, final_score=0.400
trace:         score_window: window_len=2, match_len=7, line_score=0.444, ratio_lines=0.222, final_score=0.444
trace:         score_window: window_len=2, match_len=7, line_score=0.222, ratio_lines=0.222, final_score=0.222
trace:         score_window: window_len=13, match_len=7, line_score=0.410, ratio_lines=0.300, final_score=0.410
trace:         score_window: window_len=14, match_len=7, line_score=0.407, ratio_lines=0.286, final_score=0.407
trace:         score_window: window_len=15, match_len=7, line_score=0.404, ratio_lines=0.273, final_score=0.404
trace:         score_window: window_len=16, match_len=7, line_score=0.401, ratio_lines=0.261, final_score=0.401
trace:         score_window: window_len=17, match_len=7, line_score=0.398, ratio_lines=0.250, final_score=0.398
trace:         score_window: window_len=18, match_len=7, line_score=0.395, ratio_lines=0.240, final_score=0.395
trace:         score_window: window_len=19, match_len=7, line_score=0.392, ratio_lines=0.231, final_score=0.392
trace:         score_window: window_len=20, match_len=7, line_score=0.389, ratio_lines=0.222, final_score=0.389
trace:         score_window: window_len=21, match_len=7, line_score=0.386, ratio_lines=0.214, final_score=0.386
debug:       compute_scored_windows (parallel) complete: scored 1305 window(s). Best candidate score=0.971 at line 100 (len=11).
trace:       Top fuzzy match candidates:
trace:         - Index 99, Len 11: Score 0.971 (Ratio 0.971) | Content: ["            break;", "    }", "", "#if defined(NV_DRM_CONNECTOR_HAS_OVERRIDE_EDID)", "    if (connector->override_edid) {", "#else", "    if (drm_edid_override_connector_update(connector) > 0) {", "#endif", "        const struct drm_property_blob *edid = connector->edid_blob_ptr;", "", "        if (edid->length <= sizeof(pDetectParams->edid.buffer)) {"]
trace:         - Index 98, Len 12: Score 0.964 (Ratio 0.964) | Content: ["        case DRM_FORCE_UNSPECIFIED:", "            break;", "    }", "", "#if defined(NV_DRM_CONNECTOR_HAS_OVERRIDE_EDID)", "    if (connector->override_edid) {", "#else", "    if (drm_edid_override_connector_update(connector) > 0) {", "#endif", "        const struct drm_property_blob *edid = connector->edid_blob_ptr;", "", "        if (edid->length <= sizeof(pDetectParams->edid.buffer)) {"]
trace:         - Index 99, Len 12: Score 0.964 (Ratio 0.964) | Content: ["            break;", "    }", "", "#if defined(NV_DRM_CONNECTOR_HAS_OVERRIDE_EDID)", "    if (connector->override_edid) {", "#else", "    if (drm_edid_override_connector_update(connector) > 0) {", "#endif", "        const struct drm_property_blob *edid = connector->edid_blob_ptr;", "", "        if (edid->length <= sizeof(pDetectParams->edid.buffer)) {", "            memcpy(pDetectParams->edid.buffer, edid->data, edid->length);"]
trace:         - Index 97, Len 13: Score 0.957 (Ratio 0.957) | Content: ["            break;", "        case DRM_FORCE_UNSPECIFIED:", "            break;", "    }", "", "#if defined(NV_DRM_CONNECTOR_HAS_OVERRIDE_EDID)", "    if (connector->override_edid) {", "#else", "    if (drm_edid_override_connector_update(connector) > 0) {", "#endif", "        const struct drm_property_blob *edid = connector->edid_blob_ptr;", "", "        if (edid->length <= sizeof(pDetectParams->edid.buffer)) {"]
trace:         - Index 98, Len 13: Score 0.957 (Ratio 0.957) | Content: ["        case DRM_FORCE_UNSPECIFIED:", "            break;", "    }", "", "#if defined(NV_DRM_CONNECTOR_HAS_OVERRIDE_EDID)", "    if (connector->override_edid) {", "#else", "    if (drm_edid_override_connector_update(connector) > 0) {", "#endif", "        const struct drm_property_blob *edid = connector->edid_blob_ptr;", "", "        if (edid->length <= sizeof(pDetectParams->edid.buffer)) {", "            memcpy(pDetectParams->edid.buffer, edid->data, edid->length);"]
trace:         New best score: 0.284 (ratio 0.284 [l:0.143,w:0.333]) at index 88 (window len 7)
trace:         New best score: 0.296 (ratio 0.296 [l:0.154,w:0.345]) at index 88 (window len 6)
trace:         New best score: 0.305 (ratio 0.305 [l:0.125,w:0.371]) at index 88 (window len 9)
trace:         New best score: 0.675 (ratio 0.675 [l:0.182,w:0.000]) at index 88 (window len 4)
trace:         New best score: 0.690 (ratio 0.690 [l:0.200,w:0.000]) at index 88 (window len 3)
trace:         New best score: 0.690 (ratio 0.690 [l:0.200,w:0.000]) at index 88 (window len 13)
trace:         New best score: 0.771 (ratio 0.771 [l:0.429,w:0.771]) at index 88 (window len 21)
trace:         New best score: 0.893 (ratio 0.893 [l:0.483,w:0.893]) at index 88 (window len 22)
trace:         New best score: 0.900 (ratio 0.900 [l:0.500,w:0.900]) at index 89 (window len 21)
trace:         New best score: 0.907 (ratio 0.907 [l:0.519,w:0.907]) at index 90 (window len 20)
trace:         New best score: 0.914 (ratio 0.914 [l:0.538,w:0.914]) at index 91 (window len 19)
trace:         New best score: 0.921 (ratio 0.921 [l:0.560,w:0.921]) at index 92 (window len 18)
trace:         New best score: 0.929 (ratio 0.929 [l:0.583,w:0.929]) at index 93 (window len 17)
trace:         New best score: 0.936 (ratio 0.936 [l:0.609,w:0.936]) at index 94 (window len 16)
trace:         New best score: 0.943 (ratio 0.943 [l:0.636,w:0.943]) at index 95 (window len 15)
trace:         New best score: 0.950 (ratio 0.950 [l:0.667,w:0.950]) at index 96 (window len 14)
trace:         New best score: 0.957 (ratio 0.957 [l:0.700,w:0.957]) at index 97 (window len 13)
trace:         New best score: 0.964 (ratio 0.964 [l:0.737,w:0.964]) at index 98 (window len 12)
trace:         New best score: 0.971 (ratio 0.971 [l:0.778,w:0.971]) at index 99 (window len 11)
debug:     Strategy 3 (Fuzzy): 215 window(s) met threshold 0.70
trace:       Top 3 passing candidates: [("0.971", 100, 11), ("0.964", 99, 12), ("0.964", 100, 12)]
debug:     Top fuzzy candidate: start line 100 (len=11, score=0.971)
trace:       Adding candidate location at line 99 (len=12, score=0.964)
trace:       Adding candidate location at line 100 (len=12, score=0.964)
trace:       Adding candidate location at line 98 (len=13, score=0.957)
trace:       Adding candidate location at line 99 (len=13, score=0.957)
trace:       Adding candidate location at line 100 (len=13, score=0.957)
trace:       Adding candidate location at line 97 (len=14, score=0.950)
trace:       Adding candidate location at line 98 (len=14, score=0.950)
trace:       Adding candidate location at line 99 (len=14, score=0.950)
trace:       Adding candidate location at line 100 (len=14, score=0.950)
trace:       Adding candidate location at line 96 (len=15, score=0.943)
trace:       Adding candidate location at line 97 (len=15, score=0.943)
trace:       Adding candidate location at line 98 (len=15, score=0.943)
trace:       Adding candidate location at line 99 (len=15, score=0.943)
trace:       Adding candidate location at line 100 (len=15, score=0.943)
trace:       Adding candidate location at line 95 (len=16, score=0.936)
trace:       Adding candidate location at line 96 (len=16, score=0.936)
trace:       Adding candidate location at line 97 (len=16, score=0.936)
trace:       Adding candidate location at line 98 (len=16, score=0.936)
trace:       Adding candidate location at line 99 (len=16, score=0.936)
trace:       Reached maximum candidate limit (20), stopping candidate collection
debug:     Strategy 3 (Fuzzy): selected 20 candidate location(s)
trace:   Pruned candidates by min_span 2: 20 -> 20 candidate(s)
trace: DefaultHunkFinder::find_candidate_locations: returning 20 candidate(s)
debug:   Found 20 candidate location(s) for hunk. Testing sequentially...
trace:   Evaluating candidate 1/20 at location HunkLocation { start_index: 99, length: 11 } (match_type: Fuzzy { score: 0.9714285879719015 })
debug:   Found location HunkLocation { start_index: 99, length: 11 } with match type Fuzzy { score: 0.9714285879719015 }. Applying changes.
debug:   try_apply_hunk_at_location: target line 100 (length 11), match_type=Fuzzy { score: 0.9714285879719015 }, total target lines=467.
trace: Hunk::get_match_block: extracted 7 match line(s)
trace:     Match block lines: 7 | Total hunk lines: 11
trace:     Target slice to replace: ["            break;", "    }", "", "#if defined(NV_DRM_CONNECTOR_HAS_OVERRIDE_EDID)", "    if (connector->override_edid) {", "#else", "    if (drm_edid_override_connector_update(connector) > 0) {", "#endif", "        const struct drm_property_blob *edid = connector->edid_blob_ptr;", "", "        if (edid->length <= sizeof(pDetectParams->edid.buffer)) {"]
trace:     Ellipsis flags: has_ellipsis=false, is_literal_match=false, is_wildcard_gap_match=false
debug:     Applying hunk via robust reconstruction logic (preserving file context & adjusting indent).
trace:       Fuzzy match location: start=99, len=11
trace:       File content in matched range (11 line(s)): ["            break;", "    }", "", "#if defined(NV_DRM_CONNECTOR_HAS_OVERRIDE_EDID)", "    if (connector->override_edid) {", "#else", "    if (drm_edid_override_connector_update(connector) > 0) {", "#endif", "        const struct drm_property_blob *edid = connector->edid_blob_ptr;", "", "        if (edid->length <= sizeof(pDetectParams->edid.buffer)) {"]
trace:       Parsed hunk: 7 match line(s), 0 initial addition(s).
trace: Hunk::get_match_block: extracted 7 match line(s)
trace:       Computed diff between match block and file slice: 5 operation(s), similarity ratio=0.778
trace:       Initial Indentation Context: Hunk='            ', Target='            '
trace:       Active baseline indentation: hunk='            ', target='            '
trace:       DiffOp::Equal: 3 line(s) aligned (hunk old_idx=0, file new_idx=0)
trace:         Equal: preserving target line: '            break;'
trace:       Dynamic Indentation Update (Equal): Hunk='    ', Target='    '
trace:         Equal: preserving target line: '    }'
trace:         Equal: preserving target line: ''
trace:         Appended 1 addition(s) after line 2
trace:         Equal: applying addition: '#if defined(NV_DRM_CONNECTOR_HAS_OVERRIDE_EDID)'
trace:       DiffOp::Insert: preserving 1 local insertion line(s) from target file (new_idx=3)
trace:         Preserving inserted line: '#if defined(NV_DRM_CONNECTOR_HAS_OVERRIDE_EDID)'
trace:       DiffOp::Equal: 1 line(s) aligned (hunk old_idx=3, file new_idx=4)
trace:         Equal: preserving target line: '    if (connector->override_edid) {'
trace:         Appended 3 addition(s) after line 3
trace:         Equal: applying addition: '#else'
trace:         Equal: applying addition: '    if (drm_edid_override_connector_update(connector) > 0) {'
trace:         Equal: applying addition: '#endif'
trace:       DiffOp::Insert: preserving 3 local insertion line(s) from target file (new_idx=5)
trace:         Preserving inserted line: '#else'
trace:         Preserving inserted line: '    if (drm_edid_override_connector_update(connector) > 0) {'
trace:         Preserving inserted line: '#endif'
trace:       DiffOp::Equal: 3 line(s) aligned (hunk old_idx=4, file new_idx=8)
trace:       Dynamic Indentation Update (Equal): Hunk='        ', Target='        '
trace:         Equal: preserving target line: '        const struct drm_property_blob *edid = connector->edid_blob_ptr;'
trace:         Equal: preserving target line: ''
trace:         Equal: preserving target line: '        if (edid->length <= sizeof(pDetectParams->edid.buffer)) {'
debug:     Robust reconstruction complete: produced 15 replacement line(s) for 11 target line(s).
trace:   Splicing final replacement block into target lines: range [99..110], replacement line count=15
  try_apply_hunk_at_location: successfully spliced hunk at line 100 (replaced 11 line(s), resulting target lines=471)
trace:     Replaced lines: ["            break;", "    }", "", "#if defined(NV_DRM_CONNECTOR_HAS_OVERRIDE_EDID)", "    if (connector->override_edid) {", "#else", "    if (drm_edid_override_connector_update(connector) > 0) {", "#endif", "        const struct drm_property_blob *edid = connector->edid_blob_ptr;", "", "        if (edid->length <= sizeof(pDetectParams->edid.buffer)) {"]
debug:   Candidate 1/20 at HunkLocation { start_index: 99, length: 11 } succeeded! Hunk applied cleanly.
debug:   HunkApplier: hunk 2 application outcome: Applied { location: HunkLocation { start_index: 99, length: 11 }, match_type: Fuzzy { score: 0.9714285879719015 }, replaced_lines: ["            break;", "    }", "", "#if defined(NV_DRM_CONNECTOR_HAS_OVERRIDE_EDID)", "    if (connector->override_edid) {", "#else", "    if (drm_edid_override_connector_update(connector) > 0) {", "#endif", "        const struct drm_property_blob *edid = connector->edid_blob_ptr;", "", "        if (edid->length <= sizeof(pDetectParams->edid.buffer)) {"] }
trace:   HunkApplier: hunk 2 applied at line 100 (len=11), delta=4, target lines now=471
  Applying Hunk 2/2...
debug:     Successfully applied Hunk 2 at line 100 via Fuzzy { score: 0.9714285879719015 }
trace:     Replaced lines:
trace:       -             break;
trace:       -     }
trace:       - 
trace:       - #if defined(NV_DRM_CONNECTOR_HAS_OVERRIDE_EDID)
trace:       -     if (connector->override_edid) {
trace:       - #else
trace:       -     if (drm_edid_override_connector_update(connector) > 0) {
trace:       - #endif
trace:       -         const struct drm_property_blob *edid = connector->edid_blob_ptr;
trace:       - 
trace:       -         if (edid->length <= sizeof(pDetectParams->edid.buffer)) {
debug: HunkApplier::into_content: assembling final content from 471 line(s) (touched_eof=false, patch_ends_with_newline=true, original_ends_with_newline=true)
trace: HunkApplier::into_content: resulting content has 14435 bytes (471 lines, ends_with_newline=true)
  DRY RUN: Evaluated changes for 'nvidia-drm/nvidia-drm-connector.c' (2 hunks, clean=true)
trace:   Generating diff for dry run...
debug:   [3/4] Applying patch for 'nvidia-drm/nvidia-drm-drv.c' (1 hunk(s))
Applying patch to: nvidia-drm/nvidia-drm-drv.c
debug:   apply_patch_to_file: target_dir='.', hunks=1, dry_run=true, fuzz=0.70
trace:   Checking path safety for base '.' and relative path 'nvidia-drm/nvidia-drm-drv.c'
trace:   ensure_path_is_safe: canonicalized base directory '/home/gabi/github/nvidia-390xx-utils/src/NVIDIA-Linux-x86_64-390.157-no-compat32/kernel'
trace:   ensure_path_is_safe: processing component 'Normal("nvidia-drm")' on virtual path '/home/gabi/github/nvidia-390xx-utils/src/NVIDIA-Linux-x86_64-390.157-no-compat32/kernel'
trace:   ensure_path_is_safe: processing component 'Normal("nvidia-drm-drv.c")' on virtual path '/home/gabi/github/nvidia-390xx-utils/src/NVIDIA-Linux-x86_64-390.157-no-compat32/kernel/nvidia-drm'
trace:   Path safety verified: 'nvidia-drm/nvidia-drm-drv.c' safely resolves to '/home/gabi/github/nvidia-390xx-utils/src/NVIDIA-Linux-x86_64-390.157-no-compat32/kernel/nvidia-drm/nvidia-drm-drv.c'
debug:   Resolved safe target path: '/home/gabi/github/nvidia-390xx-utils/src/NVIDIA-Linux-x86_64-390.157-no-compat32/kernel/nvidia-drm/nvidia-drm-drv.c'
debug:   Target file exists: '/home/gabi/github/nvidia-390xx-utils/src/NVIDIA-Linux-x86_64-390.157-no-compat32/kernel/nvidia-drm/nvidia-drm-drv.c'. Reading content...
trace:     Read 24530 bytes (903 lines) from target file.
debug:   Applying patch logic to content in-memory...
debug: apply_patch_to_content: patch for 'nvidia-drm/nvidia-drm-drv.c' (1 hunks), original content: 24530 bytes
debug:   apply_patch_to_lines called with 903 lines of original content.
debug: resolve_hunk_line_hints: evaluating 1 hunk(s) across 903 target lines
trace: Hunk::get_match_block: extracted 10 match line(s)
trace:   Hunk 1: already has explicit line hint 239
trace: resolve_hunk_line_hints: beginning relaxation pass 1
debug: resolve_hunk_line_hints: completed hint resolution. 1/1 hunk(s) have anchors.
debug: HunkApplier: initialized with 1 hunk(s) across 903 line(s) of target content (fuzz_factor=0.70, dry_run=true)
trace: HunkApplier::set_original_newline_status: original_ends_with_newline=true
debug: apply_hunk_to_lines: applying hunk with 10 line(s) against target with 903 line(s)
trace: Hunk::get_match_block: extracted 10 match line(s)
trace:   Match block: ["    dev->mode_config.preferred_depth = 24;", "    dev->mode_config.prefer_shadow = 1;", "", "    /* Currently unused. Update when needed. */", "", "    dev->mode_config.fb_base = 0;", "", "    dev->mode_config.async_page_flip = false;", "", "    /* Initialize output polling support */"]
trace: Hunk::get_replace_block: extracted 6 replacement line(s)
trace:   Replace block: ["    dev->mode_config.preferred_depth = 24;", "    dev->mode_config.prefer_shadow = 1;", "", "    dev->mode_config.async_page_flip = false;", "", "    /* Initialize output polling support */"]
trace: Hunk::has_changes: true
trace: Hunk::get_match_block: extracted 10 match line(s)
trace: Hunk::required_match_span: calculated required match span as 4 line(s) (first_match_idx=Some(3), last_match_idx=Some(6))
trace: DefaultHunkFinder::find_candidate_locations: match block len=10, required_match_span=4, target lines=903
trace:   find_hunk_location_internal: match_block has 10 lines (entropy=true), target has 903 lines
trace:   find_hunk_location_internal called for a hunk with 10 lines to match against 903 target lines.
trace:     Attempting exact match for hunk (match block has 10 line(s))...
trace: tie_break_with_line_number: strategy='exact', hint=Some(239), entropy=true
trace:       No exact matches found.
trace:     Strategy 1 (Exact): no exact match found.
trace:     Attempting exact match (ignoring trailing whitespace) for hunk (match block has 10 line(s))...
trace: tie_break_with_line_number: strategy='exact (ignoring whitespace)', hint=Some(239), entropy=true
trace:       No exact (ignoring whitespace) matches found.
trace:     Strategy 2 (Whitespace-insensitive): no match found.
debug:     Strategy 3 (Fuzzy): beginning flexible window fuzzy search (threshold=0.70, match block len=0.7)
trace:       Hunk match block (10 lines): ["    dev->mode_config.preferred_depth = 24;", "    dev->mode_config.prefer_shadow = 1;", "", "    /* Currently unused. Update when needed. */", "", "    dev->mode_config.fb_base = 0;", "", "    dev->mode_config.async_page_flip = false;", "", "    /* Initialize output polling support */"]
trace:       Searching with window sizes from 4 to 35 (hunk size: 10, fuzz distance: 25)
debug:       find_search_ranges: analyzing 10 match line(s) against 903 target line(s).
trace:         Identified 6 high-entropy candidate anchor line(s) (search_radius=20, max candidates to test=100)
debug:         Spatial consensus: 4 anchor(s) agree on start near line 238
debug:       Found anchor line (hunk line 8) with 1 occurrences.
trace:         Anchor text: 'dev->mode_config.async_page_flip = false;'
trace:         Occurrence at target line 242: window estimated [215..289] (search radius +/-20)
trace:         Raw ranges before merging: [(214, 289)]
trace: merge_ranges: merging 1 input range(s): [(214, 289)]
trace: merge_ranges: result 1 disjoint range(s): [(214, 289)]
debug:       Search ranges merged: 1 disjoint range(s) covering 75/903 line(s) (91.7% pruned): [(214, 289)]
trace:     Using search ranges: [(214, 289)]
debug:       compute_scored_windows (parallel): evaluating 1808 candidate window(s) across 1 range(s) (window lengths 4..=35)
trace:         Match block length: 10, Target line count: 903, Search ranges: [(214, 289)]
trace:         score_window: window_len=10, match_len=10, line_score=0.100, ratio_lines=0.100, final_score=0.237
trace:         score_window: window_len=10, match_len=10, line_score=0.300, ratio_lines=0.300, final_score=0.300
trace:         score_window: window_len=9, match_len=10, line_score=0.105, ratio_lines=0.105, final_score=0.243
trace:         score_window: window_len=9, match_len=10, line_score=0.211, ratio_lines=0.211, final_score=0.262
trace:         score_window: window_len=11, match_len=10, line_score=0.100, ratio_lines=0.095, final_score=0.100
trace:         score_window: window_len=11, match_len=10, line_score=0.299, ratio_lines=0.286, final_score=0.326
trace:         score_window: window_len=8, match_len=10, line_score=0.111, ratio_lines=0.111, final_score=0.250
trace:         score_window: window_len=12, match_len=10, line_score=0.099, ratio_lines=0.091, final_score=0.146
trace:         score_window: window_len=8, match_len=10, line_score=0.222, ratio_lines=0.222, final_score=0.263
trace:         score_window: window_len=12, match_len=10, line_score=0.297, ratio_lines=0.273, final_score=0.297
trace:         score_window: window_len=13, match_len=10, line_score=0.197, ratio_lines=0.174, final_score=0.197
trace:         score_window: window_len=7, match_len=10, line_score=0.118, ratio_lines=0.118, final_score=0.252
trace:         score_window: window_len=13, match_len=10, line_score=0.394, ratio_lines=0.348, final_score=0.394
trace:         score_window: window_len=14, match_len=10, line_score=0.196, ratio_lines=0.167, final_score=0.219
trace:         score_window: window_len=6, match_len=10, line_score=0.125, ratio_lines=0.125, final_score=0.219
trace:         score_window: window_len=15, match_len=10, line_score=0.195, ratio_lines=0.160, final_score=0.214
trace:         score_window: window_len=14, match_len=10, line_score=0.392, ratio_lines=0.333, final_score=0.392
trace:         score_window: window_len=5, match_len=10, line_score=0.133, ratio_lines=0.133, final_score=0.167
trace:         score_window: window_len=15, match_len=10, line_score=0.390, ratio_lines=0.320, final_score=0.390
trace:         score_window: window_len=16, match_len=10, line_score=0.194, ratio_lines=0.154, final_score=0.209
trace:         score_window: window_len=4, match_len=10, line_score=0.000, ratio_lines=0.000, final_score=0.154
trace:         score_window: window_len=16, match_len=10, line_score=0.388, ratio_lines=0.308, final_score=0.388
trace:         score_window: window_len=17, match_len=10, line_score=0.193, ratio_lines=0.148, final_score=0.228
trace:         score_window: window_len=17, match_len=10, line_score=0.386, ratio_lines=0.296, final_score=0.386
trace:         score_window: window_len=18, match_len=10, line_score=0.384, ratio_lines=0.286, final_score=0.384
trace:         score_window: window_len=19, match_len=10, line_score=0.382, ratio_lines=0.276, final_score=0.382
trace:         score_window: window_len=18, match_len=10, line_score=0.192, ratio_lines=0.143, final_score=0.223
trace:         score_window: window_len=20, match_len=10, line_score=0.380, ratio_lines=0.267, final_score=0.380
trace:         score_window: window_len=21, match_len=10, line_score=0.378, ratio_lines=0.258, final_score=0.378
trace:         score_window: window_len=19, match_len=10, line_score=0.287, ratio_lines=0.207, final_score=0.287
trace:         score_window: window_len=22, match_len=10, line_score=0.376, ratio_lines=0.250, final_score=0.376
trace:         score_window: window_len=23, match_len=10, line_score=0.374, ratio_lines=0.242, final_score=0.374
trace:         score_window: window_len=24, match_len=10, line_score=0.372, ratio_lines=0.235, final_score=0.372
trace:         score_window: window_len=23, match_len=10, line_score=0.374, ratio_lines=0.242, final_score=0.374
trace:         score_window: window_len=25, match_len=10, line_score=0.370, ratio_lines=0.229, final_score=0.370
trace:         score_window: window_len=26, match_len=10, line_score=0.368, ratio_lines=0.222, final_score=0.368
trace:         score_window: window_len=24, match_len=10, line_score=0.372, ratio_lines=0.235, final_score=0.372
trace:         score_window: window_len=27, match_len=10, line_score=0.366, ratio_lines=0.216, final_score=0.366
trace:         score_window: window_len=28, match_len=10, line_score=0.364, ratio_lines=0.211, final_score=0.364
trace:         score_window: window_len=28, match_len=10, line_score=0.364, ratio_lines=0.211, final_score=0.364
trace:         score_window: window_len=29, match_len=10, line_score=0.453, ratio_lines=0.256, final_score=0.453
trace:         score_window: window_len=30, match_len=10, line_score=0.540, ratio_lines=0.300, final_score=0.540
trace:         score_window: window_len=10, match_len=10, line_score=0.100, ratio_lines=0.100, final_score=0.100
trace:         score_window: window_len=31, match_len=10, line_score=0.537, ratio_lines=0.293, final_score=0.537
trace:         score_window: window_len=32, match_len=10, line_score=0.534, ratio_lines=0.286, final_score=0.534
trace:         score_window: window_len=9, match_len=10, line_score=0.105, ratio_lines=0.105, final_score=0.241
trace:         score_window: window_len=33, match_len=10, line_score=0.531, ratio_lines=0.279, final_score=0.531
trace:         score_window: window_len=11, match_len=10, line_score=0.100, ratio_lines=0.095, final_score=0.149
trace:         score_window: window_len=34, match_len=10, line_score=0.528, ratio_lines=0.273, final_score=0.528
trace:         score_window: window_len=8, match_len=10, line_score=0.111, ratio_lines=0.111, final_score=0.247
trace:         score_window: window_len=35, match_len=10, line_score=0.525, ratio_lines=0.267, final_score=0.525
trace:         score_window: window_len=12, match_len=10, line_score=0.198, ratio_lines=0.182, final_score=0.198
trace:         score_window: window_len=7, match_len=10, line_score=0.118, ratio_lines=0.118, final_score=0.255
trace:         score_window: window_len=10, match_len=10, line_score=0.300, ratio_lines=0.300, final_score=0.373
trace:         score_window: window_len=9, match_len=10, line_score=0.316, ratio_lines=0.316, final_score=0.317
trace:         score_window: window_len=13, match_len=10, line_score=0.197, ratio_lines=0.174, final_score=0.223
trace:         score_window: window_len=11, match_len=10, line_score=0.299, ratio_lines=0.286, final_score=0.359
trace:         score_window: window_len=14, match_len=10, line_score=0.196, ratio_lines=0.167, final_score=0.218
trace:         score_window: window_len=8, match_len=10, line_score=0.222, ratio_lines=0.222, final_score=0.307
trace:         score_window: window_len=15, match_len=10, line_score=0.195, ratio_lines=0.160, final_score=0.213
trace:         score_window: window_len=12, match_len=10, line_score=0.396, ratio_lines=0.364, final_score=0.396
trace:         score_window: window_len=16, match_len=10, line_score=0.194, ratio_lines=0.154, final_score=0.231
trace:         score_window: window_len=7, match_len=10, line_score=0.235, ratio_lines=0.235, final_score=0.235
trace:         score_window: window_len=13, match_len=10, line_score=0.394, ratio_lines=0.348, final_score=0.394
trace:         score_window: window_len=6, match_len=10, line_score=0.125, ratio_lines=0.125, final_score=0.206
trace:         score_window: window_len=14, match_len=10, line_score=0.392, ratio_lines=0.333, final_score=0.392
trace:         score_window: window_len=17, match_len=10, line_score=0.193, ratio_lines=0.148, final_score=0.226
trace:         score_window: window_len=15, match_len=10, line_score=0.390, ratio_lines=0.320, final_score=0.390
trace:         score_window: window_len=16, match_len=10, line_score=0.388, ratio_lines=0.308, final_score=0.388
trace:         score_window: window_len=17, match_len=10, line_score=0.386, ratio_lines=0.296, final_score=0.386
trace:         score_window: window_len=18, match_len=10, line_score=0.288, ratio_lines=0.214, final_score=0.288
trace:         score_window: window_len=18, match_len=10, line_score=0.384, ratio_lines=0.286, final_score=0.384
trace:         score_window: window_len=22, match_len=10, line_score=0.376, ratio_lines=0.250, final_score=0.376
trace:         score_window: window_len=19, match_len=10, line_score=0.382, ratio_lines=0.276, final_score=0.382
trace:         score_window: window_len=23, match_len=10, line_score=0.374, ratio_lines=0.242, final_score=0.374
trace:         score_window: window_len=24, match_len=10, line_score=0.372, ratio_lines=0.235, final_score=0.372
trace:         score_window: window_len=20, match_len=10, line_score=0.380, ratio_lines=0.267, final_score=0.380
trace:         score_window: window_len=25, match_len=10, line_score=0.370, ratio_lines=0.229, final_score=0.370
trace:         score_window: window_len=21, match_len=10, line_score=0.378, ratio_lines=0.258, final_score=0.378
trace:         score_window: window_len=26, match_len=10, line_score=0.368, ratio_lines=0.222, final_score=0.368
trace:         score_window: window_len=27, match_len=10, line_score=0.366, ratio_lines=0.216, final_score=0.366
trace:         score_window: window_len=22, match_len=10, line_score=0.376, ratio_lines=0.250, final_score=0.376
trace:         score_window: window_len=28, match_len=10, line_score=0.364, ratio_lines=0.211, final_score=0.364
trace:         score_window: window_len=23, match_len=10, line_score=0.374, ratio_lines=0.242, final_score=0.374
trace:         score_window: window_len=27, match_len=10, line_score=0.366, ratio_lines=0.216, final_score=0.366
trace:         score_window: window_len=28, match_len=10, line_score=0.455, ratio_lines=0.263, final_score=0.455
trace:         score_window: window_len=10, match_len=10, line_score=0.000, ratio_lines=0.000, final_score=0.121
trace:         score_window: window_len=29, match_len=10, line_score=0.543, ratio_lines=0.308, final_score=0.543
trace:         score_window: window_len=9, match_len=10, line_score=0.000, ratio_lines=0.000, final_score=0.044
trace:         score_window: window_len=30, match_len=10, line_score=0.540, ratio_lines=0.300, final_score=0.540
trace:         score_window: window_len=11, match_len=10, line_score=0.100, ratio_lines=0.095, final_score=0.149
trace:         score_window: window_len=31, match_len=10, line_score=0.537, ratio_lines=0.293, final_score=0.537
trace:         score_window: window_len=32, match_len=10, line_score=0.534, ratio_lines=0.286, final_score=0.534
trace:         score_window: window_len=8, match_len=10, line_score=0.000, ratio_lines=0.000, final_score=0.195
trace:         score_window: window_len=33, match_len=10, line_score=0.531, ratio_lines=0.279, final_score=0.531
trace:         score_window: window_len=34, match_len=10, line_score=0.528, ratio_lines=0.273, final_score=0.528
trace:         score_window: window_len=35, match_len=10, line_score=0.525, ratio_lines=0.267, final_score=0.525
trace:         score_window: window_len=12, match_len=10, line_score=0.099, ratio_lines=0.091, final_score=0.199
trace:         score_window: window_len=7, match_len=10, line_score=0.000, ratio_lines=0.000, final_score=0.200
trace:         score_window: window_len=10, match_len=10, line_score=0.300, ratio_lines=0.300, final_score=0.395
trace:         score_window: window_len=13, match_len=10, line_score=0.099, ratio_lines=0.087, final_score=0.195
trace:         score_window: window_len=9, match_len=10, line_score=0.316, ratio_lines=0.316, final_score=0.415
trace:         score_window: window_len=6, match_len=10, line_score=0.000, ratio_lines=0.000, final_score=0.205
trace:         score_window: window_len=11, match_len=10, line_score=0.398, ratio_lines=0.381, final_score=0.403
trace:         score_window: window_len=8, match_len=10, line_score=0.333, ratio_lines=0.333, final_score=0.358
trace:         score_window: window_len=14, match_len=10, line_score=0.098, ratio_lines=0.083, final_score=0.191
trace:         score_window: window_len=12, match_len=10, line_score=0.396, ratio_lines=0.364, final_score=0.396
trace:         score_window: window_len=15, match_len=10, line_score=0.097, ratio_lines=0.080, final_score=0.210
trace:         score_window: window_len=7, match_len=10, line_score=0.235, ratio_lines=0.235, final_score=0.348
trace:         score_window: window_len=13, match_len=10, line_score=0.394, ratio_lines=0.348, final_score=0.394
trace:         score_window: window_len=6, match_len=10, line_score=0.250, ratio_lines=0.250, final_score=0.250
trace:         score_window: window_len=14, match_len=10, line_score=0.392, ratio_lines=0.333, final_score=0.392
trace:         score_window: window_len=16, match_len=10, line_score=0.097, ratio_lines=0.077, final_score=0.206
trace:         score_window: window_len=15, match_len=10, line_score=0.390, ratio_lines=0.320, final_score=0.390
trace:         score_window: window_len=16, match_len=10, line_score=0.388, ratio_lines=0.308, final_score=0.388
trace:         score_window: window_len=17, match_len=10, line_score=0.193, ratio_lines=0.148, final_score=0.226
trace:         score_window: window_len=17, match_len=10, line_score=0.386, ratio_lines=0.296, final_score=0.386
trace:         score_window: window_len=18, match_len=10, line_score=0.384, ratio_lines=0.286, final_score=0.384
trace:         score_window: window_len=10, match_len=10, line_score=0.100, ratio_lines=0.100, final_score=0.152
trace:         score_window: window_len=19, match_len=10, line_score=0.382, ratio_lines=0.276, final_score=0.382
trace:         score_window: window_len=9, match_len=10, line_score=0.000, ratio_lines=0.000, final_score=0.124
trace:         score_window: window_len=20, match_len=10, line_score=0.380, ratio_lines=0.267, final_score=0.380
trace:         score_window: window_len=11, match_len=10, line_score=0.100, ratio_lines=0.095, final_score=0.204
trace:         score_window: window_len=8, match_len=10, line_score=0.000, ratio_lines=0.000, final_score=0.045
trace:         score_window: window_len=21, match_len=10, line_score=0.378, ratio_lines=0.258, final_score=0.378
trace:         score_window: window_len=12, match_len=10, line_score=0.099, ratio_lines=0.091, final_score=0.199
trace:         score_window: window_len=22, match_len=10, line_score=0.376, ratio_lines=0.250, final_score=0.376
trace:         score_window: window_len=26, match_len=10, line_score=0.368, ratio_lines=0.222, final_score=0.368
trace:         score_window: window_len=7, match_len=10, line_score=0.000, ratio_lines=0.000, final_score=0.212
trace:         score_window: window_len=27, match_len=10, line_score=0.457, ratio_lines=0.270, final_score=0.457
trace:         score_window: window_len=28, match_len=10, line_score=0.546, ratio_lines=0.316, final_score=0.546
trace:         score_window: window_len=13, match_len=10, line_score=0.099, ratio_lines=0.087, final_score=0.195
trace:         score_window: window_len=29, match_len=10, line_score=0.543, ratio_lines=0.308, final_score=0.543
trace:         score_window: window_len=30, match_len=10, line_score=0.540, ratio_lines=0.300, final_score=0.540
trace:         score_window: window_len=6, match_len=10, line_score=0.000, ratio_lines=0.000, final_score=0.217
trace:         score_window: window_len=31, match_len=10, line_score=0.537, ratio_lines=0.293, final_score=0.537
trace:         score_window: window_len=32, match_len=10, line_score=0.534, ratio_lines=0.286, final_score=0.534
trace:         score_window: window_len=14, match_len=10, line_score=0.098, ratio_lines=0.083, final_score=0.214
trace:         score_window: window_len=33, match_len=10, line_score=0.531, ratio_lines=0.279, final_score=0.531
trace:         score_window: window_len=5, match_len=10, line_score=0.000, ratio_lines=0.000, final_score=0.222
trace:         score_window: window_len=34, match_len=10, line_score=0.528, ratio_lines=0.273, final_score=0.528
trace:         score_window: window_len=35, match_len=10, line_score=0.525, ratio_lines=0.267, final_score=0.525
trace:         score_window: window_len=15, match_len=10, line_score=0.097, ratio_lines=0.080, final_score=0.210
trace:         score_window: window_len=10, match_len=10, line_score=0.400, ratio_lines=0.400, final_score=0.405
trace:         score_window: window_len=16, match_len=10, line_score=0.194, ratio_lines=0.154, final_score=0.231
trace:         score_window: window_len=9, match_len=10, line_score=0.316, ratio_lines=0.316, final_score=0.397
trace:         score_window: window_len=28, match_len=10, line_score=0.364, ratio_lines=0.211, final_score=0.364
trace:         score_window: window_len=11, match_len=10, line_score=0.398, ratio_lines=0.381, final_score=0.398
trace:         score_window: window_len=10, match_len=10, line_score=0.100, ratio_lines=0.100, final_score=0.234
trace:         score_window: window_len=9, match_len=10, line_score=0.105, ratio_lines=0.105, final_score=0.176
trace:         score_window: window_len=8, match_len=10, line_score=0.333, ratio_lines=0.333, final_score=0.418
trace:         score_window: window_len=12, match_len=10, line_score=0.396, ratio_lines=0.364, final_score=0.396
trace:         score_window: window_len=11, match_len=10, line_score=0.100, ratio_lines=0.095, final_score=0.229
trace:         score_window: window_len=7, match_len=10, line_score=0.353, ratio_lines=0.353, final_score=0.361
trace:         score_window: window_len=12, match_len=10, line_score=0.099, ratio_lines=0.091, final_score=0.223
trace:         score_window: window_len=13, match_len=10, line_score=0.394, ratio_lines=0.348, final_score=0.394
trace:         score_window: window_len=6, match_len=10, line_score=0.250, ratio_lines=0.250, final_score=0.351
trace:         score_window: window_len=14, match_len=10, line_score=0.392, ratio_lines=0.333, final_score=0.392
trace:         score_window: window_len=5, match_len=10, line_score=0.267, ratio_lines=0.267, final_score=0.267
trace:         score_window: window_len=13, match_len=10, line_score=0.099, ratio_lines=0.087, final_score=0.242
trace:         score_window: window_len=15, match_len=10, line_score=0.390, ratio_lines=0.320, final_score=0.390
trace:         score_window: window_len=16, match_len=10, line_score=0.388, ratio_lines=0.308, final_score=0.388
trace:         score_window: window_len=14, match_len=10, line_score=0.098, ratio_lines=0.083, final_score=0.238
trace:         score_window: window_len=17, match_len=10, line_score=0.386, ratio_lines=0.296, final_score=0.386
trace:         score_window: window_len=18, match_len=10, line_score=0.384, ratio_lines=0.286, final_score=0.384
trace:         score_window: window_len=15, match_len=10, line_score=0.195, ratio_lines=0.160, final_score=0.259
trace:         score_window: window_len=19, match_len=10, line_score=0.382, ratio_lines=0.276, final_score=0.382
trace:         score_window: window_len=16, match_len=10, line_score=0.194, ratio_lines=0.154, final_score=0.241
trace:         score_window: window_len=20, match_len=10, line_score=0.380, ratio_lines=0.267, final_score=0.380
trace:         score_window: window_len=21, match_len=10, line_score=0.378, ratio_lines=0.258, final_score=0.378
trace:         score_window: window_len=17, match_len=10, line_score=0.193, ratio_lines=0.148, final_score=0.193
trace:         score_window: window_len=25, match_len=10, line_score=0.370, ratio_lines=0.229, final_score=0.370
trace:         score_window: window_len=26, match_len=10, line_score=0.460, ratio_lines=0.278, final_score=0.460
trace:         score_window: window_len=27, match_len=10, line_score=0.366, ratio_lines=0.216, final_score=0.366
trace:         score_window: window_len=27, match_len=10, line_score=0.549, ratio_lines=0.324, final_score=0.549
trace:         score_window: window_len=28, match_len=10, line_score=0.546, ratio_lines=0.316, final_score=0.546
trace:         score_window: window_len=28, match_len=10, line_score=0.364, ratio_lines=0.211, final_score=0.364
trace:         score_window: window_len=29, match_len=10, line_score=0.543, ratio_lines=0.308, final_score=0.543
trace:         score_window: window_len=30, match_len=10, line_score=0.540, ratio_lines=0.300, final_score=0.540
trace:         score_window: window_len=10, match_len=10, line_score=0.100, ratio_lines=0.100, final_score=0.234
trace:         score_window: window_len=31, match_len=10, line_score=0.537, ratio_lines=0.293, final_score=0.537
trace:         score_window: window_len=9, match_len=10, line_score=0.105, ratio_lines=0.105, final_score=0.240
trace:         score_window: window_len=32, match_len=10, line_score=0.534, ratio_lines=0.286, final_score=0.534
trace:         score_window: window_len=33, match_len=10, line_score=0.531, ratio_lines=0.279, final_score=0.531
trace:         score_window: window_len=11, match_len=10, line_score=0.100, ratio_lines=0.095, final_score=0.229
trace:         score_window: window_len=8, match_len=10, line_score=0.111, ratio_lines=0.111, final_score=0.182
trace:         score_window: window_len=34, match_len=10, line_score=0.528, ratio_lines=0.273, final_score=0.528
trace:         score_window: window_len=35, match_len=10, line_score=0.525, ratio_lines=0.267, final_score=0.525
trace:         score_window: window_len=12, match_len=10, line_score=0.099, ratio_lines=0.091, final_score=0.248
trace:         score_window: window_len=10, match_len=10, line_score=0.400, ratio_lines=0.400, final_score=0.400
trace:         score_window: window_len=13, match_len=10, line_score=0.099, ratio_lines=0.087, final_score=0.242
trace:         score_window: window_len=9, match_len=10, line_score=0.421, ratio_lines=0.421, final_score=0.421
trace:         score_window: window_len=14, match_len=10, line_score=0.196, ratio_lines=0.167, final_score=0.264
trace:         score_window: window_len=15, match_len=10, line_score=0.195, ratio_lines=0.160, final_score=0.246
trace:         score_window: window_len=11, match_len=10, line_score=0.398, ratio_lines=0.381, final_score=0.398
trace:         score_window: window_len=8, match_len=10, line_score=0.333, ratio_lines=0.333, final_score=0.410
trace:         score_window: window_len=16, match_len=10, line_score=0.194, ratio_lines=0.154, final_score=0.194
trace:         score_window: window_len=18, match_len=10, line_score=0.288, ratio_lines=0.214, final_score=0.288
trace:         score_window: window_len=12, match_len=10, line_score=0.396, ratio_lines=0.364, final_score=0.396
trace:         score_window: window_len=26, match_len=10, line_score=0.368, ratio_lines=0.222, final_score=0.368
trace:         score_window: window_len=7, match_len=10, line_score=0.353, ratio_lines=0.353, final_score=0.435
trace:         score_window: window_len=27, match_len=10, line_score=0.366, ratio_lines=0.216, final_score=0.366
trace:         score_window: window_len=13, match_len=10, line_score=0.394, ratio_lines=0.348, final_score=0.394
trace:         score_window: window_len=6, match_len=10, line_score=0.375, ratio_lines=0.375, final_score=0.375
trace:         score_window: window_len=14, match_len=10, line_score=0.392, ratio_lines=0.333, final_score=0.392
trace:         score_window: window_len=5, match_len=10, line_score=0.267, ratio_lines=0.267, final_score=0.267
trace:         score_window: window_len=28, match_len=10, line_score=0.364, ratio_lines=0.211, final_score=0.364
trace:         score_window: window_len=15, match_len=10, line_score=0.390, ratio_lines=0.320, final_score=0.390
trace:         score_window: window_len=4, match_len=10, line_score=0.286, ratio_lines=0.286, final_score=0.286
trace:         score_window: window_len=16, match_len=10, line_score=0.388, ratio_lines=0.308, final_score=0.388
trace:         score_window: window_len=17, match_len=10, line_score=0.386, ratio_lines=0.296, final_score=0.386
trace:         score_window: window_len=10, match_len=10, line_score=0.100, ratio_lines=0.100, final_score=0.243
trace:         score_window: window_len=18, match_len=10, line_score=0.384, ratio_lines=0.286, final_score=0.384
trace:         score_window: window_len=19, match_len=10, line_score=0.382, ratio_lines=0.276, final_score=0.382
trace:         score_window: window_len=9, match_len=10, line_score=0.105, ratio_lines=0.105, final_score=0.249
trace:         score_window: window_len=20, match_len=10, line_score=0.380, ratio_lines=0.267, final_score=0.380
trace:         score_window: window_len=24, match_len=10, line_score=0.372, ratio_lines=0.235, final_score=0.372
trace:         score_window: window_len=11, match_len=10, line_score=0.100, ratio_lines=0.095, final_score=0.262
trace:         score_window: window_len=25, match_len=10, line_score=0.463, ratio_lines=0.286, final_score=0.463
trace:         score_window: window_len=26, match_len=10, line_score=0.552, ratio_lines=0.333, final_score=0.552
trace:         score_window: window_len=8, match_len=10, line_score=0.111, ratio_lines=0.111, final_score=0.256
trace:         score_window: window_len=27, match_len=10, line_score=0.549, ratio_lines=0.324, final_score=0.549
trace:         score_window: window_len=28, match_len=10, line_score=0.546, ratio_lines=0.316, final_score=0.546
trace:         score_window: window_len=12, match_len=10, line_score=0.099, ratio_lines=0.091, final_score=0.256
trace:         score_window: window_len=29, match_len=10, line_score=0.543, ratio_lines=0.308, final_score=0.543
trace:         score_window: window_len=30, match_len=10, line_score=0.540, ratio_lines=0.300, final_score=0.540
trace:         score_window: window_len=13, match_len=10, line_score=0.197, ratio_lines=0.174, final_score=0.279
trace:         score_window: window_len=31, match_len=10, line_score=0.537, ratio_lines=0.293, final_score=0.537
trace:         score_window: window_len=32, match_len=10, line_score=0.534, ratio_lines=0.286, final_score=0.534
trace:         score_window: window_len=14, match_len=10, line_score=0.196, ratio_lines=0.167, final_score=0.259
trace:         score_window: window_len=33, match_len=10, line_score=0.531, ratio_lines=0.279, final_score=0.531
trace:         score_window: window_len=34, match_len=10, line_score=0.528, ratio_lines=0.273, final_score=0.528
trace:         score_window: window_len=15, match_len=10, line_score=0.195, ratio_lines=0.160, final_score=0.206
trace:         score_window: window_len=35, match_len=10, line_score=0.525, ratio_lines=0.267, final_score=0.525
trace:         score_window: window_len=10, match_len=10, line_score=0.300, ratio_lines=0.300, final_score=0.307
trace:         score_window: window_len=16, match_len=10, line_score=0.194, ratio_lines=0.154, final_score=0.196
trace:         score_window: window_len=9, match_len=10, line_score=0.316, ratio_lines=0.316, final_score=0.374
trace:         score_window: window_len=17, match_len=10, line_score=0.290, ratio_lines=0.222, final_score=0.290
trace:         score_window: window_len=11, match_len=10, line_score=0.398, ratio_lines=0.381, final_score=0.398
trace:         score_window: window_len=8, match_len=10, line_score=0.333, ratio_lines=0.333, final_score=0.410
trace:         score_window: window_len=18, match_len=10, line_score=0.288, ratio_lines=0.214, final_score=0.288
trace:         score_window: window_len=12, match_len=10, line_score=0.396, ratio_lines=0.364, final_score=0.396
trace:         score_window: window_len=25, match_len=10, line_score=0.370, ratio_lines=0.229, final_score=0.370
trace:         score_window: window_len=7, match_len=10, line_score=0.235, ratio_lines=0.235, final_score=0.400
trace:         score_window: window_len=26, match_len=10, line_score=0.368, ratio_lines=0.222, final_score=0.368
trace:         score_window: window_len=13, match_len=10, line_score=0.394, ratio_lines=0.348, final_score=0.394
trace:         score_window: window_len=27, match_len=10, line_score=0.366, ratio_lines=0.216, final_score=0.366
trace:         score_window: window_len=6, match_len=10, line_score=0.250, ratio_lines=0.250, final_score=0.424
trace:         score_window: window_len=14, match_len=10, line_score=0.392, ratio_lines=0.333, final_score=0.392
trace:         score_window: window_len=5, match_len=10, line_score=0.267, ratio_lines=0.267, final_score=0.267
trace:         score_window: window_len=15, match_len=10, line_score=0.390, ratio_lines=0.320, final_score=0.390
trace:         score_window: window_len=28, match_len=10, line_score=0.364, ratio_lines=0.211, final_score=0.364
trace:         score_window: window_len=16, match_len=10, line_score=0.388, ratio_lines=0.308, final_score=0.388
trace:         score_window: window_len=17, match_len=10, line_score=0.386, ratio_lines=0.296, final_score=0.386
trace:         score_window: window_len=18, match_len=10, line_score=0.384, ratio_lines=0.286, final_score=0.384
trace:         score_window: window_len=10, match_len=10, line_score=0.100, ratio_lines=0.100, final_score=0.277
trace:         score_window: window_len=19, match_len=10, line_score=0.382, ratio_lines=0.276, final_score=0.382
trace:         score_window: window_len=9, match_len=10, line_score=0.105, ratio_lines=0.105, final_score=0.260
trace:         score_window: window_len=23, match_len=10, line_score=0.374, ratio_lines=0.242, final_score=0.374
trace:         score_window: window_len=24, match_len=10, line_score=0.465, ratio_lines=0.294, final_score=0.465
trace:         score_window: window_len=25, match_len=10, line_score=0.555, ratio_lines=0.343, final_score=0.555
trace:         score_window: window_len=11, match_len=10, line_score=0.100, ratio_lines=0.095, final_score=0.271
trace:         score_window: window_len=26, match_len=10, line_score=0.552, ratio_lines=0.333, final_score=0.552
trace:         score_window: window_len=27, match_len=10, line_score=0.549, ratio_lines=0.324, final_score=0.549
trace:         score_window: window_len=8, match_len=10, line_score=0.111, ratio_lines=0.111, final_score=0.267
trace:         score_window: window_len=28, match_len=10, line_score=0.546, ratio_lines=0.316, final_score=0.546
trace:         score_window: window_len=29, match_len=10, line_score=0.543, ratio_lines=0.308, final_score=0.543
trace:         score_window: window_len=12, match_len=10, line_score=0.198, ratio_lines=0.182, final_score=0.295
trace:         score_window: window_len=30, match_len=10, line_score=0.540, ratio_lines=0.300, final_score=0.540
trace:         score_window: window_len=7, match_len=10, line_score=0.118, ratio_lines=0.118, final_score=0.274
trace:         score_window: window_len=31, match_len=10, line_score=0.537, ratio_lines=0.293, final_score=0.537
trace:         score_window: window_len=32, match_len=10, line_score=0.534, ratio_lines=0.286, final_score=0.534
trace:         score_window: window_len=13, match_len=10, line_score=0.197, ratio_lines=0.174, final_score=0.273
trace:         score_window: window_len=33, match_len=10, line_score=0.531, ratio_lines=0.279, final_score=0.531
trace:         score_window: window_len=14, match_len=10, line_score=0.196, ratio_lines=0.167, final_score=0.207
trace:         score_window: window_len=34, match_len=10, line_score=0.528, ratio_lines=0.273, final_score=0.528
trace:         score_window: window_len=35, match_len=10, line_score=0.525, ratio_lines=0.267, final_score=0.525
trace:         score_window: window_len=15, match_len=10, line_score=0.195, ratio_lines=0.160, final_score=0.206
trace:         score_window: window_len=10, match_len=10, line_score=0.400, ratio_lines=0.400, final_score=0.400
trace:         score_window: window_len=16, match_len=10, line_score=0.291, ratio_lines=0.231, final_score=0.291
trace:         score_window: window_len=9, match_len=10, line_score=0.316, ratio_lines=0.316, final_score=0.334
trace:         score_window: window_len=11, match_len=10, line_score=0.398, ratio_lines=0.381, final_score=0.398
trace:         score_window: window_len=17, match_len=10, line_score=0.290, ratio_lines=0.222, final_score=0.290
trace:         score_window: window_len=8, match_len=10, line_score=0.333, ratio_lines=0.333, final_score=0.376
trace:         score_window: window_len=12, match_len=10, line_score=0.396, ratio_lines=0.364, final_score=0.396
trace:         score_window: window_len=7, match_len=10, line_score=0.353, ratio_lines=0.353, final_score=0.414
trace:         score_window: window_len=18, match_len=10, line_score=0.288, ratio_lines=0.214, final_score=0.288
trace:         score_window: window_len=13, match_len=10, line_score=0.394, ratio_lines=0.348, final_score=0.394
trace:         score_window: window_len=24, match_len=10, line_score=0.372, ratio_lines=0.235, final_score=0.372
trace:         score_window: window_len=6, match_len=10, line_score=0.250, ratio_lines=0.250, final_score=0.403
trace:         score_window: window_len=14, match_len=10, line_score=0.392, ratio_lines=0.333, final_score=0.392
trace:         score_window: window_len=25, match_len=10, line_score=0.370, ratio_lines=0.229, final_score=0.370
trace:         score_window: window_len=5, match_len=10, line_score=0.267, ratio_lines=0.267, final_score=0.430
trace:         score_window: window_len=26, match_len=10, line_score=0.368, ratio_lines=0.222, final_score=0.368
trace:         score_window: window_len=15, match_len=10, line_score=0.390, ratio_lines=0.320, final_score=0.390
trace:         score_window: window_len=4, match_len=10, line_score=0.286, ratio_lines=0.286, final_score=0.286
trace:         score_window: window_len=27, match_len=10, line_score=0.366, ratio_lines=0.216, final_score=0.366
trace:         score_window: window_len=16, match_len=10, line_score=0.388, ratio_lines=0.308, final_score=0.388
trace:         score_window: window_len=28, match_len=10, line_score=0.364, ratio_lines=0.211, final_score=0.364
trace:         score_window: window_len=17, match_len=10, line_score=0.386, ratio_lines=0.296, final_score=0.386
trace:         score_window: window_len=10, match_len=10, line_score=0.100, ratio_lines=0.100, final_score=0.278
trace:         score_window: window_len=18, match_len=10, line_score=0.384, ratio_lines=0.286, final_score=0.384
trace:         score_window: window_len=22, match_len=10, line_score=0.376, ratio_lines=0.250, final_score=0.376
trace:         score_window: window_len=23, match_len=10, line_score=0.468, ratio_lines=0.303, final_score=0.468
trace:         score_window: window_len=24, match_len=10, line_score=0.558, ratio_lines=0.353, final_score=0.558
trace:         score_window: window_len=9, match_len=10, line_score=0.105, ratio_lines=0.105, final_score=0.285
trace:         score_window: window_len=25, match_len=10, line_score=0.555, ratio_lines=0.343, final_score=0.555
trace:         score_window: window_len=26, match_len=10, line_score=0.552, ratio_lines=0.333, final_score=0.552
trace:         score_window: window_len=11, match_len=10, line_score=0.199, ratio_lines=0.190, final_score=0.303
trace:         score_window: window_len=27, match_len=10, line_score=0.549, ratio_lines=0.324, final_score=0.549
trace:         score_window: window_len=8, match_len=10, line_score=0.111, ratio_lines=0.111, final_score=0.267
trace:         score_window: window_len=28, match_len=10, line_score=0.546, ratio_lines=0.316, final_score=0.546
trace:         score_window: window_len=12, match_len=10, line_score=0.198, ratio_lines=0.182, final_score=0.279
trace:         score_window: window_len=29, match_len=10, line_score=0.543, ratio_lines=0.308, final_score=0.543
trace:         score_window: window_len=7, match_len=10, line_score=0.118, ratio_lines=0.118, final_score=0.274
trace:         score_window: window_len=30, match_len=10, line_score=0.540, ratio_lines=0.300, final_score=0.540
trace:         score_window: window_len=31, match_len=10, line_score=0.537, ratio_lines=0.293, final_score=0.537
trace:         score_window: window_len=32, match_len=10, line_score=0.534, ratio_lines=0.286, final_score=0.534
trace:         score_window: window_len=13, match_len=10, line_score=0.197, ratio_lines=0.174, final_score=0.219
trace:         score_window: window_len=33, match_len=10, line_score=0.531, ratio_lines=0.279, final_score=0.531
trace:         score_window: window_len=34, match_len=10, line_score=0.528, ratio_lines=0.273, final_score=0.528
trace:         score_window: window_len=14, match_len=10, line_score=0.196, ratio_lines=0.167, final_score=0.207
trace:         score_window: window_len=35, match_len=10, line_score=0.525, ratio_lines=0.267, final_score=0.525
trace:         score_window: window_len=15, match_len=10, line_score=0.292, ratio_lines=0.240, final_score=0.292
trace:         score_window: window_len=10, match_len=10, line_score=0.400, ratio_lines=0.400, final_score=0.400
trace:         score_window: window_len=9, match_len=10, line_score=0.421, ratio_lines=0.421, final_score=0.421
trace:         score_window: window_len=11, match_len=10, line_score=0.398, ratio_lines=0.381, final_score=0.398
trace:         score_window: window_len=16, match_len=10, line_score=0.291, ratio_lines=0.231, final_score=0.291
trace:         score_window: window_len=8, match_len=10, line_score=0.333, ratio_lines=0.333, final_score=0.352
trace:         score_window: window_len=12, match_len=10, line_score=0.396, ratio_lines=0.364, final_score=0.396
trace:         score_window: window_len=17, match_len=10, line_score=0.290, ratio_lines=0.222, final_score=0.290
trace:         score_window: window_len=18, match_len=10, line_score=0.288, ratio_lines=0.214, final_score=0.288
trace:         score_window: window_len=7, match_len=10, line_score=0.353, ratio_lines=0.353, final_score=0.374
trace:         score_window: window_len=13, match_len=10, line_score=0.394, ratio_lines=0.348, final_score=0.394
trace:         score_window: window_len=23, match_len=10, line_score=0.374, ratio_lines=0.242, final_score=0.374
trace:         score_window: window_len=6, match_len=10, line_score=0.375, ratio_lines=0.375, final_score=0.397
trace:         score_window: window_len=24, match_len=10, line_score=0.372, ratio_lines=0.235, final_score=0.372
trace:         score_window: window_len=14, match_len=10, line_score=0.392, ratio_lines=0.333, final_score=0.392
trace:         score_window: window_len=25, match_len=10, line_score=0.370, ratio_lines=0.229, final_score=0.370
trace:         score_window: window_len=5, match_len=10, line_score=0.267, ratio_lines=0.267, final_score=0.386
trace:         score_window: window_len=26, match_len=10, line_score=0.368, ratio_lines=0.222, final_score=0.368
trace:         score_window: window_len=15, match_len=10, line_score=0.390, ratio_lines=0.320, final_score=0.390
trace:         score_window: window_len=27, match_len=10, line_score=0.366, ratio_lines=0.216, final_score=0.366
trace:         score_window: window_len=4, match_len=10, line_score=0.286, ratio_lines=0.286, final_score=0.286
trace:         score_window: window_len=28, match_len=10, line_score=0.364, ratio_lines=0.211, final_score=0.364
trace:         score_window: window_len=16, match_len=10, line_score=0.388, ratio_lines=0.308, final_score=0.388
trace:         score_window: window_len=17, match_len=10, line_score=0.386, ratio_lines=0.296, final_score=0.386
trace:         score_window: window_len=10, match_len=10, line_score=0.200, ratio_lines=0.200, final_score=0.311
trace:         score_window: window_len=21, match_len=10, line_score=0.378, ratio_lines=0.258, final_score=0.378
trace:         score_window: window_len=22, match_len=10, line_score=0.470, ratio_lines=0.312, final_score=0.470
trace:         score_window: window_len=23, match_len=10, line_score=0.561, ratio_lines=0.364, final_score=0.561
trace:         score_window: window_len=9, match_len=10, line_score=0.105, ratio_lines=0.105, final_score=0.285
trace:         score_window: window_len=24, match_len=10, line_score=0.558, ratio_lines=0.353, final_score=0.558
trace:         score_window: window_len=11, match_len=10, line_score=0.199, ratio_lines=0.190, final_score=0.286
trace:         score_window: window_len=25, match_len=10, line_score=0.555, ratio_lines=0.343, final_score=0.555
trace:         score_window: window_len=26, match_len=10, line_score=0.552, ratio_lines=0.333, final_score=0.552
trace:         score_window: window_len=8, match_len=10, line_score=0.111, ratio_lines=0.111, final_score=0.292
trace:         score_window: window_len=27, match_len=10, line_score=0.549, ratio_lines=0.324, final_score=0.549
trace:         score_window: window_len=28, match_len=10, line_score=0.546, ratio_lines=0.316, final_score=0.546
trace:         score_window: window_len=12, match_len=10, line_score=0.198, ratio_lines=0.182, final_score=0.221
trace:         score_window: window_len=29, match_len=10, line_score=0.543, ratio_lines=0.308, final_score=0.543
trace:         score_window: window_len=7, match_len=10, line_score=0.118, ratio_lines=0.118, final_score=0.274
trace:         score_window: window_len=30, match_len=10, line_score=0.540, ratio_lines=0.300, final_score=0.540
trace:         score_window: window_len=31, match_len=10, line_score=0.537, ratio_lines=0.293, final_score=0.537
trace:         score_window: window_len=32, match_len=10, line_score=0.534, ratio_lines=0.286, final_score=0.534
trace:         score_window: window_len=33, match_len=10, line_score=0.531, ratio_lines=0.279, final_score=0.531
trace:         score_window: window_len=13, match_len=10, line_score=0.197, ratio_lines=0.174, final_score=0.212
trace:         score_window: window_len=34, match_len=10, line_score=0.528, ratio_lines=0.273, final_score=0.528
trace:         score_window: window_len=35, match_len=10, line_score=0.525, ratio_lines=0.267, final_score=0.525
trace:         score_window: window_len=10, match_len=10, line_score=0.300, ratio_lines=0.300, final_score=0.349
trace:         score_window: window_len=9, match_len=10, line_score=0.316, ratio_lines=0.316, final_score=0.355
trace:         score_window: window_len=11, match_len=10, line_score=0.398, ratio_lines=0.381, final_score=0.398
trace:         score_window: window_len=14, match_len=10, line_score=0.294, ratio_lines=0.250, final_score=0.294
trace:         score_window: window_len=8, match_len=10, line_score=0.333, ratio_lines=0.333, final_score=0.352
trace:         score_window: window_len=12, match_len=10, line_score=0.396, ratio_lines=0.364, final_score=0.396
trace:         score_window: window_len=15, match_len=10, line_score=0.292, ratio_lines=0.240, final_score=0.292
trace:         score_window: window_len=16, match_len=10, line_score=0.291, ratio_lines=0.231, final_score=0.291
trace:         score_window: window_len=7, match_len=10, line_score=0.235, ratio_lines=0.235, final_score=0.342
trace:         score_window: window_len=17, match_len=10, line_score=0.290, ratio_lines=0.222, final_score=0.290
trace:         score_window: window_len=13, match_len=10, line_score=0.394, ratio_lines=0.348, final_score=0.394
trace:         score_window: window_len=18, match_len=10, line_score=0.288, ratio_lines=0.214, final_score=0.288
trace:         score_window: window_len=22, match_len=10, line_score=0.376, ratio_lines=0.250, final_score=0.376
trace:         score_window: window_len=6, match_len=10, line_score=0.250, ratio_lines=0.250, final_score=0.364
trace:         score_window: window_len=23, match_len=10, line_score=0.374, ratio_lines=0.242, final_score=0.374
trace:         score_window: window_len=14, match_len=10, line_score=0.392, ratio_lines=0.333, final_score=0.392
trace:         score_window: window_len=24, match_len=10, line_score=0.372, ratio_lines=0.235, final_score=0.372
trace:         score_window: window_len=5, match_len=10, line_score=0.267, ratio_lines=0.267, final_score=0.386
trace:         score_window: window_len=25, match_len=10, line_score=0.370, ratio_lines=0.229, final_score=0.370
trace:         score_window: window_len=15, match_len=10, line_score=0.390, ratio_lines=0.320, final_score=0.390
trace:         score_window: window_len=26, match_len=10, line_score=0.368, ratio_lines=0.222, final_score=0.368
trace:         score_window: window_len=27, match_len=10, line_score=0.366, ratio_lines=0.216, final_score=0.366
trace:         score_window: window_len=4, match_len=10, line_score=0.143, ratio_lines=0.143, final_score=0.373
trace:         score_window: window_len=28, match_len=10, line_score=0.364, ratio_lines=0.211, final_score=0.364
trace:         score_window: window_len=16, match_len=10, line_score=0.388, ratio_lines=0.308, final_score=0.388
trace:         score_window: window_len=20, match_len=10, line_score=0.380, ratio_lines=0.267, final_score=0.380
trace:         score_window: window_len=21, match_len=10, line_score=0.472, ratio_lines=0.323, final_score=0.472
trace:         score_window: window_len=22, match_len=10, line_score=0.564, ratio_lines=0.375, final_score=0.564
trace:         score_window: window_len=10, match_len=10, line_score=0.200, ratio_lines=0.200, final_score=0.302
trace:         score_window: window_len=23, match_len=10, line_score=0.561, ratio_lines=0.364, final_score=0.561
trace:         score_window: window_len=24, match_len=10, line_score=0.558, ratio_lines=0.353, final_score=0.558
trace:         score_window: window_len=9, match_len=10, line_score=0.211, ratio_lines=0.211, final_score=0.328
trace:         score_window: window_len=25, match_len=10, line_score=0.555, ratio_lines=0.343, final_score=0.555
trace:         score_window: window_len=26, match_len=10, line_score=0.552, ratio_lines=0.333, final_score=0.552
trace:         score_window: window_len=11, match_len=10, line_score=0.199, ratio_lines=0.190, final_score=0.223
trace:         score_window: window_len=27, match_len=10, line_score=0.549, ratio_lines=0.324, final_score=0.549
trace:         score_window: window_len=28, match_len=10, line_score=0.546, ratio_lines=0.316, final_score=0.546
trace:         score_window: window_len=8, match_len=10, line_score=0.111, ratio_lines=0.111, final_score=0.301
trace:         score_window: window_len=29, match_len=10, line_score=0.543, ratio_lines=0.308, final_score=0.543
trace:         score_window: window_len=30, match_len=10, line_score=0.540, ratio_lines=0.300, final_score=0.540
trace:         score_window: window_len=31, match_len=10, line_score=0.537, ratio_lines=0.293, final_score=0.537
trace:         score_window: window_len=32, match_len=10, line_score=0.534, ratio_lines=0.286, final_score=0.534
trace:         score_window: window_len=12, match_len=10, line_score=0.198, ratio_lines=0.182, final_score=0.226
trace:         score_window: window_len=33, match_len=10, line_score=0.531, ratio_lines=0.279, final_score=0.531
trace:         score_window: window_len=34, match_len=10, line_score=0.528, ratio_lines=0.273, final_score=0.528
trace:         score_window: window_len=7, match_len=10, line_score=0.118, ratio_lines=0.118, final_score=0.309
trace:         score_window: window_len=35, match_len=10, line_score=0.525, ratio_lines=0.267, final_score=0.525
trace:         score_window: window_len=10, match_len=10, line_score=0.400, ratio_lines=0.400, final_score=0.400
trace:         score_window: window_len=9, match_len=10, line_score=0.316, ratio_lines=0.316, final_score=0.316
trace:         score_window: window_len=11, match_len=10, line_score=0.398, ratio_lines=0.381, final_score=0.398
trace:         score_window: window_len=13, match_len=10, line_score=0.295, ratio_lines=0.261, final_score=0.295
trace:         score_window: window_len=8, match_len=10, line_score=0.333, ratio_lines=0.333, final_score=0.339
trace:         score_window: window_len=6, match_len=10, line_score=0.125, ratio_lines=0.125, final_score=0.294
trace:         score_window: window_len=12, match_len=10, line_score=0.396, ratio_lines=0.364, final_score=0.396
trace:         score_window: window_len=7, match_len=10, line_score=0.353, ratio_lines=0.353, final_score=0.370
trace:         score_window: window_len=14, match_len=10, line_score=0.294, ratio_lines=0.250, final_score=0.294
trace:         score_window: window_len=13, match_len=10, line_score=0.394, ratio_lines=0.348, final_score=0.394
trace:         score_window: window_len=15, match_len=10, line_score=0.292, ratio_lines=0.240, final_score=0.292
trace:         score_window: window_len=16, match_len=10, line_score=0.291, ratio_lines=0.231, final_score=0.291
trace:         score_window: window_len=6, match_len=10, line_score=0.250, ratio_lines=0.250, final_score=0.360
trace:         score_window: window_len=17, match_len=10, line_score=0.290, ratio_lines=0.222, final_score=0.290
trace:         score_window: window_len=14, match_len=10, line_score=0.392, ratio_lines=0.333, final_score=0.392
trace:         score_window: window_len=18, match_len=10, line_score=0.288, ratio_lines=0.214, final_score=0.288
trace:         score_window: window_len=21, match_len=10, line_score=0.378, ratio_lines=0.258, final_score=0.378
trace:         score_window: window_len=5, match_len=10, line_score=0.267, ratio_lines=0.267, final_score=0.382
trace:         score_window: window_len=22, match_len=10, line_score=0.376, ratio_lines=0.250, final_score=0.376
trace:         score_window: window_len=15, match_len=10, line_score=0.390, ratio_lines=0.320, final_score=0.390
trace:         score_window: window_len=4, match_len=10, line_score=0.286, ratio_lines=0.286, final_score=0.286
trace:         score_window: window_len=23, match_len=10, line_score=0.374, ratio_lines=0.242, final_score=0.374
trace:         score_window: window_len=18, match_len=10, line_score=0.288, ratio_lines=0.214, final_score=0.288
trace:         score_window: window_len=19, match_len=10, line_score=0.382, ratio_lines=0.276, final_score=0.382
trace:         score_window: window_len=24, match_len=10, line_score=0.372, ratio_lines=0.235, final_score=0.372
trace:         score_window: window_len=20, match_len=10, line_score=0.475, ratio_lines=0.333, final_score=0.475
trace:         score_window: window_len=21, match_len=10, line_score=0.567, ratio_lines=0.387, final_score=0.567
trace:         score_window: window_len=25, match_len=10, line_score=0.370, ratio_lines=0.229, final_score=0.370
trace:         score_window: window_len=22, match_len=10, line_score=0.564, ratio_lines=0.375, final_score=0.564
trace:         score_window: window_len=23, match_len=10, line_score=0.561, ratio_lines=0.364, final_score=0.561
trace:         score_window: window_len=26, match_len=10, line_score=0.368, ratio_lines=0.222, final_score=0.368
trace:         score_window: window_len=24, match_len=10, line_score=0.558, ratio_lines=0.353, final_score=0.558
trace:         score_window: window_len=27, match_len=10, line_score=0.366, ratio_lines=0.216, final_score=0.366
trace:         score_window: window_len=25, match_len=10, line_score=0.555, ratio_lines=0.343, final_score=0.555
trace:         score_window: window_len=28, match_len=10, line_score=0.364, ratio_lines=0.211, final_score=0.364
trace:         score_window: window_len=26, match_len=10, line_score=0.552, ratio_lines=0.333, final_score=0.552
trace:         score_window: window_len=27, match_len=10, line_score=0.549, ratio_lines=0.324, final_score=0.549
trace:         score_window: window_len=28, match_len=10, line_score=0.546, ratio_lines=0.316, final_score=0.546
trace:         score_window: window_len=10, match_len=10, line_score=0.200, ratio_lines=0.200, final_score=0.212
trace:         score_window: window_len=29, match_len=10, line_score=0.543, ratio_lines=0.308, final_score=0.543
trace:         score_window: window_len=30, match_len=10, line_score=0.540, ratio_lines=0.300, final_score=0.540
trace:         score_window: window_len=31, match_len=10, line_score=0.537, ratio_lines=0.293, final_score=0.537
trace:         score_window: window_len=9, match_len=10, line_score=0.211, ratio_lines=0.211, final_score=0.272
trace:         score_window: window_len=32, match_len=10, line_score=0.534, ratio_lines=0.286, final_score=0.534
trace:         score_window: window_len=33, match_len=10, line_score=0.531, ratio_lines=0.279, final_score=0.531
trace:         score_window: window_len=11, match_len=10, line_score=0.199, ratio_lines=0.190, final_score=0.200
trace:         score_window: window_len=34, match_len=10, line_score=0.528, ratio_lines=0.273, final_score=0.528
trace:         score_window: window_len=8, match_len=10, line_score=0.222, ratio_lines=0.222, final_score=0.297
trace:         score_window: window_len=35, match_len=10, line_score=0.525, ratio_lines=0.267, final_score=0.525
trace:         score_window: window_len=10, match_len=10, line_score=0.300, ratio_lines=0.300, final_score=0.329
trace:         score_window: window_len=9, match_len=10, line_score=0.316, ratio_lines=0.316, final_score=0.316
trace:         score_window: window_len=11, match_len=10, line_score=0.299, ratio_lines=0.286, final_score=0.336
trace:         score_window: window_len=12, match_len=10, line_score=0.297, ratio_lines=0.273, final_score=0.297
trace:         score_window: window_len=8, match_len=10, line_score=0.222, ratio_lines=0.222, final_score=0.278
trace:         score_window: window_len=7, match_len=10, line_score=0.118, ratio_lines=0.118, final_score=0.269
trace:         score_window: window_len=12, match_len=10, line_score=0.297, ratio_lines=0.273, final_score=0.308
trace:         score_window: window_len=7, match_len=10, line_score=0.235, ratio_lines=0.235, final_score=0.329
trace:         score_window: window_len=13, match_len=10, line_score=0.295, ratio_lines=0.261, final_score=0.295
trace:         score_window: window_len=13, match_len=10, line_score=0.295, ratio_lines=0.261, final_score=0.312
trace:         score_window: window_len=6, match_len=10, line_score=0.125, ratio_lines=0.125, final_score=0.277
trace:         score_window: window_len=6, match_len=10, line_score=0.250, ratio_lines=0.250, final_score=0.360
trace:         score_window: window_len=14, match_len=10, line_score=0.294, ratio_lines=0.250, final_score=0.294
trace:         score_window: window_len=14, match_len=10, line_score=0.392, ratio_lines=0.333, final_score=0.392
trace:         score_window: window_len=5, match_len=10, line_score=0.133, ratio_lines=0.133, final_score=0.348
trace:         score_window: window_len=15, match_len=10, line_score=0.292, ratio_lines=0.240, final_score=0.292
trace:         score_window: window_len=4, match_len=10, line_score=0.143, ratio_lines=0.143, final_score=0.370
trace:         score_window: window_len=17, match_len=10, line_score=0.290, ratio_lines=0.222, final_score=0.290
trace:         score_window: window_len=18, match_len=10, line_score=0.384, ratio_lines=0.286, final_score=0.384
trace:         score_window: window_len=16, match_len=10, line_score=0.291, ratio_lines=0.231, final_score=0.291
trace:         score_window: window_len=19, match_len=10, line_score=0.478, ratio_lines=0.345, final_score=0.478
trace:         score_window: window_len=20, match_len=10, line_score=0.570, ratio_lines=0.400, final_score=0.570
trace:         score_window: window_len=17, match_len=10, line_score=0.290, ratio_lines=0.222, final_score=0.290
trace:         score_window: window_len=21, match_len=10, line_score=0.567, ratio_lines=0.387, final_score=0.567
trace:         score_window: window_len=18, match_len=10, line_score=0.288, ratio_lines=0.214, final_score=0.288
trace:         score_window: window_len=22, match_len=10, line_score=0.564, ratio_lines=0.375, final_score=0.564
trace:         score_window: window_len=20, match_len=10, line_score=0.380, ratio_lines=0.267, final_score=0.380
trace:         score_window: window_len=23, match_len=10, line_score=0.561, ratio_lines=0.364, final_score=0.561
trace:         score_window: window_len=21, match_len=10, line_score=0.378, ratio_lines=0.258, final_score=0.378
trace:         score_window: window_len=24, match_len=10, line_score=0.558, ratio_lines=0.353, final_score=0.558
trace:         score_window: window_len=25, match_len=10, line_score=0.555, ratio_lines=0.343, final_score=0.555
trace:         score_window: window_len=26, match_len=10, line_score=0.552, ratio_lines=0.333, final_score=0.552
trace:         score_window: window_len=22, match_len=10, line_score=0.376, ratio_lines=0.250, final_score=0.376
trace:         score_window: window_len=27, match_len=10, line_score=0.549, ratio_lines=0.324, final_score=0.549
trace:         score_window: window_len=28, match_len=10, line_score=0.546, ratio_lines=0.316, final_score=0.546
trace:         score_window: window_len=23, match_len=10, line_score=0.374, ratio_lines=0.242, final_score=0.374
trace:         score_window: window_len=29, match_len=10, line_score=0.543, ratio_lines=0.308, final_score=0.543
trace:         score_window: window_len=24, match_len=10, line_score=0.372, ratio_lines=0.235, final_score=0.372
trace:         score_window: window_len=30, match_len=10, line_score=0.540, ratio_lines=0.300, final_score=0.540
trace:         score_window: window_len=25, match_len=10, line_score=0.370, ratio_lines=0.229, final_score=0.370
trace:         score_window: window_len=31, match_len=10, line_score=0.537, ratio_lines=0.293, final_score=0.537
trace:         score_window: window_len=26, match_len=10, line_score=0.368, ratio_lines=0.222, final_score=0.368
trace:         score_window: window_len=32, match_len=10, line_score=0.534, ratio_lines=0.286, final_score=0.534
trace:         score_window: window_len=27, match_len=10, line_score=0.366, ratio_lines=0.216, final_score=0.366
trace:         score_window: window_len=33, match_len=10, line_score=0.531, ratio_lines=0.279, final_score=0.531
trace:         score_window: window_len=34, match_len=10, line_score=0.528, ratio_lines=0.273, final_score=0.528
trace:         score_window: window_len=28, match_len=10, line_score=0.364, ratio_lines=0.211, final_score=0.364
trace:         score_window: window_len=35, match_len=10, line_score=0.525, ratio_lines=0.267, final_score=0.525
trace:         score_window: window_len=10, match_len=10, line_score=0.300, ratio_lines=0.300, final_score=0.354
trace:         score_window: window_len=10, match_len=10, line_score=0.200, ratio_lines=0.200, final_score=0.209
trace:         score_window: window_len=9, match_len=10, line_score=0.211, ratio_lines=0.211, final_score=0.222
trace:         score_window: window_len=9, match_len=10, line_score=0.316, ratio_lines=0.316, final_score=0.351
trace:         score_window: window_len=11, match_len=10, line_score=0.299, ratio_lines=0.286, final_score=0.323
trace:         score_window: window_len=11, match_len=10, line_score=0.299, ratio_lines=0.286, final_score=0.299
trace:         score_window: window_len=8, match_len=10, line_score=0.222, ratio_lines=0.222, final_score=0.222
trace:         score_window: window_len=8, match_len=10, line_score=0.333, ratio_lines=0.333, final_score=0.333
trace:         score_window: window_len=12, match_len=10, line_score=0.297, ratio_lines=0.273, final_score=0.327
trace:         score_window: window_len=12, match_len=10, line_score=0.297, ratio_lines=0.273, final_score=0.297
trace:         score_window: window_len=7, match_len=10, line_score=0.235, ratio_lines=0.235, final_score=0.324
trace:         score_window: window_len=7, match_len=10, line_score=0.235, ratio_lines=0.235, final_score=0.236
trace:         score_window: window_len=13, match_len=10, line_score=0.394, ratio_lines=0.348, final_score=0.394
trace:         score_window: window_len=6, match_len=10, line_score=0.250, ratio_lines=0.250, final_score=0.350
trace:         score_window: window_len=13, match_len=10, line_score=0.295, ratio_lines=0.261, final_score=0.295
trace:         score_window: window_len=5, match_len=10, line_score=0.267, ratio_lines=0.267, final_score=0.371
trace:         score_window: window_len=4, match_len=10, line_score=0.143, ratio_lines=0.143, final_score=0.358
trace:         score_window: window_len=16, match_len=10, line_score=0.291, ratio_lines=0.231, final_score=0.291
trace:         score_window: window_len=14, match_len=10, line_score=0.294, ratio_lines=0.250, final_score=0.294
trace:         score_window: window_len=17, match_len=10, line_score=0.386, ratio_lines=0.296, final_score=0.386
trace:         score_window: window_len=18, match_len=10, line_score=0.480, ratio_lines=0.357, final_score=0.480
trace:         score_window: window_len=19, match_len=10, line_score=0.573, ratio_lines=0.414, final_score=0.573
trace:         score_window: window_len=20, match_len=10, line_score=0.570, ratio_lines=0.400, final_score=0.570
trace:         score_window: window_len=21, match_len=10, line_score=0.567, ratio_lines=0.387, final_score=0.567
trace:         score_window: window_len=22, match_len=10, line_score=0.564, ratio_lines=0.375, final_score=0.564
trace:         score_window: window_len=23, match_len=10, line_score=0.561, ratio_lines=0.364, final_score=0.561
trace:         score_window: window_len=15, match_len=10, line_score=0.292, ratio_lines=0.240, final_score=0.292
trace:         score_window: window_len=24, match_len=10, line_score=0.558, ratio_lines=0.353, final_score=0.558
trace:         score_window: window_len=25, match_len=10, line_score=0.555, ratio_lines=0.343, final_score=0.555
trace:         score_window: window_len=16, match_len=10, line_score=0.291, ratio_lines=0.231, final_score=0.291
trace:         score_window: window_len=26, match_len=10, line_score=0.552, ratio_lines=0.333, final_score=0.552
trace:         score_window: window_len=17, match_len=10, line_score=0.290, ratio_lines=0.222, final_score=0.290
trace:         score_window: window_len=27, match_len=10, line_score=0.549, ratio_lines=0.324, final_score=0.549
trace:         score_window: window_len=28, match_len=10, line_score=0.546, ratio_lines=0.316, final_score=0.546
trace:         score_window: window_len=18, match_len=10, line_score=0.288, ratio_lines=0.214, final_score=0.288
trace:         score_window: window_len=29, match_len=10, line_score=0.543, ratio_lines=0.308, final_score=0.543
trace:         score_window: window_len=30, match_len=10, line_score=0.540, ratio_lines=0.300, final_score=0.540
trace:         score_window: window_len=19, match_len=10, line_score=0.382, ratio_lines=0.276, final_score=0.382
trace:         score_window: window_len=31, match_len=10, line_score=0.537, ratio_lines=0.293, final_score=0.537
trace:         score_window: window_len=20, match_len=10, line_score=0.380, ratio_lines=0.267, final_score=0.380
trace:         score_window: window_len=32, match_len=10, line_score=0.534, ratio_lines=0.286, final_score=0.534
trace:         score_window: window_len=33, match_len=10, line_score=0.531, ratio_lines=0.279, final_score=0.531
trace:         score_window: window_len=21, match_len=10, line_score=0.378, ratio_lines=0.258, final_score=0.378
trace:         score_window: window_len=34, match_len=10, line_score=0.528, ratio_lines=0.273, final_score=0.528
trace:         score_window: window_len=22, match_len=10, line_score=0.376, ratio_lines=0.250, final_score=0.376
trace:         score_window: window_len=35, match_len=10, line_score=0.525, ratio_lines=0.267, final_score=0.525
trace:         score_window: window_len=23, match_len=10, line_score=0.374, ratio_lines=0.242, final_score=0.374
trace:         score_window: window_len=24, match_len=10, line_score=0.372, ratio_lines=0.235, final_score=0.372
trace:         score_window: window_len=25, match_len=10, line_score=0.370, ratio_lines=0.229, final_score=0.370
trace:         score_window: window_len=10, match_len=10, line_score=0.300, ratio_lines=0.300, final_score=0.393
trace:         score_window: window_len=26, match_len=10, line_score=0.368, ratio_lines=0.222, final_score=0.368
trace:         score_window: window_len=9, match_len=10, line_score=0.316, ratio_lines=0.316, final_score=0.378
trace:         score_window: window_len=27, match_len=10, line_score=0.366, ratio_lines=0.216, final_score=0.366
trace:         score_window: window_len=10, match_len=10, line_score=0.200, ratio_lines=0.200, final_score=0.209
trace:         score_window: window_len=11, match_len=10, line_score=0.299, ratio_lines=0.286, final_score=0.395
trace:         score_window: window_len=8, match_len=10, line_score=0.333, ratio_lines=0.333, final_score=0.340
trace:         score_window: window_len=9, match_len=10, line_score=0.105, ratio_lines=0.105, final_score=0.199
trace:         score_window: window_len=12, match_len=10, line_score=0.396, ratio_lines=0.364, final_score=0.396
trace:         score_window: window_len=11, match_len=10, line_score=0.199, ratio_lines=0.190, final_score=0.199
trace:         score_window: window_len=7, match_len=10, line_score=0.353, ratio_lines=0.353, final_score=0.367
trace:         score_window: window_len=8, match_len=10, line_score=0.111, ratio_lines=0.111, final_score=0.212
trace:         score_window: window_len=6, match_len=10, line_score=0.250, ratio_lines=0.250, final_score=0.357
trace:         score_window: window_len=5, match_len=10, line_score=0.267, ratio_lines=0.267, final_score=0.393
trace:         score_window: window_len=12, match_len=10, line_score=0.198, ratio_lines=0.182, final_score=0.214
trace:         score_window: window_len=15, match_len=10, line_score=0.292, ratio_lines=0.240, final_score=0.292
trace:         score_window: window_len=4, match_len=10, line_score=0.286, ratio_lines=0.286, final_score=0.286
trace:         score_window: window_len=16, match_len=10, line_score=0.388, ratio_lines=0.308, final_score=0.388
trace:         score_window: window_len=17, match_len=10, line_score=0.482, ratio_lines=0.370, final_score=0.482
trace:         score_window: window_len=7, match_len=10, line_score=0.118, ratio_lines=0.118, final_score=0.202
trace:         score_window: window_len=18, match_len=10, line_score=0.576, ratio_lines=0.429, final_score=0.576
trace:         score_window: window_len=19, match_len=10, line_score=0.573, ratio_lines=0.414, final_score=0.573
trace:         score_window: window_len=20, match_len=10, line_score=0.570, ratio_lines=0.400, final_score=0.570
trace:         score_window: window_len=21, match_len=10, line_score=0.567, ratio_lines=0.387, final_score=0.567
trace:         score_window: window_len=13, match_len=10, line_score=0.197, ratio_lines=0.174, final_score=0.209
trace:         score_window: window_len=22, match_len=10, line_score=0.564, ratio_lines=0.375, final_score=0.564
trace:         score_window: window_len=23, match_len=10, line_score=0.561, ratio_lines=0.364, final_score=0.561
trace:         score_window: window_len=14, match_len=10, line_score=0.196, ratio_lines=0.167, final_score=0.204
trace:         score_window: window_len=24, match_len=10, line_score=0.558, ratio_lines=0.353, final_score=0.558
trace:         score_window: window_len=25, match_len=10, line_score=0.555, ratio_lines=0.343, final_score=0.555
trace:         score_window: window_len=18, match_len=10, line_score=0.288, ratio_lines=0.214, final_score=0.288
trace:         score_window: window_len=26, match_len=10, line_score=0.552, ratio_lines=0.333, final_score=0.552
trace:         score_window: window_len=22, match_len=10, line_score=0.376, ratio_lines=0.250, final_score=0.376
trace:         score_window: window_len=27, match_len=10, line_score=0.549, ratio_lines=0.324, final_score=0.549
trace:         score_window: window_len=28, match_len=10, line_score=0.546, ratio_lines=0.316, final_score=0.546
trace:         score_window: window_len=23, match_len=10, line_score=0.374, ratio_lines=0.242, final_score=0.374
trace:         score_window: window_len=29, match_len=10, line_score=0.543, ratio_lines=0.308, final_score=0.543
trace:         score_window: window_len=24, match_len=10, line_score=0.372, ratio_lines=0.235, final_score=0.372
trace:         score_window: window_len=30, match_len=10, line_score=0.540, ratio_lines=0.300, final_score=0.540
trace:         score_window: window_len=31, match_len=10, line_score=0.537, ratio_lines=0.293, final_score=0.537
trace:         score_window: window_len=25, match_len=10, line_score=0.370, ratio_lines=0.229, final_score=0.370
trace:         score_window: window_len=32, match_len=10, line_score=0.534, ratio_lines=0.286, final_score=0.534
trace:         score_window: window_len=33, match_len=10, line_score=0.531, ratio_lines=0.279, final_score=0.531
trace:         score_window: window_len=26, match_len=10, line_score=0.368, ratio_lines=0.222, final_score=0.368
trace:         score_window: window_len=34, match_len=10, line_score=0.528, ratio_lines=0.273, final_score=0.528
trace:         score_window: window_len=10, match_len=10, line_score=0.200, ratio_lines=0.200, final_score=0.200
trace:         score_window: window_len=35, match_len=10, line_score=0.525, ratio_lines=0.267, final_score=0.525
trace:         score_window: window_len=9, match_len=10, line_score=0.211, ratio_lines=0.211, final_score=0.211
trace:         score_window: window_len=9, match_len=10, line_score=0.211, ratio_lines=0.211, final_score=0.376
trace:         score_window: window_len=11, match_len=10, line_score=0.299, ratio_lines=0.286, final_score=0.329
trace:         score_window: window_len=11, match_len=10, line_score=0.199, ratio_lines=0.190, final_score=0.232
trace:         score_window: window_len=8, match_len=10, line_score=0.111, ratio_lines=0.111, final_score=0.200
trace:         score_window: window_len=8, match_len=10, line_score=0.222, ratio_lines=0.222, final_score=0.361
trace:         score_window: window_len=12, match_len=10, line_score=0.198, ratio_lines=0.182, final_score=0.226
trace:         score_window: window_len=7, match_len=10, line_score=0.235, ratio_lines=0.235, final_score=0.331
trace:         score_window: window_len=13, match_len=10, line_score=0.197, ratio_lines=0.174, final_score=0.221
trace:         score_window: window_len=6, match_len=10, line_score=0.250, ratio_lines=0.250, final_score=0.357
trace:         score_window: window_len=14, match_len=10, line_score=0.294, ratio_lines=0.250, final_score=0.294
trace:         score_window: window_len=5, match_len=10, line_score=0.133, ratio_lines=0.133, final_score=0.345
trace:         score_window: window_len=14, match_len=10, line_score=0.196, ratio_lines=0.167, final_score=0.252
trace:         score_window: window_len=15, match_len=10, line_score=0.390, ratio_lines=0.320, final_score=0.390
trace:         score_window: window_len=4, match_len=10, line_score=0.143, ratio_lines=0.143, final_score=0.381
trace:         score_window: window_len=16, match_len=10, line_score=0.485, ratio_lines=0.385, final_score=0.485
trace:         score_window: window_len=17, match_len=10, line_score=0.579, ratio_lines=0.444, final_score=0.579
trace:         score_window: window_len=15, match_len=10, line_score=0.195, ratio_lines=0.160, final_score=0.263
trace:         score_window: window_len=18, match_len=10, line_score=0.576, ratio_lines=0.429, final_score=0.576
trace:         score_window: window_len=19, match_len=10, line_score=0.573, ratio_lines=0.414, final_score=0.573
trace:         score_window: window_len=20, match_len=10, line_score=0.570, ratio_lines=0.400, final_score=0.570
trace:         score_window: window_len=16, match_len=10, line_score=0.194, ratio_lines=0.154, final_score=0.265
trace:         score_window: window_len=21, match_len=10, line_score=0.567, ratio_lines=0.387, final_score=0.567
trace:         score_window: window_len=22, match_len=10, line_score=0.564, ratio_lines=0.375, final_score=0.564
trace:         score_window: window_len=23, match_len=10, line_score=0.561, ratio_lines=0.364, final_score=0.561
trace:         score_window: window_len=17, match_len=10, line_score=0.290, ratio_lines=0.222, final_score=0.290
trace:         score_window: window_len=24, match_len=10, line_score=0.558, ratio_lines=0.353, final_score=0.558
trace:         score_window: window_len=25, match_len=10, line_score=0.555, ratio_lines=0.343, final_score=0.555
trace:         score_window: window_len=18, match_len=10, line_score=0.288, ratio_lines=0.214, final_score=0.288
trace:         score_window: window_len=26, match_len=10, line_score=0.552, ratio_lines=0.333, final_score=0.552
trace:         score_window: window_len=21, match_len=10, line_score=0.378, ratio_lines=0.258, final_score=0.378
trace:         score_window: window_len=27, match_len=10, line_score=0.549, ratio_lines=0.324, final_score=0.549
trace:         score_window: window_len=28, match_len=10, line_score=0.546, ratio_lines=0.316, final_score=0.546
trace:         score_window: window_len=22, match_len=10, line_score=0.376, ratio_lines=0.250, final_score=0.376
trace:         score_window: window_len=29, match_len=10, line_score=0.543, ratio_lines=0.308, final_score=0.543
trace:         score_window: window_len=23, match_len=10, line_score=0.374, ratio_lines=0.242, final_score=0.374
trace:         score_window: window_len=30, match_len=10, line_score=0.540, ratio_lines=0.300, final_score=0.540
trace:         score_window: window_len=31, match_len=10, line_score=0.537, ratio_lines=0.293, final_score=0.537
trace:         score_window: window_len=32, match_len=10, line_score=0.534, ratio_lines=0.286, final_score=0.534
trace:         score_window: window_len=24, match_len=10, line_score=0.372, ratio_lines=0.235, final_score=0.372
trace:         score_window: window_len=33, match_len=10, line_score=0.531, ratio_lines=0.279, final_score=0.531
trace:         score_window: window_len=34, match_len=10, line_score=0.528, ratio_lines=0.273, final_score=0.528
trace:         score_window: window_len=35, match_len=10, line_score=0.525, ratio_lines=0.267, final_score=0.525
trace:         score_window: window_len=25, match_len=10, line_score=0.370, ratio_lines=0.229, final_score=0.370
trace:         score_window: window_len=10, match_len=10, line_score=0.200, ratio_lines=0.200, final_score=0.238
trace:         score_window: window_len=10, match_len=10, line_score=0.300, ratio_lines=0.300, final_score=0.370
trace:         score_window: window_len=9, match_len=10, line_score=0.211, ratio_lines=0.211, final_score=0.211
trace:         score_window: window_len=11, match_len=10, line_score=0.199, ratio_lines=0.190, final_score=0.232
trace:         score_window: window_len=9, match_len=10, line_score=0.211, ratio_lines=0.211, final_score=0.400
trace:         score_window: window_len=8, match_len=10, line_score=0.222, ratio_lines=0.222, final_score=0.222
trace:         score_window: window_len=11, match_len=10, line_score=0.100, ratio_lines=0.095, final_score=0.224
trace:         score_window: window_len=12, match_len=10, line_score=0.198, ratio_lines=0.182, final_score=0.226
trace:         score_window: window_len=7, match_len=10, line_score=0.118, ratio_lines=0.118, final_score=0.205
trace:         score_window: window_len=8, match_len=10, line_score=0.222, ratio_lines=0.222, final_score=0.397
trace:         score_window: window_len=13, match_len=10, line_score=0.197, ratio_lines=0.174, final_score=0.257
trace:         score_window: window_len=7, match_len=10, line_score=0.235, ratio_lines=0.235, final_score=0.383
trace:         score_window: window_len=13, match_len=10, line_score=0.295, ratio_lines=0.261, final_score=0.295
trace:         score_window: window_len=14, match_len=10, line_score=0.196, ratio_lines=0.167, final_score=0.268
trace:         score_window: window_len=6, match_len=10, line_score=0.250, ratio_lines=0.250, final_score=0.408
trace:         score_window: window_len=14, match_len=10, line_score=0.392, ratio_lines=0.333, final_score=0.392
trace:         score_window: window_len=5, match_len=10, line_score=0.267, ratio_lines=0.267, final_score=0.407
trace:         score_window: window_len=15, match_len=10, line_score=0.488, ratio_lines=0.400, final_score=0.488
trace:         score_window: window_len=15, match_len=10, line_score=0.195, ratio_lines=0.160, final_score=0.270
trace:         score_window: window_len=4, match_len=10, line_score=0.143, ratio_lines=0.143, final_score=0.395
trace:         score_window: window_len=16, match_len=10, line_score=0.582, ratio_lines=0.462, final_score=0.582
trace:         score_window: window_len=17, match_len=10, line_score=0.579, ratio_lines=0.444, final_score=0.579
trace:         score_window: window_len=18, match_len=10, line_score=0.576, ratio_lines=0.429, final_score=0.576
trace:         score_window: window_len=16, match_len=10, line_score=0.291, ratio_lines=0.231, final_score=0.291
trace:         score_window: window_len=19, match_len=10, line_score=0.573, ratio_lines=0.414, final_score=0.573
trace:         score_window: window_len=20, match_len=10, line_score=0.570, ratio_lines=0.400, final_score=0.570
trace:         score_window: window_len=21, match_len=10, line_score=0.567, ratio_lines=0.387, final_score=0.567
trace:         score_window: window_len=22, match_len=10, line_score=0.564, ratio_lines=0.375, final_score=0.564
trace:         score_window: window_len=23, match_len=10, line_score=0.561, ratio_lines=0.364, final_score=0.561
trace:         score_window: window_len=24, match_len=10, line_score=0.558, ratio_lines=0.353, final_score=0.558
trace:         score_window: window_len=17, match_len=10, line_score=0.290, ratio_lines=0.222, final_score=0.290
trace:         score_window: window_len=25, match_len=10, line_score=0.555, ratio_lines=0.343, final_score=0.555
trace:         score_window: window_len=26, match_len=10, line_score=0.552, ratio_lines=0.333, final_score=0.552
trace:         score_window: window_len=18, match_len=10, line_score=0.288, ratio_lines=0.214, final_score=0.288
trace:         score_window: window_len=27, match_len=10, line_score=0.549, ratio_lines=0.324, final_score=0.549
trace:         score_window: window_len=20, match_len=10, line_score=0.380, ratio_lines=0.267, final_score=0.380
trace:         score_window: window_len=28, match_len=10, line_score=0.546, ratio_lines=0.316, final_score=0.546
trace:         score_window: window_len=29, match_len=10, line_score=0.543, ratio_lines=0.308, final_score=0.543
trace:         score_window: window_len=21, match_len=10, line_score=0.378, ratio_lines=0.258, final_score=0.378
trace:         score_window: window_len=30, match_len=10, line_score=0.540, ratio_lines=0.300, final_score=0.540
trace:         score_window: window_len=22, match_len=10, line_score=0.376, ratio_lines=0.250, final_score=0.376
trace:         score_window: window_len=31, match_len=10, line_score=0.537, ratio_lines=0.293, final_score=0.537
trace:         score_window: window_len=32, match_len=10, line_score=0.534, ratio_lines=0.286, final_score=0.534
trace:         score_window: window_len=23, match_len=10, line_score=0.374, ratio_lines=0.242, final_score=0.374
trace:         score_window: window_len=33, match_len=10, line_score=0.531, ratio_lines=0.279, final_score=0.531
trace:         score_window: window_len=34, match_len=10, line_score=0.528, ratio_lines=0.273, final_score=0.528
trace:         score_window: window_len=24, match_len=10, line_score=0.372, ratio_lines=0.235, final_score=0.372
trace:         score_window: window_len=35, match_len=10, line_score=0.525, ratio_lines=0.267, final_score=0.525
trace:         score_window: window_len=10, match_len=10, line_score=0.200, ratio_lines=0.200, final_score=0.238
trace:         score_window: window_len=10, match_len=10, line_score=0.100, ratio_lines=0.100, final_score=0.252
trace:         score_window: window_len=9, match_len=10, line_score=0.211, ratio_lines=0.211, final_score=0.245
trace:         score_window: window_len=9, match_len=10, line_score=0.316, ratio_lines=0.316, final_score=0.316
trace:         score_window: window_len=11, match_len=10, line_score=0.199, ratio_lines=0.190, final_score=0.232
trace:         score_window: window_len=11, match_len=10, line_score=0.199, ratio_lines=0.190, final_score=0.267
trace:         score_window: window_len=8, match_len=10, line_score=0.222, ratio_lines=0.222, final_score=0.222
trace:         score_window: window_len=8, match_len=10, line_score=0.222, ratio_lines=0.222, final_score=0.358
trace:         score_window: window_len=12, match_len=10, line_score=0.198, ratio_lines=0.182, final_score=0.263
trace:         score_window: window_len=12, match_len=10, line_score=0.297, ratio_lines=0.273, final_score=0.297
trace:         score_window: window_len=7, match_len=10, line_score=0.235, ratio_lines=0.235, final_score=0.235
trace:         score_window: window_len=7, match_len=10, line_score=0.235, ratio_lines=0.235, final_score=0.353
trace:         score_window: window_len=13, match_len=10, line_score=0.197, ratio_lines=0.174, final_score=0.274
trace:         score_window: window_len=13, match_len=10, line_score=0.394, ratio_lines=0.348, final_score=0.395
trace:         score_window: window_len=6, match_len=10, line_score=0.125, ratio_lines=0.125, final_score=0.210
trace:         score_window: window_len=6, match_len=10, line_score=0.250, ratio_lines=0.250, final_score=0.332
trace:         score_window: window_len=14, match_len=10, line_score=0.490, ratio_lines=0.417, final_score=0.490
trace:         score_window: window_len=5, match_len=10, line_score=0.267, ratio_lines=0.267, final_score=0.331
trace:         score_window: window_len=15, match_len=10, line_score=0.585, ratio_lines=0.480, final_score=0.585
trace:         score_window: window_len=4, match_len=10, line_score=0.286, ratio_lines=0.286, final_score=0.329
trace:         score_window: window_len=14, match_len=10, line_score=0.196, ratio_lines=0.167, final_score=0.276
trace:         score_window: window_len=16, match_len=10, line_score=0.582, ratio_lines=0.462, final_score=0.582
trace:         score_window: window_len=17, match_len=10, line_score=0.579, ratio_lines=0.444, final_score=0.579
trace:         score_window: window_len=18, match_len=10, line_score=0.576, ratio_lines=0.429, final_score=0.576
trace:         score_window: window_len=19, match_len=10, line_score=0.573, ratio_lines=0.414, final_score=0.573
trace:         score_window: window_len=15, match_len=10, line_score=0.292, ratio_lines=0.240, final_score=0.296
trace:         score_window: window_len=20, match_len=10, line_score=0.570, ratio_lines=0.400, final_score=0.570
trace:         score_window: window_len=21, match_len=10, line_score=0.567, ratio_lines=0.387, final_score=0.567
trace:         score_window: window_len=22, match_len=10, line_score=0.564, ratio_lines=0.375, final_score=0.564
trace:         score_window: window_len=23, match_len=10, line_score=0.561, ratio_lines=0.364, final_score=0.561
trace:         score_window: window_len=16, match_len=10, line_score=0.291, ratio_lines=0.231, final_score=0.291
trace:         score_window: window_len=24, match_len=10, line_score=0.558, ratio_lines=0.353, final_score=0.558
trace:         score_window: window_len=25, match_len=10, line_score=0.555, ratio_lines=0.343, final_score=0.555
trace:         score_window: window_len=17, match_len=10, line_score=0.290, ratio_lines=0.222, final_score=0.290
trace:         score_window: window_len=26, match_len=10, line_score=0.552, ratio_lines=0.333, final_score=0.552
trace:         score_window: window_len=18, match_len=10, line_score=0.288, ratio_lines=0.214, final_score=0.288
trace:         score_window: window_len=27, match_len=10, line_score=0.549, ratio_lines=0.324, final_score=0.549
trace:         score_window: window_len=28, match_len=10, line_score=0.546, ratio_lines=0.316, final_score=0.546
trace:         score_window: window_len=19, match_len=10, line_score=0.382, ratio_lines=0.276, final_score=0.382
trace:         score_window: window_len=29, match_len=10, line_score=0.543, ratio_lines=0.308, final_score=0.543
trace:         score_window: window_len=20, match_len=10, line_score=0.380, ratio_lines=0.267, final_score=0.380
trace:         score_window: window_len=30, match_len=10, line_score=0.540, ratio_lines=0.300, final_score=0.540
trace:         score_window: window_len=21, match_len=10, line_score=0.378, ratio_lines=0.258, final_score=0.378
trace:         score_window: window_len=31, match_len=10, line_score=0.537, ratio_lines=0.293, final_score=0.537
trace:         score_window: window_len=22, match_len=10, line_score=0.376, ratio_lines=0.250, final_score=0.376
trace:         score_window: window_len=32, match_len=10, line_score=0.534, ratio_lines=0.286, final_score=0.534
trace:         score_window: window_len=33, match_len=10, line_score=0.531, ratio_lines=0.279, final_score=0.531
trace:         score_window: window_len=23, match_len=10, line_score=0.374, ratio_lines=0.242, final_score=0.374
trace:         score_window: window_len=34, match_len=10, line_score=0.528, ratio_lines=0.273, final_score=0.528
trace:         score_window: window_len=10, match_len=10, line_score=0.200, ratio_lines=0.200, final_score=0.254
trace:         score_window: window_len=35, match_len=10, line_score=0.525, ratio_lines=0.267, final_score=0.525
trace:         score_window: window_len=10, match_len=10, line_score=0.200, ratio_lines=0.200, final_score=0.268
trace:         score_window: window_len=9, match_len=10, line_score=0.211, ratio_lines=0.211, final_score=0.261
trace:         score_window: window_len=9, match_len=10, line_score=0.105, ratio_lines=0.105, final_score=0.253
trace:         score_window: window_len=11, match_len=10, line_score=0.299, ratio_lines=0.286, final_score=0.299
trace:         score_window: window_len=11, match_len=10, line_score=0.199, ratio_lines=0.190, final_score=0.286
trace:         score_window: window_len=8, match_len=10, line_score=0.222, ratio_lines=0.222, final_score=0.272
trace:         score_window: window_len=8, match_len=10, line_score=0.222, ratio_lines=0.222, final_score=0.269
trace:         score_window: window_len=12, match_len=10, line_score=0.396, ratio_lines=0.364, final_score=0.396
trace:         score_window: window_len=7, match_len=10, line_score=0.118, ratio_lines=0.118, final_score=0.337
trace:         score_window: window_len=13, match_len=10, line_score=0.492, ratio_lines=0.435, final_score=0.492
trace:         score_window: window_len=12, match_len=10, line_score=0.198, ratio_lines=0.182, final_score=0.296
trace:         score_window: window_len=7, match_len=10, line_score=0.235, ratio_lines=0.235, final_score=0.235
trace:         score_window: window_len=6, match_len=10, line_score=0.125, ratio_lines=0.125, final_score=0.331
trace:         score_window: window_len=14, match_len=10, line_score=0.588, ratio_lines=0.500, final_score=0.588
trace:         score_window: window_len=13, match_len=10, line_score=0.197, ratio_lines=0.174, final_score=0.298
trace:         score_window: window_len=6, match_len=10, line_score=0.250, ratio_lines=0.250, final_score=0.250
trace:         score_window: window_len=5, match_len=10, line_score=0.133, ratio_lines=0.133, final_score=0.310
trace:         score_window: window_len=15, match_len=10, line_score=0.585, ratio_lines=0.480, final_score=0.585
trace:         score_window: window_len=4, match_len=10, line_score=0.143, ratio_lines=0.143, final_score=0.319
trace:         score_window: window_len=14, match_len=10, line_score=0.294, ratio_lines=0.250, final_score=0.318
trace:         score_window: window_len=16, match_len=10, line_score=0.582, ratio_lines=0.462, final_score=0.582
trace:         score_window: window_len=17, match_len=10, line_score=0.579, ratio_lines=0.444, final_score=0.579
trace:         score_window: window_len=18, match_len=10, line_score=0.576, ratio_lines=0.429, final_score=0.576
trace:         score_window: window_len=15, match_len=10, line_score=0.292, ratio_lines=0.240, final_score=0.295
trace:         score_window: window_len=19, match_len=10, line_score=0.573, ratio_lines=0.414, final_score=0.573
trace:         score_window: window_len=20, match_len=10, line_score=0.570, ratio_lines=0.400, final_score=0.570
trace:         score_window: window_len=21, match_len=10, line_score=0.567, ratio_lines=0.387, final_score=0.567
trace:         score_window: window_len=22, match_len=10, line_score=0.564, ratio_lines=0.375, final_score=0.564
trace:         score_window: window_len=16, match_len=10, line_score=0.291, ratio_lines=0.231, final_score=0.291
trace:         score_window: window_len=17, match_len=10, line_score=0.290, ratio_lines=0.222, final_score=0.290
trace:         score_window: window_len=23, match_len=10, line_score=0.561, ratio_lines=0.364, final_score=0.561
trace:         score_window: window_len=24, match_len=10, line_score=0.558, ratio_lines=0.353, final_score=0.558
trace:         score_window: window_len=25, match_len=10, line_score=0.555, ratio_lines=0.343, final_score=0.555
trace:         score_window: window_len=26, match_len=10, line_score=0.552, ratio_lines=0.333, final_score=0.552
trace:         score_window: window_len=18, match_len=10, line_score=0.384, ratio_lines=0.286, final_score=0.384
trace:         score_window: window_len=27, match_len=10, line_score=0.549, ratio_lines=0.324, final_score=0.549
trace:         score_window: window_len=28, match_len=10, line_score=0.546, ratio_lines=0.316, final_score=0.546
trace:         score_window: window_len=19, match_len=10, line_score=0.382, ratio_lines=0.276, final_score=0.382
trace:         score_window: window_len=29, match_len=10, line_score=0.543, ratio_lines=0.308, final_score=0.543
trace:         score_window: window_len=20, match_len=10, line_score=0.380, ratio_lines=0.267, final_score=0.380
trace:         score_window: window_len=30, match_len=10, line_score=0.540, ratio_lines=0.300, final_score=0.540
trace:         score_window: window_len=31, match_len=10, line_score=0.537, ratio_lines=0.293, final_score=0.537
trace:         score_window: window_len=21, match_len=10, line_score=0.378, ratio_lines=0.258, final_score=0.378
trace:         score_window: window_len=32, match_len=10, line_score=0.534, ratio_lines=0.286, final_score=0.534
trace:         score_window: window_len=33, match_len=10, line_score=0.531, ratio_lines=0.279, final_score=0.531
trace:         score_window: window_len=22, match_len=10, line_score=0.376, ratio_lines=0.250, final_score=0.376
trace:         score_window: window_len=34, match_len=10, line_score=0.528, ratio_lines=0.273, final_score=0.528
trace:         score_window: window_len=35, match_len=10, line_score=0.525, ratio_lines=0.267, final_score=0.525
trace:         score_window: window_len=10, match_len=10, line_score=0.300, ratio_lines=0.300, final_score=0.316
trace:         score_window: window_len=9, match_len=10, line_score=0.211, ratio_lines=0.211, final_score=0.307
trace:         score_window: window_len=10, match_len=10, line_score=0.200, ratio_lines=0.200, final_score=0.291
trace:         score_window: window_len=11, match_len=10, line_score=0.398, ratio_lines=0.381, final_score=0.449
trace:         score_window: window_len=9, match_len=10, line_score=0.211, ratio_lines=0.211, final_score=0.259
trace:         score_window: window_len=8, match_len=10, line_score=0.111, ratio_lines=0.111, final_score=0.294
trace:         score_window: window_len=12, match_len=10, line_score=0.495, ratio_lines=0.455, final_score=0.495
trace:         score_window: window_len=11, match_len=10, line_score=0.199, ratio_lines=0.190, final_score=0.301
trace:         score_window: window_len=7, match_len=10, line_score=0.235, ratio_lines=0.235, final_score=0.258
trace:         score_window: window_len=13, match_len=10, line_score=0.591, ratio_lines=0.522, final_score=0.591
trace:         score_window: window_len=8, match_len=10, line_score=0.222, ratio_lines=0.222, final_score=0.267
trace:         score_window: window_len=6, match_len=10, line_score=0.125, ratio_lines=0.125, final_score=0.358
trace:         score_window: window_len=12, match_len=10, line_score=0.198, ratio_lines=0.182, final_score=0.302
trace:         score_window: window_len=14, match_len=10, line_score=0.588, ratio_lines=0.500, final_score=0.588
trace:         score_window: window_len=7, match_len=10, line_score=0.235, ratio_lines=0.235, final_score=0.275
trace:         score_window: window_len=5, match_len=10, line_score=0.133, ratio_lines=0.133, final_score=0.353
trace:         score_window: window_len=15, match_len=10, line_score=0.585, ratio_lines=0.480, final_score=0.585
trace:         score_window: window_len=13, match_len=10, line_score=0.295, ratio_lines=0.261, final_score=0.324
trace:         score_window: window_len=6, match_len=10, line_score=0.250, ratio_lines=0.250, final_score=0.250
trace:         score_window: window_len=16, match_len=10, line_score=0.582, ratio_lines=0.462, final_score=0.582
trace:         score_window: window_len=17, match_len=10, line_score=0.579, ratio_lines=0.444, final_score=0.579
trace:         score_window: window_len=14, match_len=10, line_score=0.294, ratio_lines=0.250, final_score=0.299
trace:         score_window: window_len=5, match_len=10, line_score=0.267, ratio_lines=0.267, final_score=0.267
trace:         score_window: window_len=18, match_len=10, line_score=0.576, ratio_lines=0.429, final_score=0.576
trace:         score_window: window_len=19, match_len=10, line_score=0.573, ratio_lines=0.414, final_score=0.573
trace:         score_window: window_len=20, match_len=10, line_score=0.570, ratio_lines=0.400, final_score=0.570
trace:         score_window: window_len=21, match_len=10, line_score=0.567, ratio_lines=0.387, final_score=0.567
trace:         score_window: window_len=15, match_len=10, line_score=0.292, ratio_lines=0.240, final_score=0.292
trace:         score_window: window_len=22, match_len=10, line_score=0.564, ratio_lines=0.375, final_score=0.564
trace:         score_window: window_len=23, match_len=10, line_score=0.561, ratio_lines=0.364, final_score=0.561
trace:         score_window: window_len=24, match_len=10, line_score=0.558, ratio_lines=0.353, final_score=0.558
trace:         score_window: window_len=25, match_len=10, line_score=0.555, ratio_lines=0.343, final_score=0.555
trace:         score_window: window_len=26, match_len=10, line_score=0.552, ratio_lines=0.333, final_score=0.552
trace:         score_window: window_len=16, match_len=10, line_score=0.291, ratio_lines=0.231, final_score=0.291
trace:         score_window: window_len=27, match_len=10, line_score=0.549, ratio_lines=0.324, final_score=0.549
trace:         score_window: window_len=28, match_len=10, line_score=0.546, ratio_lines=0.316, final_score=0.546
trace:         score_window: window_len=29, match_len=10, line_score=0.543, ratio_lines=0.308, final_score=0.543
trace:         score_window: window_len=30, match_len=10, line_score=0.540, ratio_lines=0.300, final_score=0.540
trace:         score_window: window_len=17, match_len=10, line_score=0.386, ratio_lines=0.296, final_score=0.386
trace:         score_window: window_len=31, match_len=10, line_score=0.537, ratio_lines=0.293, final_score=0.537
trace:         score_window: window_len=32, match_len=10, line_score=0.534, ratio_lines=0.286, final_score=0.534
trace:         score_window: window_len=18, match_len=10, line_score=0.384, ratio_lines=0.286, final_score=0.384
trace:         score_window: window_len=33, match_len=10, line_score=0.531, ratio_lines=0.279, final_score=0.531
trace:         score_window: window_len=19, match_len=10, line_score=0.382, ratio_lines=0.276, final_score=0.382
trace:         score_window: window_len=34, match_len=10, line_score=0.528, ratio_lines=0.273, final_score=0.528
trace:         score_window: window_len=20, match_len=10, line_score=0.380, ratio_lines=0.267, final_score=0.380
trace:         score_window: window_len=35, match_len=10, line_score=0.525, ratio_lines=0.267, final_score=0.525
trace:         score_window: window_len=10, match_len=10, line_score=0.400, ratio_lines=0.400, final_score=0.520
trace:         score_window: window_len=21, match_len=10, line_score=0.378, ratio_lines=0.258, final_score=0.378
trace:         score_window: window_len=9, match_len=10, line_score=0.316, ratio_lines=0.316, final_score=0.371
trace:         score_window: window_len=11, match_len=10, line_score=0.498, ratio_lines=0.476, final_score=0.528
trace:         score_window: window_len=8, match_len=10, line_score=0.222, ratio_lines=0.222, final_score=0.362
trace:         score_window: window_len=10, match_len=10, line_score=0.100, ratio_lines=0.100, final_score=0.276
trace:         score_window: window_len=12, match_len=10, line_score=0.594, ratio_lines=0.545, final_score=0.637
trace:         score_window: window_len=13, match_len=10, line_score=0.591, ratio_lines=0.522, final_score=0.634
trace:         score_window: window_len=6, match_len=10, line_score=0.250, ratio_lines=0.250, final_score=0.250
trace:         score_window: window_len=9, match_len=10, line_score=0.105, ratio_lines=0.105, final_score=0.265
trace:         score_window: window_len=14, match_len=10, line_score=0.588, ratio_lines=0.500, final_score=0.595
trace:         score_window: window_len=11, match_len=10, line_score=0.100, ratio_lines=0.095, final_score=0.279
trace:         score_window: window_len=15, match_len=10, line_score=0.585, ratio_lines=0.480, final_score=0.593
trace:         score_window: window_len=8, match_len=10, line_score=0.111, ratio_lines=0.111, final_score=0.231
trace:         score_window: window_len=16, match_len=10, line_score=0.582, ratio_lines=0.462, final_score=0.582
trace:         score_window: window_len=12, match_len=10, line_score=0.198, ratio_lines=0.182, final_score=0.302
trace:         score_window: window_len=17, match_len=10, line_score=0.579, ratio_lines=0.444, final_score=0.579
trace:         score_window: window_len=7, match_len=10, line_score=0.118, ratio_lines=0.118, final_score=0.238
trace:         score_window: window_len=18, match_len=10, line_score=0.576, ratio_lines=0.429, final_score=0.576
trace:         score_window: window_len=19, match_len=10, line_score=0.573, ratio_lines=0.414, final_score=0.573
trace:         score_window: window_len=13, match_len=10, line_score=0.197, ratio_lines=0.174, final_score=0.278
trace:         score_window: window_len=20, match_len=10, line_score=0.570, ratio_lines=0.400, final_score=0.570
trace:         score_window: window_len=6, match_len=10, line_score=0.125, ratio_lines=0.125, final_score=0.244
trace:         score_window: window_len=21, match_len=10, line_score=0.567, ratio_lines=0.387, final_score=0.567
trace:         score_window: window_len=22, match_len=10, line_score=0.564, ratio_lines=0.375, final_score=0.564
trace:         score_window: window_len=23, match_len=10, line_score=0.561, ratio_lines=0.364, final_score=0.561
trace:         score_window: window_len=14, match_len=10, line_score=0.196, ratio_lines=0.167, final_score=0.233
trace:         score_window: window_len=24, match_len=10, line_score=0.558, ratio_lines=0.353, final_score=0.558
trace:         score_window: window_len=25, match_len=10, line_score=0.555, ratio_lines=0.343, final_score=0.555
trace:         score_window: window_len=26, match_len=10, line_score=0.552, ratio_lines=0.333, final_score=0.552
trace:         score_window: window_len=27, match_len=10, line_score=0.549, ratio_lines=0.324, final_score=0.549
trace:         score_window: window_len=16, match_len=10, line_score=0.291, ratio_lines=0.231, final_score=0.291
trace:         score_window: window_len=28, match_len=10, line_score=0.546, ratio_lines=0.316, final_score=0.546
trace:         score_window: window_len=29, match_len=10, line_score=0.543, ratio_lines=0.308, final_score=0.543
trace:         score_window: window_len=17, match_len=10, line_score=0.290, ratio_lines=0.222, final_score=0.290
trace:         score_window: window_len=30, match_len=10, line_score=0.540, ratio_lines=0.300, final_score=0.540
trace:         score_window: window_len=18, match_len=10, line_score=0.288, ratio_lines=0.214, final_score=0.288
trace:         score_window: window_len=31, match_len=10, line_score=0.537, ratio_lines=0.293, final_score=0.537
trace:         score_window: window_len=32, match_len=10, line_score=0.534, ratio_lines=0.286, final_score=0.534
trace:         score_window: window_len=33, match_len=10, line_score=0.531, ratio_lines=0.279, final_score=0.531
trace:         score_window: window_len=10, match_len=10, line_score=0.100, ratio_lines=0.100, final_score=0.305
trace:         score_window: window_len=34, match_len=10, line_score=0.528, ratio_lines=0.273, final_score=0.528
trace:         score_window: window_len=35, match_len=10, line_score=0.525, ratio_lines=0.267, final_score=0.525
trace:         score_window: window_len=9, match_len=10, line_score=0.105, ratio_lines=0.105, final_score=0.303
trace:         score_window: window_len=10, match_len=10, line_score=0.500, ratio_lines=0.500, final_score=0.530
trace:         score_window: window_len=9, match_len=10, line_score=0.421, ratio_lines=0.421, final_score=0.522
trace:         score_window: window_len=11, match_len=10, line_score=0.199, ratio_lines=0.190, final_score=0.329
trace:         score_window: window_len=11, match_len=10, line_score=0.597, ratio_lines=0.571, final_score=0.639
trace:         score_window: window_len=8, match_len=10, line_score=0.333, ratio_lines=0.333, final_score=0.373
trace:         score_window: window_len=12, match_len=10, line_score=0.594, ratio_lines=0.545, final_score=0.637
trace:         score_window: window_len=8, match_len=10, line_score=0.111, ratio_lines=0.111, final_score=0.292
trace:         score_window: window_len=7, match_len=10, line_score=0.235, ratio_lines=0.235, final_score=0.363
trace:         score_window: window_len=13, match_len=10, line_score=0.591, ratio_lines=0.522, final_score=0.597
trace:         score_window: window_len=12, match_len=10, line_score=0.198, ratio_lines=0.182, final_score=0.300
trace:         score_window: window_len=14, match_len=10, line_score=0.588, ratio_lines=0.500, final_score=0.595
trace:         score_window: window_len=7, match_len=10, line_score=0.118, ratio_lines=0.118, final_score=0.257
trace:         score_window: window_len=15, match_len=10, line_score=0.585, ratio_lines=0.480, final_score=0.585
trace:         score_window: window_len=16, match_len=10, line_score=0.582, ratio_lines=0.462, final_score=0.582
trace:         score_window: window_len=13, match_len=10, line_score=0.197, ratio_lines=0.174, final_score=0.249
trace:         score_window: window_len=6, match_len=10, line_score=0.125, ratio_lines=0.125, final_score=0.265
trace:         score_window: window_len=17, match_len=10, line_score=0.579, ratio_lines=0.444, final_score=0.579
trace:         score_window: window_len=18, match_len=10, line_score=0.576, ratio_lines=0.429, final_score=0.576
trace:         score_window: window_len=14, match_len=10, line_score=0.196, ratio_lines=0.167, final_score=0.252
trace:         score_window: window_len=19, match_len=10, line_score=0.573, ratio_lines=0.414, final_score=0.573
trace:         score_window: window_len=5, match_len=10, line_score=0.133, ratio_lines=0.133, final_score=0.273
trace:         score_window: window_len=20, match_len=10, line_score=0.570, ratio_lines=0.400, final_score=0.570
trace:         score_window: window_len=21, match_len=10, line_score=0.567, ratio_lines=0.387, final_score=0.567
trace:         score_window: window_len=15, match_len=10, line_score=0.292, ratio_lines=0.240, final_score=0.292
trace:         score_window: window_len=22, match_len=10, line_score=0.564, ratio_lines=0.375, final_score=0.564
trace:         score_window: window_len=23, match_len=10, line_score=0.561, ratio_lines=0.364, final_score=0.561
trace:         score_window: window_len=16, match_len=10, line_score=0.291, ratio_lines=0.231, final_score=0.292
trace:         score_window: window_len=24, match_len=10, line_score=0.558, ratio_lines=0.353, final_score=0.558
trace:         score_window: window_len=17, match_len=10, line_score=0.290, ratio_lines=0.222, final_score=0.290
trace:         score_window: window_len=25, match_len=10, line_score=0.555, ratio_lines=0.343, final_score=0.555
trace:         score_window: window_len=26, match_len=10, line_score=0.552, ratio_lines=0.333, final_score=0.552
trace:         score_window: window_len=18, match_len=10, line_score=0.288, ratio_lines=0.214, final_score=0.288
trace:         score_window: window_len=27, match_len=10, line_score=0.549, ratio_lines=0.324, final_score=0.549
trace:         score_window: window_len=28, match_len=10, line_score=0.546, ratio_lines=0.316, final_score=0.546
trace:         score_window: window_len=10, match_len=10, line_score=0.200, ratio_lines=0.200, final_score=0.305
trace:         score_window: window_len=29, match_len=10, line_score=0.543, ratio_lines=0.308, final_score=0.543
trace:         score_window: window_len=30, match_len=10, line_score=0.540, ratio_lines=0.300, final_score=0.540
trace:         score_window: window_len=31, match_len=10, line_score=0.537, ratio_lines=0.293, final_score=0.537
trace:         score_window: window_len=9, match_len=10, line_score=0.105, ratio_lines=0.105, final_score=0.279
trace:         score_window: window_len=32, match_len=10, line_score=0.534, ratio_lines=0.286, final_score=0.534
trace:         score_window: window_len=33, match_len=10, line_score=0.531, ratio_lines=0.279, final_score=0.531
trace:         score_window: window_len=11, match_len=10, line_score=0.199, ratio_lines=0.190, final_score=0.286
trace:         score_window: window_len=34, match_len=10, line_score=0.528, ratio_lines=0.273, final_score=0.528
trace:         score_window: window_len=35, match_len=10, line_score=0.525, ratio_lines=0.267, final_score=0.525
trace:         score_window: window_len=10, match_len=10, line_score=0.600, ratio_lines=0.600, final_score=0.645
trace:         score_window: window_len=8, match_len=10, line_score=0.111, ratio_lines=0.111, final_score=0.277
trace:         score_window: window_len=9, match_len=10, line_score=0.526, ratio_lines=0.526, final_score=0.535
trace:         score_window: window_len=11, match_len=10, line_score=0.597, ratio_lines=0.571, final_score=0.642
trace:         score_window: window_len=12, match_len=10, line_score=0.198, ratio_lines=0.182, final_score=0.235
trace:         score_window: window_len=8, match_len=10, line_score=0.444, ratio_lines=0.444, final_score=0.527
trace:         score_window: window_len=7, match_len=10, line_score=0.118, ratio_lines=0.118, final_score=0.263
trace:         score_window: window_len=13, match_len=10, line_score=0.197, ratio_lines=0.174, final_score=0.238
trace:         score_window: window_len=6, match_len=10, line_score=0.125, ratio_lines=0.125, final_score=0.222
trace:         score_window: window_len=14, match_len=10, line_score=0.294, ratio_lines=0.250, final_score=0.294
trace:         score_window: window_len=12, match_len=10, line_score=0.594, ratio_lines=0.545, final_score=0.602
trace:         score_window: window_len=7, match_len=10, line_score=0.353, ratio_lines=0.353, final_score=0.377
trace:         score_window: window_len=5, match_len=10, line_score=0.133, ratio_lines=0.133, final_score=0.229
trace:         score_window: window_len=13, match_len=10, line_score=0.591, ratio_lines=0.522, final_score=0.599
trace:         score_window: window_len=15, match_len=10, line_score=0.292, ratio_lines=0.240, final_score=0.292
trace:         score_window: window_len=6, match_len=10, line_score=0.250, ratio_lines=0.250, final_score=0.366
trace:         score_window: window_len=14, match_len=10, line_score=0.588, ratio_lines=0.500, final_score=0.588
trace:         score_window: window_len=16, match_len=10, line_score=0.291, ratio_lines=0.231, final_score=0.291
trace:         score_window: window_len=15, match_len=10, line_score=0.585, ratio_lines=0.480, final_score=0.585
trace:         score_window: window_len=16, match_len=10, line_score=0.582, ratio_lines=0.462, final_score=0.582
trace:         score_window: window_len=17, match_len=10, line_score=0.290, ratio_lines=0.222, final_score=0.290
trace:         score_window: window_len=17, match_len=10, line_score=0.579, ratio_lines=0.444, final_score=0.579
trace:         score_window: window_len=18, match_len=10, line_score=0.576, ratio_lines=0.429, final_score=0.576
trace:         score_window: window_len=18, match_len=10, line_score=0.288, ratio_lines=0.214, final_score=0.288
trace:         score_window: window_len=19, match_len=10, line_score=0.573, ratio_lines=0.414, final_score=0.573
trace:         score_window: window_len=20, match_len=10, line_score=0.570, ratio_lines=0.400, final_score=0.570
trace:         score_window: window_len=21, match_len=10, line_score=0.567, ratio_lines=0.387, final_score=0.567
trace:         score_window: window_len=10, match_len=10, line_score=0.200, ratio_lines=0.200, final_score=0.297
trace:         score_window: window_len=22, match_len=10, line_score=0.564, ratio_lines=0.375, final_score=0.564
trace:         score_window: window_len=23, match_len=10, line_score=0.561, ratio_lines=0.364, final_score=0.561
trace:         score_window: window_len=9, match_len=10, line_score=0.211, ratio_lines=0.211, final_score=0.301
trace:         score_window: window_len=24, match_len=10, line_score=0.558, ratio_lines=0.353, final_score=0.558
trace:         score_window: window_len=25, match_len=10, line_score=0.555, ratio_lines=0.343, final_score=0.555
trace:         score_window: window_len=26, match_len=10, line_score=0.552, ratio_lines=0.333, final_score=0.552
trace:         score_window: window_len=11, match_len=10, line_score=0.199, ratio_lines=0.190, final_score=0.244
trace:         score_window: window_len=27, match_len=10, line_score=0.549, ratio_lines=0.324, final_score=0.549
trace:         score_window: window_len=28, match_len=10, line_score=0.546, ratio_lines=0.316, final_score=0.546
trace:         score_window: window_len=8, match_len=10, line_score=0.111, ratio_lines=0.111, final_score=0.274
trace:         score_window: window_len=29, match_len=10, line_score=0.543, ratio_lines=0.308, final_score=0.543
trace:         score_window: window_len=30, match_len=10, line_score=0.540, ratio_lines=0.300, final_score=0.540
trace:         score_window: window_len=31, match_len=10, line_score=0.537, ratio_lines=0.293, final_score=0.537
trace:         score_window: window_len=32, match_len=10, line_score=0.534, ratio_lines=0.286, final_score=0.534
trace:         score_window: window_len=12, match_len=10, line_score=0.198, ratio_lines=0.182, final_score=0.246
trace:         score_window: window_len=33, match_len=10, line_score=0.531, ratio_lines=0.279, final_score=0.531
trace:         score_window: window_len=7, match_len=10, line_score=0.118, ratio_lines=0.118, final_score=0.271
trace:         score_window: window_len=34, match_len=10, line_score=0.528, ratio_lines=0.273, final_score=0.528
trace:         score_window: window_len=35, match_len=10, line_score=0.525, ratio_lines=0.267, final_score=0.525
trace:         score_window: window_len=13, match_len=10, line_score=0.295, ratio_lines=0.261, final_score=0.295
trace:         score_window: window_len=10, match_len=10, line_score=0.600, ratio_lines=0.600, final_score=0.731
trace:         score_window: window_len=9, match_len=10, line_score=0.632, ratio_lines=0.632, final_score=0.734
trace:         score_window: window_len=11, match_len=10, line_score=0.597, ratio_lines=0.571, final_score=0.679
trace:         score_window: window_len=6, match_len=10, line_score=0.125, ratio_lines=0.125, final_score=0.257
trace:         score_window: window_len=8, match_len=10, line_score=0.556, ratio_lines=0.556, final_score=0.616
trace:         score_window: window_len=12, match_len=10, line_score=0.594, ratio_lines=0.545, final_score=0.676
trace:         score_window: window_len=7, match_len=10, line_score=0.471, ratio_lines=0.471, final_score=0.607
trace:         score_window: window_len=13, match_len=10, line_score=0.591, ratio_lines=0.522, final_score=0.605
trace:         score_window: window_len=6, match_len=10, line_score=0.375, ratio_lines=0.375, final_score=0.375
trace:         score_window: window_len=14, match_len=10, line_score=0.294, ratio_lines=0.250, final_score=0.294
trace:         score_window: window_len=14, match_len=10, line_score=0.588, ratio_lines=0.500, final_score=0.603
trace:         score_window: window_len=5, match_len=10, line_score=0.267, ratio_lines=0.267, final_score=0.288
trace:         score_window: window_len=15, match_len=10, line_score=0.585, ratio_lines=0.480, final_score=0.585
trace:         score_window: window_len=16, match_len=10, line_score=0.582, ratio_lines=0.462, final_score=0.582
trace:         score_window: window_len=17, match_len=10, line_score=0.579, ratio_lines=0.444, final_score=0.579
trace:         score_window: window_len=18, match_len=10, line_score=0.576, ratio_lines=0.429, final_score=0.576
trace:         score_window: window_len=19, match_len=10, line_score=0.573, ratio_lines=0.414, final_score=0.573
trace:         score_window: window_len=15, match_len=10, line_score=0.292, ratio_lines=0.240, final_score=0.292
trace:         score_window: window_len=20, match_len=10, line_score=0.570, ratio_lines=0.400, final_score=0.570
trace:         score_window: window_len=21, match_len=10, line_score=0.567, ratio_lines=0.387, final_score=0.567
trace:         score_window: window_len=22, match_len=10, line_score=0.564, ratio_lines=0.375, final_score=0.564
trace:         score_window: window_len=23, match_len=10, line_score=0.561, ratio_lines=0.364, final_score=0.561
trace:         score_window: window_len=24, match_len=10, line_score=0.558, ratio_lines=0.353, final_score=0.558
trace:         score_window: window_len=25, match_len=10, line_score=0.555, ratio_lines=0.343, final_score=0.555
trace:         score_window: window_len=26, match_len=10, line_score=0.552, ratio_lines=0.333, final_score=0.552
trace:         score_window: window_len=16, match_len=10, line_score=0.291, ratio_lines=0.231, final_score=0.291
trace:         score_window: window_len=27, match_len=10, line_score=0.549, ratio_lines=0.324, final_score=0.549
trace:         score_window: window_len=28, match_len=10, line_score=0.546, ratio_lines=0.316, final_score=0.546
trace:         score_window: window_len=29, match_len=10, line_score=0.543, ratio_lines=0.308, final_score=0.543
trace:         score_window: window_len=17, match_len=10, line_score=0.290, ratio_lines=0.222, final_score=0.290
trace:         score_window: window_len=30, match_len=10, line_score=0.540, ratio_lines=0.300, final_score=0.540
trace:         score_window: window_len=31, match_len=10, line_score=0.537, ratio_lines=0.293, final_score=0.537
trace:         score_window: window_len=32, match_len=10, line_score=0.534, ratio_lines=0.286, final_score=0.534
trace:         score_window: window_len=33, match_len=10, line_score=0.531, ratio_lines=0.279, final_score=0.531
trace:         score_window: window_len=10, match_len=10, line_score=0.100, ratio_lines=0.100, final_score=0.217
trace:         score_window: window_len=34, match_len=10, line_score=0.528, ratio_lines=0.273, final_score=0.528
trace:         score_window: window_len=35, match_len=10, line_score=0.525, ratio_lines=0.267, final_score=0.525
trace:         score_window: window_len=10, match_len=10, line_score=0.600, ratio_lines=0.600, final_score=0.733
trace:         score_window: window_len=9, match_len=10, line_score=0.632, ratio_lines=0.632, final_score=0.793
trace:         score_window: window_len=11, match_len=10, line_score=0.597, ratio_lines=0.571, final_score=0.730
trace:         score_window: window_len=8, match_len=10, line_score=0.667, ratio_lines=0.667, final_score=0.708
trace:         score_window: window_len=9, match_len=10, line_score=0.105, ratio_lines=0.105, final_score=0.269
trace:         score_window: window_len=12, match_len=10, line_score=0.594, ratio_lines=0.545, final_score=0.648
trace:         score_window: window_len=7, match_len=10, line_score=0.588, ratio_lines=0.588, final_score=0.588
trace:         score_window: window_len=13, match_len=10, line_score=0.591, ratio_lines=0.522, final_score=0.645
trace:         score_window: window_len=6, match_len=10, line_score=0.500, ratio_lines=0.500, final_score=0.500
trace:         score_window: window_len=14, match_len=10, line_score=0.588, ratio_lines=0.500, final_score=0.601
trace:         score_window: window_len=5, match_len=10, line_score=0.400, ratio_lines=0.400, final_score=0.400
trace:         score_window: window_len=11, match_len=10, line_score=0.100, ratio_lines=0.095, final_score=0.221
trace:         score_window: window_len=15, match_len=10, line_score=0.585, ratio_lines=0.480, final_score=0.598
trace:         score_window: window_len=4, match_len=10, line_score=0.286, ratio_lines=0.286, final_score=0.334
trace:         score_window: window_len=16, match_len=10, line_score=0.582, ratio_lines=0.462, final_score=0.596
trace:         score_window: window_len=17, match_len=10, line_score=0.579, ratio_lines=0.444, final_score=0.592
trace:         score_window: window_len=8, match_len=10, line_score=0.111, ratio_lines=0.111, final_score=0.254
trace:         score_window: window_len=18, match_len=10, line_score=0.576, ratio_lines=0.429, final_score=0.576
trace:         score_window: window_len=19, match_len=10, line_score=0.573, ratio_lines=0.414, final_score=0.573
trace:         score_window: window_len=20, match_len=10, line_score=0.570, ratio_lines=0.400, final_score=0.570
trace:         score_window: window_len=21, match_len=10, line_score=0.567, ratio_lines=0.387, final_score=0.567
trace:         score_window: window_len=22, match_len=10, line_score=0.564, ratio_lines=0.375, final_score=0.564
trace:         score_window: window_len=12, match_len=10, line_score=0.198, ratio_lines=0.182, final_score=0.245
trace:         score_window: window_len=23, match_len=10, line_score=0.561, ratio_lines=0.364, final_score=0.561
trace:         score_window: window_len=24, match_len=10, line_score=0.558, ratio_lines=0.353, final_score=0.558
trace:         score_window: window_len=7, match_len=10, line_score=0.000, ratio_lines=0.000, final_score=0.223
trace:         score_window: window_len=25, match_len=10, line_score=0.555, ratio_lines=0.343, final_score=0.555
trace:         score_window: window_len=26, match_len=10, line_score=0.552, ratio_lines=0.333, final_score=0.552
trace:         score_window: window_len=27, match_len=10, line_score=0.549, ratio_lines=0.324, final_score=0.549
trace:         score_window: window_len=13, match_len=10, line_score=0.197, ratio_lines=0.174, final_score=0.257
trace:         score_window: window_len=28, match_len=10, line_score=0.546, ratio_lines=0.316, final_score=0.546
trace:         score_window: window_len=6, match_len=10, line_score=0.000, ratio_lines=0.000, final_score=0.218
trace:         score_window: window_len=29, match_len=10, line_score=0.543, ratio_lines=0.308, final_score=0.543
trace:         score_window: window_len=30, match_len=10, line_score=0.540, ratio_lines=0.300, final_score=0.540
trace:         score_window: window_len=31, match_len=10, line_score=0.537, ratio_lines=0.293, final_score=0.537
trace:         score_window: window_len=14, match_len=10, line_score=0.196, ratio_lines=0.167, final_score=0.252
trace:         score_window: window_len=32, match_len=10, line_score=0.534, ratio_lines=0.286, final_score=0.534
trace:         score_window: window_len=33, match_len=10, line_score=0.531, ratio_lines=0.279, final_score=0.531
trace:         score_window: window_len=5, match_len=10, line_score=0.000, ratio_lines=0.000, final_score=0.200
trace:         score_window: window_len=34, match_len=10, line_score=0.528, ratio_lines=0.273, final_score=0.528
trace:         score_window: window_len=35, match_len=10, line_score=0.525, ratio_lines=0.267, final_score=0.525
trace:         score_window: window_len=10, match_len=10, line_score=0.600, ratio_lines=0.600, final_score=0.736
trace:         score_window: window_len=9, match_len=10, line_score=0.632, ratio_lines=0.632, final_score=0.739
trace:         score_window: window_len=15, match_len=10, line_score=0.195, ratio_lines=0.160, final_score=0.247
trace:         score_window: window_len=11, match_len=10, line_score=0.597, ratio_lines=0.571, final_score=0.653
trace:         score_window: window_len=8, match_len=10, line_score=0.667, ratio_lines=0.667, final_score=0.708
trace:         score_window: window_len=12, match_len=10, line_score=0.594, ratio_lines=0.545, final_score=0.650
trace:         score_window: window_len=13, match_len=10, line_score=0.591, ratio_lines=0.522, final_score=0.605
trace:         score_window: window_len=10, match_len=10, line_score=0.100, ratio_lines=0.100, final_score=0.239
trace:         score_window: window_len=6, match_len=10, line_score=0.625, ratio_lines=0.625, final_score=0.625
trace:         score_window: window_len=14, match_len=10, line_score=0.588, ratio_lines=0.500, final_score=0.602
trace:         score_window: window_len=5, match_len=10, line_score=0.533, ratio_lines=0.533, final_score=0.533
trace:         score_window: window_len=15, match_len=10, line_score=0.585, ratio_lines=0.480, final_score=0.600
trace:         score_window: window_len=9, match_len=10, line_score=0.105, ratio_lines=0.105, final_score=0.235
trace:         score_window: window_len=4, match_len=10, line_score=0.429, ratio_lines=0.429, final_score=0.429
trace:         score_window: window_len=16, match_len=10, line_score=0.582, ratio_lines=0.462, final_score=0.596
trace:         score_window: window_len=17, match_len=10, line_score=0.579, ratio_lines=0.444, final_score=0.579
trace:         score_window: window_len=11, match_len=10, line_score=0.199, ratio_lines=0.190, final_score=0.264
trace:         score_window: window_len=18, match_len=10, line_score=0.576, ratio_lines=0.429, final_score=0.576
trace:         score_window: window_len=19, match_len=10, line_score=0.573, ratio_lines=0.414, final_score=0.573
trace:         score_window: window_len=20, match_len=10, line_score=0.570, ratio_lines=0.400, final_score=0.570
trace:         score_window: window_len=8, match_len=10, line_score=0.111, ratio_lines=0.111, final_score=0.294
trace:         score_window: window_len=21, match_len=10, line_score=0.567, ratio_lines=0.387, final_score=0.567
trace:         score_window: window_len=22, match_len=10, line_score=0.564, ratio_lines=0.375, final_score=0.564
trace:         score_window: window_len=23, match_len=10, line_score=0.561, ratio_lines=0.364, final_score=0.561
trace:         score_window: window_len=24, match_len=10, line_score=0.558, ratio_lines=0.353, final_score=0.558
trace:         score_window: window_len=12, match_len=10, line_score=0.198, ratio_lines=0.182, final_score=0.276
trace:         score_window: window_len=25, match_len=10, line_score=0.555, ratio_lines=0.343, final_score=0.555
trace:         score_window: window_len=26, match_len=10, line_score=0.552, ratio_lines=0.333, final_score=0.552
trace:         score_window: window_len=7, match_len=10, line_score=0.118, ratio_lines=0.118, final_score=0.216
trace:         score_window: window_len=27, match_len=10, line_score=0.549, ratio_lines=0.324, final_score=0.549
trace:         score_window: window_len=28, match_len=10, line_score=0.546, ratio_lines=0.316, final_score=0.546
trace:         score_window: window_len=29, match_len=10, line_score=0.543, ratio_lines=0.308, final_score=0.543
trace:         score_window: window_len=13, match_len=10, line_score=0.197, ratio_lines=0.174, final_score=0.270
trace:         score_window: window_len=6, match_len=10, line_score=0.000, ratio_lines=0.000, final_score=0.183
trace:         score_window: window_len=30, match_len=10, line_score=0.540, ratio_lines=0.300, final_score=0.540
trace:         score_window: window_len=31, match_len=10, line_score=0.537, ratio_lines=0.293, final_score=0.537
trace:         score_window: window_len=32, match_len=10, line_score=0.534, ratio_lines=0.286, final_score=0.534
trace:         score_window: window_len=14, match_len=10, line_score=0.196, ratio_lines=0.167, final_score=0.265
trace:         score_window: window_len=33, match_len=10, line_score=0.531, ratio_lines=0.279, final_score=0.531
trace:         score_window: window_len=5, match_len=10, line_score=0.000, ratio_lines=0.000, final_score=0.175
trace:         score_window: window_len=34, match_len=10, line_score=0.528, ratio_lines=0.273, final_score=0.528
trace:         score_window: window_len=35, match_len=10, line_score=0.525, ratio_lines=0.267, final_score=0.525
trace:         score_window: window_len=10, match_len=10, line_score=0.600, ratio_lines=0.600, final_score=0.656
trace:         score_window: window_len=9, match_len=10, line_score=0.632, ratio_lines=0.632, final_score=0.739
trace:         score_window: window_len=11, match_len=10, line_score=0.597, ratio_lines=0.571, final_score=0.653
trace:         score_window: window_len=8, match_len=10, line_score=0.667, ratio_lines=0.667, final_score=0.712
trace:         score_window: window_len=15, match_len=10, line_score=0.195, ratio_lines=0.160, final_score=0.271
trace:         score_window: window_len=12, match_len=10, line_score=0.594, ratio_lines=0.545, final_score=0.608
trace:         score_window: window_len=13, match_len=10, line_score=0.591, ratio_lines=0.522, final_score=0.604
trace:         score_window: window_len=4, match_len=10, line_score=0.000, ratio_lines=0.000, final_score=0.160
trace:         score_window: window_len=14, match_len=10, line_score=0.588, ratio_lines=0.500, final_score=0.602
trace:         score_window: window_len=5, match_len=10, line_score=0.667, ratio_lines=0.667, final_score=0.667
trace:         score_window: window_len=15, match_len=10, line_score=0.585, ratio_lines=0.480, final_score=0.598
trace:         score_window: window_len=4, match_len=10, line_score=0.571, ratio_lines=0.571, final_score=0.571
trace:         score_window: window_len=10, match_len=10, line_score=0.200, ratio_lines=0.200, final_score=0.260
trace:         score_window: window_len=16, match_len=10, line_score=0.582, ratio_lines=0.462, final_score=0.582
trace:         score_window: window_len=17, match_len=10, line_score=0.579, ratio_lines=0.444, final_score=0.579
trace:         score_window: window_len=9, match_len=10, line_score=0.105, ratio_lines=0.105, final_score=0.234
trace:         score_window: window_len=18, match_len=10, line_score=0.576, ratio_lines=0.429, final_score=0.576
trace:         score_window: window_len=19, match_len=10, line_score=0.573, ratio_lines=0.414, final_score=0.573
trace:         score_window: window_len=20, match_len=10, line_score=0.570, ratio_lines=0.400, final_score=0.570
trace:         score_window: window_len=21, match_len=10, line_score=0.567, ratio_lines=0.387, final_score=0.567
trace:         score_window: window_len=11, match_len=10, line_score=0.199, ratio_lines=0.190, final_score=0.274
trace:         score_window: window_len=22, match_len=10, line_score=0.564, ratio_lines=0.375, final_score=0.564
trace:         score_window: window_len=23, match_len=10, line_score=0.561, ratio_lines=0.364, final_score=0.561
trace:         score_window: window_len=24, match_len=10, line_score=0.558, ratio_lines=0.353, final_score=0.558
trace:         score_window: window_len=8, match_len=10, line_score=0.111, ratio_lines=0.111, final_score=0.229
trace:         score_window: window_len=25, match_len=10, line_score=0.555, ratio_lines=0.343, final_score=0.555
trace:         score_window: window_len=26, match_len=10, line_score=0.552, ratio_lines=0.333, final_score=0.552
trace:         score_window: window_len=27, match_len=10, line_score=0.549, ratio_lines=0.324, final_score=0.549
trace:         score_window: window_len=28, match_len=10, line_score=0.546, ratio_lines=0.316, final_score=0.546
trace:         score_window: window_len=12, match_len=10, line_score=0.198, ratio_lines=0.182, final_score=0.267
trace:         score_window: window_len=29, match_len=10, line_score=0.543, ratio_lines=0.308, final_score=0.543
trace:         score_window: window_len=30, match_len=10, line_score=0.540, ratio_lines=0.300, final_score=0.540
trace:         score_window: window_len=31, match_len=10, line_score=0.537, ratio_lines=0.293, final_score=0.537
trace:         score_window: window_len=13, match_len=10, line_score=0.197, ratio_lines=0.174, final_score=0.261
trace:         score_window: window_len=32, match_len=10, line_score=0.534, ratio_lines=0.286, final_score=0.534
trace:         score_window: window_len=33, match_len=10, line_score=0.531, ratio_lines=0.279, final_score=0.531
trace:         score_window: window_len=34, match_len=10, line_score=0.528, ratio_lines=0.273, final_score=0.528
trace:         score_window: window_len=35, match_len=10, line_score=0.525, ratio_lines=0.267, final_score=0.525
trace:         score_window: window_len=14, match_len=10, line_score=0.196, ratio_lines=0.167, final_score=0.269
trace:         score_window: window_len=10, match_len=10, line_score=0.500, ratio_lines=0.500, final_score=0.535
trace:         score_window: window_len=9, match_len=10, line_score=0.526, ratio_lines=0.526, final_score=0.538
trace:         score_window: window_len=10, match_len=10, line_score=0.200, ratio_lines=0.200, final_score=0.280
trace:         score_window: window_len=9, match_len=10, line_score=0.211, ratio_lines=0.211, final_score=0.267
trace:         score_window: window_len=11, match_len=10, line_score=0.498, ratio_lines=0.476, final_score=0.498
trace:         score_window: window_len=8, match_len=10, line_score=0.556, ratio_lines=0.556, final_score=0.613
trace:         score_window: window_len=11, match_len=10, line_score=0.199, ratio_lines=0.190, final_score=0.274
trace:         score_window: window_len=12, match_len=10, line_score=0.495, ratio_lines=0.455, final_score=0.495
trace:         score_window: window_len=7, match_len=10, line_score=0.588, ratio_lines=0.588, final_score=0.619
trace:         score_window: window_len=8, match_len=10, line_score=0.111, ratio_lines=0.111, final_score=0.239
trace:         score_window: window_len=13, match_len=10, line_score=0.492, ratio_lines=0.435, final_score=0.492
trace:         score_window: window_len=6, match_len=10, line_score=0.625, ratio_lines=0.625, final_score=0.635
trace:         score_window: window_len=14, match_len=10, line_score=0.490, ratio_lines=0.417, final_score=0.490
trace:         score_window: window_len=5, match_len=10, line_score=0.667, ratio_lines=0.667, final_score=0.667
trace:         score_window: window_len=12, match_len=10, line_score=0.198, ratio_lines=0.182, final_score=0.267
trace:         score_window: window_len=15, match_len=10, line_score=0.488, ratio_lines=0.400, final_score=0.488
trace:         score_window: window_len=4, match_len=10, line_score=0.571, ratio_lines=0.571, final_score=0.571
trace:         score_window: window_len=16, match_len=10, line_score=0.485, ratio_lines=0.385, final_score=0.485
trace:         score_window: window_len=13, match_len=10, line_score=0.197, ratio_lines=0.174, final_score=0.274
trace:         score_window: window_len=17, match_len=10, line_score=0.482, ratio_lines=0.370, final_score=0.482
trace:         score_window: window_len=10, match_len=10, line_score=0.200, ratio_lines=0.200, final_score=0.285
trace:         score_window: window_len=18, match_len=10, line_score=0.480, ratio_lines=0.357, final_score=0.480
trace:         score_window: window_len=19, match_len=10, line_score=0.478, ratio_lines=0.345, final_score=0.478
trace:         score_window: window_len=9, match_len=10, line_score=0.211, ratio_lines=0.211, final_score=0.292
trace:         score_window: window_len=20, match_len=10, line_score=0.475, ratio_lines=0.333, final_score=0.475
trace:         score_window: window_len=21, match_len=10, line_score=0.472, ratio_lines=0.323, final_score=0.472
trace:         score_window: window_len=22, match_len=10, line_score=0.470, ratio_lines=0.312, final_score=0.470
trace:         score_window: window_len=23, match_len=10, line_score=0.468, ratio_lines=0.303, final_score=0.468
trace:         score_window: window_len=11, match_len=10, line_score=0.199, ratio_lines=0.190, final_score=0.278
trace:         score_window: window_len=24, match_len=10, line_score=0.465, ratio_lines=0.294, final_score=0.465
trace:         score_window: window_len=25, match_len=10, line_score=0.463, ratio_lines=0.286, final_score=0.463
trace:         score_window: window_len=8, match_len=10, line_score=0.222, ratio_lines=0.222, final_score=0.275
trace:         score_window: window_len=26, match_len=10, line_score=0.460, ratio_lines=0.278, final_score=0.460
trace:         score_window: window_len=27, match_len=10, line_score=0.457, ratio_lines=0.270, final_score=0.457
trace:         score_window: window_len=28, match_len=10, line_score=0.455, ratio_lines=0.263, final_score=0.455
trace:         score_window: window_len=12, match_len=10, line_score=0.198, ratio_lines=0.182, final_score=0.284
trace:         score_window: window_len=29, match_len=10, line_score=0.453, ratio_lines=0.256, final_score=0.453
trace:         score_window: window_len=30, match_len=10, line_score=0.450, ratio_lines=0.250, final_score=0.450
trace:         score_window: window_len=7, match_len=10, line_score=0.118, ratio_lines=0.118, final_score=0.245
trace:         score_window: window_len=31, match_len=10, line_score=0.448, ratio_lines=0.244, final_score=0.448
trace:         score_window: window_len=32, match_len=10, line_score=0.445, ratio_lines=0.238, final_score=0.445
trace:         score_window: window_len=10, match_len=10, line_score=0.200, ratio_lines=0.200, final_score=0.289
trace:         score_window: window_len=33, match_len=10, line_score=0.443, ratio_lines=0.233, final_score=0.443
trace:         score_window: window_len=9, match_len=10, line_score=0.211, ratio_lines=0.211, final_score=0.296
trace:         score_window: window_len=34, match_len=10, line_score=0.440, ratio_lines=0.227, final_score=0.440
trace:         score_window: window_len=35, match_len=10, line_score=0.438, ratio_lines=0.222, final_score=0.438
trace:         score_window: window_len=11, match_len=10, line_score=0.199, ratio_lines=0.190, final_score=0.295
trace:         score_window: window_len=10, match_len=10, line_score=0.400, ratio_lines=0.400, final_score=0.400
trace:         score_window: window_len=8, match_len=10, line_score=0.222, ratio_lines=0.222, final_score=0.305
trace:         score_window: window_len=9, match_len=10, line_score=0.421, ratio_lines=0.421, final_score=0.421
trace:         score_window: window_len=7, match_len=10, line_score=0.235, ratio_lines=0.235, final_score=0.275
trace:         score_window: window_len=11, match_len=10, line_score=0.398, ratio_lines=0.381, final_score=0.398
trace:         score_window: window_len=8, match_len=10, line_score=0.444, ratio_lines=0.444, final_score=0.444
trace:         score_window: window_len=10, match_len=10, line_score=0.200, ratio_lines=0.200, final_score=0.271
trace:         score_window: window_len=12, match_len=10, line_score=0.396, ratio_lines=0.364, final_score=0.396
trace:         score_window: window_len=7, match_len=10, line_score=0.471, ratio_lines=0.471, final_score=0.501
trace:         score_window: window_len=9, match_len=10, line_score=0.211, ratio_lines=0.211, final_score=0.261
trace:         score_window: window_len=13, match_len=10, line_score=0.394, ratio_lines=0.348, final_score=0.394
trace:         score_window: window_len=6, match_len=10, line_score=0.500, ratio_lines=0.500, final_score=0.515
trace:         score_window: window_len=8, match_len=10, line_score=0.222, ratio_lines=0.222, final_score=0.269
trace:         score_window: window_len=7, match_len=10, line_score=0.235, ratio_lines=0.235, final_score=0.277
trace:         score_window: window_len=6, match_len=10, line_score=0.250, ratio_lines=0.250, final_score=0.250
trace:         score_window: window_len=14, match_len=10, line_score=0.392, ratio_lines=0.333, final_score=0.392
trace:         score_window: window_len=5, match_len=10, line_score=0.533, ratio_lines=0.533, final_score=0.533
trace:         score_window: window_len=9, match_len=10, line_score=0.211, ratio_lines=0.211, final_score=0.267
trace:         score_window: window_len=15, match_len=10, line_score=0.390, ratio_lines=0.320, final_score=0.390
trace:         score_window: window_len=4, match_len=10, line_score=0.571, ratio_lines=0.571, final_score=0.571
trace:         score_window: window_len=8, match_len=10, line_score=0.222, ratio_lines=0.222, final_score=0.255
trace:         score_window: window_len=16, match_len=10, line_score=0.388, ratio_lines=0.308, final_score=0.388
trace:         score_window: window_len=7, match_len=10, line_score=0.235, ratio_lines=0.235, final_score=0.264
trace:         score_window: window_len=17, match_len=10, line_score=0.386, ratio_lines=0.296, final_score=0.386
trace:         score_window: window_len=6, match_len=10, line_score=0.250, ratio_lines=0.250, final_score=0.273
trace:         score_window: window_len=5, match_len=10, line_score=0.267, ratio_lines=0.267, final_score=0.267
trace:         score_window: window_len=18, match_len=10, line_score=0.384, ratio_lines=0.286, final_score=0.384
trace:         score_window: window_len=8, match_len=10, line_score=0.111, ratio_lines=0.111, final_score=0.225
trace:         score_window: window_len=19, match_len=10, line_score=0.382, ratio_lines=0.276, final_score=0.382
trace:         score_window: window_len=7, match_len=10, line_score=0.118, ratio_lines=0.118, final_score=0.210
trace:         score_window: window_len=20, match_len=10, line_score=0.380, ratio_lines=0.267, final_score=0.380
trace:         score_window: window_len=21, match_len=10, line_score=0.378, ratio_lines=0.258, final_score=0.378
trace:         score_window: window_len=7, match_len=10, line_score=0.118, ratio_lines=0.118, final_score=0.252
trace:         score_window: window_len=22, match_len=10, line_score=0.376, ratio_lines=0.250, final_score=0.376
trace:         score_window: window_len=23, match_len=10, line_score=0.374, ratio_lines=0.242, final_score=0.374
trace:         score_window: window_len=24, match_len=10, line_score=0.372, ratio_lines=0.235, final_score=0.372
trace:         score_window: window_len=6, match_len=10, line_score=0.125, ratio_lines=0.125, final_score=0.222
trace:         score_window: window_len=25, match_len=10, line_score=0.370, ratio_lines=0.229, final_score=0.370
trace:         score_window: window_len=10, match_len=10, line_score=0.300, ratio_lines=0.300, final_score=0.364
trace:         score_window: window_len=26, match_len=10, line_score=0.368, ratio_lines=0.222, final_score=0.368
trace:         score_window: window_len=9, match_len=10, line_score=0.316, ratio_lines=0.316, final_score=0.366
trace:         score_window: window_len=27, match_len=10, line_score=0.366, ratio_lines=0.216, final_score=0.366
trace:         score_window: window_len=11, match_len=10, line_score=0.299, ratio_lines=0.286, final_score=0.362
trace:         score_window: window_len=28, match_len=10, line_score=0.364, ratio_lines=0.211, final_score=0.364
trace:         score_window: window_len=8, match_len=10, line_score=0.333, ratio_lines=0.333, final_score=0.398
trace:         score_window: window_len=12, match_len=10, line_score=0.297, ratio_lines=0.273, final_score=0.359
trace:         score_window: window_len=10, match_len=10, line_score=0.300, ratio_lines=0.300, final_score=0.300
trace:         score_window: window_len=7, match_len=10, line_score=0.353, ratio_lines=0.353, final_score=0.400
trace:         score_window: window_len=13, match_len=10, line_score=0.295, ratio_lines=0.261, final_score=0.311
trace:         score_window: window_len=9, match_len=10, line_score=0.316, ratio_lines=0.316, final_score=0.316
trace:         score_window: window_len=6, match_len=10, line_score=0.375, ratio_lines=0.375, final_score=0.467
trace:         score_window: window_len=14, match_len=10, line_score=0.294, ratio_lines=0.250, final_score=0.309
trace:         score_window: window_len=5, match_len=10, line_score=0.400, ratio_lines=0.400, final_score=0.480
trace:         score_window: window_len=11, match_len=10, line_score=0.299, ratio_lines=0.286, final_score=0.299
trace:         score_window: window_len=8, match_len=10, line_score=0.333, ratio_lines=0.333, final_score=0.333
trace:         score_window: window_len=15, match_len=10, line_score=0.292, ratio_lines=0.240, final_score=0.292
trace:         score_window: window_len=4, match_len=10, line_score=0.429, ratio_lines=0.429, final_score=0.494
trace:         score_window: window_len=12, match_len=10, line_score=0.297, ratio_lines=0.273, final_score=0.297
trace:         score_window: window_len=7, match_len=10, line_score=0.353, ratio_lines=0.353, final_score=0.353
trace:         score_window: window_len=16, match_len=10, line_score=0.291, ratio_lines=0.231, final_score=0.291
trace:         score_window: window_len=17, match_len=10, line_score=0.290, ratio_lines=0.222, final_score=0.290
trace:         score_window: window_len=13, match_len=10, line_score=0.295, ratio_lines=0.261, final_score=0.295
trace:         score_window: window_len=6, match_len=10, line_score=0.250, ratio_lines=0.250, final_score=0.272
trace:         score_window: window_len=18, match_len=10, line_score=0.288, ratio_lines=0.214, final_score=0.288
trace:         score_window: window_len=14, match_len=10, line_score=0.294, ratio_lines=0.250, final_score=0.294
trace:         score_window: window_len=5, match_len=10, line_score=0.267, ratio_lines=0.267, final_score=0.283
trace:         score_window: window_len=19, match_len=10, line_score=0.287, ratio_lines=0.207, final_score=0.287
trace:         score_window: window_len=15, match_len=10, line_score=0.292, ratio_lines=0.240, final_score=0.292
trace:         score_window: window_len=10, match_len=10, line_score=0.200, ratio_lines=0.200, final_score=0.247
trace:         score_window: window_len=4, match_len=10, line_score=0.286, ratio_lines=0.286, final_score=0.291
trace:         score_window: window_len=9, match_len=10, line_score=0.211, ratio_lines=0.211, final_score=0.252
trace:         score_window: window_len=11, match_len=10, line_score=0.199, ratio_lines=0.190, final_score=0.242
trace:         score_window: window_len=8, match_len=10, line_score=0.222, ratio_lines=0.222, final_score=0.260
trace:         score_window: window_len=16, match_len=10, line_score=0.291, ratio_lines=0.231, final_score=0.291
trace:         score_window: window_len=12, match_len=10, line_score=0.198, ratio_lines=0.182, final_score=0.212
trace:         score_window: window_len=7, match_len=10, line_score=0.235, ratio_lines=0.235, final_score=0.266
trace:         score_window: window_len=13, match_len=10, line_score=0.197, ratio_lines=0.174, final_score=0.206
trace:         score_window: window_len=6, match_len=10, line_score=0.250, ratio_lines=0.250, final_score=0.273
trace:         score_window: window_len=17, match_len=10, line_score=0.290, ratio_lines=0.222, final_score=0.290
trace:         score_window: window_len=14, match_len=10, line_score=0.196, ratio_lines=0.167, final_score=0.196
trace:         score_window: window_len=5, match_len=10, line_score=0.267, ratio_lines=0.267, final_score=0.343
trace:         score_window: window_len=18, match_len=10, line_score=0.384, ratio_lines=0.286, final_score=0.384
trace:         score_window: window_len=15, match_len=10, line_score=0.195, ratio_lines=0.160, final_score=0.195
trace:         score_window: window_len=4, match_len=10, line_score=0.286, ratio_lines=0.286, final_score=0.352
trace:         score_window: window_len=19, match_len=10, line_score=0.382, ratio_lines=0.276, final_score=0.382
trace:         score_window: window_len=16, match_len=10, line_score=0.194, ratio_lines=0.154, final_score=0.194
trace:         score_window: window_len=20, match_len=10, line_score=0.380, ratio_lines=0.267, final_score=0.380
trace:         score_window: window_len=21, match_len=10, line_score=0.378, ratio_lines=0.258, final_score=0.378
trace:         score_window: window_len=17, match_len=10, line_score=0.193, ratio_lines=0.148, final_score=0.193
trace:         score_window: window_len=22, match_len=10, line_score=0.376, ratio_lines=0.250, final_score=0.376
trace:         score_window: window_len=18, match_len=10, line_score=0.192, ratio_lines=0.143, final_score=0.192
trace:         score_window: window_len=23, match_len=10, line_score=0.374, ratio_lines=0.242, final_score=0.374
trace:         score_window: window_len=19, match_len=10, line_score=0.191, ratio_lines=0.138, final_score=0.191
trace:         score_window: window_len=24, match_len=10, line_score=0.372, ratio_lines=0.235, final_score=0.372
trace:         score_window: window_len=25, match_len=10, line_score=0.370, ratio_lines=0.229, final_score=0.370
trace:         score_window: window_len=10, match_len=10, line_score=0.100, ratio_lines=0.100, final_score=0.213
trace:         score_window: window_len=26, match_len=10, line_score=0.368, ratio_lines=0.222, final_score=0.368
trace:         score_window: window_len=9, match_len=10, line_score=0.105, ratio_lines=0.105, final_score=0.216
trace:         score_window: window_len=27, match_len=10, line_score=0.366, ratio_lines=0.216, final_score=0.366
trace:         score_window: window_len=11, match_len=10, line_score=0.100, ratio_lines=0.095, final_score=0.184
trace:         score_window: window_len=8, match_len=10, line_score=0.111, ratio_lines=0.111, final_score=0.220
trace:         score_window: window_len=28, match_len=10, line_score=0.364, ratio_lines=0.211, final_score=0.364
trace:         score_window: window_len=12, match_len=10, line_score=0.099, ratio_lines=0.091, final_score=0.180
trace:         score_window: window_len=7, match_len=10, line_score=0.118, ratio_lines=0.118, final_score=0.226
trace:         score_window: window_len=10, match_len=10, line_score=0.300, ratio_lines=0.300, final_score=0.300
trace:         score_window: window_len=13, match_len=10, line_score=0.099, ratio_lines=0.087, final_score=0.171
trace:         score_window: window_len=9, match_len=10, line_score=0.316, ratio_lines=0.316, final_score=0.316
trace:         score_window: window_len=14, match_len=10, line_score=0.098, ratio_lines=0.083, final_score=0.167
trace:         score_window: window_len=11, match_len=10, line_score=0.299, ratio_lines=0.286, final_score=0.299
trace:         score_window: window_len=15, match_len=10, line_score=0.097, ratio_lines=0.080, final_score=0.159
trace:         score_window: window_len=8, match_len=10, line_score=0.333, ratio_lines=0.333, final_score=0.333
trace:         score_window: window_len=16, match_len=10, line_score=0.097, ratio_lines=0.077, final_score=0.156
trace:         score_window: window_len=12, match_len=10, line_score=0.297, ratio_lines=0.273, final_score=0.297
trace:         score_window: window_len=7, match_len=10, line_score=0.353, ratio_lines=0.353, final_score=0.353
trace:         score_window: window_len=17, match_len=10, line_score=0.097, ratio_lines=0.074, final_score=0.153
trace:         score_window: window_len=13, match_len=10, line_score=0.295, ratio_lines=0.261, final_score=0.295
trace:         score_window: window_len=6, match_len=10, line_score=0.375, ratio_lines=0.375, final_score=0.375
trace:         score_window: window_len=10, match_len=10, line_score=0.400, ratio_lines=0.400, final_score=0.400
trace:         score_window: window_len=14, match_len=10, line_score=0.294, ratio_lines=0.250, final_score=0.294
trace:         score_window: window_len=9, match_len=10, line_score=0.421, ratio_lines=0.421, final_score=0.421
trace:         score_window: window_len=5, match_len=10, line_score=0.267, ratio_lines=0.267, final_score=0.267
trace:         score_window: window_len=11, match_len=10, line_score=0.398, ratio_lines=0.381, final_score=0.398
trace:         score_window: window_len=8, match_len=10, line_score=0.444, ratio_lines=0.444, final_score=0.444
trace:         score_window: window_len=15, match_len=10, line_score=0.292, ratio_lines=0.240, final_score=0.292
trace:         score_window: window_len=4, match_len=10, line_score=0.286, ratio_lines=0.286, final_score=0.286
trace:         score_window: window_len=12, match_len=10, line_score=0.396, ratio_lines=0.364, final_score=0.396
trace:         score_window: window_len=7, match_len=10, line_score=0.353, ratio_lines=0.353, final_score=0.353
trace:         score_window: window_len=16, match_len=10, line_score=0.291, ratio_lines=0.231, final_score=0.291
trace:         score_window: window_len=13, match_len=10, line_score=0.394, ratio_lines=0.348, final_score=0.394
trace:         score_window: window_len=6, match_len=10, line_score=0.375, ratio_lines=0.375, final_score=0.375
trace:         score_window: window_len=17, match_len=10, line_score=0.386, ratio_lines=0.296, final_score=0.386
trace:         score_window: window_len=14, match_len=10, line_score=0.392, ratio_lines=0.333, final_score=0.392
trace:         score_window: window_len=5, match_len=10, line_score=0.400, ratio_lines=0.400, final_score=0.400
trace:         score_window: window_len=18, match_len=10, line_score=0.384, ratio_lines=0.286, final_score=0.384
trace:         score_window: window_len=15, match_len=10, line_score=0.390, ratio_lines=0.320, final_score=0.390
trace:         score_window: window_len=19, match_len=10, line_score=0.382, ratio_lines=0.276, final_score=0.382
trace:         score_window: window_len=4, match_len=10, line_score=0.286, ratio_lines=0.286, final_score=0.297
trace:         score_window: window_len=20, match_len=10, line_score=0.380, ratio_lines=0.267, final_score=0.380
trace:         score_window: window_len=16, match_len=10, line_score=0.388, ratio_lines=0.308, final_score=0.388
trace:         score_window: window_len=21, match_len=10, line_score=0.378, ratio_lines=0.258, final_score=0.378
trace:         score_window: window_len=22, match_len=10, line_score=0.376, ratio_lines=0.250, final_score=0.376
trace:         score_window: window_len=17, match_len=10, line_score=0.386, ratio_lines=0.296, final_score=0.386
trace:         score_window: window_len=23, match_len=10, line_score=0.374, ratio_lines=0.242, final_score=0.374
trace:         score_window: window_len=24, match_len=10, line_score=0.372, ratio_lines=0.235, final_score=0.372
trace:         score_window: window_len=18, match_len=10, line_score=0.384, ratio_lines=0.286, final_score=0.384
trace:         score_window: window_len=25, match_len=10, line_score=0.370, ratio_lines=0.229, final_score=0.370
trace:         score_window: window_len=26, match_len=10, line_score=0.368, ratio_lines=0.222, final_score=0.368
trace:         score_window: window_len=19, match_len=10, line_score=0.382, ratio_lines=0.276, final_score=0.382
trace:         score_window: window_len=20, match_len=10, line_score=0.380, ratio_lines=0.267, final_score=0.380
trace:         score_window: window_len=27, match_len=10, line_score=0.366, ratio_lines=0.216, final_score=0.366
trace:         score_window: window_len=21, match_len=10, line_score=0.378, ratio_lines=0.258, final_score=0.378
trace:         score_window: window_len=28, match_len=10, line_score=0.364, ratio_lines=0.211, final_score=0.364
trace:         score_window: window_len=22, match_len=10, line_score=0.376, ratio_lines=0.250, final_score=0.376
trace:         score_window: window_len=23, match_len=10, line_score=0.374, ratio_lines=0.242, final_score=0.374
trace:         score_window: window_len=10, match_len=10, line_score=0.200, ratio_lines=0.200, final_score=0.200
trace:         score_window: window_len=24, match_len=10, line_score=0.372, ratio_lines=0.235, final_score=0.372
trace:         score_window: window_len=25, match_len=10, line_score=0.370, ratio_lines=0.229, final_score=0.370
trace:         score_window: window_len=9, match_len=10, line_score=0.211, ratio_lines=0.211, final_score=0.211
trace:         score_window: window_len=11, match_len=10, line_score=0.199, ratio_lines=0.190, final_score=0.199
trace:         score_window: window_len=26, match_len=10, line_score=0.368, ratio_lines=0.222, final_score=0.368
trace:         score_window: window_len=8, match_len=10, line_score=0.222, ratio_lines=0.222, final_score=0.222
trace:         score_window: window_len=27, match_len=10, line_score=0.366, ratio_lines=0.216, final_score=0.366
trace:         score_window: window_len=12, match_len=10, line_score=0.198, ratio_lines=0.182, final_score=0.198
trace:         score_window: window_len=28, match_len=10, line_score=0.364, ratio_lines=0.211, final_score=0.364
trace:         score_window: window_len=7, match_len=10, line_score=0.235, ratio_lines=0.235, final_score=0.235
trace:         score_window: window_len=13, match_len=10, line_score=0.197, ratio_lines=0.174, final_score=0.197
trace:         score_window: window_len=6, match_len=10, line_score=0.250, ratio_lines=0.250, final_score=0.254
trace:         score_window: window_len=10, match_len=10, line_score=0.200, ratio_lines=0.200, final_score=0.285
trace:         score_window: window_len=9, match_len=10, line_score=0.211, ratio_lines=0.211, final_score=0.271
trace:         score_window: window_len=11, match_len=10, line_score=0.199, ratio_lines=0.190, final_score=0.277
trace:         score_window: window_len=14, match_len=10, line_score=0.196, ratio_lines=0.167, final_score=0.196
trace:         score_window: window_len=8, match_len=10, line_score=0.222, ratio_lines=0.222, final_score=0.279
trace:         score_window: window_len=5, match_len=10, line_score=0.267, ratio_lines=0.267, final_score=0.267
trace:         score_window: window_len=12, match_len=10, line_score=0.198, ratio_lines=0.182, final_score=0.270
trace:         score_window: window_len=15, match_len=10, line_score=0.195, ratio_lines=0.160, final_score=0.196
trace:         score_window: window_len=7, match_len=10, line_score=0.235, ratio_lines=0.235, final_score=0.282
trace:         score_window: window_len=13, match_len=10, line_score=0.197, ratio_lines=0.174, final_score=0.197
trace:         score_window: window_len=16, match_len=10, line_score=0.291, ratio_lines=0.231, final_score=0.291
trace:         score_window: window_len=6, match_len=10, line_score=0.250, ratio_lines=0.250, final_score=0.272
trace:         score_window: window_len=14, match_len=10, line_score=0.196, ratio_lines=0.167, final_score=0.196
trace:         score_window: window_len=5, match_len=10, line_score=0.267, ratio_lines=0.267, final_score=0.267
trace:         score_window: window_len=17, match_len=10, line_score=0.290, ratio_lines=0.222, final_score=0.290
trace:         score_window: window_len=18, match_len=10, line_score=0.288, ratio_lines=0.214, final_score=0.288
trace:         score_window: window_len=15, match_len=10, line_score=0.292, ratio_lines=0.240, final_score=0.292
trace:         score_window: window_len=4, match_len=10, line_score=0.286, ratio_lines=0.286, final_score=0.286
trace:         score_window: window_len=22, match_len=10, line_score=0.376, ratio_lines=0.250, final_score=0.376
trace:         score_window: window_len=23, match_len=10, line_score=0.374, ratio_lines=0.242, final_score=0.374
trace:         score_window: window_len=16, match_len=10, line_score=0.291, ratio_lines=0.231, final_score=0.291
trace:         score_window: window_len=24, match_len=10, line_score=0.372, ratio_lines=0.235, final_score=0.372
trace:         score_window: window_len=25, match_len=10, line_score=0.370, ratio_lines=0.229, final_score=0.370
trace:         score_window: window_len=17, match_len=10, line_score=0.290, ratio_lines=0.222, final_score=0.290
trace:         score_window: window_len=26, match_len=10, line_score=0.368, ratio_lines=0.222, final_score=0.368
trace:         score_window: window_len=27, match_len=10, line_score=0.366, ratio_lines=0.216, final_score=0.366
trace:         score_window: window_len=18, match_len=10, line_score=0.288, ratio_lines=0.214, final_score=0.288
trace:         score_window: window_len=28, match_len=10, line_score=0.364, ratio_lines=0.211, final_score=0.364
trace:         score_window: window_len=21, match_len=10, line_score=0.378, ratio_lines=0.258, final_score=0.378
trace:         score_window: window_len=22, match_len=10, line_score=0.376, ratio_lines=0.250, final_score=0.376
trace:         score_window: window_len=23, match_len=10, line_score=0.374, ratio_lines=0.242, final_score=0.374
trace:         score_window: window_len=10, match_len=10, line_score=0.100, ratio_lines=0.100, final_score=0.253
trace:         score_window: window_len=24, match_len=10, line_score=0.372, ratio_lines=0.235, final_score=0.372
trace:         score_window: window_len=25, match_len=10, line_score=0.370, ratio_lines=0.229, final_score=0.370
trace:         score_window: window_len=9, match_len=10, line_score=0.105, ratio_lines=0.105, final_score=0.259
trace:         score_window: window_len=26, match_len=10, line_score=0.368, ratio_lines=0.222, final_score=0.368
trace:         score_window: window_len=11, match_len=10, line_score=0.100, ratio_lines=0.095, final_score=0.246
trace:         score_window: window_len=27, match_len=10, line_score=0.366, ratio_lines=0.216, final_score=0.366
trace:         score_window: window_len=8, match_len=10, line_score=0.111, ratio_lines=0.111, final_score=0.243
trace:         score_window: window_len=28, match_len=10, line_score=0.364, ratio_lines=0.211, final_score=0.364
trace:         score_window: window_len=12, match_len=10, line_score=0.099, ratio_lines=0.091, final_score=0.133
trace:         score_window: window_len=7, match_len=10, line_score=0.118, ratio_lines=0.118, final_score=0.251
trace:         score_window: window_len=13, match_len=10, line_score=0.099, ratio_lines=0.087, final_score=0.153
trace:         score_window: window_len=14, match_len=10, line_score=0.196, ratio_lines=0.167, final_score=0.196
trace:         score_window: window_len=15, match_len=10, line_score=0.195, ratio_lines=0.160, final_score=0.223
trace:         score_window: window_len=16, match_len=10, line_score=0.194, ratio_lines=0.154, final_score=0.218
trace:         score_window: window_len=17, match_len=10, line_score=0.193, ratio_lines=0.148, final_score=0.214
trace:         score_window: window_len=24, match_len=10, line_score=0.372, ratio_lines=0.235, final_score=0.372
trace:         score_window: window_len=25, match_len=10, line_score=0.370, ratio_lines=0.229, final_score=0.370
trace:         score_window: window_len=26, match_len=10, line_score=0.368, ratio_lines=0.222, final_score=0.368
trace:         score_window: window_len=27, match_len=10, line_score=0.366, ratio_lines=0.216, final_score=0.366
trace:         score_window: window_len=28, match_len=10, line_score=0.364, ratio_lines=0.211, final_score=0.364
debug:       compute_scored_windows (parallel) complete: scored 1808 window(s). Best candidate score=0.793 at line 237 (len=9).
trace:       Top fuzzy match candidates:
trace:         - Index 236, Len 9: Score 0.793 (Ratio 0.793) | Content: ["     */", "", "    dev->mode_config.preferred_depth = 24;", "    dev->mode_config.prefer_shadow = 1;", "", "    dev->mode_config.async_page_flip = false;", "", "    /* Initialize output polling support */", ""]
trace:         - Index 238, Len 6: Score 0.750 (Ratio 0.750) | Content: ["    dev->mode_config.preferred_depth = 24;", "    dev->mode_config.prefer_shadow = 1;", "", "    dev->mode_config.async_page_flip = false;", "", "    /* Initialize output polling support */"]
trace:         - Index 237, Len 9: Score 0.739 (Ratio 0.739) | Content: ["", "    dev->mode_config.preferred_depth = 24;", "    dev->mode_config.prefer_shadow = 1;", "", "    dev->mode_config.async_page_flip = false;", "", "    /* Initialize output polling support */", "", "    drm_kms_helper_poll_init(dev);"]
trace:         - Index 238, Len 9: Score 0.739 (Ratio 0.739) | Content: ["    dev->mode_config.preferred_depth = 24;", "    dev->mode_config.prefer_shadow = 1;", "", "    dev->mode_config.async_page_flip = false;", "", "    /* Initialize output polling support */", "", "    drm_kms_helper_poll_init(dev);", ""]
trace:         - Index 237, Len 10: Score 0.736 (Ratio 0.736) | Content: ["", "    dev->mode_config.preferred_depth = 24;", "    dev->mode_config.prefer_shadow = 1;", "", "    dev->mode_config.async_page_flip = false;", "", "    /* Initialize output polling support */", "", "    drm_kms_helper_poll_init(dev);", ""]
trace:         New best score: 0.300 (ratio 0.300 [l:0.300,w:0.163]) at index 214 (window len 10)
trace:         New best score: 0.326 (ratio 0.326 [l:0.286,w:0.220]) at index 214 (window len 11)
trace:         New best score: 0.394 (ratio 0.394 [l:0.348,w:0.245]) at index 214 (window len 13)
trace:         New best score: 0.547 (ratio 0.547 [l:0.057,w:0.000]) at index 214 (window len 25)
trace:         New best score: 0.601 (ratio 0.601 [l:0.111,w:0.000]) at index 214 (window len 26)
trace:         New best score: 0.652 (ratio 0.652 [l:0.162,w:0.000]) at index 214 (window len 27)
trace:         New best score: 0.657 (ratio 0.657 [l:0.167,w:0.000]) at index 215 (window len 26)
trace:         New best score: 0.661 (ratio 0.661 [l:0.171,w:0.000]) at index 216 (window len 25)
trace:         New best score: 0.666 (ratio 0.666 [l:0.176,w:0.000]) at index 217 (window len 24)
trace:         New best score: 0.672 (ratio 0.672 [l:0.182,w:0.000]) at index 218 (window len 23)
trace:         New best score: 0.677 (ratio 0.677 [l:0.188,w:0.000]) at index 219 (window len 22)
trace:         New best score: 0.684 (ratio 0.684 [l:0.194,w:0.000]) at index 220 (window len 21)
trace:         New best score: 0.690 (ratio 0.690 [l:0.200,w:0.000]) at index 221 (window len 20)
trace:         New best score: 0.697 (ratio 0.697 [l:0.207,w:0.000]) at index 222 (window len 19)
trace:         New best score: 0.697 (ratio 0.697 [l:0.143,w:0.000]) at index 231 (window len 4)
trace:         New best score: 0.698 (ratio 0.698 [l:0.118,w:0.000]) at index 232 (window len 7)
trace:         New best score: 0.699 (ratio 0.699 [l:0.125,w:0.000]) at index 233 (window len 6)
trace:         New best score: 0.731 (ratio 0.731 [l:0.600,w:0.611]) at index 235 (window len 10)
trace:         New best score: 0.734 (ratio 0.734 [l:0.632,w:0.617]) at index 235 (window len 9)
trace:         New best score: 0.793 (ratio 0.793 [l:0.632,w:0.699]) at index 236 (window len 9)
debug:     Strategy 3 (Fuzzy): 14 window(s) met threshold 0.70
trace:       Top 3 passing candidates: [("0.793", 237, 9), ("0.750", 239, 6), ("0.739", 238, 9)]
debug:     Top fuzzy candidate: start line 237 (len=9, score=0.793)
trace:       Adding candidate location at line 239 (len=6, score=0.750)
trace:       Adding candidate location at line 238 (len=9, score=0.739)
trace:       Adding candidate location at line 239 (len=9, score=0.739)
trace:       Adding candidate location at line 238 (len=10, score=0.736)
trace:       Adding candidate location at line 236 (len=9, score=0.734)
trace:       Adding candidate location at line 237 (len=10, score=0.733)
trace:       Adding candidate location at line 236 (len=10, score=0.731)
trace:       Adding candidate location at line 237 (len=11, score=0.730)
trace:       Adding candidate location at line 239 (len=8, score=0.712)
trace:       Adding candidate location at line 237 (len=8, score=0.708)
trace:       Adding candidate location at line 238 (len=8, score=0.708)
trace:       Adding candidate location at line 238 (len=7, score=0.706)
trace:       Adding candidate location at line 239 (len=7, score=0.706)
debug:     Strategy 3 (Fuzzy): selected 14 candidate location(s)
trace:   Pruned candidates by min_span 4: 14 -> 14 candidate(s)
trace: DefaultHunkFinder::find_candidate_locations: returning 14 candidate(s)
debug:   Found 14 candidate location(s) for hunk. Testing sequentially...
trace:   Evaluating candidate 1/14 at location HunkLocation { start_index: 236, length: 9 } (match_type: Fuzzy { score: 0.7934435844421387 })
debug:   Found location HunkLocation { start_index: 236, length: 9 } with match type Fuzzy { score: 0.7934435844421387 }. Applying changes.
debug:   try_apply_hunk_at_location: target line 237 (length 9), match_type=Fuzzy { score: 0.7934435844421387 }, total target lines=903.
trace: Hunk::get_match_block: extracted 10 match line(s)
trace:     Match block lines: 10 | Total hunk lines: 10
trace:     Target slice to replace: ["     */", "", "    dev->mode_config.preferred_depth = 24;", "    dev->mode_config.prefer_shadow = 1;", "", "    dev->mode_config.async_page_flip = false;", "", "    /* Initialize output polling support */", ""]
trace:     Ellipsis flags: has_ellipsis=false, is_literal_match=false, is_wildcard_gap_match=false
debug:     Applying hunk via robust reconstruction logic (preserving file context & adjusting indent).
trace:       Fuzzy match location: start=236, len=9
trace:       File content in matched range (9 line(s)): ["     */", "", "    dev->mode_config.preferred_depth = 24;", "    dev->mode_config.prefer_shadow = 1;", "", "    dev->mode_config.async_page_flip = false;", "", "    /* Initialize output polling support */", ""]
trace:       Parsed hunk: 10 match line(s), 0 initial addition(s).
trace: Hunk::get_match_block: extracted 10 match line(s)
trace:       Computed diff between match block and file slice: 5 operation(s), similarity ratio=0.632
trace:       Initial Indentation Context: Hunk='    ', Target='    '
trace:       Active baseline indentation: hunk='    ', target='    '
trace:       DiffOp::Insert: preserving 2 local insertion line(s) from target file (new_idx=0)
trace:         Preserving inserted line: '     */'
trace:         Preserving inserted line: ''
trace:       DiffOp::Equal: 3 line(s) aligned (hunk old_idx=0, file new_idx=2)
trace:         Equal: preserving target line: '    dev->mode_config.preferred_depth = 24;'
trace:         Equal: preserving target line: '    dev->mode_config.prefer_shadow = 1;'
trace:         Equal: preserving target line: ''
trace:       DiffOp::Delete: 4 line(s) missing from target file (hunk old_idx=3)
trace:         Skipping deleted line "    /* Currently unused. Update when needed. */" from old hunk, applying its 0 addition(s)
trace:         Skipping deleted line "" from old hunk, applying its 0 addition(s)
trace:         Skipping deleted line "    dev->mode_config.fb_base = 0;" from old hunk, applying its 0 addition(s)
trace:         Skipping deleted line "" from old hunk, applying its 0 addition(s)
trace:       DiffOp::Equal: 3 line(s) aligned (hunk old_idx=7, file new_idx=5)
trace:         Equal: preserving target line: '    dev->mode_config.async_page_flip = false;'
trace:         Equal: preserving target line: ''
trace:         Equal: preserving target line: '    /* Initialize output polling support */'
trace:       DiffOp::Insert: preserving 1 local insertion line(s) from target file (new_idx=8)
trace:         Preserving inserted line: ''
debug:     Robust reconstruction complete: produced 9 replacement line(s) for 9 target line(s).
trace:   Splicing final replacement block into target lines: range [236..245], replacement line count=9
  try_apply_hunk_at_location: successfully spliced hunk at line 237 (replaced 9 line(s), resulting target lines=903)
trace:     Replaced lines: ["     */", "", "    dev->mode_config.preferred_depth = 24;", "    dev->mode_config.prefer_shadow = 1;", "", "    dev->mode_config.async_page_flip = false;", "", "    /* Initialize output polling support */", ""]
debug:   Candidate 1/14 at HunkLocation { start_index: 236, length: 9 } succeeded! Hunk applied cleanly.
debug:   HunkApplier: hunk 1 application outcome: Applied { location: HunkLocation { start_index: 236, length: 9 }, match_type: Fuzzy { score: 0.7934435844421387 }, replaced_lines: ["     */", "", "    dev->mode_config.preferred_depth = 24;", "    dev->mode_config.prefer_shadow = 1;", "", "    dev->mode_config.async_page_flip = false;", "", "    /* Initialize output polling support */", ""] }
trace:   HunkApplier: hunk 1 applied at line 237 (len=9), delta=0, target lines now=903
  Applying Hunk 1/1...
debug:     Successfully applied Hunk 1 at line 237 via Fuzzy { score: 0.7934435844421387 }
trace:     Replaced lines:
trace:       -      */
trace:       - 
trace:       -     dev->mode_config.preferred_depth = 24;
trace:       -     dev->mode_config.prefer_shadow = 1;
trace:       - 
trace:       -     dev->mode_config.async_page_flip = false;
trace:       - 
trace:       -     /* Initialize output polling support */
trace:       - 
debug: HunkApplier::into_content: assembling final content from 903 line(s) (touched_eof=false, patch_ends_with_newline=true, original_ends_with_newline=true)
trace: HunkApplier::into_content: resulting content has 24530 bytes (903 lines, ends_with_newline=true)
  DRY RUN: Evaluated changes for 'nvidia-drm/nvidia-drm-drv.c' (1 hunks, clean=true)
trace:   Generating diff for dry run...
debug:   [4/4] Applying patch for 'nvidia-drm/nvidia-drm.Kbuild' (1 hunk(s))
Applying patch to: nvidia-drm/nvidia-drm.Kbuild
debug:   apply_patch_to_file: target_dir='.', hunks=1, dry_run=true, fuzz=0.70
trace:   Checking path safety for base '.' and relative path 'nvidia-drm/nvidia-drm.Kbuild'
trace:   ensure_path_is_safe: canonicalized base directory '/home/gabi/github/nvidia-390xx-utils/src/NVIDIA-Linux-x86_64-390.157-no-compat32/kernel'
trace:   ensure_path_is_safe: processing component 'Normal("nvidia-drm")' on virtual path '/home/gabi/github/nvidia-390xx-utils/src/NVIDIA-Linux-x86_64-390.157-no-compat32/kernel'
trace:   ensure_path_is_safe: processing component 'Normal("nvidia-drm.Kbuild")' on virtual path '/home/gabi/github/nvidia-390xx-utils/src/NVIDIA-Linux-x86_64-390.157-no-compat32/kernel/nvidia-drm'
trace:   Path safety verified: 'nvidia-drm/nvidia-drm.Kbuild' safely resolves to '/home/gabi/github/nvidia-390xx-utils/src/NVIDIA-Linux-x86_64-390.157-no-compat32/kernel/nvidia-drm/nvidia-drm.Kbuild'
debug:   Resolved safe target path: '/home/gabi/github/nvidia-390xx-utils/src/NVIDIA-Linux-x86_64-390.157-no-compat32/kernel/nvidia-drm/nvidia-drm.Kbuild'
debug:   Target file exists: '/home/gabi/github/nvidia-390xx-utils/src/NVIDIA-Linux-x86_64-390.157-no-compat32/kernel/nvidia-drm/nvidia-drm.Kbuild'. Reading content...
trace:     Read 5282 bytes (108 lines) from target file.
debug:   Applying patch logic to content in-memory...
debug: apply_patch_to_content: patch for 'nvidia-drm/nvidia-drm.Kbuild' (1 hunks), original content: 5282 bytes
debug:   apply_patch_to_lines called with 108 lines of original content.
debug: resolve_hunk_line_hints: evaluating 1 hunk(s) across 108 target lines
trace: Hunk::get_match_block: extracted 5 match line(s)
trace:   Hunk 1: already has explicit line hint 106
trace: resolve_hunk_line_hints: beginning relaxation pass 1
debug: resolve_hunk_line_hints: completed hint resolution. 1/1 hunk(s) have anchors.
debug: HunkApplier: initialized with 1 hunk(s) across 108 line(s) of target content (fuzz_factor=0.70, dry_run=true)
trace: HunkApplier::set_original_newline_status: original_ends_with_newline=true
debug: apply_hunk_to_lines: applying hunk with 6 line(s) against target with 108 line(s)
trace: Hunk::get_match_block: extracted 5 match line(s)
trace:   Match block: ["NV_CONFTEST_TYPE_COMPILE_TESTS += dma_resv_add_fence", "NV_CONFTEST_TYPE_COMPILE_TESTS += dma_resv_reserve_fences", "NV_CONFTEST_TYPE_COMPILE_TESTS += reservation_object_reserve_shared_has_num_fences_arg", "- ", "2.20.1"]
trace: Hunk::get_replace_block: extracted 5 replacement line(s)
trace:   Replace block: ["NV_CONFTEST_TYPE_COMPILE_TESTS += dma_resv_add_fence", "NV_CONFTEST_TYPE_COMPILE_TESTS += dma_resv_reserve_fences", "NV_CONFTEST_TYPE_COMPILE_TESTS += reservation_object_reserve_shared_has_num_fences_arg", "NV_CONFTEST_TYPE_COMPILE_TESTS += drm_connector_has_override_edid", "2.20.1"]
trace: Hunk::has_changes: true
trace: Hunk::get_match_block: extracted 5 match line(s)
trace: Hunk::required_match_span: calculated required match span as 2 line(s) (first_match_idx=Some(2), last_match_idx=Some(3))
trace: DefaultHunkFinder::find_candidate_locations: match block len=5, required_match_span=2, target lines=108
trace:   find_hunk_location_internal: match_block has 5 lines (entropy=true), target has 108 lines
trace:   find_hunk_location_internal called for a hunk with 5 lines to match against 108 target lines.
trace:     Attempting exact match for hunk (match block has 5 line(s))...
trace: tie_break_with_line_number: strategy='exact', hint=Some(106), entropy=true
trace:       No exact matches found.
trace:     Strategy 1 (Exact): no exact match found.
trace:     Attempting exact match (ignoring trailing whitespace) for hunk (match block has 5 line(s))...
trace: tie_break_with_line_number: strategy='exact (ignoring whitespace)', hint=Some(106), entropy=true
trace:       No exact (ignoring whitespace) matches found.
trace:     Strategy 2 (Whitespace-insensitive): no match found.
debug:     Strategy 3 (Fuzzy): beginning flexible window fuzzy search (threshold=0.70, match block len=0.7)
trace:       Hunk match block (5 lines): ["NV_CONFTEST_TYPE_COMPILE_TESTS += dma_resv_add_fence", "NV_CONFTEST_TYPE_COMPILE_TESTS += dma_resv_reserve_fences", "NV_CONFTEST_TYPE_COMPILE_TESTS += reservation_object_reserve_shared_has_num_fences_arg", "- ", "2.20.1"]
trace:       Searching with window sizes from 2 to 27 (hunk size: 5, fuzz distance: 22)
debug:       find_search_ranges: analyzing 5 match line(s) against 108 target line(s).
trace:         Identified 4 high-entropy candidate anchor line(s) (search_radius=15, max candidates to test=100)
debug:         Spatial consensus: 3 anchor(s) agree on start near line 113
debug:       Found anchor line (hunk line 3) with 1 occurrences.
trace:         Anchor text: 'NV_CONFTEST_TYPE_COMPILE_TESTS += reservation_object_reserve_shared_has_num_fences_arg'
trace:         Occurrence at target line 108: window estimated [91..108] (search radius +/-15)
trace:         Raw ranges before merging: [(90, 108)]
trace: merge_ranges: merging 1 input range(s): [(90, 108)]
trace: merge_ranges: result 1 disjoint range(s): [(90, 108)]
debug:       Search ranges merged: 1 disjoint range(s) covering 18/108 line(s) (83.3% pruned): [(90, 108)]
trace:     Using search ranges: [(90, 108)]
debug:       compute_scored_windows (parallel): evaluating 153 candidate window(s) across 1 range(s) (window lengths 2..=27)
trace:         Match block length: 5, Target line count: 108, Search ranges: [(90, 108)]
trace:         score_window: window_len=5, match_len=5, line_score=0.000, ratio_lines=0.000, final_score=0.483
trace:         score_window: window_len=4, match_len=5, line_score=0.000, ratio_lines=0.000, final_score=0.529
trace:         score_window: window_len=4, match_len=5, line_score=0.000, ratio_lines=0.000, final_score=0.535
trace:         score_window: window_len=3, match_len=5, line_score=0.000, ratio_lines=0.000, final_score=0.577
trace:         score_window: window_len=2, match_len=5, line_score=0.000, ratio_lines=0.000, final_score=0.540
trace:         score_window: window_len=9, match_len=5, line_score=0.384, ratio_lines=0.286, final_score=0.384
trace:         score_window: window_len=3, match_len=5, line_score=0.000, ratio_lines=0.000, final_score=0.592
trace:         score_window: window_len=10, match_len=5, line_score=0.570, ratio_lines=0.400, final_score=0.570
trace:         score_window: window_len=2, match_len=5, line_score=0.000, ratio_lines=0.000, final_score=0.446
trace:         score_window: window_len=18, match_len=5, line_score=0.522, ratio_lines=0.261, final_score=0.522
trace:         score_window: window_len=5, match_len=5, line_score=0.000, ratio_lines=0.000, final_score=0.521
trace:         score_window: window_len=4, match_len=5, line_score=0.000, ratio_lines=0.000, final_score=0.543
trace:         score_window: window_len=4, match_len=5, line_score=0.000, ratio_lines=0.000, final_score=0.556
trace:         score_window: window_len=3, match_len=5, line_score=0.000, ratio_lines=0.000, final_score=0.604
trace:         score_window: window_len=3, match_len=5, line_score=0.000, ratio_lines=0.000, final_score=0.580
trace:         score_window: window_len=2, match_len=5, line_score=0.000, ratio_lines=0.000, final_score=0.485
trace:         score_window: window_len=2, match_len=5, line_score=0.000, ratio_lines=0.000, final_score=0.521
trace:         score_window: window_len=8, match_len=5, line_score=0.388, ratio_lines=0.308, final_score=0.388
trace:         score_window: window_len=9, match_len=5, line_score=0.576, ratio_lines=0.429, final_score=0.576
trace:         score_window: window_len=17, match_len=5, line_score=0.528, ratio_lines=0.273, final_score=0.528
trace:         score_window: window_len=5, match_len=5, line_score=0.000, ratio_lines=0.000, final_score=0.479
trace:         score_window: window_len=4, match_len=5, line_score=0.000, ratio_lines=0.000, final_score=0.477
trace:         score_window: window_len=4, match_len=5, line_score=0.000, ratio_lines=0.000, final_score=0.533
trace:         score_window: window_len=3, match_len=5, line_score=0.000, ratio_lines=0.000, final_score=0.516
trace:         score_window: window_len=7, match_len=5, line_score=0.392, ratio_lines=0.333, final_score=0.392
trace:         score_window: window_len=3, match_len=5, line_score=0.000, ratio_lines=0.000, final_score=0.516
trace:         score_window: window_len=16, match_len=5, line_score=0.534, ratio_lines=0.286, final_score=0.534
trace:         score_window: window_len=2, match_len=5, line_score=0.000, ratio_lines=0.000, final_score=0.509
trace:         score_window: window_len=8, match_len=5, line_score=0.582, ratio_lines=0.462, final_score=0.582
trace:         score_window: window_len=5, match_len=5, line_score=0.200, ratio_lines=0.200, final_score=0.508
trace:         score_window: window_len=5, match_len=5, line_score=0.000, ratio_lines=0.000, final_score=0.451
trace:         score_window: window_len=4, match_len=5, line_score=0.000, ratio_lines=0.000, final_score=0.528
trace:         score_window: window_len=4, match_len=5, line_score=0.000, ratio_lines=0.000, final_score=0.522
trace:         score_window: window_len=6, match_len=5, line_score=0.396, ratio_lines=0.364, final_score=0.396
trace:         score_window: window_len=3, match_len=5, line_score=0.000, ratio_lines=0.000, final_score=0.602
trace:         score_window: window_len=14, match_len=5, line_score=0.364, ratio_lines=0.211, final_score=0.364
trace:         score_window: window_len=15, match_len=5, line_score=0.540, ratio_lines=0.300, final_score=0.540
trace:         score_window: window_len=3, match_len=5, line_score=0.000, ratio_lines=0.000, final_score=0.587
trace:         score_window: window_len=7, match_len=5, line_score=0.588, ratio_lines=0.500, final_score=0.588
trace:         score_window: window_len=2, match_len=5, line_score=0.000, ratio_lines=0.000, final_score=0.530
trace:         score_window: window_len=5, match_len=5, line_score=0.000, ratio_lines=0.000, final_score=0.448
trace:         score_window: window_len=5, match_len=5, line_score=0.400, ratio_lines=0.400, final_score=0.428
trace:         score_window: window_len=4, match_len=5, line_score=0.000, ratio_lines=0.000, final_score=0.545
trace:         score_window: window_len=4, match_len=5, line_score=0.222, ratio_lines=0.222, final_score=0.544
trace:         score_window: window_len=6, match_len=5, line_score=0.594, ratio_lines=0.545, final_score=0.594
trace:         score_window: window_len=3, match_len=5, line_score=0.000, ratio_lines=0.000, final_score=0.516
trace:         score_window: window_len=13, match_len=5, line_score=0.368, ratio_lines=0.222, final_score=0.368
trace:         score_window: window_len=14, match_len=5, line_score=0.546, ratio_lines=0.316, final_score=0.546
trace:         score_window: window_len=3, match_len=5, line_score=0.000, ratio_lines=0.000, final_score=0.561
trace:         score_window: window_len=2, match_len=5, line_score=0.000, ratio_lines=0.000, final_score=0.507
trace:         score_window: window_len=4, match_len=5, line_score=0.000, ratio_lines=0.000, final_score=0.477
trace:         score_window: window_len=5, match_len=5, line_score=0.600, ratio_lines=0.600, final_score=0.726
trace:         score_window: window_len=3, match_len=5, line_score=0.000, ratio_lines=0.000, final_score=0.586
trace:         score_window: window_len=12, match_len=5, line_score=0.372, ratio_lines=0.235, final_score=0.372
trace:         score_window: window_len=13, match_len=5, line_score=0.552, ratio_lines=0.333, final_score=0.552
trace:         score_window: window_len=4, match_len=5, line_score=0.444, ratio_lines=0.444, final_score=0.487
trace:         score_window: window_len=3, match_len=5, line_score=0.250, ratio_lines=0.250, final_score=0.591
trace:         score_window: window_len=4, match_len=5, line_score=0.000, ratio_lines=0.000, final_score=0.543
trace:         score_window: window_len=2, match_len=5, line_score=0.000, ratio_lines=0.000, final_score=0.481
trace:         score_window: window_len=4, match_len=5, line_score=0.667, ratio_lines=0.667, final_score=0.741
trace:         score_window: window_len=3, match_len=5, line_score=0.500, ratio_lines=0.500, final_score=0.587
trace:         score_window: window_len=2, match_len=5, line_score=0.286, ratio_lines=0.286, final_score=0.479
trace:         score_window: window_len=2, match_len=5, line_score=0.571, ratio_lines=0.571, final_score=0.653
trace:         score_window: window_len=3, match_len=5, line_score=0.000, ratio_lines=0.000, final_score=0.516
trace:         score_window: window_len=2, match_len=5, line_score=0.571, ratio_lines=0.571, final_score=0.804
trace:         score_window: window_len=2, match_len=5, line_score=0.000, ratio_lines=0.000, final_score=0.502
trace:         score_window: window_len=11, match_len=5, line_score=0.376, ratio_lines=0.250, final_score=0.376
trace:         score_window: window_len=12, match_len=5, line_score=0.558, ratio_lines=0.353, final_score=0.558
trace:         score_window: window_len=4, match_len=5, line_score=0.000, ratio_lines=0.000, final_score=0.518
trace:         score_window: window_len=3, match_len=5, line_score=0.000, ratio_lines=0.000, final_score=0.603
trace:         score_window: window_len=2, match_len=5, line_score=0.000, ratio_lines=0.000, final_score=0.489
trace:         score_window: window_len=10, match_len=5, line_score=0.380, ratio_lines=0.267, final_score=0.380
trace:         score_window: window_len=11, match_len=5, line_score=0.564, ratio_lines=0.375, final_score=0.564
debug:       compute_scored_windows (parallel) complete: scored 153 window(s). Best candidate score=0.804 at line 107 (len=2).
trace:       Top fuzzy match candidates:
trace:         - Index 106, Len 2: Score 0.804 (Ratio 0.804) | Content: ["NV_CONFTEST_TYPE_COMPILE_TESTS += dma_resv_reserve_fences", "NV_CONFTEST_TYPE_COMPILE_TESTS += reservation_object_reserve_shared_has_num_fences_arg"]
trace:         - Index 105, Len 3: Score 0.750 (Ratio 0.750) | Content: ["NV_CONFTEST_TYPE_COMPILE_TESTS += dma_resv_add_fence", "NV_CONFTEST_TYPE_COMPILE_TESTS += dma_resv_reserve_fences", "NV_CONFTEST_TYPE_COMPILE_TESTS += reservation_object_reserve_shared_has_num_fences_arg"]
trace:         - Index 104, Len 4: Score 0.741 (Ratio 0.741) | Content: ["NV_CONFTEST_TYPE_COMPILE_TESTS += drm_device_has_pdev", "NV_CONFTEST_TYPE_COMPILE_TESTS += dma_resv_add_fence", "NV_CONFTEST_TYPE_COMPILE_TESTS += dma_resv_reserve_fences", "NV_CONFTEST_TYPE_COMPILE_TESTS += reservation_object_reserve_shared_has_num_fences_arg"]
trace:         - Index 103, Len 5: Score 0.726 (Ratio 0.726) | Content: ["NV_CONFTEST_TYPE_COMPILE_TESTS += drm_plane_atomic_check_has_atomic_state_arg", "NV_CONFTEST_TYPE_COMPILE_TESTS += drm_device_has_pdev", "NV_CONFTEST_TYPE_COMPILE_TESTS += dma_resv_add_fence", "NV_CONFTEST_TYPE_COMPILE_TESTS += dma_resv_reserve_fences", "NV_CONFTEST_TYPE_COMPILE_TESTS += reservation_object_reserve_shared_has_num_fences_arg"]
trace:         - Index 92, Len 15: Score 0.690 (Ratio 0.690) | Content: ["NV_CONFTEST_TYPE_COMPILE_TESTS += drm_gem_prime_export_has_dev_arg", "NV_CONFTEST_TYPE_COMPILE_TESTS += vm_fault_t", "NV_CONFTEST_TYPE_COMPILE_TESTS += drm_gem_object_has_resv", "NV_CONFTEST_TYPE_COMPILE_TESTS += mm_has_mmap_lock", "NV_CONFTEST_TYPE_COMPILE_TESTS += drm_display_mode_has_vrefresh", "NV_CONFTEST_TYPE_COMPILE_TESTS += drm_driver_master_set_has_int_return_type", "NV_CONFTEST_TYPE_COMPILE_TESTS += drm_driver_has_gem_free_object", "NV_CONFTEST_TYPE_COMPILE_TESTS += drm_prime_pages_to_sg_has_drm_device_arg", "NV_CONFTEST_TYPE_COMPILE_TESTS += drm_driver_has_gem_prime_callbacks", "NV_CONFTEST_TYPE_COMPILE_TESTS += drm_crtc_atomic_check_has_atomic_state_arg", "NV_CONFTEST_TYPE_COMPILE_TESTS += drm_gem_object_vmap_has_map_arg", "NV_CONFTEST_TYPE_COMPILE_TESTS += drm_plane_atomic_check_has_atomic_state_arg", "NV_CONFTEST_TYPE_COMPILE_TESTS += drm_device_has_pdev", "NV_CONFTEST_TYPE_COMPILE_TESTS += dma_resv_add_fence", "NV_CONFTEST_TYPE_COMPILE_TESTS += dma_resv_reserve_fences"]
trace:         New best score: 0.483 (ratio 0.483 [l:0.000,w:0.640]) at index 90 (window len 5)
trace:         New best score: 0.535 (ratio 0.535 [l:0.000,w:0.682]) at index 90 (window len 4)
trace:         New best score: 0.653 (ratio 0.653 [l:0.000,w:0.000]) at index 90 (window len 6)
trace:         New best score: 0.672 (ratio 0.672 [l:0.182,w:0.000]) at index 90 (window len 17)
trace:         New best score: 0.680 (ratio 0.680 [l:0.190,w:0.000]) at index 91 (window len 16)
trace:         New best score: 0.690 (ratio 0.690 [l:0.200,w:0.000]) at index 92 (window len 15)
trace:         New best score: 0.726 (ratio 0.726 [l:0.600,w:0.680]) at index 103 (window len 5)
trace:         New best score: 0.741 (ratio 0.741 [l:0.667,w:0.773]) at index 104 (window len 4)
trace:         New best score: 0.750 (ratio 0.750 [l:0.750,w:0.750]) at index 105 (window len 3)
trace:         New best score: 0.804 (ratio 0.804 [l:0.571,w:0.688]) at index 106 (window len 2)
debug:     Strategy 3 (Fuzzy): 4 window(s) met threshold 0.70
trace:       Top 3 passing candidates: [("0.804", 107, 2), ("0.750", 106, 3), ("0.741", 105, 4)]
debug:     Top fuzzy candidate: start line 107 (len=2, score=0.804)
trace:       Adding candidate location at line 106 (len=3, score=0.750)
trace:       Adding candidate location at line 105 (len=4, score=0.741)
trace:       Adding candidate location at line 104 (len=5, score=0.726)
debug:     Strategy 3 (Fuzzy): selected 4 candidate location(s)
trace:   Pruned candidates by min_span 2: 4 -> 4 candidate(s)
trace: DefaultHunkFinder::find_candidate_locations: returning 4 candidate(s)
debug:   Found 4 candidate location(s) for hunk. Testing sequentially...
trace:   Evaluating candidate 1/4 at location HunkLocation { start_index: 106, length: 2 } (match_type: Fuzzy { score: 0.8040085196495056 })
debug:   Found location HunkLocation { start_index: 106, length: 2 } with match type Fuzzy { score: 0.8040085196495056 }. Applying changes.
debug:   try_apply_hunk_at_location: target line 107 (length 2), match_type=Fuzzy { score: 0.8040085196495056 }, total target lines=108.
trace: Hunk::get_match_block: extracted 5 match line(s)
trace:     Match block lines: 5 | Total hunk lines: 6
trace:     Target slice to replace: ["NV_CONFTEST_TYPE_COMPILE_TESTS += dma_resv_reserve_fences", "NV_CONFTEST_TYPE_COMPILE_TESTS += reservation_object_reserve_shared_has_num_fences_arg"]
trace:     Ellipsis flags: has_ellipsis=false, is_literal_match=false, is_wildcard_gap_match=false
debug:     Applying hunk via robust reconstruction logic (preserving file context & adjusting indent).
trace:       Fuzzy match location: start=106, len=2
trace:       File content in matched range (2 line(s)): ["NV_CONFTEST_TYPE_COMPILE_TESTS += dma_resv_reserve_fences", "NV_CONFTEST_TYPE_COMPILE_TESTS += reservation_object_reserve_shared_has_num_fences_arg"]
trace:       Parsed hunk: 5 match line(s), 0 initial addition(s).
trace: Hunk::get_match_block: extracted 5 match line(s)
trace:       Computed diff between match block and file slice: 3 operation(s), similarity ratio=0.571
trace:       Active baseline indentation: hunk='', target=''
trace:       DiffOp::Delete: 1 line(s) missing from target file (hunk old_idx=0)
trace:         Skipping stale context line missing in target: "NV_CONFTEST_TYPE_COMPILE_TESTS += dma_resv_add_fence"
trace:       DiffOp::Equal: 2 line(s) aligned (hunk old_idx=1, file new_idx=0)
trace:         Equal: preserving target line: 'NV_CONFTEST_TYPE_COMPILE_TESTS += dma_resv_reserve_fences'
trace:         Equal: preserving target line: 'NV_CONFTEST_TYPE_COMPILE_TESTS += reservation_object_reserve_shared_has_num_fences_arg'
trace:         Appended 1 addition(s) after line 2
trace:         Equal: applying addition: 'NV_CONFTEST_TYPE_COMPILE_TESTS += drm_connector_has_override_edid'
trace:       DiffOp::Delete: 2 line(s) missing from target file (hunk old_idx=3)
warning:     Fuzzy match rejected: Tail context line(s) missing from target file.
debug:   Candidate 1/4 at HunkLocation { start_index: 106, length: 2 } failed with ContextNotFound. Backtracking...
trace:   Evaluating candidate 2/4 at location HunkLocation { start_index: 105, length: 3 } (match_type: Fuzzy { score: 0.75 })
debug:   Found location HunkLocation { start_index: 105, length: 3 } with match type Fuzzy { score: 0.75 }. Applying changes.
debug:   try_apply_hunk_at_location: target line 106 (length 3), match_type=Fuzzy { score: 0.75 }, total target lines=108.
trace: Hunk::get_match_block: extracted 5 match line(s)
trace:     Match block lines: 5 | Total hunk lines: 6
trace:     Target slice to replace: ["NV_CONFTEST_TYPE_COMPILE_TESTS += dma_resv_add_fence", "NV_CONFTEST_TYPE_COMPILE_TESTS += dma_resv_reserve_fences", "NV_CONFTEST_TYPE_COMPILE_TESTS += reservation_object_reserve_shared_has_num_fences_arg"]
trace:     Ellipsis flags: has_ellipsis=false, is_literal_match=false, is_wildcard_gap_match=false
debug:     Applying hunk via robust reconstruction logic (preserving file context & adjusting indent).
trace:       Fuzzy match location: start=105, len=3
trace:       File content in matched range (3 line(s)): ["NV_CONFTEST_TYPE_COMPILE_TESTS += dma_resv_add_fence", "NV_CONFTEST_TYPE_COMPILE_TESTS += dma_resv_reserve_fences", "NV_CONFTEST_TYPE_COMPILE_TESTS += reservation_object_reserve_shared_has_num_fences_arg"]
trace:       Parsed hunk: 5 match line(s), 0 initial addition(s).
trace: Hunk::get_match_block: extracted 5 match line(s)
trace:       Computed diff between match block and file slice: 2 operation(s), similarity ratio=0.750
trace:       Active baseline indentation: hunk='', target=''
trace:       DiffOp::Equal: 3 line(s) aligned (hunk old_idx=0, file new_idx=0)
trace:         Equal: preserving target line: 'NV_CONFTEST_TYPE_COMPILE_TESTS += dma_resv_add_fence'
trace:         Equal: preserving target line: 'NV_CONFTEST_TYPE_COMPILE_TESTS += dma_resv_reserve_fences'
trace:         Equal: preserving target line: 'NV_CONFTEST_TYPE_COMPILE_TESTS += reservation_object_reserve_shared_has_num_fences_arg'
trace:         Appended 1 addition(s) after line 2
trace:         Equal: applying addition: 'NV_CONFTEST_TYPE_COMPILE_TESTS += drm_connector_has_override_edid'
trace:       DiffOp::Delete: 2 line(s) missing from target file (hunk old_idx=3)
warning:     Fuzzy match rejected: Tail context line(s) missing from target file.
debug:   Candidate 2/4 at HunkLocation { start_index: 105, length: 3 } failed with ContextNotFound. Backtracking...
trace:   Evaluating candidate 3/4 at location HunkLocation { start_index: 104, length: 4 } (match_type: Fuzzy { score: 0.740909081697464 })
debug:   Found location HunkLocation { start_index: 104, length: 4 } with match type Fuzzy { score: 0.740909081697464 }. Applying changes.
debug:   try_apply_hunk_at_location: target line 105 (length 4), match_type=Fuzzy { score: 0.740909081697464 }, total target lines=108.
trace: Hunk::get_match_block: extracted 5 match line(s)
trace:     Match block lines: 5 | Total hunk lines: 6
trace:     Target slice to replace: ["NV_CONFTEST_TYPE_COMPILE_TESTS += drm_device_has_pdev", "NV_CONFTEST_TYPE_COMPILE_TESTS += dma_resv_add_fence", "NV_CONFTEST_TYPE_COMPILE_TESTS += dma_resv_reserve_fences", "NV_CONFTEST_TYPE_COMPILE_TESTS += reservation_object_reserve_shared_has_num_fences_arg"]
trace:     Ellipsis flags: has_ellipsis=false, is_literal_match=false, is_wildcard_gap_match=false
debug:     Applying hunk via robust reconstruction logic (preserving file context & adjusting indent).
trace:       Fuzzy match location: start=104, len=4
trace:       File content in matched range (4 line(s)): ["NV_CONFTEST_TYPE_COMPILE_TESTS += drm_device_has_pdev", "NV_CONFTEST_TYPE_COMPILE_TESTS += dma_resv_add_fence", "NV_CONFTEST_TYPE_COMPILE_TESTS += dma_resv_reserve_fences", "NV_CONFTEST_TYPE_COMPILE_TESTS += reservation_object_reserve_shared_has_num_fences_arg"]
trace:       Parsed hunk: 5 match line(s), 0 initial addition(s).
trace: Hunk::get_match_block: extracted 5 match line(s)
trace:       Computed diff between match block and file slice: 3 operation(s), similarity ratio=0.667
trace:       Active baseline indentation: hunk='', target=''
trace:       DiffOp::Insert: preserving 1 local insertion line(s) from target file (new_idx=0)
trace:         Preserving inserted line: 'NV_CONFTEST_TYPE_COMPILE_TESTS += drm_device_has_pdev'
trace:       DiffOp::Equal: 3 line(s) aligned (hunk old_idx=0, file new_idx=1)
trace:         Equal: preserving target line: 'NV_CONFTEST_TYPE_COMPILE_TESTS += dma_resv_add_fence'
trace:         Equal: preserving target line: 'NV_CONFTEST_TYPE_COMPILE_TESTS += dma_resv_reserve_fences'
trace:         Equal: preserving target line: 'NV_CONFTEST_TYPE_COMPILE_TESTS += reservation_object_reserve_shared_has_num_fences_arg'
trace:         Appended 1 addition(s) after line 2
trace:         Equal: applying addition: 'NV_CONFTEST_TYPE_COMPILE_TESTS += drm_connector_has_override_edid'
trace:       DiffOp::Delete: 2 line(s) missing from target file (hunk old_idx=3)
warning:     Fuzzy match rejected: Tail context line(s) missing from target file.
debug:   Candidate 3/4 at HunkLocation { start_index: 104, length: 4 } failed with ContextNotFound. Backtracking...
trace:   Evaluating candidate 4/4 at location HunkLocation { start_index: 103, length: 5 } (match_type: Fuzzy { score: 0.7257534086704255 })
debug:   Found location HunkLocation { start_index: 103, length: 5 } with match type Fuzzy { score: 0.7257534086704255 }. Applying changes.
debug:   try_apply_hunk_at_location: target line 104 (length 5), match_type=Fuzzy { score: 0.7257534086704255 }, total target lines=108.
trace: Hunk::get_match_block: extracted 5 match line(s)
trace:     Match block lines: 5 | Total hunk lines: 6
trace:     Target slice to replace: ["NV_CONFTEST_TYPE_COMPILE_TESTS += drm_plane_atomic_check_has_atomic_state_arg", "NV_CONFTEST_TYPE_COMPILE_TESTS += drm_device_has_pdev", "NV_CONFTEST_TYPE_COMPILE_TESTS += dma_resv_add_fence", "NV_CONFTEST_TYPE_COMPILE_TESTS += dma_resv_reserve_fences", "NV_CONFTEST_TYPE_COMPILE_TESTS += reservation_object_reserve_shared_has_num_fences_arg"]
trace:     Ellipsis flags: has_ellipsis=false, is_literal_match=false, is_wildcard_gap_match=false
debug:     Applying hunk via robust reconstruction logic (preserving file context & adjusting indent).
trace:       Fuzzy match location: start=103, len=5
trace:       File content in matched range (5 line(s)): ["NV_CONFTEST_TYPE_COMPILE_TESTS += drm_plane_atomic_check_has_atomic_state_arg", "NV_CONFTEST_TYPE_COMPILE_TESTS += drm_device_has_pdev", "NV_CONFTEST_TYPE_COMPILE_TESTS += dma_resv_add_fence", "NV_CONFTEST_TYPE_COMPILE_TESTS += dma_resv_reserve_fences", "NV_CONFTEST_TYPE_COMPILE_TESTS += reservation_object_reserve_shared_has_num_fences_arg"]
trace:       Parsed hunk: 5 match line(s), 0 initial addition(s).
trace: Hunk::get_match_block: extracted 5 match line(s)
trace:       Computed diff between match block and file slice: 3 operation(s), similarity ratio=0.600
trace:       Active baseline indentation: hunk='', target=''
trace:       DiffOp::Insert: preserving 2 local insertion line(s) from target file (new_idx=0)
trace:         Preserving inserted line: 'NV_CONFTEST_TYPE_COMPILE_TESTS += drm_plane_atomic_check_has_atomic_state_arg'
trace:         Preserving inserted line: 'NV_CONFTEST_TYPE_COMPILE_TESTS += drm_device_has_pdev'
trace:       DiffOp::Equal: 3 line(s) aligned (hunk old_idx=0, file new_idx=2)
trace:         Equal: preserving target line: 'NV_CONFTEST_TYPE_COMPILE_TESTS += dma_resv_add_fence'
trace:         Equal: preserving target line: 'NV_CONFTEST_TYPE_COMPILE_TESTS += dma_resv_reserve_fences'
trace:         Equal: preserving target line: 'NV_CONFTEST_TYPE_COMPILE_TESTS += reservation_object_reserve_shared_has_num_fences_arg'
trace:         Appended 1 addition(s) after line 2
trace:         Equal: applying addition: 'NV_CONFTEST_TYPE_COMPILE_TESTS += drm_connector_has_override_edid'
trace:       DiffOp::Delete: 2 line(s) missing from target file (hunk old_idx=3)
warning:     Fuzzy match rejected: Tail context line(s) missing from target file.
debug:   Candidate 4/4 at HunkLocation { start_index: 103, length: 5 } failed with ContextNotFound. Backtracking...
debug:   Strict application failed for all 4 candidate(s). Retrying with fallback context reconciliation...
trace:   Evaluating candidate 1/4 with lenient reconciliation at location HunkLocation { start_index: 106, length: 2 }
debug:   Found location HunkLocation { start_index: 106, length: 2 } with match type Fuzzy { score: 0.8040085196495056 }. Applying changes.
debug:   try_apply_hunk_at_location: target line 107 (length 2), match_type=Fuzzy { score: 0.8040085196495056 }, total target lines=108.
trace: Hunk::get_match_block: extracted 5 match line(s)
trace:     Match block lines: 5 | Total hunk lines: 6
trace:     Target slice to replace: ["NV_CONFTEST_TYPE_COMPILE_TESTS += dma_resv_reserve_fences", "NV_CONFTEST_TYPE_COMPILE_TESTS += reservation_object_reserve_shared_has_num_fences_arg"]
trace:     Ellipsis flags: has_ellipsis=false, is_literal_match=false, is_wildcard_gap_match=false
debug:     Applying hunk via robust reconstruction logic (preserving file context & adjusting indent).
trace:       Fuzzy match location: start=106, len=2
trace:       File content in matched range (2 line(s)): ["NV_CONFTEST_TYPE_COMPILE_TESTS += dma_resv_reserve_fences", "NV_CONFTEST_TYPE_COMPILE_TESTS += reservation_object_reserve_shared_has_num_fences_arg"]
trace:       Parsed hunk: 5 match line(s), 0 initial addition(s).
trace: Hunk::get_match_block: extracted 5 match line(s)
trace: normalize_line_delimiters: 'NV_CONFTEST_TYPE_COMPILE_TESTS += dma_resv_add_fence' -> 'NV_CONFTEST_TYPE_COMPILE_TESTS += dma_resv_add_fence'
trace: normalize_line_delimiters: 'NV_CONFTEST_TYPE_COMPILE_TESTS += dma_resv_reserve_fences' -> 'NV_CONFTEST_TYPE_COMPILE_TESTS += dma_resv_reserve_fences'
trace: normalize_line_delimiters: 'NV_CONFTEST_TYPE_COMPILE_TESTS += reservation_object_reserve_shared_has_num_fences_arg' -> 'NV_CONFTEST_TYPE_COMPILE_TESTS += reservation_object_reserve_shared_has_num_fences_arg'
trace: normalize_line_delimiters: '- ' -> '-'
trace: normalize_line_delimiters: '2.20.1' -> '2.20.1'
trace: normalize_line_delimiters: 'NV_CONFTEST_TYPE_COMPILE_TESTS += dma_resv_reserve_fences' -> 'NV_CONFTEST_TYPE_COMPILE_TESTS += dma_resv_reserve_fences'
trace: normalize_line_delimiters: 'NV_CONFTEST_TYPE_COMPILE_TESTS += reservation_object_reserve_shared_has_num_fences_arg' -> 'NV_CONFTEST_TYPE_COMPILE_TESTS += reservation_object_reserve_shared_has_num_fences_arg'
trace:       Computed diff between match block and file slice: 3 operation(s), similarity ratio=0.571
trace:       Active baseline indentation: hunk='', target=''
trace:       DiffOp::Delete: 1 line(s) missing from target file (hunk old_idx=0)
trace:         Skipping stale context line missing in target: "NV_CONFTEST_TYPE_COMPILE_TESTS += dma_resv_add_fence"
trace:       DiffOp::Equal: 2 line(s) aligned (hunk old_idx=1, file new_idx=0)
trace:         Equal: preserving target line: 'NV_CONFTEST_TYPE_COMPILE_TESTS += dma_resv_reserve_fences'
trace:         Equal: preserving target line: 'NV_CONFTEST_TYPE_COMPILE_TESTS += reservation_object_reserve_shared_has_num_fences_arg'
trace:         Appended 1 addition(s) after line 2
trace:         Equal: applying addition: 'NV_CONFTEST_TYPE_COMPILE_TESTS += drm_connector_has_override_edid'
trace:       DiffOp::Delete: 2 line(s) missing from target file (hunk old_idx=3)
warning:     Fuzzy match rejected: Tail context line(s) missing from target file.
trace:   Evaluating candidate 2/4 with lenient reconciliation at location HunkLocation { start_index: 105, length: 3 }
debug:   Found location HunkLocation { start_index: 105, length: 3 } with match type Fuzzy { score: 0.75 }. Applying changes.
debug:   try_apply_hunk_at_location: target line 106 (length 3), match_type=Fuzzy { score: 0.75 }, total target lines=108.
trace: Hunk::get_match_block: extracted 5 match line(s)
trace:     Match block lines: 5 | Total hunk lines: 6
trace:     Target slice to replace: ["NV_CONFTEST_TYPE_COMPILE_TESTS += dma_resv_add_fence", "NV_CONFTEST_TYPE_COMPILE_TESTS += dma_resv_reserve_fences", "NV_CONFTEST_TYPE_COMPILE_TESTS += reservation_object_reserve_shared_has_num_fences_arg"]
trace:     Ellipsis flags: has_ellipsis=false, is_literal_match=false, is_wildcard_gap_match=false
debug:     Applying hunk via robust reconstruction logic (preserving file context & adjusting indent).
trace:       Fuzzy match location: start=105, len=3
trace:       File content in matched range (3 line(s)): ["NV_CONFTEST_TYPE_COMPILE_TESTS += dma_resv_add_fence", "NV_CONFTEST_TYPE_COMPILE_TESTS += dma_resv_reserve_fences", "NV_CONFTEST_TYPE_COMPILE_TESTS += reservation_object_reserve_shared_has_num_fences_arg"]
trace:       Parsed hunk: 5 match line(s), 0 initial addition(s).
trace: Hunk::get_match_block: extracted 5 match line(s)
trace: normalize_line_delimiters: 'NV_CONFTEST_TYPE_COMPILE_TESTS += dma_resv_add_fence' -> 'NV_CONFTEST_TYPE_COMPILE_TESTS += dma_resv_add_fence'
trace: normalize_line_delimiters: 'NV_CONFTEST_TYPE_COMPILE_TESTS += dma_resv_reserve_fences' -> 'NV_CONFTEST_TYPE_COMPILE_TESTS += dma_resv_reserve_fences'
trace: normalize_line_delimiters: 'NV_CONFTEST_TYPE_COMPILE_TESTS += reservation_object_reserve_shared_has_num_fences_arg' -> 'NV_CONFTEST_TYPE_COMPILE_TESTS += reservation_object_reserve_shared_has_num_fences_arg'
trace: normalize_line_delimiters: '- ' -> '-'
trace: normalize_line_delimiters: '2.20.1' -> '2.20.1'
trace: normalize_line_delimiters: 'NV_CONFTEST_TYPE_COMPILE_TESTS += dma_resv_add_fence' -> 'NV_CONFTEST_TYPE_COMPILE_TESTS += dma_resv_add_fence'
trace: normalize_line_delimiters: 'NV_CONFTEST_TYPE_COMPILE_TESTS += dma_resv_reserve_fences' -> 'NV_CONFTEST_TYPE_COMPILE_TESTS += dma_resv_reserve_fences'
trace: normalize_line_delimiters: 'NV_CONFTEST_TYPE_COMPILE_TESTS += reservation_object_reserve_shared_has_num_fences_arg' -> 'NV_CONFTEST_TYPE_COMPILE_TESTS += reservation_object_reserve_shared_has_num_fences_arg'
trace:       Computed diff between match block and file slice: 2 operation(s), similarity ratio=0.750
trace:       Active baseline indentation: hunk='', target=''
trace:       DiffOp::Equal: 3 line(s) aligned (hunk old_idx=0, file new_idx=0)
trace:         Equal: preserving target line: 'NV_CONFTEST_TYPE_COMPILE_TESTS += dma_resv_add_fence'
trace:         Equal: preserving target line: 'NV_CONFTEST_TYPE_COMPILE_TESTS += dma_resv_reserve_fences'
trace:         Equal: preserving target line: 'NV_CONFTEST_TYPE_COMPILE_TESTS += reservation_object_reserve_shared_has_num_fences_arg'
trace:         Appended 1 addition(s) after line 2
trace:         Equal: applying addition: 'NV_CONFTEST_TYPE_COMPILE_TESTS += drm_connector_has_override_edid'
trace:       DiffOp::Delete: 2 line(s) missing from target file (hunk old_idx=3)
warning:     Fuzzy match rejected: Tail context line(s) missing from target file.
trace:   Evaluating candidate 3/4 with lenient reconciliation at location HunkLocation { start_index: 104, length: 4 }
debug:   Found location HunkLocation { start_index: 104, length: 4 } with match type Fuzzy { score: 0.740909081697464 }. Applying changes.
debug:   try_apply_hunk_at_location: target line 105 (length 4), match_type=Fuzzy { score: 0.740909081697464 }, total target lines=108.
trace: Hunk::get_match_block: extracted 5 match line(s)
trace:     Match block lines: 5 | Total hunk lines: 6
trace:     Target slice to replace: ["NV_CONFTEST_TYPE_COMPILE_TESTS += drm_device_has_pdev", "NV_CONFTEST_TYPE_COMPILE_TESTS += dma_resv_add_fence", "NV_CONFTEST_TYPE_COMPILE_TESTS += dma_resv_reserve_fences", "NV_CONFTEST_TYPE_COMPILE_TESTS += reservation_object_reserve_shared_has_num_fences_arg"]
trace:     Ellipsis flags: has_ellipsis=false, is_literal_match=false, is_wildcard_gap_match=false
debug:     Applying hunk via robust reconstruction logic (preserving file context & adjusting indent).
trace:       Fuzzy match location: start=104, len=4
trace:       File content in matched range (4 line(s)): ["NV_CONFTEST_TYPE_COMPILE_TESTS += drm_device_has_pdev", "NV_CONFTEST_TYPE_COMPILE_TESTS += dma_resv_add_fence", "NV_CONFTEST_TYPE_COMPILE_TESTS += dma_resv_reserve_fences", "NV_CONFTEST_TYPE_COMPILE_TESTS += reservation_object_reserve_shared_has_num_fences_arg"]
trace:       Parsed hunk: 5 match line(s), 0 initial addition(s).
trace: Hunk::get_match_block: extracted 5 match line(s)
trace: normalize_line_delimiters: 'NV_CONFTEST_TYPE_COMPILE_TESTS += dma_resv_add_fence' -> 'NV_CONFTEST_TYPE_COMPILE_TESTS += dma_resv_add_fence'
trace: normalize_line_delimiters: 'NV_CONFTEST_TYPE_COMPILE_TESTS += dma_resv_reserve_fences' -> 'NV_CONFTEST_TYPE_COMPILE_TESTS += dma_resv_reserve_fences'
trace: normalize_line_delimiters: 'NV_CONFTEST_TYPE_COMPILE_TESTS += reservation_object_reserve_shared_has_num_fences_arg' -> 'NV_CONFTEST_TYPE_COMPILE_TESTS += reservation_object_reserve_shared_has_num_fences_arg'
trace: normalize_line_delimiters: '- ' -> '-'
trace: normalize_line_delimiters: '2.20.1' -> '2.20.1'
trace: normalize_line_delimiters: 'NV_CONFTEST_TYPE_COMPILE_TESTS += drm_device_has_pdev' -> 'NV_CONFTEST_TYPE_COMPILE_TESTS += drm_device_has_pdev'
trace: normalize_line_delimiters: 'NV_CONFTEST_TYPE_COMPILE_TESTS += dma_resv_add_fence' -> 'NV_CONFTEST_TYPE_COMPILE_TESTS += dma_resv_add_fence'
trace: normalize_line_delimiters: 'NV_CONFTEST_TYPE_COMPILE_TESTS += dma_resv_reserve_fences' -> 'NV_CONFTEST_TYPE_COMPILE_TESTS += dma_resv_reserve_fences'
trace: normalize_line_delimiters: 'NV_CONFTEST_TYPE_COMPILE_TESTS += reservation_object_reserve_shared_has_num_fences_arg' -> 'NV_CONFTEST_TYPE_COMPILE_TESTS += reservation_object_reserve_shared_has_num_fences_arg'
trace:       Computed diff between match block and file slice: 3 operation(s), similarity ratio=0.667
trace:       Active baseline indentation: hunk='', target=''
trace:       DiffOp::Insert: preserving 1 local insertion line(s) from target file (new_idx=0)
trace:         Preserving inserted line: 'NV_CONFTEST_TYPE_COMPILE_TESTS += drm_device_has_pdev'
trace:       DiffOp::Equal: 3 line(s) aligned (hunk old_idx=0, file new_idx=1)
trace:         Equal: preserving target line: 'NV_CONFTEST_TYPE_COMPILE_TESTS += dma_resv_add_fence'
trace:         Equal: preserving target line: 'NV_CONFTEST_TYPE_COMPILE_TESTS += dma_resv_reserve_fences'
trace:         Equal: preserving target line: 'NV_CONFTEST_TYPE_COMPILE_TESTS += reservation_object_reserve_shared_has_num_fences_arg'
trace:         Appended 1 addition(s) after line 2
trace:         Equal: applying addition: 'NV_CONFTEST_TYPE_COMPILE_TESTS += drm_connector_has_override_edid'
trace:       DiffOp::Delete: 2 line(s) missing from target file (hunk old_idx=3)
warning:     Fuzzy match rejected: Tail context line(s) missing from target file.
trace:   Evaluating candidate 4/4 with lenient reconciliation at location HunkLocation { start_index: 103, length: 5 }
debug:   Found location HunkLocation { start_index: 103, length: 5 } with match type Fuzzy { score: 0.7257534086704255 }. Applying changes.
debug:   try_apply_hunk_at_location: target line 104 (length 5), match_type=Fuzzy { score: 0.7257534086704255 }, total target lines=108.
trace: Hunk::get_match_block: extracted 5 match line(s)
trace:     Match block lines: 5 | Total hunk lines: 6
trace:     Target slice to replace: ["NV_CONFTEST_TYPE_COMPILE_TESTS += drm_plane_atomic_check_has_atomic_state_arg", "NV_CONFTEST_TYPE_COMPILE_TESTS += drm_device_has_pdev", "NV_CONFTEST_TYPE_COMPILE_TESTS += dma_resv_add_fence", "NV_CONFTEST_TYPE_COMPILE_TESTS += dma_resv_reserve_fences", "NV_CONFTEST_TYPE_COMPILE_TESTS += reservation_object_reserve_shared_has_num_fences_arg"]
trace:     Ellipsis flags: has_ellipsis=false, is_literal_match=false, is_wildcard_gap_match=false
debug:     Applying hunk via robust reconstruction logic (preserving file context & adjusting indent).
trace:       Fuzzy match location: start=103, len=5
trace:       File content in matched range (5 line(s)): ["NV_CONFTEST_TYPE_COMPILE_TESTS += drm_plane_atomic_check_has_atomic_state_arg", "NV_CONFTEST_TYPE_COMPILE_TESTS += drm_device_has_pdev", "NV_CONFTEST_TYPE_COMPILE_TESTS += dma_resv_add_fence", "NV_CONFTEST_TYPE_COMPILE_TESTS += dma_resv_reserve_fences", "NV_CONFTEST_TYPE_COMPILE_TESTS += reservation_object_reserve_shared_has_num_fences_arg"]
trace:       Parsed hunk: 5 match line(s), 0 initial addition(s).
trace: Hunk::get_match_block: extracted 5 match line(s)
trace: normalize_line_delimiters: 'NV_CONFTEST_TYPE_COMPILE_TESTS += dma_resv_add_fence' -> 'NV_CONFTEST_TYPE_COMPILE_TESTS += dma_resv_add_fence'
trace: normalize_line_delimiters: 'NV_CONFTEST_TYPE_COMPILE_TESTS += dma_resv_reserve_fences' -> 'NV_CONFTEST_TYPE_COMPILE_TESTS += dma_resv_reserve_fences'
trace: normalize_line_delimiters: 'NV_CONFTEST_TYPE_COMPILE_TESTS += reservation_object_reserve_shared_has_num_fences_arg' -> 'NV_CONFTEST_TYPE_COMPILE_TESTS += reservation_object_reserve_shared_has_num_fences_arg'
trace: normalize_line_delimiters: '- ' -> '-'
trace: normalize_line_delimiters: '2.20.1' -> '2.20.1'
trace: normalize_line_delimiters: 'NV_CONFTEST_TYPE_COMPILE_TESTS += drm_plane_atomic_check_has_atomic_state_arg' -> 'NV_CONFTEST_TYPE_COMPILE_TESTS += drm_plane_atomic_check_has_atomic_state_arg'
trace: normalize_line_delimiters: 'NV_CONFTEST_TYPE_COMPILE_TESTS += drm_device_has_pdev' -> 'NV_CONFTEST_TYPE_COMPILE_TESTS += drm_device_has_pdev'
trace: normalize_line_delimiters: 'NV_CONFTEST_TYPE_COMPILE_TESTS += dma_resv_add_fence' -> 'NV_CONFTEST_TYPE_COMPILE_TESTS += dma_resv_add_fence'
trace: normalize_line_delimiters: 'NV_CONFTEST_TYPE_COMPILE_TESTS += dma_resv_reserve_fences' -> 'NV_CONFTEST_TYPE_COMPILE_TESTS += dma_resv_reserve_fences'
trace: normalize_line_delimiters: 'NV_CONFTEST_TYPE_COMPILE_TESTS += reservation_object_reserve_shared_has_num_fences_arg' -> 'NV_CONFTEST_TYPE_COMPILE_TESTS += reservation_object_reserve_shared_has_num_fences_arg'
trace:       Computed diff between match block and file slice: 3 operation(s), similarity ratio=0.600
trace:       Active baseline indentation: hunk='', target=''
trace:       DiffOp::Insert: preserving 2 local insertion line(s) from target file (new_idx=0)
trace:         Preserving inserted line: 'NV_CONFTEST_TYPE_COMPILE_TESTS += drm_plane_atomic_check_has_atomic_state_arg'
trace:         Preserving inserted line: 'NV_CONFTEST_TYPE_COMPILE_TESTS += drm_device_has_pdev'
trace:       DiffOp::Equal: 3 line(s) aligned (hunk old_idx=0, file new_idx=2)
trace:         Equal: preserving target line: 'NV_CONFTEST_TYPE_COMPILE_TESTS += dma_resv_add_fence'
trace:         Equal: preserving target line: 'NV_CONFTEST_TYPE_COMPILE_TESTS += dma_resv_reserve_fences'
trace:         Equal: preserving target line: 'NV_CONFTEST_TYPE_COMPILE_TESTS += reservation_object_reserve_shared_has_num_fences_arg'
trace:         Appended 1 addition(s) after line 2
trace:         Equal: applying addition: 'NV_CONFTEST_TYPE_COMPILE_TESTS += drm_connector_has_override_edid'
trace:       DiffOp::Delete: 2 line(s) missing from target file (hunk old_idx=3)
warning:     Fuzzy match rejected: Tail context line(s) missing from target file.
warning:   All 4 candidate location(s) exhausted. Hunk application failed with: Context not found
debug:   HunkApplier: hunk 1 application outcome: Failed(ContextNotFound)
  Applying Hunk 1/1...
warning:   Failed to apply Hunk 1. Context not found
debug: HunkApplier::into_content: assembling final content from 108 line(s) (touched_eof=false, patch_ends_with_newline=true, original_ends_with_newline=true)
trace: HunkApplier::into_content: resulting content has 5282 bytes (108 lines, ends_with_newline=true)
  DRY RUN: Evaluated changes for 'nvidia-drm/nvidia-drm.Kbuild' (1 hunks, clean=false)
trace:   Generating diff for dry run...
debug: apply_patches_to_dir: completed 4 patch(es). all_succeeded=true, all_applied_cleanly=false

>>> Operation 1/4
----- Proposed Changes for conftest.sh -----
--- a/conftest.sh
+++ b/conftest.sh
@@ -4676,6 +4676,28 @@
             compile_check_conftest "$CODE" "NV_DRM_CONNECTOR_HAS_OVERRIDE_EDID" "" "types"
         ;;
 
+        drm_connector_has_override_edid)
+            #
+            # Determine if 'struct drm_connector' has an 'override_edid' member.
+            #
+            # Removed by commit 90b575f52c6ab ("drm/edid: detach debugfs EDID
+            # override from EDID property update") in linux-next, expected in
+            # v6.2-rc1.
+            #
+            CODE="
+            #if defined(NV_DRM_DRM_CRTC_H_PRESENT)
+            #include <drm/drm_crtc.h>
+            #endif
+            #if defined(NV_DRM_DRM_CONNECTOR_H_PRESENT)
+            #include <drm/drm_connector.h>
+            #endif
+            int conftest_drm_connector_has_override_edid(void) {
+                return offsetof(struct drm_connector, override_edid);
+            }"
+
+            compile_check_conftest "$CODE" "NV_DRM_CONNECTOR_HAS_OVERRIDE_EDID" "" "types"
+        ;;
+
         # When adding a new conftest entry, please use the correct format for
         # specifying the relevant upstream Linux kernel commit.
         #
------------------------------------

>>> Operation 2/4
----- Proposed Changes for nvidia-drm/nvidia-drm-connector.c -----
--- a/nvidia-drm/nvidia-drm-connector.c
+++ b/nvidia-drm/nvidia-drm-connector.c
@@ -43,6 +43,7 @@
 #include <drm/drm_atomic.h>
 #include <drm/drm_atomic_helper.h>
 #include <drm/drm_edid.h>
+#include <drm/drm_edid.h>
 
 static void nv_drm_connector_destroy(struct drm_connector *connector)
 {
@@ -100,10 +101,14 @@
     }
 
 #if defined(NV_DRM_CONNECTOR_HAS_OVERRIDE_EDID)
+#if defined(NV_DRM_CONNECTOR_HAS_OVERRIDE_EDID)
     if (connector->override_edid) {
 #else
     if (drm_edid_override_connector_update(connector) > 0) {
 #endif
+#else
+    if (drm_edid_override_connector_update(connector) > 0) {
+#endif
         const struct drm_property_blob *edid = connector->edid_blob_ptr;
 
         if (edid->length <= sizeof(pDetectParams->edid.buffer)) {
------------------------------------

>>> Operation 3/4
----- Proposed Changes for nvidia-drm/nvidia-drm-drv.c -----
------------------------------------

>>> Operation 4/4
----- Proposed Changes for nvidia-drm/nvidia-drm.Kbuild -----
------------------------------------
error: --- FAILED to apply patch for: nvidia-drm/nvidia-drm.Kbuild
warning:   - Hunk 1 failed: Context not found
warning:     Failed Hunk Content:
warning:        NV_CONFTEST_TYPE_COMPILE_TESTS += dma_resv_add_fence
warning:        NV_CONFTEST_TYPE_COMPILE_TESTS += dma_resv_reserve_fences
warning:        NV_CONFTEST_TYPE_COMPILE_TESTS += reservation_object_reserve_shared_has_num_fences_arg
warning:       +NV_CONFTEST_TYPE_COMPILE_TESTS += drm_connector_has_override_edid
warning:       -- 
warning:        2.20.1

--- Summary ---
Successful operations: 3
Failed operations:     1
DRY RUN completed. No files were modified.
warning: Review the log for errors. Some files may be in a partially patched state.
error: Completed with 1 failed patch operations.
