
Found 5 patch operation(s) to perform.
Fuzzy matching enabled with threshold: 0.70
debug: apply_patches_to_dir: applying 5 patch(es) to '.' (dry_run=true, fuzz=0.70)
debug:   [1/5] Applying patch for 'conftest.sh' (1 hunk(s))
Applying patch to: conftest.sh
debug:   apply_patch_to_file: target_dir='.', hunks=1, dry_run=true, fuzz=0.70
trace:   Checking path safety for base '.' and relative path 'conftest.sh'
trace:   ensure_path_is_safe: canonicalized base directory '/home/gabi/github/nvidia-390xx-utils/src/NVIDIA-Linux-x86_64-390.157-no-compat32/kernel'
trace:   ensure_path_is_safe: processing component 'Normal("conftest.sh")' on virtual path '/home/gabi/github/nvidia-390xx-utils/src/NVIDIA-Linux-x86_64-390.157-no-compat32/kernel'
trace:   Path safety verified: 'conftest.sh' safely resolves to '/home/gabi/github/nvidia-390xx-utils/src/NVIDIA-Linux-x86_64-390.157-no-compat32/kernel/conftest.sh'
debug:   Resolved safe target path: '/home/gabi/github/nvidia-390xx-utils/src/NVIDIA-Linux-x86_64-390.157-no-compat32/kernel/conftest.sh'
debug:   Target file exists: '/home/gabi/github/nvidia-390xx-utils/src/NVIDIA-Linux-x86_64-390.157-no-compat32/kernel/conftest.sh'. Reading content...
trace:     Read 181810 bytes (5162 lines) from target file.
debug:   Applying patch logic to content in-memory...
debug: apply_patch_to_content: patch for 'conftest.sh' (1 hunks), original content: 181810 bytes
debug:   apply_patch_to_lines called with 5162 lines of original content.
debug: resolve_hunk_line_hints: evaluating 1 hunk(s) across 5162 target lines
trace: Hunk::get_match_block: extracted 6 match line(s)
trace:   Hunk 1: already has explicit line hint 4696
trace: resolve_hunk_line_hints: beginning relaxation pass 1
debug: resolve_hunk_line_hints: completed hint resolution. 1/1 hunk(s) have anchors.
debug: HunkApplier: initialized with 1 hunk(s) across 5162 line(s) of target content (fuzz_factor=0.70, dry_run=true)
trace: HunkApplier::set_original_newline_status: original_ends_with_newline=true
debug: apply_hunk_to_lines: applying hunk with 30 line(s) against target with 5162 line(s)
trace: Hunk::get_match_block: extracted 6 match line(s)
trace:   Match block: ["            compile_check_conftest \"$CODE\" \"NV_VM_AREA_STRUCT_HAS_CONST_VM_FLAGS\" \"\" \"types\"", "        ;;", "", "        # When adding a new conftest entry, please use the correct format for", "        # specifying the relevant upstream Linux kernel commit.", "        #"]
trace: Hunk::get_replace_block: extracted 30 replacement line(s)
trace:   Replace block: ["            compile_check_conftest \"$CODE\" \"NV_VM_AREA_STRUCT_HAS_CONST_VM_FLAGS\" \"\" \"types\"", "        ;;", "", "        drm_driver_has_dumb_destroy)", "            #", "            # Determine if the 'drm_driver' structure has a 'dumb_destroy'", "            # function pointer.", "            #", "            # Removed by commit 96a7b60f6ddb2 (\"drm: remove dumb_destroy", "            # callback\") in v6.3 linux-next (2023-02-10).", "            #", "            CODE=\"", "            #if defined(NV_DRM_DRMP_H_PRESENT)", "            #include <drm/drmP.h>", "            #endif", "", "            #if defined(NV_DRM_DRM_DRV_H_PRESENT)", "            #include <drm/drm_drv.h>", "            #endif", "", "            int conftest_drm_driver_has_dumb_destroy(void) {", "                return offsetof(struct drm_driver, dumb_destroy);", "            }\"", "", "            compile_check_conftest \"$CODE\" \"NV_DRM_DRIVER_HAS_DUMB_DESTROY\" \"\" \"types\"", "        ;;", "", "        # When adding a new conftest entry, please use the correct format for", "        # specifying the relevant upstream Linux kernel commit.", "        #"]
trace: Hunk::has_changes: true
trace: Hunk::get_match_block: extracted 6 match line(s)
trace: Hunk::required_match_span: calculated required match span as 1 line(s) (first_match_idx=Some(2), last_match_idx=Some(2))
trace: DefaultHunkFinder::find_candidate_locations: match block len=6, required_match_span=1, target lines=5162
trace:   find_hunk_location_internal: match_block has 6 lines (entropy=true), target has 5162 lines
trace:   find_hunk_location_internal called for a hunk with 6 lines to match against 5162 target lines.
trace:     Attempting exact match for hunk (match block has 6 line(s))...
trace: tie_break_with_line_number: strategy='exact', hint=Some(4696), entropy=true
trace:       No exact matches found.
trace:     Strategy 1 (Exact): no exact match found.
trace:     Attempting exact match (ignoring trailing whitespace) for hunk (match block has 6 line(s))...
trace: tie_break_with_line_number: strategy='exact (ignoring whitespace)', hint=Some(4696), entropy=true
trace:       No exact (ignoring whitespace) matches found.
trace:     Strategy 2 (Whitespace-insensitive): no match found.
debug:     Strategy 3 (Fuzzy): beginning flexible window fuzzy search (threshold=0.70, match block len=0.7)
trace:       Hunk match block (6 lines): ["            compile_check_conftest \"$CODE\" \"NV_VM_AREA_STRUCT_HAS_CONST_VM_FLAGS\" \"\" \"types\"", "        ;;", "", "        # When adding a new conftest entry, please use the correct format for", "        # specifying the relevant upstream Linux kernel commit.", "        #"]
trace:       Searching with window sizes from 2 to 29 (hunk size: 6, fuzz distance: 23)
debug:       find_search_ranges: analyzing 6 match line(s) against 5162 target line(s).
trace:         Identified 3 high-entropy candidate anchor line(s) (search_radius=15, max candidates to test=100)
debug:         Spatial consensus: 3 anchor(s) agree on start near line 4713
debug:       Found anchor line (hunk line 1) with 1 occurrences.
trace:         Anchor text: 'compile_check_conftest "$CODE" "NV_VM_AREA_STRUCT_HAS_CONST_VM_FLAGS" "" "types"'
trace:         Occurrence at target line 4695: window estimated [4680..4738] (search radius +/-15)
trace:         Raw ranges before merging: [(4679, 4738)]
trace: merge_ranges: merging 1 input range(s): [(4679, 4738)]
trace: merge_ranges: result 1 disjoint range(s): [(4679, 4738)]
debug:       Search ranges merged: 1 disjoint range(s) covering 59/5162 line(s) (98.9% pruned): [(4679, 4738)]
trace:     Using search ranges: [(4679, 4738)]
debug:       compute_scored_windows (parallel): evaluating 1246 candidate window(s) across 1 range(s) (window lengths 2..=29)
trace:         Match block length: 6, Target line count: 5162, Search ranges: [(4679, 4738)]
trace:         score_window: window_len=7, match_len=6, line_score=0.165, ratio_lines=0.154, final_score=0.177
trace:         score_window: window_len=8, match_len=6, line_score=0.164, ratio_lines=0.143, final_score=0.217
trace:         score_window: window_len=3, match_len=6, line_score=0.222, ratio_lines=0.222, final_score=0.222
trace:         score_window: window_len=6, match_len=6, line_score=0.167, ratio_lines=0.000, final_score=0.237
trace:         score_window: window_len=7, match_len=6, line_score=0.165, ratio_lines=0.000, final_score=0.213
trace:         score_window: window_len=9, match_len=6, line_score=0.163, ratio_lines=0.133, final_score=0.214
trace:         score_window: window_len=2, match_len=6, line_score=0.250, ratio_lines=0.250, final_score=0.250
trace:         score_window: window_len=10, match_len=6, line_score=0.161, ratio_lines=0.125, final_score=0.214
trace:         score_window: window_len=8, match_len=6, line_score=0.164, ratio_lines=0.000, final_score=0.215
trace:         score_window: window_len=3, match_len=6, line_score=0.222, ratio_lines=0.000, final_score=0.306
trace:         score_window: window_len=11, match_len=6, line_score=0.160, ratio_lines=0.118, final_score=0.248
trace:         score_window: window_len=12, match_len=6, line_score=0.158, ratio_lines=0.111, final_score=0.255
trace:         score_window: window_len=9, match_len=6, line_score=0.163, ratio_lines=0.000, final_score=0.230
trace:         score_window: window_len=2, match_len=6, line_score=0.250, ratio_lines=0.000, final_score=0.255
trace:         score_window: window_len=13, match_len=6, line_score=0.314, ratio_lines=0.211, final_score=0.314
trace:         score_window: window_len=10, match_len=6, line_score=0.161, ratio_lines=0.000, final_score=0.225
trace:         score_window: window_len=11, match_len=6, line_score=0.160, ratio_lines=0.000, final_score=0.217
trace:         score_window: window_len=14, match_len=6, line_score=0.467, ratio_lines=0.300, final_score=0.515
trace:         score_window: window_len=15, match_len=6, line_score=0.617, ratio_lines=0.381, final_score=0.652
trace:         score_window: window_len=18, match_len=6, line_score=0.450, ratio_lines=0.250, final_score=0.450
trace:         score_window: window_len=19, match_len=6, line_score=0.446, ratio_lines=0.240, final_score=0.446
trace:         score_window: window_len=20, match_len=6, line_score=0.589, ratio_lines=0.231, final_score=0.589
trace:         score_window: window_len=21, match_len=6, line_score=0.583, ratio_lines=0.222, final_score=0.583
trace:         score_window: window_len=26, match_len=6, line_score=0.694, ratio_lines=0.312, final_score=0.694
trace:         score_window: window_len=27, match_len=6, line_score=0.688, ratio_lines=0.303, final_score=0.688
trace:         score_window: window_len=22, match_len=6, line_score=0.578, ratio_lines=0.214, final_score=0.578
trace:         score_window: window_len=28, match_len=6, line_score=0.681, ratio_lines=0.294, final_score=0.681
trace:         score_window: window_len=23, match_len=6, line_score=0.572, ratio_lines=0.207, final_score=0.572
trace:         score_window: window_len=29, match_len=6, line_score=0.674, ratio_lines=0.286, final_score=0.674
trace:         score_window: window_len=24, match_len=6, line_score=0.567, ratio_lines=0.200, final_score=0.567
trace:         score_window: window_len=25, match_len=6, line_score=0.561, ratio_lines=0.194, final_score=0.561
trace:         score_window: window_len=7, match_len=6, line_score=0.165, ratio_lines=0.154, final_score=0.223
trace:         score_window: window_len=26, match_len=6, line_score=0.556, ratio_lines=0.188, final_score=0.556
trace:         score_window: window_len=8, match_len=6, line_score=0.164, ratio_lines=0.143, final_score=0.233
trace:         score_window: window_len=27, match_len=6, line_score=0.550, ratio_lines=0.182, final_score=0.550
trace:         score_window: window_len=3, match_len=6, line_score=0.222, ratio_lines=0.222, final_score=0.222
trace:         score_window: window_len=28, match_len=6, line_score=0.544, ratio_lines=0.176, final_score=0.544
trace:         score_window: window_len=9, match_len=6, line_score=0.163, ratio_lines=0.133, final_score=0.228
trace:         score_window: window_len=2, match_len=6, line_score=0.250, ratio_lines=0.250, final_score=0.250
trace:         score_window: window_len=29, match_len=6, line_score=0.539, ratio_lines=0.171, final_score=0.539
trace:         score_window: window_len=10, match_len=6, line_score=0.161, ratio_lines=0.125, final_score=0.252
trace:         score_window: window_len=11, match_len=6, line_score=0.160, ratio_lines=0.118, final_score=0.259
trace:         score_window: window_len=6, match_len=6, line_score=0.167, ratio_lines=0.000, final_score=0.208
trace:         score_window: window_len=12, match_len=6, line_score=0.317, ratio_lines=0.222, final_score=0.317
trace:         score_window: window_len=5, match_len=6, line_score=0.182, ratio_lines=0.000, final_score=0.233
trace:         score_window: window_len=13, match_len=6, line_score=0.471, ratio_lines=0.316, final_score=0.518
trace:         score_window: window_len=14, match_len=6, line_score=0.622, ratio_lines=0.400, final_score=0.659
trace:         score_window: window_len=7, match_len=6, line_score=0.165, ratio_lines=0.000, final_score=0.211
trace:         score_window: window_len=26, match_len=6, line_score=0.694, ratio_lines=0.312, final_score=0.694
trace:         score_window: window_len=27, match_len=6, line_score=0.688, ratio_lines=0.303, final_score=0.688
trace:         score_window: window_len=8, match_len=6, line_score=0.164, ratio_lines=0.000, final_score=0.225
trace:         score_window: window_len=3, match_len=6, line_score=0.222, ratio_lines=0.000, final_score=0.325
trace:         score_window: window_len=28, match_len=6, line_score=0.681, ratio_lines=0.294, final_score=0.681
trace:         score_window: window_len=29, match_len=6, line_score=0.674, ratio_lines=0.286, final_score=0.674
trace:         score_window: window_len=9, match_len=6, line_score=0.163, ratio_lines=0.000, final_score=0.220
trace:         score_window: window_len=6, match_len=6, line_score=0.167, ratio_lines=0.167, final_score=0.229
trace:         score_window: window_len=10, match_len=6, line_score=0.161, ratio_lines=0.000, final_score=0.212
trace:         score_window: window_len=7, match_len=6, line_score=0.165, ratio_lines=0.154, final_score=0.239
trace:         score_window: window_len=17, match_len=6, line_score=0.454, ratio_lines=0.261, final_score=0.454
trace:         score_window: window_len=8, match_len=6, line_score=0.164, ratio_lines=0.143, final_score=0.233
trace:         score_window: window_len=18, match_len=6, line_score=0.450, ratio_lines=0.250, final_score=0.450
trace:         score_window: window_len=9, match_len=6, line_score=0.163, ratio_lines=0.133, final_score=0.253
trace:         score_window: window_len=19, match_len=6, line_score=0.594, ratio_lines=0.240, final_score=0.594
trace:         score_window: window_len=10, match_len=6, line_score=0.161, ratio_lines=0.125, final_score=0.260
trace:         score_window: window_len=20, match_len=6, line_score=0.589, ratio_lines=0.231, final_score=0.589
trace:         score_window: window_len=11, match_len=6, line_score=0.319, ratio_lines=0.235, final_score=0.319
trace:         score_window: window_len=21, match_len=6, line_score=0.583, ratio_lines=0.222, final_score=0.583
trace:         score_window: window_len=12, match_len=6, line_score=0.475, ratio_lines=0.333, final_score=0.532
trace:         score_window: window_len=22, match_len=6, line_score=0.578, ratio_lines=0.214, final_score=0.578
trace:         score_window: window_len=13, match_len=6, line_score=0.628, ratio_lines=0.421, final_score=0.672
trace:         score_window: window_len=23, match_len=6, line_score=0.572, ratio_lines=0.207, final_score=0.572
trace:         score_window: window_len=26, match_len=6, line_score=0.694, ratio_lines=0.312, final_score=0.694
trace:         score_window: window_len=24, match_len=6, line_score=0.567, ratio_lines=0.200, final_score=0.567
trace:         score_window: window_len=27, match_len=6, line_score=0.688, ratio_lines=0.303, final_score=0.688
trace:         score_window: window_len=25, match_len=6, line_score=0.561, ratio_lines=0.194, final_score=0.561
trace:         score_window: window_len=28, match_len=6, line_score=0.681, ratio_lines=0.294, final_score=0.681
trace:         score_window: window_len=26, match_len=6, line_score=0.556, ratio_lines=0.188, final_score=0.556
trace:         score_window: window_len=6, match_len=6, line_score=0.167, ratio_lines=0.167, final_score=0.245
trace:         score_window: window_len=27, match_len=6, line_score=0.550, ratio_lines=0.182, final_score=0.550
trace:         score_window: window_len=28, match_len=6, line_score=0.544, ratio_lines=0.176, final_score=0.544
trace:         score_window: window_len=5, match_len=6, line_score=0.182, ratio_lines=0.182, final_score=0.248
trace:         score_window: window_len=29, match_len=6, line_score=0.539, ratio_lines=0.171, final_score=0.539
trace:         score_window: window_len=7, match_len=6, line_score=0.165, ratio_lines=0.154, final_score=0.244
trace:         score_window: window_len=8, match_len=6, line_score=0.164, ratio_lines=0.143, final_score=0.277
trace:         score_window: window_len=3, match_len=6, line_score=0.222, ratio_lines=0.222, final_score=0.222
trace:         score_window: window_len=6, match_len=6, line_score=0.167, ratio_lines=0.000, final_score=0.211
trace:         score_window: window_len=9, match_len=6, line_score=0.163, ratio_lines=0.133, final_score=0.284
trace:         score_window: window_len=10, match_len=6, line_score=0.322, ratio_lines=0.250, final_score=0.322
trace:         score_window: window_len=5, match_len=6, line_score=0.182, ratio_lines=0.000, final_score=0.233
trace:         score_window: window_len=11, match_len=6, line_score=0.479, ratio_lines=0.353, final_score=0.552
trace:         score_window: window_len=7, match_len=6, line_score=0.165, ratio_lines=0.000, final_score=0.227
trace:         score_window: window_len=12, match_len=6, line_score=0.633, ratio_lines=0.444, final_score=0.695
trace:         score_window: window_len=26, match_len=6, line_score=0.694, ratio_lines=0.312, final_score=0.694
trace:         score_window: window_len=8, match_len=6, line_score=0.164, ratio_lines=0.000, final_score=0.232
trace:         score_window: window_len=27, match_len=6, line_score=0.688, ratio_lines=0.303, final_score=0.688
trace:         score_window: window_len=3, match_len=6, line_score=0.222, ratio_lines=0.000, final_score=0.272
trace:         score_window: window_len=7, match_len=6, line_score=0.165, ratio_lines=0.154, final_score=0.295
trace:         score_window: window_len=8, match_len=6, line_score=0.164, ratio_lines=0.143, final_score=0.302
trace:         score_window: window_len=3, match_len=6, line_score=0.222, ratio_lines=0.222, final_score=0.222
trace:         score_window: window_len=9, match_len=6, line_score=0.163, ratio_lines=0.000, final_score=0.223
trace:         score_window: window_len=9, match_len=6, line_score=0.325, ratio_lines=0.267, final_score=0.325
trace:         score_window: window_len=2, match_len=6, line_score=0.250, ratio_lines=0.000, final_score=0.250
trace:         score_window: window_len=2, match_len=6, line_score=0.250, ratio_lines=0.250, final_score=0.250
trace:         score_window: window_len=10, match_len=6, line_score=0.483, ratio_lines=0.375, final_score=0.575
trace:         score_window: window_len=11, match_len=6, line_score=0.639, ratio_lines=0.471, final_score=0.721
trace:         score_window: window_len=10, match_len=6, line_score=0.161, ratio_lines=0.000, final_score=0.212
trace:         score_window: window_len=26, match_len=6, line_score=0.694, ratio_lines=0.312, final_score=0.694
trace:         score_window: window_len=16, match_len=6, line_score=0.458, ratio_lines=0.273, final_score=0.458
trace:         score_window: window_len=17, match_len=6, line_score=0.454, ratio_lines=0.261, final_score=0.454
trace:         score_window: window_len=6, match_len=6, line_score=0.167, ratio_lines=0.167, final_score=0.301
trace:         score_window: window_len=18, match_len=6, line_score=0.600, ratio_lines=0.250, final_score=0.600
trace:         score_window: window_len=7, match_len=6, line_score=0.165, ratio_lines=0.154, final_score=0.309
trace:         score_window: window_len=19, match_len=6, line_score=0.594, ratio_lines=0.240, final_score=0.594
trace:         score_window: window_len=8, match_len=6, line_score=0.328, ratio_lines=0.286, final_score=0.328
trace:         score_window: window_len=3, match_len=6, line_score=0.222, ratio_lines=0.222, final_score=0.222
trace:         score_window: window_len=20, match_len=6, line_score=0.589, ratio_lines=0.231, final_score=0.589
trace:         score_window: window_len=9, match_len=6, line_score=0.488, ratio_lines=0.400, final_score=0.582
trace:         score_window: window_len=2, match_len=6, line_score=0.250, ratio_lines=0.250, final_score=0.250
trace:         score_window: window_len=21, match_len=6, line_score=0.583, ratio_lines=0.222, final_score=0.583
trace:         score_window: window_len=10, match_len=6, line_score=0.644, ratio_lines=0.500, final_score=0.732
trace:         score_window: window_len=22, match_len=6, line_score=0.578, ratio_lines=0.214, final_score=0.578
trace:         score_window: window_len=6, match_len=6, line_score=0.167, ratio_lines=0.167, final_score=0.310
trace:         score_window: window_len=5, match_len=6, line_score=0.182, ratio_lines=0.182, final_score=0.303
trace:         score_window: window_len=23, match_len=6, line_score=0.572, ratio_lines=0.207, final_score=0.572
trace:         score_window: window_len=7, match_len=6, line_score=0.331, ratio_lines=0.308, final_score=0.331
trace:         score_window: window_len=24, match_len=6, line_score=0.567, ratio_lines=0.200, final_score=0.567
trace:         score_window: window_len=8, match_len=6, line_score=0.492, ratio_lines=0.429, final_score=0.599
trace:         score_window: window_len=9, match_len=6, line_score=0.650, ratio_lines=0.533, final_score=0.749
trace:         score_window: window_len=25, match_len=6, line_score=0.561, ratio_lines=0.194, final_score=0.561
trace:         score_window: window_len=6, match_len=6, line_score=0.333, ratio_lines=0.333, final_score=0.371
trace:         score_window: window_len=5, match_len=6, line_score=0.182, ratio_lines=0.182, final_score=0.356
trace:         score_window: window_len=26, match_len=6, line_score=0.556, ratio_lines=0.188, final_score=0.556
trace:         score_window: window_len=7, match_len=6, line_score=0.496, ratio_lines=0.462, final_score=0.633
trace:         score_window: window_len=4, match_len=6, line_score=0.200, ratio_lines=0.200, final_score=0.348
trace:         score_window: window_len=27, match_len=6, line_score=0.550, ratio_lines=0.182, final_score=0.550
trace:         score_window: window_len=8, match_len=6, line_score=0.656, ratio_lines=0.571, final_score=0.788
trace:         score_window: window_len=3, match_len=6, line_score=0.222, ratio_lines=0.222, final_score=0.222
trace:         score_window: window_len=6, match_len=6, line_score=0.500, ratio_lines=0.500, final_score=0.701
trace:         score_window: window_len=28, match_len=6, line_score=0.544, ratio_lines=0.176, final_score=0.544
trace:         score_window: window_len=5, match_len=6, line_score=0.364, ratio_lines=0.364, final_score=0.364
trace:         score_window: window_len=7, match_len=6, line_score=0.661, ratio_lines=0.615, final_score=0.847
trace:         score_window: window_len=3, match_len=6, line_score=0.222, ratio_lines=0.222, final_score=0.252
trace:         score_window: window_len=2, match_len=6, line_score=0.250, ratio_lines=0.250, final_score=0.250
trace:         score_window: window_len=29, match_len=6, line_score=0.539, ratio_lines=0.171, final_score=0.539
trace:         score_window: window_len=6, match_len=6, line_score=0.667, ratio_lines=0.667, final_score=0.868
trace:         score_window: window_len=5, match_len=6, line_score=0.545, ratio_lines=0.545, final_score=0.706
trace:         score_window: window_len=4, match_len=6, line_score=0.400, ratio_lines=0.400, final_score=0.400
trace:         score_window: window_len=3, match_len=6, line_score=0.222, ratio_lines=0.222, final_score=0.276
trace:         score_window: window_len=2, match_len=6, line_score=0.250, ratio_lines=0.250, final_score=0.250
trace:         score_window: window_len=4, match_len=6, line_score=0.600, ratio_lines=0.600, final_score=0.731
trace:         score_window: window_len=6, match_len=6, line_score=0.167, ratio_lines=0.000, final_score=0.252
trace:         score_window: window_len=3, match_len=6, line_score=0.444, ratio_lines=0.444, final_score=0.444
trace:         score_window: window_len=2, match_len=6, line_score=0.250, ratio_lines=0.250, final_score=0.301
trace:         score_window: window_len=3, match_len=6, line_score=0.667, ratio_lines=0.667, final_score=0.667
trace:         score_window: window_len=2, match_len=6, line_score=0.500, ratio_lines=0.500, final_score=0.500
trace:         score_window: window_len=5, match_len=6, line_score=0.182, ratio_lines=0.000, final_score=0.236
trace:         score_window: window_len=6, match_len=6, line_score=0.667, ratio_lines=0.667, final_score=0.685
trace:         score_window: window_len=7, match_len=6, line_score=0.661, ratio_lines=0.615, final_score=0.666
trace:         score_window: window_len=7, match_len=6, line_score=0.165, ratio_lines=0.000, final_score=0.256
trace:         score_window: window_len=8, match_len=6, line_score=0.656, ratio_lines=0.571, final_score=0.656
trace:         score_window: window_len=3, match_len=6, line_score=0.667, ratio_lines=0.667, final_score=0.806
trace:         score_window: window_len=4, match_len=6, line_score=0.200, ratio_lines=0.000, final_score=0.251
trace:         score_window: window_len=9, match_len=6, line_score=0.650, ratio_lines=0.533, final_score=0.650
trace:         score_window: window_len=2, match_len=6, line_score=0.500, ratio_lines=0.500, final_score=0.599
trace:         score_window: window_len=8, match_len=6, line_score=0.164, ratio_lines=0.000, final_score=0.246
trace:         score_window: window_len=10, match_len=6, line_score=0.644, ratio_lines=0.500, final_score=0.644
trace:         score_window: window_len=3, match_len=6, line_score=0.222, ratio_lines=0.000, final_score=0.274
trace:         score_window: window_len=11, match_len=6, line_score=0.639, ratio_lines=0.471, final_score=0.639
trace:         score_window: window_len=9, match_len=6, line_score=0.163, ratio_lines=0.000, final_score=0.234
trace:         score_window: window_len=12, match_len=6, line_score=0.633, ratio_lines=0.444, final_score=0.633
trace:         score_window: window_len=2, match_len=6, line_score=0.250, ratio_lines=0.000, final_score=0.259
trace:         score_window: window_len=15, match_len=6, line_score=0.463, ratio_lines=0.286, final_score=0.463
trace:         score_window: window_len=13, match_len=6, line_score=0.628, ratio_lines=0.421, final_score=0.628
trace:         score_window: window_len=16, match_len=6, line_score=0.458, ratio_lines=0.273, final_score=0.458
trace:         score_window: window_len=17, match_len=6, line_score=0.606, ratio_lines=0.261, final_score=0.606
trace:         score_window: window_len=14, match_len=6, line_score=0.622, ratio_lines=0.400, final_score=0.622
trace:         score_window: window_len=18, match_len=6, line_score=0.600, ratio_lines=0.250, final_score=0.600
trace:         score_window: window_len=15, match_len=6, line_score=0.617, ratio_lines=0.381, final_score=0.617
trace:         score_window: window_len=19, match_len=6, line_score=0.594, ratio_lines=0.240, final_score=0.594
trace:         score_window: window_len=20, match_len=6, line_score=0.589, ratio_lines=0.231, final_score=0.589
trace:         score_window: window_len=16, match_len=6, line_score=0.611, ratio_lines=0.364, final_score=0.611
trace:         score_window: window_len=21, match_len=6, line_score=0.583, ratio_lines=0.222, final_score=0.583
trace:         score_window: window_len=17, match_len=6, line_score=0.606, ratio_lines=0.348, final_score=0.606
trace:         score_window: window_len=22, match_len=6, line_score=0.578, ratio_lines=0.214, final_score=0.578
trace:         score_window: window_len=18, match_len=6, line_score=0.600, ratio_lines=0.333, final_score=0.600
trace:         score_window: window_len=6, match_len=6, line_score=0.500, ratio_lines=0.500, final_score=0.624
trace:         score_window: window_len=23, match_len=6, line_score=0.572, ratio_lines=0.207, final_score=0.572
trace:         score_window: window_len=5, match_len=6, line_score=0.545, ratio_lines=0.545, final_score=0.641
trace:         score_window: window_len=24, match_len=6, line_score=0.567, ratio_lines=0.200, final_score=0.567
trace:         score_window: window_len=7, match_len=6, line_score=0.496, ratio_lines=0.462, final_score=0.609
trace:         score_window: window_len=4, match_len=6, line_score=0.600, ratio_lines=0.600, final_score=0.699
trace:         score_window: window_len=25, match_len=6, line_score=0.561, ratio_lines=0.194, final_score=0.561
trace:         score_window: window_len=8, match_len=6, line_score=0.492, ratio_lines=0.429, final_score=0.565
trace:         score_window: window_len=3, match_len=6, line_score=0.667, ratio_lines=0.667, final_score=0.814
trace:         score_window: window_len=26, match_len=6, line_score=0.556, ratio_lines=0.188, final_score=0.556
trace:         score_window: window_len=9, match_len=6, line_score=0.488, ratio_lines=0.400, final_score=0.516
trace:         score_window: window_len=2, match_len=6, line_score=0.500, ratio_lines=0.500, final_score=0.748
trace:         score_window: window_len=10, match_len=6, line_score=0.483, ratio_lines=0.375, final_score=0.498
trace:         score_window: window_len=11, match_len=6, line_score=0.479, ratio_lines=0.353, final_score=0.487
trace:         score_window: window_len=27, match_len=6, line_score=0.550, ratio_lines=0.182, final_score=0.550
trace:         score_window: window_len=12, match_len=6, line_score=0.475, ratio_lines=0.333, final_score=0.476
trace:         score_window: window_len=28, match_len=6, line_score=0.544, ratio_lines=0.176, final_score=0.544
trace:         score_window: window_len=13, match_len=6, line_score=0.471, ratio_lines=0.316, final_score=0.471
trace:         score_window: window_len=29, match_len=6, line_score=0.539, ratio_lines=0.171, final_score=0.539
trace:         score_window: window_len=14, match_len=6, line_score=0.467, ratio_lines=0.300, final_score=0.467
trace:         score_window: window_len=6, match_len=6, line_score=0.167, ratio_lines=0.000, final_score=0.252
trace:         score_window: window_len=15, match_len=6, line_score=0.463, ratio_lines=0.286, final_score=0.463
trace:         score_window: window_len=16, match_len=6, line_score=0.458, ratio_lines=0.273, final_score=0.458
trace:         score_window: window_len=5, match_len=6, line_score=0.182, ratio_lines=0.000, final_score=0.248
trace:         score_window: window_len=17, match_len=6, line_score=0.454, ratio_lines=0.261, final_score=0.454
trace:         score_window: window_len=7, match_len=6, line_score=0.165, ratio_lines=0.000, final_score=0.241
trace:         score_window: window_len=6, match_len=6, line_score=0.333, ratio_lines=0.333, final_score=0.333
trace:         score_window: window_len=5, match_len=6, line_score=0.364, ratio_lines=0.364, final_score=0.364
trace:         score_window: window_len=7, match_len=6, line_score=0.331, ratio_lines=0.308, final_score=0.331
trace:         score_window: window_len=4, match_len=6, line_score=0.000, ratio_lines=0.000, final_score=0.181
trace:         score_window: window_len=4, match_len=6, line_score=0.400, ratio_lines=0.400, final_score=0.400
trace:         score_window: window_len=8, match_len=6, line_score=0.328, ratio_lines=0.286, final_score=0.328
trace:         score_window: window_len=8, match_len=6, line_score=0.164, ratio_lines=0.000, final_score=0.229
trace:         score_window: window_len=3, match_len=6, line_score=0.444, ratio_lines=0.444, final_score=0.444
trace:         score_window: window_len=9, match_len=6, line_score=0.325, ratio_lines=0.267, final_score=0.325
trace:         score_window: window_len=2, match_len=6, line_score=0.500, ratio_lines=0.500, final_score=0.500
trace:         score_window: window_len=3, match_len=6, line_score=0.000, ratio_lines=0.000, final_score=0.275
trace:         score_window: window_len=13, match_len=6, line_score=0.314, ratio_lines=0.211, final_score=0.314
trace:         score_window: window_len=10, match_len=6, line_score=0.322, ratio_lines=0.250, final_score=0.322
trace:         score_window: window_len=14, match_len=6, line_score=0.467, ratio_lines=0.300, final_score=0.467
trace:         score_window: window_len=11, match_len=6, line_score=0.319, ratio_lines=0.235, final_score=0.319
trace:         score_window: window_len=15, match_len=6, line_score=0.463, ratio_lines=0.286, final_score=0.463
trace:         score_window: window_len=16, match_len=6, line_score=0.611, ratio_lines=0.273, final_score=0.611
trace:         score_window: window_len=12, match_len=6, line_score=0.317, ratio_lines=0.222, final_score=0.317
trace:         score_window: window_len=17, match_len=6, line_score=0.606, ratio_lines=0.261, final_score=0.606
trace:         score_window: window_len=13, match_len=6, line_score=0.314, ratio_lines=0.211, final_score=0.314
trace:         score_window: window_len=18, match_len=6, line_score=0.600, ratio_lines=0.250, final_score=0.600
trace:         score_window: window_len=14, match_len=6, line_score=0.311, ratio_lines=0.200, final_score=0.311
trace:         score_window: window_len=19, match_len=6, line_score=0.594, ratio_lines=0.240, final_score=0.594
trace:         score_window: window_len=15, match_len=6, line_score=0.308, ratio_lines=0.190, final_score=0.308
trace:         score_window: window_len=20, match_len=6, line_score=0.589, ratio_lines=0.231, final_score=0.589
trace:         score_window: window_len=16, match_len=6, line_score=0.306, ratio_lines=0.182, final_score=0.306
trace:         score_window: window_len=21, match_len=6, line_score=0.583, ratio_lines=0.222, final_score=0.583
trace:         score_window: window_len=6, match_len=6, line_score=0.167, ratio_lines=0.167, final_score=0.225
trace:         score_window: window_len=22, match_len=6, line_score=0.578, ratio_lines=0.214, final_score=0.578
trace:         score_window: window_len=7, match_len=6, line_score=0.165, ratio_lines=0.154, final_score=0.186
trace:         score_window: window_len=23, match_len=6, line_score=0.572, ratio_lines=0.207, final_score=0.572
trace:         score_window: window_len=8, match_len=6, line_score=0.164, ratio_lines=0.143, final_score=0.203
trace:         score_window: window_len=3, match_len=6, line_score=0.222, ratio_lines=0.222, final_score=0.267
trace:         score_window: window_len=24, match_len=6, line_score=0.567, ratio_lines=0.200, final_score=0.567
trace:         score_window: window_len=9, match_len=6, line_score=0.163, ratio_lines=0.133, final_score=0.209
trace:         score_window: window_len=2, match_len=6, line_score=0.250, ratio_lines=0.250, final_score=0.264
trace:         score_window: window_len=25, match_len=6, line_score=0.561, ratio_lines=0.194, final_score=0.561
trace:         score_window: window_len=10, match_len=6, line_score=0.161, ratio_lines=0.125, final_score=0.204
trace:         score_window: window_len=26, match_len=6, line_score=0.556, ratio_lines=0.188, final_score=0.556
trace:         score_window: window_len=11, match_len=6, line_score=0.160, ratio_lines=0.118, final_score=0.199
trace:         score_window: window_len=27, match_len=6, line_score=0.550, ratio_lines=0.182, final_score=0.550
trace:         score_window: window_len=12, match_len=6, line_score=0.158, ratio_lines=0.111, final_score=0.195
trace:         score_window: window_len=28, match_len=6, line_score=0.544, ratio_lines=0.176, final_score=0.544
trace:         score_window: window_len=13, match_len=6, line_score=0.157, ratio_lines=0.105, final_score=0.198
trace:         score_window: window_len=29, match_len=6, line_score=0.539, ratio_lines=0.171, final_score=0.539
trace:         score_window: window_len=6, match_len=6, line_score=0.167, ratio_lines=0.000, final_score=0.283
trace:         score_window: window_len=14, match_len=6, line_score=0.156, ratio_lines=0.100, final_score=0.194
trace:         score_window: window_len=5, match_len=6, line_score=0.182, ratio_lines=0.000, final_score=0.297
trace:         score_window: window_len=15, match_len=6, line_score=0.463, ratio_lines=0.286, final_score=0.463
trace:         score_window: window_len=7, match_len=6, line_score=0.165, ratio_lines=0.000, final_score=0.267
trace:         score_window: window_len=6, match_len=6, line_score=0.167, ratio_lines=0.167, final_score=0.254
trace:         score_window: window_len=4, match_len=6, line_score=0.200, ratio_lines=0.000, final_score=0.293
trace:         score_window: window_len=5, match_len=6, line_score=0.182, ratio_lines=0.182, final_score=0.308
trace:         score_window: window_len=8, match_len=6, line_score=0.164, ratio_lines=0.000, final_score=0.261
trace:         score_window: window_len=7, match_len=6, line_score=0.165, ratio_lines=0.154, final_score=0.243
trace:         score_window: window_len=3, match_len=6, line_score=0.000, ratio_lines=0.000, final_score=0.219
trace:         score_window: window_len=8, match_len=6, line_score=0.164, ratio_lines=0.143, final_score=0.203
trace:         score_window: window_len=3, match_len=6, line_score=0.222, ratio_lines=0.222, final_score=0.337
trace:         score_window: window_len=9, match_len=6, line_score=0.163, ratio_lines=0.000, final_score=0.257
trace:         score_window: window_len=9, match_len=6, line_score=0.163, ratio_lines=0.133, final_score=0.197
trace:         score_window: window_len=10, match_len=6, line_score=0.161, ratio_lines=0.125, final_score=0.292
trace:         score_window: window_len=10, match_len=6, line_score=0.161, ratio_lines=0.125, final_score=0.192
trace:         score_window: window_len=12, match_len=6, line_score=0.317, ratio_lines=0.222, final_score=0.317
trace:         score_window: window_len=13, match_len=6, line_score=0.471, ratio_lines=0.316, final_score=0.471
trace:         score_window: window_len=14, match_len=6, line_score=0.467, ratio_lines=0.300, final_score=0.467
trace:         score_window: window_len=11, match_len=6, line_score=0.319, ratio_lines=0.235, final_score=0.319
trace:         score_window: window_len=15, match_len=6, line_score=0.617, ratio_lines=0.286, final_score=0.617
trace:         score_window: window_len=16, match_len=6, line_score=0.611, ratio_lines=0.273, final_score=0.611
trace:         score_window: window_len=12, match_len=6, line_score=0.317, ratio_lines=0.222, final_score=0.317
trace:         score_window: window_len=17, match_len=6, line_score=0.606, ratio_lines=0.261, final_score=0.606
trace:         score_window: window_len=18, match_len=6, line_score=0.600, ratio_lines=0.250, final_score=0.600
trace:         score_window: window_len=13, match_len=6, line_score=0.314, ratio_lines=0.211, final_score=0.314
trace:         score_window: window_len=19, match_len=6, line_score=0.594, ratio_lines=0.240, final_score=0.594
trace:         score_window: window_len=14, match_len=6, line_score=0.467, ratio_lines=0.300, final_score=0.467
trace:         score_window: window_len=20, match_len=6, line_score=0.589, ratio_lines=0.231, final_score=0.589
trace:         score_window: window_len=3, match_len=6, line_score=0.222, ratio_lines=0.222, final_score=0.222
trace:         score_window: window_len=2, match_len=6, line_score=0.250, ratio_lines=0.250, final_score=0.250
trace:         score_window: window_len=21, match_len=6, line_score=0.583, ratio_lines=0.222, final_score=0.583
trace:         score_window: window_len=10, match_len=6, line_score=0.322, ratio_lines=0.250, final_score=0.322
trace:         score_window: window_len=22, match_len=6, line_score=0.578, ratio_lines=0.214, final_score=0.578
trace:         score_window: window_len=11, match_len=6, line_score=0.319, ratio_lines=0.235, final_score=0.319
trace:         score_window: window_len=23, match_len=6, line_score=0.572, ratio_lines=0.207, final_score=0.572
trace:         score_window: window_len=12, match_len=6, line_score=0.317, ratio_lines=0.222, final_score=0.317
trace:         score_window: window_len=24, match_len=6, line_score=0.567, ratio_lines=0.200, final_score=0.567
trace:         score_window: window_len=13, match_len=6, line_score=0.471, ratio_lines=0.316, final_score=0.471
trace:         score_window: window_len=3, match_len=6, line_score=0.222, ratio_lines=0.222, final_score=0.222
trace:         score_window: window_len=9, match_len=6, line_score=0.325, ratio_lines=0.267, final_score=0.325
trace:         score_window: window_len=25, match_len=6, line_score=0.561, ratio_lines=0.194, final_score=0.561
trace:         score_window: window_len=2, match_len=6, line_score=0.250, ratio_lines=0.250, final_score=0.250
trace:         score_window: window_len=10, match_len=6, line_score=0.322, ratio_lines=0.250, final_score=0.322
trace:         score_window: window_len=11, match_len=6, line_score=0.319, ratio_lines=0.235, final_score=0.319
trace:         score_window: window_len=26, match_len=6, line_score=0.556, ratio_lines=0.188, final_score=0.556
trace:         score_window: window_len=12, match_len=6, line_score=0.475, ratio_lines=0.333, final_score=0.475
trace:         score_window: window_len=8, match_len=6, line_score=0.328, ratio_lines=0.286, final_score=0.328
trace:         score_window: window_len=9, match_len=6, line_score=0.325, ratio_lines=0.267, final_score=0.325
trace:         score_window: window_len=27, match_len=6, line_score=0.550, ratio_lines=0.182, final_score=0.550
trace:         score_window: window_len=10, match_len=6, line_score=0.322, ratio_lines=0.250, final_score=0.322
trace:         score_window: window_len=11, match_len=6, line_score=0.479, ratio_lines=0.353, final_score=0.479
trace:         score_window: window_len=7, match_len=6, line_score=0.331, ratio_lines=0.308, final_score=0.331
trace:         score_window: window_len=28, match_len=6, line_score=0.544, ratio_lines=0.176, final_score=0.544
trace:         score_window: window_len=8, match_len=6, line_score=0.328, ratio_lines=0.286, final_score=0.328
trace:         score_window: window_len=9, match_len=6, line_score=0.325, ratio_lines=0.267, final_score=0.325
trace:         score_window: window_len=29, match_len=6, line_score=0.539, ratio_lines=0.171, final_score=0.539
trace:         score_window: window_len=10, match_len=6, line_score=0.483, ratio_lines=0.375, final_score=0.483
trace:         score_window: window_len=6, match_len=6, line_score=0.333, ratio_lines=0.333, final_score=0.333
trace:         score_window: window_len=7, match_len=6, line_score=0.331, ratio_lines=0.308, final_score=0.331
trace:         score_window: window_len=6, match_len=6, line_score=0.167, ratio_lines=0.000, final_score=0.288
trace:         score_window: window_len=8, match_len=6, line_score=0.328, ratio_lines=0.286, final_score=0.328
trace:         score_window: window_len=3, match_len=6, line_score=0.222, ratio_lines=0.222, final_score=0.256
trace:         score_window: window_len=9, match_len=6, line_score=0.488, ratio_lines=0.400, final_score=0.488
trace:         score_window: window_len=6, match_len=6, line_score=0.333, ratio_lines=0.333, final_score=0.333
trace:         score_window: window_len=5, match_len=6, line_score=0.364, ratio_lines=0.364, final_score=0.364
trace:         score_window: window_len=7, match_len=6, line_score=0.331, ratio_lines=0.308, final_score=0.331
trace:         score_window: window_len=7, match_len=6, line_score=0.165, ratio_lines=0.000, final_score=0.283
trace:         score_window: window_len=8, match_len=6, line_score=0.492, ratio_lines=0.429, final_score=0.492
trace:         score_window: window_len=3, match_len=6, line_score=0.222, ratio_lines=0.222, final_score=0.222
trace:         score_window: window_len=2, match_len=6, line_score=0.250, ratio_lines=0.250, final_score=0.250
trace:         score_window: window_len=6, match_len=6, line_score=0.333, ratio_lines=0.333, final_score=0.333
trace:         score_window: window_len=5, match_len=6, line_score=0.364, ratio_lines=0.364, final_score=0.364
trace:         score_window: window_len=7, match_len=6, line_score=0.496, ratio_lines=0.462, final_score=0.496
trace:         score_window: window_len=4, match_len=6, line_score=0.400, ratio_lines=0.400, final_score=0.400
trace:         score_window: window_len=3, match_len=6, line_score=0.222, ratio_lines=0.222, final_score=0.222
trace:         score_window: window_len=2, match_len=6, line_score=0.250, ratio_lines=0.250, final_score=0.250
trace:         score_window: window_len=6, match_len=6, line_score=0.333, ratio_lines=0.333, final_score=0.333
trace:         score_window: window_len=8, match_len=6, line_score=0.164, ratio_lines=0.000, final_score=0.277
trace:         score_window: window_len=3, match_len=6, line_score=0.222, ratio_lines=0.222, final_score=0.222
trace:         score_window: window_len=5, match_len=6, line_score=0.364, ratio_lines=0.364, final_score=0.364
trace:         score_window: window_len=3, match_len=6, line_score=0.222, ratio_lines=0.222, final_score=0.222
trace:         score_window: window_len=3, match_len=6, line_score=0.222, ratio_lines=0.000, final_score=0.357
trace:         score_window: window_len=2, match_len=6, line_score=0.250, ratio_lines=0.250, final_score=0.250
trace:         score_window: window_len=4, match_len=6, line_score=0.400, ratio_lines=0.400, final_score=0.400
trace:         score_window: window_len=3, match_len=6, line_score=0.222, ratio_lines=0.222, final_score=0.222
trace:         score_window: window_len=2, match_len=6, line_score=0.250, ratio_lines=0.250, final_score=0.250
trace:         score_window: window_len=3, match_len=6, line_score=0.222, ratio_lines=0.222, final_score=0.222
trace:         score_window: window_len=2, match_len=6, line_score=0.250, ratio_lines=0.250, final_score=0.250
trace:         score_window: window_len=6, match_len=6, line_score=0.667, ratio_lines=0.500, final_score=0.667
trace:         score_window: window_len=5, match_len=6, line_score=0.545, ratio_lines=0.545, final_score=0.601
trace:         score_window: window_len=9, match_len=6, line_score=0.163, ratio_lines=0.133, final_score=0.315
trace:         score_window: window_len=7, match_len=6, line_score=0.661, ratio_lines=0.462, final_score=0.661
trace:         score_window: window_len=4, match_len=6, line_score=0.600, ratio_lines=0.600, final_score=0.600
trace:         score_window: window_len=10, match_len=6, line_score=0.161, ratio_lines=0.125, final_score=0.303
trace:         score_window: window_len=8, match_len=6, line_score=0.656, ratio_lines=0.429, final_score=0.656
trace:         score_window: window_len=11, match_len=6, line_score=0.319, ratio_lines=0.235, final_score=0.320
trace:         score_window: window_len=3, match_len=6, line_score=0.444, ratio_lines=0.444, final_score=0.444
trace:         score_window: window_len=12, match_len=6, line_score=0.475, ratio_lines=0.333, final_score=0.475
trace:         score_window: window_len=9, match_len=6, line_score=0.650, ratio_lines=0.400, final_score=0.650
trace:         score_window: window_len=2, match_len=6, line_score=0.250, ratio_lines=0.250, final_score=0.269
trace:         score_window: window_len=13, match_len=6, line_score=0.471, ratio_lines=0.316, final_score=0.471
trace:         score_window: window_len=14, match_len=6, line_score=0.622, ratio_lines=0.300, final_score=0.622
trace:         score_window: window_len=15, match_len=6, line_score=0.617, ratio_lines=0.286, final_score=0.617
trace:         score_window: window_len=10, match_len=6, line_score=0.644, ratio_lines=0.375, final_score=0.644
trace:         score_window: window_len=16, match_len=6, line_score=0.611, ratio_lines=0.273, final_score=0.611
trace:         score_window: window_len=17, match_len=6, line_score=0.606, ratio_lines=0.261, final_score=0.606
trace:         score_window: window_len=11, match_len=6, line_score=0.639, ratio_lines=0.353, final_score=0.639
trace:         score_window: window_len=18, match_len=6, line_score=0.600, ratio_lines=0.250, final_score=0.600
trace:         score_window: window_len=19, match_len=6, line_score=0.594, ratio_lines=0.240, final_score=0.594
trace:         score_window: window_len=12, match_len=6, line_score=0.633, ratio_lines=0.333, final_score=0.633
trace:         score_window: window_len=20, match_len=6, line_score=0.589, ratio_lines=0.231, final_score=0.589
trace:         score_window: window_len=13, match_len=6, line_score=0.628, ratio_lines=0.316, final_score=0.628
trace:         score_window: window_len=21, match_len=6, line_score=0.583, ratio_lines=0.222, final_score=0.583
trace:         score_window: window_len=22, match_len=6, line_score=0.578, ratio_lines=0.214, final_score=0.578
trace:         score_window: window_len=14, match_len=6, line_score=0.622, ratio_lines=0.300, final_score=0.622
trace:         score_window: window_len=23, match_len=6, line_score=0.572, ratio_lines=0.207, final_score=0.572
trace:         score_window: window_len=15, match_len=6, line_score=0.617, ratio_lines=0.286, final_score=0.617
trace:         score_window: window_len=24, match_len=6, line_score=0.567, ratio_lines=0.200, final_score=0.567
trace:         score_window: window_len=16, match_len=6, line_score=0.611, ratio_lines=0.273, final_score=0.611
trace:         score_window: window_len=17, match_len=6, line_score=0.606, ratio_lines=0.261, final_score=0.606
trace:         score_window: window_len=25, match_len=6, line_score=0.561, ratio_lines=0.194, final_score=0.561
trace:         score_window: window_len=18, match_len=6, line_score=0.600, ratio_lines=0.250, final_score=0.600
trace:         score_window: window_len=26, match_len=6, line_score=0.556, ratio_lines=0.188, final_score=0.556
trace:         score_window: window_len=19, match_len=6, line_score=0.594, ratio_lines=0.240, final_score=0.594
trace:         score_window: window_len=27, match_len=6, line_score=0.550, ratio_lines=0.182, final_score=0.550
trace:         score_window: window_len=20, match_len=6, line_score=0.589, ratio_lines=0.231, final_score=0.589
trace:         score_window: window_len=28, match_len=6, line_score=0.544, ratio_lines=0.176, final_score=0.544
trace:         score_window: window_len=21, match_len=6, line_score=0.583, ratio_lines=0.222, final_score=0.583
trace:         score_window: window_len=29, match_len=6, line_score=0.539, ratio_lines=0.171, final_score=0.539
trace:         score_window: window_len=22, match_len=6, line_score=0.578, ratio_lines=0.214, final_score=0.578
trace:         score_window: window_len=6, match_len=6, line_score=0.167, ratio_lines=0.000, final_score=0.233
trace:         score_window: window_len=23, match_len=6, line_score=0.572, ratio_lines=0.207, final_score=0.572
trace:         score_window: window_len=7, match_len=6, line_score=0.165, ratio_lines=0.000, final_score=0.228
trace:         score_window: window_len=24, match_len=6, line_score=0.567, ratio_lines=0.200, final_score=0.567
trace:         score_window: window_len=8, match_len=6, line_score=0.164, ratio_lines=0.143, final_score=0.269
trace:         score_window: window_len=25, match_len=6, line_score=0.561, ratio_lines=0.194, final_score=0.561
trace:         score_window: window_len=3, match_len=6, line_score=0.222, ratio_lines=0.000, final_score=0.267
trace:         score_window: window_len=9, match_len=6, line_score=0.163, ratio_lines=0.133, final_score=0.337
trace:         score_window: window_len=2, match_len=6, line_score=0.250, ratio_lines=0.000, final_score=0.260
trace:         score_window: window_len=26, match_len=6, line_score=0.556, ratio_lines=0.188, final_score=0.556
trace:         score_window: window_len=10, match_len=6, line_score=0.322, ratio_lines=0.250, final_score=0.355
trace:         score_window: window_len=11, match_len=6, line_score=0.479, ratio_lines=0.353, final_score=0.479
trace:         score_window: window_len=27, match_len=6, line_score=0.550, ratio_lines=0.182, final_score=0.550
trace:         score_window: window_len=12, match_len=6, line_score=0.475, ratio_lines=0.333, final_score=0.475
trace:         score_window: window_len=28, match_len=6, line_score=0.544, ratio_lines=0.176, final_score=0.544
trace:         score_window: window_len=13, match_len=6, line_score=0.628, ratio_lines=0.316, final_score=0.628
trace:         score_window: window_len=14, match_len=6, line_score=0.622, ratio_lines=0.300, final_score=0.622
trace:         score_window: window_len=29, match_len=6, line_score=0.539, ratio_lines=0.229, final_score=0.539
trace:         score_window: window_len=15, match_len=6, line_score=0.617, ratio_lines=0.286, final_score=0.617
trace:         score_window: window_len=6, match_len=6, line_score=0.667, ratio_lines=0.500, final_score=0.667
trace:         score_window: window_len=16, match_len=6, line_score=0.611, ratio_lines=0.273, final_score=0.611
trace:         score_window: window_len=7, match_len=6, line_score=0.661, ratio_lines=0.462, final_score=0.661
trace:         score_window: window_len=4, match_len=6, line_score=0.600, ratio_lines=0.600, final_score=0.606
trace:         score_window: window_len=17, match_len=6, line_score=0.606, ratio_lines=0.261, final_score=0.606
trace:         score_window: window_len=8, match_len=6, line_score=0.656, ratio_lines=0.429, final_score=0.656
trace:         score_window: window_len=3, match_len=6, line_score=0.667, ratio_lines=0.667, final_score=0.667
trace:         score_window: window_len=18, match_len=6, line_score=0.600, ratio_lines=0.250, final_score=0.600
trace:         score_window: window_len=9, match_len=6, line_score=0.650, ratio_lines=0.400, final_score=0.650
trace:         score_window: window_len=2, match_len=6, line_score=0.500, ratio_lines=0.500, final_score=0.500
trace:         score_window: window_len=19, match_len=6, line_score=0.594, ratio_lines=0.240, final_score=0.594
trace:         score_window: window_len=10, match_len=6, line_score=0.644, ratio_lines=0.375, final_score=0.644
trace:         score_window: window_len=20, match_len=6, line_score=0.589, ratio_lines=0.231, final_score=0.589
trace:         score_window: window_len=21, match_len=6, line_score=0.583, ratio_lines=0.222, final_score=0.583
trace:         score_window: window_len=11, match_len=6, line_score=0.639, ratio_lines=0.353, final_score=0.639
trace:         score_window: window_len=22, match_len=6, line_score=0.578, ratio_lines=0.214, final_score=0.578
trace:         score_window: window_len=12, match_len=6, line_score=0.633, ratio_lines=0.333, final_score=0.633
trace:         score_window: window_len=13, match_len=6, line_score=0.628, ratio_lines=0.316, final_score=0.628
trace:         score_window: window_len=23, match_len=6, line_score=0.572, ratio_lines=0.207, final_score=0.572
trace:         score_window: window_len=14, match_len=6, line_score=0.622, ratio_lines=0.300, final_score=0.622
trace:         score_window: window_len=15, match_len=6, line_score=0.617, ratio_lines=0.286, final_score=0.617
trace:         score_window: window_len=24, match_len=6, line_score=0.567, ratio_lines=0.200, final_score=0.567
trace:         score_window: window_len=16, match_len=6, line_score=0.611, ratio_lines=0.273, final_score=0.611
trace:         score_window: window_len=25, match_len=6, line_score=0.561, ratio_lines=0.194, final_score=0.561
trace:         score_window: window_len=17, match_len=6, line_score=0.606, ratio_lines=0.261, final_score=0.606
trace:         score_window: window_len=18, match_len=6, line_score=0.600, ratio_lines=0.250, final_score=0.600
trace:         score_window: window_len=26, match_len=6, line_score=0.556, ratio_lines=0.188, final_score=0.556
trace:         score_window: window_len=19, match_len=6, line_score=0.594, ratio_lines=0.240, final_score=0.594
trace:         score_window: window_len=20, match_len=6, line_score=0.589, ratio_lines=0.231, final_score=0.589
trace:         score_window: window_len=27, match_len=6, line_score=0.550, ratio_lines=0.182, final_score=0.550
trace:         score_window: window_len=28, match_len=6, line_score=0.544, ratio_lines=0.176, final_score=0.544
trace:         score_window: window_len=21, match_len=6, line_score=0.583, ratio_lines=0.222, final_score=0.583
trace:         score_window: window_len=29, match_len=6, line_score=0.539, ratio_lines=0.171, final_score=0.539
trace:         score_window: window_len=22, match_len=6, line_score=0.578, ratio_lines=0.214, final_score=0.578
trace:         score_window: window_len=23, match_len=6, line_score=0.572, ratio_lines=0.207, final_score=0.572
trace:         score_window: window_len=6, match_len=6, line_score=0.167, ratio_lines=0.000, final_score=0.237
trace:         score_window: window_len=24, match_len=6, line_score=0.567, ratio_lines=0.200, final_score=0.567
trace:         score_window: window_len=5, match_len=6, line_score=0.182, ratio_lines=0.000, final_score=0.238
trace:         score_window: window_len=25, match_len=6, line_score=0.561, ratio_lines=0.194, final_score=0.561
trace:         score_window: window_len=7, match_len=6, line_score=0.165, ratio_lines=0.154, final_score=0.252
trace:         score_window: window_len=8, match_len=6, line_score=0.164, ratio_lines=0.143, final_score=0.361
trace:         score_window: window_len=3, match_len=6, line_score=0.222, ratio_lines=0.000, final_score=0.222
trace:         score_window: window_len=26, match_len=6, line_score=0.556, ratio_lines=0.188, final_score=0.556
trace:         score_window: window_len=9, match_len=6, line_score=0.325, ratio_lines=0.267, final_score=0.380
trace:         score_window: window_len=2, match_len=6, line_score=0.250, ratio_lines=0.000, final_score=0.250
trace:         score_window: window_len=27, match_len=6, line_score=0.550, ratio_lines=0.182, final_score=0.550
trace:         score_window: window_len=10, match_len=6, line_score=0.483, ratio_lines=0.375, final_score=0.483
trace:         score_window: window_len=28, match_len=6, line_score=0.544, ratio_lines=0.235, final_score=0.544
trace:         score_window: window_len=11, match_len=6, line_score=0.479, ratio_lines=0.353, final_score=0.479
trace:         score_window: window_len=29, match_len=6, line_score=0.674, ratio_lines=0.286, final_score=0.674
trace:         score_window: window_len=6, match_len=6, line_score=0.500, ratio_lines=0.333, final_score=0.500
trace:         score_window: window_len=12, match_len=6, line_score=0.633, ratio_lines=0.333, final_score=0.633
trace:         score_window: window_len=5, match_len=6, line_score=0.545, ratio_lines=0.364, final_score=0.545
trace:         score_window: window_len=7, match_len=6, line_score=0.496, ratio_lines=0.308, final_score=0.496
trace:         score_window: window_len=4, match_len=6, line_score=0.600, ratio_lines=0.400, final_score=0.600
trace:         score_window: window_len=13, match_len=6, line_score=0.628, ratio_lines=0.316, final_score=0.628
trace:         score_window: window_len=8, match_len=6, line_score=0.492, ratio_lines=0.286, final_score=0.492
trace:         score_window: window_len=14, match_len=6, line_score=0.622, ratio_lines=0.300, final_score=0.622
trace:         score_window: window_len=3, match_len=6, line_score=0.444, ratio_lines=0.444, final_score=0.444
trace:         score_window: window_len=15, match_len=6, line_score=0.617, ratio_lines=0.286, final_score=0.617
trace:         score_window: window_len=16, match_len=6, line_score=0.611, ratio_lines=0.273, final_score=0.611
trace:         score_window: window_len=9, match_len=6, line_score=0.488, ratio_lines=0.267, final_score=0.488
trace:         score_window: window_len=2, match_len=6, line_score=0.500, ratio_lines=0.500, final_score=0.500
trace:         score_window: window_len=17, match_len=6, line_score=0.606, ratio_lines=0.261, final_score=0.606
trace:         score_window: window_len=18, match_len=6, line_score=0.600, ratio_lines=0.250, final_score=0.600
trace:         score_window: window_len=10, match_len=6, line_score=0.483, ratio_lines=0.250, final_score=0.483
trace:         score_window: window_len=19, match_len=6, line_score=0.594, ratio_lines=0.240, final_score=0.594
trace:         score_window: window_len=11, match_len=6, line_score=0.479, ratio_lines=0.235, final_score=0.479
trace:         score_window: window_len=20, match_len=6, line_score=0.589, ratio_lines=0.231, final_score=0.589
trace:         score_window: window_len=21, match_len=6, line_score=0.583, ratio_lines=0.222, final_score=0.583
trace:         score_window: window_len=12, match_len=6, line_score=0.475, ratio_lines=0.222, final_score=0.475
trace:         score_window: window_len=22, match_len=6, line_score=0.578, ratio_lines=0.214, final_score=0.578
trace:         score_window: window_len=23, match_len=6, line_score=0.572, ratio_lines=0.207, final_score=0.572
trace:         score_window: window_len=13, match_len=6, line_score=0.471, ratio_lines=0.211, final_score=0.471
trace:         score_window: window_len=24, match_len=6, line_score=0.567, ratio_lines=0.200, final_score=0.567
trace:         score_window: window_len=14, match_len=6, line_score=0.467, ratio_lines=0.200, final_score=0.467
trace:         score_window: window_len=25, match_len=6, line_score=0.561, ratio_lines=0.194, final_score=0.561
trace:         score_window: window_len=26, match_len=6, line_score=0.556, ratio_lines=0.188, final_score=0.556
trace:         score_window: window_len=15, match_len=6, line_score=0.463, ratio_lines=0.190, final_score=0.463
trace:         score_window: window_len=27, match_len=6, line_score=0.550, ratio_lines=0.182, final_score=0.550
trace:         score_window: window_len=16, match_len=6, line_score=0.458, ratio_lines=0.182, final_score=0.458
trace:         score_window: window_len=28, match_len=6, line_score=0.544, ratio_lines=0.176, final_score=0.544
trace:         score_window: window_len=17, match_len=6, line_score=0.454, ratio_lines=0.174, final_score=0.454
trace:         score_window: window_len=29, match_len=6, line_score=0.539, ratio_lines=0.171, final_score=0.539
trace:         score_window: window_len=18, match_len=6, line_score=0.450, ratio_lines=0.167, final_score=0.450
trace:         score_window: window_len=19, match_len=6, line_score=0.446, ratio_lines=0.160, final_score=0.446
trace:         score_window: window_len=6, match_len=6, line_score=0.167, ratio_lines=0.167, final_score=0.254
trace:         score_window: window_len=20, match_len=6, line_score=0.442, ratio_lines=0.154, final_score=0.442
trace:         score_window: window_len=5, match_len=6, line_score=0.000, ratio_lines=0.000, final_score=0.238
trace:         score_window: window_len=21, match_len=6, line_score=0.438, ratio_lines=0.148, final_score=0.438
trace:         score_window: window_len=7, match_len=6, line_score=0.165, ratio_lines=0.154, final_score=0.363
trace:         score_window: window_len=22, match_len=6, line_score=0.433, ratio_lines=0.143, final_score=0.433
trace:         score_window: window_len=4, match_len=6, line_score=0.000, ratio_lines=0.000, final_score=0.239
trace:         score_window: window_len=28, match_len=6, line_score=0.544, ratio_lines=0.235, final_score=0.544
trace:         score_window: window_len=29, match_len=6, line_score=0.674, ratio_lines=0.286, final_score=0.674
trace:         score_window: window_len=8, match_len=6, line_score=0.328, ratio_lines=0.286, final_score=0.383
trace:         score_window: window_len=6, match_len=6, line_score=0.333, ratio_lines=0.167, final_score=0.347
trace:         score_window: window_len=5, match_len=6, line_score=0.364, ratio_lines=0.182, final_score=0.364
trace:         score_window: window_len=9, match_len=6, line_score=0.488, ratio_lines=0.400, final_score=0.488
trace:         score_window: window_len=10, match_len=6, line_score=0.483, ratio_lines=0.375, final_score=0.483
trace:         score_window: window_len=7, match_len=6, line_score=0.331, ratio_lines=0.154, final_score=0.331
trace:         score_window: window_len=4, match_len=6, line_score=0.400, ratio_lines=0.200, final_score=0.400
trace:         score_window: window_len=11, match_len=6, line_score=0.639, ratio_lines=0.353, final_score=0.639
trace:         score_window: window_len=12, match_len=6, line_score=0.633, ratio_lines=0.333, final_score=0.633
trace:         score_window: window_len=8, match_len=6, line_score=0.328, ratio_lines=0.143, final_score=0.328
trace:         score_window: window_len=3, match_len=6, line_score=0.444, ratio_lines=0.222, final_score=0.444
trace:         score_window: window_len=13, match_len=6, line_score=0.628, ratio_lines=0.316, final_score=0.628
trace:         score_window: window_len=14, match_len=6, line_score=0.622, ratio_lines=0.300, final_score=0.622
trace:         score_window: window_len=9, match_len=6, line_score=0.325, ratio_lines=0.133, final_score=0.325
trace:         score_window: window_len=2, match_len=6, line_score=0.250, ratio_lines=0.250, final_score=0.250
trace:         score_window: window_len=15, match_len=6, line_score=0.617, ratio_lines=0.286, final_score=0.617
trace:         score_window: window_len=16, match_len=6, line_score=0.611, ratio_lines=0.273, final_score=0.611
trace:         score_window: window_len=10, match_len=6, line_score=0.322, ratio_lines=0.125, final_score=0.322
trace:         score_window: window_len=17, match_len=6, line_score=0.606, ratio_lines=0.261, final_score=0.606
trace:         score_window: window_len=18, match_len=6, line_score=0.600, ratio_lines=0.250, final_score=0.600
trace:         score_window: window_len=11, match_len=6, line_score=0.319, ratio_lines=0.118, final_score=0.319
trace:         score_window: window_len=19, match_len=6, line_score=0.594, ratio_lines=0.240, final_score=0.594
trace:         score_window: window_len=12, match_len=6, line_score=0.317, ratio_lines=0.111, final_score=0.317
trace:         score_window: window_len=20, match_len=6, line_score=0.589, ratio_lines=0.231, final_score=0.589
trace:         score_window: window_len=21, match_len=6, line_score=0.583, ratio_lines=0.222, final_score=0.583
trace:         score_window: window_len=13, match_len=6, line_score=0.314, ratio_lines=0.105, final_score=0.314
trace:         score_window: window_len=22, match_len=6, line_score=0.578, ratio_lines=0.214, final_score=0.578
trace:         score_window: window_len=23, match_len=6, line_score=0.572, ratio_lines=0.207, final_score=0.572
trace:         score_window: window_len=14, match_len=6, line_score=0.311, ratio_lines=0.100, final_score=0.311
trace:         score_window: window_len=24, match_len=6, line_score=0.567, ratio_lines=0.200, final_score=0.567
trace:         score_window: window_len=27, match_len=6, line_score=0.550, ratio_lines=0.242, final_score=0.550
trace:         score_window: window_len=28, match_len=6, line_score=0.681, ratio_lines=0.294, final_score=0.681
trace:         score_window: window_len=25, match_len=6, line_score=0.561, ratio_lines=0.194, final_score=0.561
trace:         score_window: window_len=29, match_len=6, line_score=0.674, ratio_lines=0.286, final_score=0.674
trace:         score_window: window_len=26, match_len=6, line_score=0.556, ratio_lines=0.188, final_score=0.556
trace:         score_window: window_len=6, match_len=6, line_score=0.167, ratio_lines=0.000, final_score=0.260
trace:         score_window: window_len=27, match_len=6, line_score=0.550, ratio_lines=0.182, final_score=0.550
trace:         score_window: window_len=28, match_len=6, line_score=0.544, ratio_lines=0.176, final_score=0.544
trace:         score_window: window_len=7, match_len=6, line_score=0.165, ratio_lines=0.000, final_score=0.234
trace:         score_window: window_len=29, match_len=6, line_score=0.539, ratio_lines=0.171, final_score=0.539
trace:         score_window: window_len=8, match_len=6, line_score=0.164, ratio_lines=0.000, final_score=0.288
trace:         score_window: window_len=6, match_len=6, line_score=0.167, ratio_lines=0.167, final_score=0.369
trace:         score_window: window_len=3, match_len=6, line_score=0.222, ratio_lines=0.000, final_score=0.269
trace:         score_window: window_len=5, match_len=6, line_score=0.182, ratio_lines=0.182, final_score=0.260
trace:         score_window: window_len=9, match_len=6, line_score=0.163, ratio_lines=0.000, final_score=0.221
trace:         score_window: window_len=2, match_len=6, line_score=0.250, ratio_lines=0.000, final_score=0.250
trace:         score_window: window_len=7, match_len=6, line_score=0.331, ratio_lines=0.308, final_score=0.391
trace:         score_window: window_len=4, match_len=6, line_score=0.000, ratio_lines=0.000, final_score=0.242
trace:         score_window: window_len=10, match_len=6, line_score=0.161, ratio_lines=0.000, final_score=0.212
trace:         score_window: window_len=8, match_len=6, line_score=0.492, ratio_lines=0.429, final_score=0.492
trace:         score_window: window_len=3, match_len=6, line_score=0.000, ratio_lines=0.000, final_score=0.244
trace:         score_window: window_len=11, match_len=6, line_score=0.160, ratio_lines=0.000, final_score=0.205
trace:         score_window: window_len=9, match_len=6, line_score=0.488, ratio_lines=0.400, final_score=0.488
trace:         score_window: window_len=10, match_len=6, line_score=0.644, ratio_lines=0.375, final_score=0.644
trace:         score_window: window_len=12, match_len=6, line_score=0.158, ratio_lines=0.000, final_score=0.200
trace:         score_window: window_len=11, match_len=6, line_score=0.639, ratio_lines=0.353, final_score=0.639
trace:         score_window: window_len=13, match_len=6, line_score=0.157, ratio_lines=0.105, final_score=0.197
trace:         score_window: window_len=12, match_len=6, line_score=0.633, ratio_lines=0.333, final_score=0.633
trace:         score_window: window_len=14, match_len=6, line_score=0.156, ratio_lines=0.100, final_score=0.192
trace:         score_window: window_len=13, match_len=6, line_score=0.628, ratio_lines=0.316, final_score=0.628
trace:         score_window: window_len=26, match_len=6, line_score=0.556, ratio_lines=0.250, final_score=0.556
trace:         score_window: window_len=14, match_len=6, line_score=0.622, ratio_lines=0.300, final_score=0.622
trace:         score_window: window_len=27, match_len=6, line_score=0.688, ratio_lines=0.303, final_score=0.688
trace:         score_window: window_len=15, match_len=6, line_score=0.617, ratio_lines=0.286, final_score=0.617
trace:         score_window: window_len=28, match_len=6, line_score=0.681, ratio_lines=0.294, final_score=0.681
trace:         score_window: window_len=29, match_len=6, line_score=0.674, ratio_lines=0.286, final_score=0.674
trace:         score_window: window_len=16, match_len=6, line_score=0.611, ratio_lines=0.273, final_score=0.611
trace:         score_window: window_len=6, match_len=6, line_score=0.167, ratio_lines=0.000, final_score=0.241
trace:         score_window: window_len=17, match_len=6, line_score=0.606, ratio_lines=0.261, final_score=0.606
trace:         score_window: window_len=18, match_len=6, line_score=0.600, ratio_lines=0.250, final_score=0.600
trace:         score_window: window_len=5, match_len=6, line_score=0.182, ratio_lines=0.000, final_score=0.269
trace:         score_window: window_len=19, match_len=6, line_score=0.594, ratio_lines=0.240, final_score=0.594
trace:         score_window: window_len=7, match_len=6, line_score=0.165, ratio_lines=0.000, final_score=0.296
trace:         score_window: window_len=20, match_len=6, line_score=0.589, ratio_lines=0.231, final_score=0.589
trace:         score_window: window_len=8, match_len=6, line_score=0.164, ratio_lines=0.000, final_score=0.227
trace:         score_window: window_len=21, match_len=6, line_score=0.583, ratio_lines=0.222, final_score=0.583
trace:         score_window: window_len=3, match_len=6, line_score=0.222, ratio_lines=0.000, final_score=0.294
trace:         score_window: window_len=22, match_len=6, line_score=0.578, ratio_lines=0.214, final_score=0.578
trace:         score_window: window_len=9, match_len=6, line_score=0.163, ratio_lines=0.000, final_score=0.218
trace:         score_window: window_len=2, match_len=6, line_score=0.250, ratio_lines=0.000, final_score=0.283
trace:         score_window: window_len=23, match_len=6, line_score=0.572, ratio_lines=0.207, final_score=0.572
trace:         score_window: window_len=24, match_len=6, line_score=0.567, ratio_lines=0.200, final_score=0.567
trace:         score_window: window_len=25, match_len=6, line_score=0.561, ratio_lines=0.194, final_score=0.561
trace:         score_window: window_len=10, match_len=6, line_score=0.161, ratio_lines=0.000, final_score=0.210
trace:         score_window: window_len=26, match_len=6, line_score=0.556, ratio_lines=0.188, final_score=0.556
trace:         score_window: window_len=27, match_len=6, line_score=0.550, ratio_lines=0.182, final_score=0.550
trace:         score_window: window_len=11, match_len=6, line_score=0.160, ratio_lines=0.000, final_score=0.205
trace:         score_window: window_len=28, match_len=6, line_score=0.544, ratio_lines=0.176, final_score=0.544
trace:         score_window: window_len=12, match_len=6, line_score=0.158, ratio_lines=0.111, final_score=0.201
trace:         score_window: window_len=29, match_len=6, line_score=0.539, ratio_lines=0.171, final_score=0.539
trace:         score_window: window_len=6, match_len=6, line_score=0.333, ratio_lines=0.333, final_score=0.419
trace:         score_window: window_len=13, match_len=6, line_score=0.157, ratio_lines=0.105, final_score=0.196
trace:         score_window: window_len=5, match_len=6, line_score=0.182, ratio_lines=0.182, final_score=0.396
trace:         score_window: window_len=7, match_len=6, line_score=0.496, ratio_lines=0.462, final_score=0.496
trace:         score_window: window_len=14, match_len=6, line_score=0.156, ratio_lines=0.100, final_score=0.189
trace:         score_window: window_len=8, match_len=6, line_score=0.492, ratio_lines=0.429, final_score=0.492
trace:         score_window: window_len=9, match_len=6, line_score=0.650, ratio_lines=0.400, final_score=0.650
trace:         score_window: window_len=25, match_len=6, line_score=0.561, ratio_lines=0.258, final_score=0.561
trace:         score_window: window_len=26, match_len=6, line_score=0.694, ratio_lines=0.312, final_score=0.694
trace:         score_window: window_len=10, match_len=6, line_score=0.644, ratio_lines=0.375, final_score=0.644
trace:         score_window: window_len=27, match_len=6, line_score=0.688, ratio_lines=0.303, final_score=0.688
trace:         score_window: window_len=28, match_len=6, line_score=0.681, ratio_lines=0.294, final_score=0.681
trace:         score_window: window_len=29, match_len=6, line_score=0.674, ratio_lines=0.286, final_score=0.674
trace:         score_window: window_len=11, match_len=6, line_score=0.639, ratio_lines=0.353, final_score=0.639
trace:         score_window: window_len=6, match_len=6, line_score=0.167, ratio_lines=0.000, final_score=0.292
trace:         score_window: window_len=12, match_len=6, line_score=0.633, ratio_lines=0.333, final_score=0.633
trace:         score_window: window_len=13, match_len=6, line_score=0.628, ratio_lines=0.316, final_score=0.628
trace:         score_window: window_len=5, match_len=6, line_score=0.182, ratio_lines=0.000, final_score=0.236
trace:         score_window: window_len=14, match_len=6, line_score=0.622, ratio_lines=0.300, final_score=0.622
trace:         score_window: window_len=7, match_len=6, line_score=0.165, ratio_lines=0.000, final_score=0.221
trace:         score_window: window_len=15, match_len=6, line_score=0.617, ratio_lines=0.286, final_score=0.617
trace:         score_window: window_len=4, match_len=6, line_score=0.200, ratio_lines=0.000, final_score=0.264
trace:         score_window: window_len=16, match_len=6, line_score=0.611, ratio_lines=0.273, final_score=0.611
trace:         score_window: window_len=17, match_len=6, line_score=0.606, ratio_lines=0.261, final_score=0.606
trace:         score_window: window_len=8, match_len=6, line_score=0.164, ratio_lines=0.000, final_score=0.212
trace:         score_window: window_len=3, match_len=6, line_score=0.222, ratio_lines=0.000, final_score=0.312
trace:         score_window: window_len=18, match_len=6, line_score=0.600, ratio_lines=0.250, final_score=0.600
trace:         score_window: window_len=9, match_len=6, line_score=0.163, ratio_lines=0.000, final_score=0.203
trace:         score_window: window_len=19, match_len=6, line_score=0.594, ratio_lines=0.240, final_score=0.594
trace:         score_window: window_len=20, match_len=6, line_score=0.589, ratio_lines=0.231, final_score=0.589
trace:         score_window: window_len=10, match_len=6, line_score=0.161, ratio_lines=0.000, final_score=0.198
trace:         score_window: window_len=21, match_len=6, line_score=0.583, ratio_lines=0.222, final_score=0.583
trace:         score_window: window_len=11, match_len=6, line_score=0.160, ratio_lines=0.118, final_score=0.195
trace:         score_window: window_len=22, match_len=6, line_score=0.578, ratio_lines=0.214, final_score=0.578
trace:         score_window: window_len=23, match_len=6, line_score=0.572, ratio_lines=0.207, final_score=0.572
trace:         score_window: window_len=12, match_len=6, line_score=0.158, ratio_lines=0.111, final_score=0.189
trace:         score_window: window_len=24, match_len=6, line_score=0.567, ratio_lines=0.200, final_score=0.567
trace:         score_window: window_len=25, match_len=6, line_score=0.561, ratio_lines=0.194, final_score=0.561
trace:         score_window: window_len=13, match_len=6, line_score=0.157, ratio_lines=0.105, final_score=0.182
trace:         score_window: window_len=26, match_len=6, line_score=0.556, ratio_lines=0.188, final_score=0.556
trace:         score_window: window_len=14, match_len=6, line_score=0.156, ratio_lines=0.100, final_score=0.178
trace:         score_window: window_len=27, match_len=6, line_score=0.550, ratio_lines=0.182, final_score=0.550
trace:         score_window: window_len=24, match_len=6, line_score=0.567, ratio_lines=0.267, final_score=0.567
trace:         score_window: window_len=28, match_len=6, line_score=0.544, ratio_lines=0.176, final_score=0.544
trace:         score_window: window_len=26, match_len=6, line_score=0.694, ratio_lines=0.312, final_score=0.694
trace:         score_window: window_len=27, match_len=6, line_score=0.688, ratio_lines=0.303, final_score=0.688
trace:         score_window: window_len=29, match_len=6, line_score=0.539, ratio_lines=0.171, final_score=0.539
trace:         score_window: window_len=28, match_len=6, line_score=0.681, ratio_lines=0.294, final_score=0.681
trace:         score_window: window_len=6, match_len=6, line_score=0.500, ratio_lines=0.500, final_score=0.500
trace:         score_window: window_len=29, match_len=6, line_score=0.674, ratio_lines=0.286, final_score=0.674
trace:         score_window: window_len=5, match_len=6, line_score=0.364, ratio_lines=0.364, final_score=0.486
trace:         score_window: window_len=6, match_len=6, line_score=0.167, ratio_lines=0.000, final_score=0.259
trace:         score_window: window_len=7, match_len=6, line_score=0.496, ratio_lines=0.462, final_score=0.512
trace:         score_window: window_len=4, match_len=6, line_score=0.200, ratio_lines=0.200, final_score=0.461
trace:         score_window: window_len=7, match_len=6, line_score=0.165, ratio_lines=0.000, final_score=0.246
trace:         score_window: window_len=8, match_len=6, line_score=0.656, ratio_lines=0.429, final_score=0.656
trace:         score_window: window_len=3, match_len=6, line_score=0.222, ratio_lines=0.222, final_score=0.222
trace:         score_window: window_len=8, match_len=6, line_score=0.164, ratio_lines=0.000, final_score=0.235
trace:         score_window: window_len=3, match_len=6, line_score=0.222, ratio_lines=0.000, final_score=0.282
trace:         score_window: window_len=9, match_len=6, line_score=0.650, ratio_lines=0.400, final_score=0.650
trace:         score_window: window_len=9, match_len=6, line_score=0.163, ratio_lines=0.000, final_score=0.228
trace:         score_window: window_len=2, match_len=6, line_score=0.250, ratio_lines=0.000, final_score=0.250
trace:         score_window: window_len=10, match_len=6, line_score=0.644, ratio_lines=0.375, final_score=0.644
trace:         score_window: window_len=10, match_len=6, line_score=0.161, ratio_lines=0.125, final_score=0.224
trace:         score_window: window_len=11, match_len=6, line_score=0.639, ratio_lines=0.353, final_score=0.639
trace:         score_window: window_len=11, match_len=6, line_score=0.160, ratio_lines=0.118, final_score=0.217
trace:         score_window: window_len=12, match_len=6, line_score=0.158, ratio_lines=0.111, final_score=0.208
trace:         score_window: window_len=13, match_len=6, line_score=0.157, ratio_lines=0.105, final_score=0.204
trace:         score_window: window_len=12, match_len=6, line_score=0.633, ratio_lines=0.333, final_score=0.633
trace:         score_window: window_len=14, match_len=6, line_score=0.156, ratio_lines=0.100, final_score=0.200
trace:         score_window: window_len=13, match_len=6, line_score=0.628, ratio_lines=0.316, final_score=0.628
trace:         score_window: window_len=14, match_len=6, line_score=0.622, ratio_lines=0.300, final_score=0.622
trace:         score_window: window_len=15, match_len=6, line_score=0.154, ratio_lines=0.095, final_score=0.192
trace:         score_window: window_len=15, match_len=6, line_score=0.617, ratio_lines=0.286, final_score=0.617
trace:         score_window: window_len=22, match_len=6, line_score=0.433, ratio_lines=0.214, final_score=0.433
trace:         score_window: window_len=23, match_len=6, line_score=0.572, ratio_lines=0.276, final_score=0.572
trace:         score_window: window_len=16, match_len=6, line_score=0.611, ratio_lines=0.273, final_score=0.611
trace:         score_window: window_len=26, match_len=6, line_score=0.694, ratio_lines=0.312, final_score=0.694
trace:         score_window: window_len=17, match_len=6, line_score=0.606, ratio_lines=0.261, final_score=0.606
trace:         score_window: window_len=27, match_len=6, line_score=0.688, ratio_lines=0.303, final_score=0.688
trace:         score_window: window_len=18, match_len=6, line_score=0.600, ratio_lines=0.250, final_score=0.600
trace:         score_window: window_len=28, match_len=6, line_score=0.681, ratio_lines=0.294, final_score=0.681
trace:         score_window: window_len=19, match_len=6, line_score=0.594, ratio_lines=0.240, final_score=0.594
trace:         score_window: window_len=29, match_len=6, line_score=0.674, ratio_lines=0.286, final_score=0.674
trace:         score_window: window_len=20, match_len=6, line_score=0.589, ratio_lines=0.231, final_score=0.589
trace:         score_window: window_len=21, match_len=6, line_score=0.583, ratio_lines=0.222, final_score=0.583
trace:         score_window: window_len=6, match_len=6, line_score=0.167, ratio_lines=0.000, final_score=0.238
trace:         score_window: window_len=22, match_len=6, line_score=0.578, ratio_lines=0.214, final_score=0.578
trace:         score_window: window_len=7, match_len=6, line_score=0.165, ratio_lines=0.000, final_score=0.229
trace:         score_window: window_len=23, match_len=6, line_score=0.572, ratio_lines=0.207, final_score=0.572
trace:         score_window: window_len=8, match_len=6, line_score=0.164, ratio_lines=0.000, final_score=0.224
trace:         score_window: window_len=3, match_len=6, line_score=0.222, ratio_lines=0.000, final_score=0.267
trace:         score_window: window_len=24, match_len=6, line_score=0.567, ratio_lines=0.200, final_score=0.567
trace:         score_window: window_len=9, match_len=6, line_score=0.163, ratio_lines=0.133, final_score=0.262
trace:         score_window: window_len=2, match_len=6, line_score=0.250, ratio_lines=0.000, final_score=0.269
trace:         score_window: window_len=25, match_len=6, line_score=0.561, ratio_lines=0.194, final_score=0.561
trace:         score_window: window_len=10, match_len=6, line_score=0.161, ratio_lines=0.125, final_score=0.253
trace:         score_window: window_len=26, match_len=6, line_score=0.556, ratio_lines=0.188, final_score=0.556
trace:         score_window: window_len=11, match_len=6, line_score=0.160, ratio_lines=0.118, final_score=0.243
trace:         score_window: window_len=27, match_len=6, line_score=0.550, ratio_lines=0.182, final_score=0.550
trace:         score_window: window_len=12, match_len=6, line_score=0.158, ratio_lines=0.111, final_score=0.237
trace:         score_window: window_len=28, match_len=6, line_score=0.544, ratio_lines=0.176, final_score=0.544
trace:         score_window: window_len=13, match_len=6, line_score=0.157, ratio_lines=0.105, final_score=0.233
trace:         score_window: window_len=29, match_len=6, line_score=0.539, ratio_lines=0.171, final_score=0.539
trace:         score_window: window_len=14, match_len=6, line_score=0.156, ratio_lines=0.100, final_score=0.223
trace:         score_window: window_len=6, match_len=6, line_score=0.500, ratio_lines=0.500, final_score=0.592
trace:         score_window: window_len=5, match_len=6, line_score=0.545, ratio_lines=0.545, final_score=0.545
trace:         score_window: window_len=21, match_len=6, line_score=0.438, ratio_lines=0.222, final_score=0.438
trace:         score_window: window_len=7, match_len=6, line_score=0.661, ratio_lines=0.462, final_score=0.661
trace:         score_window: window_len=4, match_len=6, line_score=0.400, ratio_lines=0.400, final_score=0.400
trace:         score_window: window_len=22, match_len=6, line_score=0.578, ratio_lines=0.286, final_score=0.578
trace:         score_window: window_len=8, match_len=6, line_score=0.656, ratio_lines=0.429, final_score=0.656
trace:         score_window: window_len=26, match_len=6, line_score=0.694, ratio_lines=0.312, final_score=0.694
trace:         score_window: window_len=3, match_len=6, line_score=0.222, ratio_lines=0.222, final_score=0.273
trace:         score_window: window_len=27, match_len=6, line_score=0.688, ratio_lines=0.303, final_score=0.688
trace:         score_window: window_len=9, match_len=6, line_score=0.650, ratio_lines=0.400, final_score=0.650
trace:         score_window: window_len=2, match_len=6, line_score=0.250, ratio_lines=0.250, final_score=0.250
trace:         score_window: window_len=28, match_len=6, line_score=0.681, ratio_lines=0.294, final_score=0.681
trace:         score_window: window_len=29, match_len=6, line_score=0.674, ratio_lines=0.286, final_score=0.674
trace:         score_window: window_len=10, match_len=6, line_score=0.644, ratio_lines=0.375, final_score=0.644
trace:         score_window: window_len=6, match_len=6, line_score=0.167, ratio_lines=0.000, final_score=0.303
trace:         score_window: window_len=5, match_len=6, line_score=0.182, ratio_lines=0.000, final_score=0.319
trace:         score_window: window_len=11, match_len=6, line_score=0.639, ratio_lines=0.353, final_score=0.639
trace:         score_window: window_len=7, match_len=6, line_score=0.165, ratio_lines=0.000, final_score=0.294
trace:         score_window: window_len=8, match_len=6, line_score=0.164, ratio_lines=0.143, final_score=0.288
trace:         score_window: window_len=12, match_len=6, line_score=0.633, ratio_lines=0.333, final_score=0.633
trace:         score_window: window_len=3, match_len=6, line_score=0.222, ratio_lines=0.000, final_score=0.350
trace:         score_window: window_len=9, match_len=6, line_score=0.163, ratio_lines=0.133, final_score=0.278
trace:         score_window: window_len=13, match_len=6, line_score=0.628, ratio_lines=0.316, final_score=0.628
trace:         score_window: window_len=10, match_len=6, line_score=0.161, ratio_lines=0.125, final_score=0.266
trace:         score_window: window_len=11, match_len=6, line_score=0.160, ratio_lines=0.118, final_score=0.260
trace:         score_window: window_len=14, match_len=6, line_score=0.622, ratio_lines=0.300, final_score=0.622
trace:         score_window: window_len=12, match_len=6, line_score=0.158, ratio_lines=0.111, final_score=0.256
trace:         score_window: window_len=15, match_len=6, line_score=0.617, ratio_lines=0.286, final_score=0.617
trace:         score_window: window_len=16, match_len=6, line_score=0.611, ratio_lines=0.273, final_score=0.611
trace:         score_window: window_len=17, match_len=6, line_score=0.606, ratio_lines=0.261, final_score=0.606
trace:         score_window: window_len=13, match_len=6, line_score=0.157, ratio_lines=0.105, final_score=0.244
trace:         score_window: window_len=18, match_len=6, line_score=0.600, ratio_lines=0.250, final_score=0.600
trace:         score_window: window_len=20, match_len=6, line_score=0.442, ratio_lines=0.231, final_score=0.442
trace:         score_window: window_len=21, match_len=6, line_score=0.583, ratio_lines=0.296, final_score=0.583
trace:         score_window: window_len=19, match_len=6, line_score=0.594, ratio_lines=0.240, final_score=0.594
trace:         score_window: window_len=26, match_len=6, line_score=0.694, ratio_lines=0.312, final_score=0.694
trace:         score_window: window_len=20, match_len=6, line_score=0.589, ratio_lines=0.231, final_score=0.589
trace:         score_window: window_len=27, match_len=6, line_score=0.688, ratio_lines=0.303, final_score=0.688
trace:         score_window: window_len=21, match_len=6, line_score=0.583, ratio_lines=0.222, final_score=0.583
trace:         score_window: window_len=28, match_len=6, line_score=0.681, ratio_lines=0.294, final_score=0.681
trace:         score_window: window_len=29, match_len=6, line_score=0.674, ratio_lines=0.286, final_score=0.674
trace:         score_window: window_len=22, match_len=6, line_score=0.578, ratio_lines=0.214, final_score=0.578
trace:         score_window: window_len=8, match_len=6, line_score=0.164, ratio_lines=0.143, final_score=0.224
trace:         score_window: window_len=3, match_len=6, line_score=0.222, ratio_lines=0.000, final_score=0.247
trace:         score_window: window_len=23, match_len=6, line_score=0.572, ratio_lines=0.207, final_score=0.572
trace:         score_window: window_len=24, match_len=6, line_score=0.567, ratio_lines=0.200, final_score=0.567
trace:         score_window: window_len=9, match_len=6, line_score=0.163, ratio_lines=0.133, final_score=0.227
trace:         score_window: window_len=2, match_len=6, line_score=0.250, ratio_lines=0.000, final_score=0.250
trace:         score_window: window_len=25, match_len=6, line_score=0.561, ratio_lines=0.194, final_score=0.561
trace:         score_window: window_len=10, match_len=6, line_score=0.161, ratio_lines=0.125, final_score=0.240
trace:         score_window: window_len=26, match_len=6, line_score=0.556, ratio_lines=0.188, final_score=0.556
trace:         score_window: window_len=11, match_len=6, line_score=0.160, ratio_lines=0.118, final_score=0.235
trace:         score_window: window_len=27, match_len=6, line_score=0.550, ratio_lines=0.182, final_score=0.550
trace:         score_window: window_len=12, match_len=6, line_score=0.158, ratio_lines=0.111, final_score=0.233
trace:         score_window: window_len=28, match_len=6, line_score=0.544, ratio_lines=0.176, final_score=0.544
trace:         score_window: window_len=13, match_len=6, line_score=0.157, ratio_lines=0.105, final_score=0.230
trace:         score_window: window_len=29, match_len=6, line_score=0.539, ratio_lines=0.171, final_score=0.539
trace:         score_window: window_len=14, match_len=6, line_score=0.156, ratio_lines=0.100, final_score=0.224
trace:         score_window: window_len=8, match_len=6, line_score=0.164, ratio_lines=0.143, final_score=0.207
trace:         score_window: window_len=3, match_len=6, line_score=0.222, ratio_lines=0.000, final_score=0.222
trace:         score_window: window_len=9, match_len=6, line_score=0.163, ratio_lines=0.133, final_score=0.179
trace:         score_window: window_len=2, match_len=6, line_score=0.250, ratio_lines=0.000, final_score=0.250
trace:         score_window: window_len=15, match_len=6, line_score=0.154, ratio_lines=0.095, final_score=0.221
trace:         score_window: window_len=19, match_len=6, line_score=0.446, ratio_lines=0.240, final_score=0.446
trace:         score_window: window_len=10, match_len=6, line_score=0.161, ratio_lines=0.125, final_score=0.178
trace:         score_window: window_len=20, match_len=6, line_score=0.589, ratio_lines=0.308, final_score=0.589
trace:         score_window: window_len=26, match_len=6, line_score=0.694, ratio_lines=0.312, final_score=0.694
trace:         score_window: window_len=11, match_len=6, line_score=0.160, ratio_lines=0.118, final_score=0.166
trace:         score_window: window_len=27, match_len=6, line_score=0.688, ratio_lines=0.303, final_score=0.688
trace:         score_window: window_len=12, match_len=6, line_score=0.158, ratio_lines=0.111, final_score=0.197
trace:         score_window: window_len=28, match_len=6, line_score=0.681, ratio_lines=0.294, final_score=0.681
trace:         score_window: window_len=29, match_len=6, line_score=0.674, ratio_lines=0.286, final_score=0.674
trace:         score_window: window_len=13, match_len=6, line_score=0.157, ratio_lines=0.105, final_score=0.192
trace:         score_window: window_len=14, match_len=6, line_score=0.156, ratio_lines=0.100, final_score=0.189
trace:         score_window: window_len=6, match_len=6, line_score=0.167, ratio_lines=0.167, final_score=0.207
trace:         score_window: window_len=15, match_len=6, line_score=0.154, ratio_lines=0.095, final_score=0.216
trace:         score_window: window_len=7, match_len=6, line_score=0.165, ratio_lines=0.154, final_score=0.179
trace:         score_window: window_len=17, match_len=6, line_score=0.303, ratio_lines=0.174, final_score=0.303
trace:         score_window: window_len=18, match_len=6, line_score=0.450, ratio_lines=0.250, final_score=0.462
trace:         score_window: window_len=8, match_len=6, line_score=0.164, ratio_lines=0.143, final_score=0.192
trace:         score_window: window_len=19, match_len=6, line_score=0.594, ratio_lines=0.320, final_score=0.594
trace:         score_window: window_len=9, match_len=6, line_score=0.163, ratio_lines=0.133, final_score=0.180
trace:         score_window: window_len=26, match_len=6, line_score=0.694, ratio_lines=0.312, final_score=0.694
trace:         score_window: window_len=27, match_len=6, line_score=0.688, ratio_lines=0.303, final_score=0.688
trace:         score_window: window_len=10, match_len=6, line_score=0.161, ratio_lines=0.125, final_score=0.193
trace:         score_window: window_len=28, match_len=6, line_score=0.681, ratio_lines=0.294, final_score=0.681
trace:         score_window: window_len=29, match_len=6, line_score=0.674, ratio_lines=0.286, final_score=0.674
trace:         score_window: window_len=11, match_len=6, line_score=0.160, ratio_lines=0.118, final_score=0.191
trace:         score_window: window_len=7, match_len=6, line_score=0.165, ratio_lines=0.154, final_score=0.208
trace:         score_window: window_len=12, match_len=6, line_score=0.158, ratio_lines=0.111, final_score=0.190
trace:         score_window: window_len=8, match_len=6, line_score=0.164, ratio_lines=0.143, final_score=0.181
trace:         score_window: window_len=13, match_len=6, line_score=0.157, ratio_lines=0.105, final_score=0.220
trace:         score_window: window_len=14, match_len=6, line_score=0.156, ratio_lines=0.100, final_score=0.226
trace:         score_window: window_len=9, match_len=6, line_score=0.163, ratio_lines=0.133, final_score=0.185
trace:         score_window: window_len=15, match_len=6, line_score=0.308, ratio_lines=0.190, final_score=0.308
trace:         score_window: window_len=10, match_len=6, line_score=0.161, ratio_lines=0.125, final_score=0.174
trace:         score_window: window_len=16, match_len=6, line_score=0.458, ratio_lines=0.273, final_score=0.480
trace:         score_window: window_len=17, match_len=6, line_score=0.606, ratio_lines=0.348, final_score=0.613
trace:         score_window: window_len=11, match_len=6, line_score=0.160, ratio_lines=0.118, final_score=0.189
trace:         score_window: window_len=26, match_len=6, line_score=0.694, ratio_lines=0.312, final_score=0.694
trace:         score_window: window_len=27, match_len=6, line_score=0.688, ratio_lines=0.303, final_score=0.688
trace:         score_window: window_len=12, match_len=6, line_score=0.158, ratio_lines=0.111, final_score=0.188
trace:         score_window: window_len=28, match_len=6, line_score=0.681, ratio_lines=0.294, final_score=0.681
trace:         score_window: window_len=29, match_len=6, line_score=0.674, ratio_lines=0.286, final_score=0.674
trace:         score_window: window_len=13, match_len=6, line_score=0.157, ratio_lines=0.105, final_score=0.187
trace:         score_window: window_len=8, match_len=6, line_score=0.164, ratio_lines=0.143, final_score=0.172
trace:         score_window: window_len=3, match_len=6, line_score=0.222, ratio_lines=0.222, final_score=0.222
trace:         score_window: window_len=14, match_len=6, line_score=0.156, ratio_lines=0.100, final_score=0.217
trace:         score_window: window_len=16, match_len=6, line_score=0.306, ratio_lines=0.182, final_score=0.306
trace:         score_window: window_len=9, match_len=6, line_score=0.163, ratio_lines=0.133, final_score=0.210
trace:         score_window: window_len=17, match_len=6, line_score=0.454, ratio_lines=0.261, final_score=0.471
trace:         score_window: window_len=18, match_len=6, line_score=0.600, ratio_lines=0.333, final_score=0.601
trace:         score_window: window_len=10, match_len=6, line_score=0.161, ratio_lines=0.125, final_score=0.208
trace:         score_window: window_len=26, match_len=6, line_score=0.694, ratio_lines=0.312, final_score=0.694
trace:         score_window: window_len=27, match_len=6, line_score=0.688, ratio_lines=0.303, final_score=0.688
trace:         score_window: window_len=11, match_len=6, line_score=0.160, ratio_lines=0.118, final_score=0.207
trace:         score_window: window_len=28, match_len=6, line_score=0.681, ratio_lines=0.294, final_score=0.681
trace:         score_window: window_len=12, match_len=6, line_score=0.158, ratio_lines=0.111, final_score=0.237
trace:         score_window: window_len=29, match_len=6, line_score=0.674, ratio_lines=0.286, final_score=0.674
trace:         score_window: window_len=13, match_len=6, line_score=0.157, ratio_lines=0.105, final_score=0.243
trace:         score_window: window_len=14, match_len=6, line_score=0.311, ratio_lines=0.200, final_score=0.311
trace:         score_window: window_len=15, match_len=6, line_score=0.463, ratio_lines=0.286, final_score=0.497
trace:         score_window: window_len=16, match_len=6, line_score=0.611, ratio_lines=0.364, final_score=0.632
trace:         score_window: window_len=26, match_len=6, line_score=0.694, ratio_lines=0.312, final_score=0.694
trace:         score_window: window_len=27, match_len=6, line_score=0.688, ratio_lines=0.303, final_score=0.688
trace:         score_window: window_len=28, match_len=6, line_score=0.681, ratio_lines=0.294, final_score=0.681
trace:         score_window: window_len=29, match_len=6, line_score=0.674, ratio_lines=0.286, final_score=0.674
debug:       compute_scored_windows (parallel) complete: scored 1246 window(s). Best candidate score=0.909 at line 4720 (len=5).
trace:       Top fuzzy match candidates:
trace:         - Index 4719, Len 5: Score 0.909 (Ratio 0.909) | Content: ["        ;;", "", "        # When adding a new conftest entry, please use the correct format for", "        # specifying the relevant upstream Linux kernel commit.", "        #"]
trace:         - Index 4717, Len 6: Score 0.868 (Ratio 0.868) | Content: ["", "            compile_check_conftest \"$CODE\" \"NV_DRM_DRIVER_HAS_DUMB_DESTROY\" \"\" \"types\"", "        ;;", "", "        # When adding a new conftest entry, please use the correct format for", "        # specifying the relevant upstream Linux kernel commit."]
trace:         - Index 4716, Len 7: Score 0.847 (Ratio 0.847) | Content: ["            }\"", "", "            compile_check_conftest \"$CODE\" \"NV_DRM_DRIVER_HAS_DUMB_DESTROY\" \"\" \"types\"", "        ;;", "", "        # When adding a new conftest entry, please use the correct format for", "        # specifying the relevant upstream Linux kernel commit."]
trace:         - Index 4718, Len 6: Score 0.833 (Ratio 0.833) | Content: ["            compile_check_conftest \"$CODE\" \"NV_DRM_DRIVER_HAS_DUMB_DESTROY\" \"\" \"types\"", "        ;;", "", "        # When adding a new conftest entry, please use the correct format for", "        # specifying the relevant upstream Linux kernel commit.", "        #"]
trace:         - Index 4719, Len 6: Score 0.833 (Ratio 0.833) | Content: ["        ;;", "", "        # When adding a new conftest entry, please use the correct format for", "        # specifying the relevant upstream Linux kernel commit.", "        #", "        # <function> was added|removed|etc by commit <sha> (\"<commit message\")"]
trace:         New best score: 0.237 (ratio 0.237 [l:0.000,w:0.228]) at index 4679 (window len 6)
trace:         New best score: 0.672 (ratio 0.672 [l:0.000,w:0.000]) at index 4679 (window len 5)
trace:         New best score: 0.690 (ratio 0.690 [l:0.000,w:0.000]) at index 4679 (window len 4)
trace:         Tie in score (0.690) and ratio (0.690). Adding candidate: index 4682, len 14
trace:         New best score: 0.727 (ratio 0.727 [l:0.545,w:0.727]) at index 4694 (window len 5)
trace:         New best score: 0.729 (ratio 0.729 [l:0.370,w:0.729]) at index 4703 (window len 21)
trace:         New best score: 0.736 (ratio 0.736 [l:0.385,w:0.736]) at index 4704 (window len 20)
trace:         New best score: 0.743 (ratio 0.743 [l:0.400,w:0.743]) at index 4705 (window len 19)
trace:         New best score: 0.750 (ratio 0.750 [l:0.417,w:0.750]) at index 4706 (window len 18)
trace:         New best score: 0.757 (ratio 0.757 [l:0.435,w:0.757]) at index 4707 (window len 17)
trace:         New best score: 0.764 (ratio 0.764 [l:0.455,w:0.764]) at index 4708 (window len 16)
trace:         New best score: 0.771 (ratio 0.771 [l:0.476,w:0.771]) at index 4709 (window len 15)
trace:         New best score: 0.778 (ratio 0.778 [l:0.500,w:0.778]) at index 4710 (window len 14)
trace:         New best score: 0.785 (ratio 0.785 [l:0.526,w:0.785]) at index 4711 (window len 13)
trace:         New best score: 0.792 (ratio 0.792 [l:0.556,w:0.792]) at index 4712 (window len 12)
trace:         New best score: 0.799 (ratio 0.799 [l:0.588,w:0.799]) at index 4713 (window len 11)
trace:         New best score: 0.806 (ratio 0.806 [l:0.625,w:0.806]) at index 4714 (window len 10)
trace:         New best score: 0.813 (ratio 0.813 [l:0.667,w:0.813]) at index 4715 (window len 9)
trace:         New best score: 0.847 (ratio 0.847 [l:0.615,w:0.946]) at index 4716 (window len 7)
trace:         New best score: 0.868 (ratio 0.868 [l:0.667,w:0.945]) at index 4717 (window len 6)
trace:         New best score: 0.909 (ratio 0.909 [l:0.909,w:0.909]) at index 4719 (window len 5)
debug:     Strategy 3 (Fuzzy): 227 window(s) met threshold 0.70
trace:       Top 3 passing candidates: [("0.909", 4720, 5), ("0.868", 4718, 6), ("0.847", 4717, 7)]
debug:     Top fuzzy candidate: start line 4720 (len=5, score=0.909)
trace:       Adding candidate location at line 4718 (len=6, score=0.868)
trace:       Adding candidate location at line 4717 (len=7, score=0.847)
trace:       Adding candidate location at line 4719 (len=6, score=0.833)
trace:       Adding candidate location at line 4720 (len=6, score=0.833)
trace:       Adding candidate location at line 4718 (len=7, score=0.826)
trace:       Adding candidate location at line 4719 (len=7, score=0.826)
trace:       Adding candidate location at line 4720 (len=7, score=0.826)
trace:       Adding candidate location at line 4717 (len=8, score=0.819)
trace:       Adding candidate location at line 4718 (len=8, score=0.819)
trace:       Adding candidate location at line 4719 (len=8, score=0.819)
trace:       Adding candidate location at line 4720 (len=8, score=0.819)
trace:       Adding candidate location at line 4722 (len=3, score=0.814)
trace:       Adding candidate location at line 4716 (len=9, score=0.813)
trace:       Adding candidate location at line 4717 (len=9, score=0.813)
trace:       Adding candidate location at line 4718 (len=9, score=0.813)
trace:       Adding candidate location at line 4719 (len=9, score=0.813)
trace:       Adding candidate location at line 4720 (len=9, score=0.813)
trace:       Adding candidate location at line 4721 (len=3, score=0.806)
trace:       Adding candidate location at line 4715 (len=10, score=0.806)
trace:       Reached maximum candidate limit (20), stopping candidate collection
debug:     Strategy 3 (Fuzzy): selected 20 candidate location(s)
trace:   Pruned candidates by min_span 1: 20 -> 20 candidate(s)
trace: DefaultHunkFinder::find_candidate_locations: returning 20 candidate(s)
debug:   Found 20 candidate location(s) for hunk. Testing sequentially...
trace:   Evaluating candidate 1/20 at location HunkLocation { start_index: 4719, length: 5 } (match_type: Fuzzy { score: 0.9090909361839294 })
debug:   Found location HunkLocation { start_index: 4719, length: 5 } with match type Fuzzy { score: 0.9090909361839294 }. Applying changes.
debug:   try_apply_hunk_at_location: target line 4720 (length 5), match_type=Fuzzy { score: 0.9090909361839294 }, total target lines=5162.
trace: Hunk::get_match_block: extracted 6 match line(s)
trace:     Match block lines: 6 | Total hunk lines: 30
trace:     Target slice to replace: ["        ;;", "", "        # When adding a new conftest entry, please use the correct format for", "        # specifying the relevant upstream Linux kernel commit.", "        #"]
trace:     Ellipsis flags: has_ellipsis=false, is_literal_match=false, is_wildcard_gap_match=false
debug:     Applying hunk via robust reconstruction logic (preserving file context & adjusting indent).
trace:       Fuzzy match location: start=4719, len=5
trace:       File content in matched range (5 line(s)): ["        ;;", "", "        # When adding a new conftest entry, please use the correct format for", "        # specifying the relevant upstream Linux kernel commit.", "        #"]
trace:       Parsed hunk: 6 match line(s), 0 initial addition(s).
trace: Hunk::get_match_block: extracted 6 match line(s)
trace:       Computed diff between match block and file slice: 2 operation(s), similarity ratio=0.909
trace:       Initial Indentation Context: Hunk='        ', Target='        '
trace:       Active baseline indentation: hunk='        ', target='        '
trace:       DiffOp::Delete: 1 line(s) missing from target file (hunk old_idx=0)
trace:         Skipping stale context line missing in target: "            compile_check_conftest \"$CODE\" \"NV_VM_AREA_STRUCT_HAS_CONST_VM_FLAGS\" \"\" \"types\""
trace:       DiffOp::Equal: 5 line(s) aligned (hunk old_idx=1, file new_idx=0)
trace:         Equal: preserving target line: '        ;;'
trace:         Equal: preserving target line: ''
trace:         Appended 24 addition(s) after line 2
trace:         Equal: applying addition: '        drm_driver_has_dumb_destroy)'
trace:         Equal: applying addition: '            #'
trace:         Equal: applying addition: '            # Determine if the \'drm_driver\' structure has a \'dumb_destroy\''
trace:         Equal: applying addition: '            # function pointer.'
trace:         Equal: applying addition: '            #'
trace:         Equal: applying addition: '            # Removed by commit 96a7b60f6ddb2 (\"drm: remove dumb_destroy'
trace:         Equal: applying addition: '            # callback\") in v6.3 linux-next (2023-02-10).'
trace:         Equal: applying addition: '            #'
trace:         Equal: applying addition: '            CODE=\"'
trace:         Equal: applying addition: '            #if defined(NV_DRM_DRMP_H_PRESENT)'
trace:         Equal: applying addition: '            #include <drm/drmP.h>'
trace:         Equal: applying addition: '            #endif'
trace:         Equal: applying addition: ''
trace:         Equal: applying addition: '            #if defined(NV_DRM_DRM_DRV_H_PRESENT)'
trace:         Equal: applying addition: '            #include <drm/drm_drv.h>'
trace:         Equal: applying addition: '            #endif'
trace:         Equal: applying addition: ''
trace:         Equal: applying addition: '            int conftest_drm_driver_has_dumb_destroy(void) {'
trace:         Equal: applying addition: '                return offsetof(struct drm_driver, dumb_destroy);'
trace:         Equal: applying addition: '            }\"'
trace:         Equal: applying addition: ''
trace:         Equal: applying addition: '            compile_check_conftest \"$CODE\" \"NV_DRM_DRIVER_HAS_DUMB_DESTROY\" \"\" \"types\"'
trace:         Equal: applying addition: '        ;;'
trace:         Equal: applying addition: ''
trace:         Equal: preserving target line: '        # When adding a new conftest entry, please use the correct format for'
trace:         Equal: preserving target line: '        # specifying the relevant upstream Linux kernel commit.'
trace:         Equal: preserving target line: '        #'
debug:     Robust reconstruction complete: produced 29 replacement line(s) for 5 target line(s).
trace:   Splicing final replacement block into target lines: range [4719..4724], replacement line count=29
  try_apply_hunk_at_location: successfully spliced hunk at line 4720 (replaced 5 line(s), resulting target lines=5186)
trace:     Replaced lines: ["        ;;", "", "        # When adding a new conftest entry, please use the correct format for", "        # specifying the relevant upstream Linux kernel commit.", "        #"]
debug:   Candidate 1/20 at HunkLocation { start_index: 4719, length: 5 } succeeded! Hunk applied cleanly.
debug:   HunkApplier: hunk 1 application outcome: Applied { location: HunkLocation { start_index: 4719, length: 5 }, match_type: Fuzzy { score: 0.9090909361839294 }, replaced_lines: ["        ;;", "", "        # When adding a new conftest entry, please use the correct format for", "        # specifying the relevant upstream Linux kernel commit.", "        #"] }
trace:   HunkApplier: hunk 1 applied at line 4720 (len=5), delta=24, target lines now=5186
  Applying Hunk 1/1...
debug:     Successfully applied Hunk 1 at line 4720 via Fuzzy { score: 0.9090909361839294 }
trace:     Replaced lines:
trace:       -         ;;
trace:       - 
trace:       -         # When adding a new conftest entry, please use the correct format for
trace:       -         # specifying the relevant upstream Linux kernel commit.
trace:       -         #
debug: HunkApplier::into_content: assembling final content from 5186 line(s) (touched_eof=false, patch_ends_with_newline=true, original_ends_with_newline=true)
trace: HunkApplier::into_content: resulting content has 182596 bytes (5186 lines, ends_with_newline=true)
  DRY RUN: Evaluated changes for 'conftest.sh' (1 hunks, clean=true)
trace:   Generating diff for dry run...
debug:   [2/5] Applying patch for 'nvidia-drm/nvidia-drm-drv.c' (1 hunk(s))
Applying patch to: nvidia-drm/nvidia-drm-drv.c
debug:   apply_patch_to_file: target_dir='.', hunks=1, dry_run=true, fuzz=0.70
trace:   Checking path safety for base '.' and relative path 'nvidia-drm/nvidia-drm-drv.c'
trace:   ensure_path_is_safe: canonicalized base directory '/home/gabi/github/nvidia-390xx-utils/src/NVIDIA-Linux-x86_64-390.157-no-compat32/kernel'
trace:   ensure_path_is_safe: processing component 'Normal("nvidia-drm")' on virtual path '/home/gabi/github/nvidia-390xx-utils/src/NVIDIA-Linux-x86_64-390.157-no-compat32/kernel'
trace:   ensure_path_is_safe: processing component 'Normal("nvidia-drm-drv.c")' on virtual path '/home/gabi/github/nvidia-390xx-utils/src/NVIDIA-Linux-x86_64-390.157-no-compat32/kernel/nvidia-drm'
trace:   Path safety verified: 'nvidia-drm/nvidia-drm-drv.c' safely resolves to '/home/gabi/github/nvidia-390xx-utils/src/NVIDIA-Linux-x86_64-390.157-no-compat32/kernel/nvidia-drm/nvidia-drm-drv.c'
debug:   Resolved safe target path: '/home/gabi/github/nvidia-390xx-utils/src/NVIDIA-Linux-x86_64-390.157-no-compat32/kernel/nvidia-drm/nvidia-drm-drv.c'
debug:   Target file exists: '/home/gabi/github/nvidia-390xx-utils/src/NVIDIA-Linux-x86_64-390.157-no-compat32/kernel/nvidia-drm/nvidia-drm-drv.c'. Reading content...
trace:     Read 24618 bytes (905 lines) from target file.
debug:   Applying patch logic to content in-memory...
debug: apply_patch_to_content: patch for 'nvidia-drm/nvidia-drm-drv.c' (1 hunks), original content: 24618 bytes
debug:   apply_patch_to_lines called with 905 lines of original content.
debug: resolve_hunk_line_hints: evaluating 1 hunk(s) across 905 target lines
trace: Hunk::get_match_block: extracted 7 match line(s)
trace: is_low_entropy_line: line '' is low-entropy
trace:   Hunk 1: already has explicit line hint 758
trace: resolve_hunk_line_hints: beginning relaxation pass 1
debug: resolve_hunk_line_hints: completed hint resolution. 1/1 hunk(s) have anchors.
debug: HunkApplier: initialized with 1 hunk(s) across 905 line(s) of target content (fuzz_factor=0.70, dry_run=true)
trace: HunkApplier::set_original_newline_status: original_ends_with_newline=true
debug: apply_hunk_to_lines: applying hunk with 9 line(s) against target with 905 line(s)
trace: Hunk::get_match_block: extracted 7 match line(s)
trace:   Match block: ["", "    nv_drm_driver.dumb_create      = nv_drm_dumb_create;", "    nv_drm_driver.dumb_map_offset  = nv_drm_dumb_map_offset;", "    nv_drm_driver.dumb_destroy     = nv_drm_dumb_destroy;", "", "#if defined(NV_DRM_DRIVER_HAS_GEM_PRIME_CALLBACKS)", "    nv_drm_driver.gem_vm_ops       = &nv_drm_gem_vma_ops;"]
trace: Hunk::get_replace_block: extracted 9 replacement line(s)
trace:   Replace block: ["", "    nv_drm_driver.dumb_create      = nv_drm_dumb_create;", "    nv_drm_driver.dumb_map_offset  = nv_drm_dumb_map_offset;", "#if defined(NV_DRM_DRIVER_HAS_DUMB_DESTROY)", "    nv_drm_driver.dumb_destroy     = nv_drm_dumb_destroy;", "#endif /* NV_DRM_DRIVER_HAS_DUMB_DESTROY */", "", "#if defined(NV_DRM_DRIVER_HAS_GEM_PRIME_CALLBACKS)", "    nv_drm_driver.gem_vm_ops       = &nv_drm_gem_vma_ops;"]
trace: Hunk::has_changes: true
trace: Hunk::get_match_block: extracted 7 match line(s)
trace: Hunk::required_match_span: calculated required match span as 2 line(s) (first_match_idx=Some(2), last_match_idx=Some(3))
trace: DefaultHunkFinder::find_candidate_locations: match block len=7, required_match_span=2, target lines=905
trace: is_low_entropy_line: line '' is low-entropy
trace:   find_hunk_location_internal: match_block has 7 lines (entropy=true), target has 905 lines
trace:   find_hunk_location_internal called for a hunk with 7 lines to match against 905 target lines.
trace:     Attempting exact match for hunk (match block has 7 line(s))...
trace: tie_break_with_line_number: strategy='exact', hint=Some(758), entropy=true
trace:       No exact matches found.
trace:     Strategy 1 (Exact): no exact match found.
trace:     Attempting exact match (ignoring trailing whitespace) for hunk (match block has 7 line(s))...
trace: tie_break_with_line_number: strategy='exact (ignoring whitespace)', hint=Some(758), entropy=true
trace:       No exact (ignoring whitespace) matches found.
trace:     Strategy 2 (Whitespace-insensitive): no match found.
debug:     Strategy 3 (Fuzzy): beginning flexible window fuzzy search (threshold=0.70, match block len=0.7)
trace:       Hunk match block (7 lines): ["", "    nv_drm_driver.dumb_create      = nv_drm_dumb_create;", "    nv_drm_driver.dumb_map_offset  = nv_drm_dumb_map_offset;", "    nv_drm_driver.dumb_destroy     = nv_drm_dumb_destroy;", "", "#if defined(NV_DRM_DRIVER_HAS_GEM_PRIME_CALLBACKS)", "    nv_drm_driver.gem_vm_ops       = &nv_drm_gem_vma_ops;"]
trace:       Searching with window sizes from 2 to 30 (hunk size: 7, fuzz distance: 23)
debug:       find_search_ranges: analyzing 7 match line(s) against 905 target line(s).
trace:         Identified 5 high-entropy candidate anchor line(s) (search_radius=15, max candidates to test=100)
debug:         Spatial consensus: 5 anchor(s) agree on start near line 763
debug:       Found anchor line (hunk line 3) with 1 occurrences.
trace:         Anchor text: 'nv_drm_driver.dumb_map_offset  = nv_drm_dumb_map_offset;'
trace:         Occurrence at target line 760: window estimated [743..802] (search radius +/-15)
trace:         Raw ranges before merging: [(742, 802)]
trace: merge_ranges: merging 1 input range(s): [(742, 802)]
trace: merge_ranges: result 1 disjoint range(s): [(742, 802)]
debug:       Search ranges merged: 1 disjoint range(s) covering 60/905 line(s) (93.4% pruned): [(742, 802)]
trace:     Using search ranges: [(742, 802)]
debug:       compute_scored_windows (parallel): evaluating 1305 candidate window(s) across 1 range(s) (window lengths 2..=30)
trace:         Match block length: 7, Target line count: 905, Search ranges: [(742, 802)]
trace:         score_window: window_len=7, match_len=7, line_score=0.286, ratio_lines=0.286, final_score=0.286
trace:         score_window: window_len=6, match_len=7, line_score=0.308, ratio_lines=0.308, final_score=0.308
trace:         score_window: window_len=7, match_len=7, line_score=0.143, ratio_lines=0.143, final_score=0.232
trace:         score_window: window_len=8, match_len=7, line_score=0.284, ratio_lines=0.267, final_score=0.284
trace:         score_window: window_len=5, match_len=7, line_score=0.333, ratio_lines=0.333, final_score=0.333
trace:         score_window: window_len=6, match_len=7, line_score=0.000, ratio_lines=0.000, final_score=0.217
trace:         score_window: window_len=9, match_len=7, line_score=0.282, ratio_lines=0.250, final_score=0.282
trace:         score_window: window_len=4, match_len=7, line_score=0.364, ratio_lines=0.364, final_score=0.364
trace:         score_window: window_len=8, match_len=7, line_score=0.142, ratio_lines=0.133, final_score=0.276
trace:         score_window: window_len=10, match_len=7, line_score=0.280, ratio_lines=0.235, final_score=0.280
trace:         score_window: window_len=3, match_len=7, line_score=0.400, ratio_lines=0.400, final_score=0.400
trace:         score_window: window_len=9, match_len=7, line_score=0.141, ratio_lines=0.125, final_score=0.275
trace:         score_window: window_len=11, match_len=7, line_score=0.278, ratio_lines=0.222, final_score=0.278
trace:         score_window: window_len=2, match_len=7, line_score=0.444, ratio_lines=0.444, final_score=0.444
trace:         score_window: window_len=10, match_len=7, line_score=0.140, ratio_lines=0.118, final_score=0.274
trace:         score_window: window_len=12, match_len=7, line_score=0.276, ratio_lines=0.211, final_score=0.276
trace:         score_window: window_len=11, match_len=7, line_score=0.278, ratio_lines=0.222, final_score=0.284
trace:         score_window: window_len=13, match_len=7, line_score=0.273, ratio_lines=0.200, final_score=0.273
trace:         score_window: window_len=12, match_len=7, line_score=0.276, ratio_lines=0.211, final_score=0.276
trace:         score_window: window_len=14, match_len=7, line_score=0.271, ratio_lines=0.190, final_score=0.271
trace:         score_window: window_len=15, match_len=7, line_score=0.269, ratio_lines=0.182, final_score=0.269
trace:         score_window: window_len=13, match_len=7, line_score=0.273, ratio_lines=0.200, final_score=0.273
trace:         score_window: window_len=16, match_len=7, line_score=0.267, ratio_lines=0.174, final_score=0.267
trace:         score_window: window_len=14, match_len=7, line_score=0.271, ratio_lines=0.190, final_score=0.278
trace:         score_window: window_len=17, match_len=7, line_score=0.265, ratio_lines=0.167, final_score=0.265
trace:         score_window: window_len=15, match_len=7, line_score=0.269, ratio_lines=0.182, final_score=0.269
trace:         score_window: window_len=18, match_len=7, line_score=0.263, ratio_lines=0.160, final_score=0.263
trace:         score_window: window_len=16, match_len=7, line_score=0.267, ratio_lines=0.174, final_score=0.267
trace:         score_window: window_len=18, match_len=7, line_score=0.395, ratio_lines=0.240, final_score=0.395
trace:         score_window: window_len=19, match_len=7, line_score=0.392, ratio_lines=0.231, final_score=0.392
trace:         score_window: window_len=19, match_len=7, line_score=0.261, ratio_lines=0.154, final_score=0.261
trace:         score_window: window_len=20, match_len=7, line_score=0.518, ratio_lines=0.296, final_score=0.518
trace:         score_window: window_len=21, match_len=7, line_score=0.514, ratio_lines=0.286, final_score=0.514
trace:         score_window: window_len=22, match_len=7, line_score=0.638, ratio_lines=0.345, final_score=0.638
trace:         score_window: window_len=20, match_len=7, line_score=0.259, ratio_lines=0.148, final_score=0.259
trace:         score_window: window_len=8, match_len=7, line_score=0.142, ratio_lines=0.133, final_score=0.313
trace:         score_window: window_len=9, match_len=7, line_score=0.141, ratio_lines=0.125, final_score=0.311
trace:         score_window: window_len=7, match_len=7, line_score=0.143, ratio_lines=0.143, final_score=0.143
trace:         score_window: window_len=8, match_len=7, line_score=0.142, ratio_lines=0.133, final_score=0.142
trace:         score_window: window_len=10, match_len=7, line_score=0.280, ratio_lines=0.235, final_score=0.322
trace:         score_window: window_len=9, match_len=7, line_score=0.141, ratio_lines=0.125, final_score=0.177
trace:         score_window: window_len=11, match_len=7, line_score=0.278, ratio_lines=0.222, final_score=0.297
trace:         score_window: window_len=12, match_len=7, line_score=0.276, ratio_lines=0.211, final_score=0.296
trace:         score_window: window_len=10, match_len=7, line_score=0.280, ratio_lines=0.235, final_score=0.280
trace:         score_window: window_len=13, match_len=7, line_score=0.273, ratio_lines=0.200, final_score=0.307
trace:         score_window: window_len=11, match_len=7, line_score=0.278, ratio_lines=0.222, final_score=0.278
trace:         score_window: window_len=2, match_len=7, line_score=0.222, ratio_lines=0.222, final_score=0.222
trace:         score_window: window_len=12, match_len=7, line_score=0.276, ratio_lines=0.211, final_score=0.276
trace:         score_window: window_len=14, match_len=7, line_score=0.271, ratio_lines=0.190, final_score=0.292
trace:         score_window: window_len=13, match_len=7, line_score=0.273, ratio_lines=0.200, final_score=0.273
trace:         score_window: window_len=15, match_len=7, line_score=0.269, ratio_lines=0.182, final_score=0.292
trace:         score_window: window_len=16, match_len=7, line_score=0.267, ratio_lines=0.174, final_score=0.267
trace:         score_window: window_len=14, match_len=7, line_score=0.271, ratio_lines=0.190, final_score=0.271
trace:         score_window: window_len=17, match_len=7, line_score=0.398, ratio_lines=0.250, final_score=0.398
trace:         score_window: window_len=18, match_len=7, line_score=0.395, ratio_lines=0.240, final_score=0.395
trace:         score_window: window_len=19, match_len=7, line_score=0.522, ratio_lines=0.308, final_score=0.522
trace:         score_window: window_len=20, match_len=7, line_score=0.518, ratio_lines=0.296, final_score=0.518
trace:         score_window: window_len=21, match_len=7, line_score=0.643, ratio_lines=0.357, final_score=0.643
trace:         score_window: window_len=9, match_len=7, line_score=0.282, ratio_lines=0.250, final_score=0.282
trace:         score_window: window_len=15, match_len=7, line_score=0.269, ratio_lines=0.182, final_score=0.269
trace:         score_window: window_len=10, match_len=7, line_score=0.280, ratio_lines=0.235, final_score=0.309
trace:         score_window: window_len=11, match_len=7, line_score=0.278, ratio_lines=0.222, final_score=0.308
trace:         score_window: window_len=16, match_len=7, line_score=0.267, ratio_lines=0.174, final_score=0.267
trace:         score_window: window_len=12, match_len=7, line_score=0.276, ratio_lines=0.211, final_score=0.319
trace:         score_window: window_len=17, match_len=7, line_score=0.265, ratio_lines=0.167, final_score=0.265
trace:         score_window: window_len=13, match_len=7, line_score=0.273, ratio_lines=0.200, final_score=0.302
trace:         score_window: window_len=18, match_len=7, line_score=0.263, ratio_lines=0.160, final_score=0.263
trace:         score_window: window_len=14, match_len=7, line_score=0.271, ratio_lines=0.190, final_score=0.301
trace:         score_window: window_len=19, match_len=7, line_score=0.261, ratio_lines=0.154, final_score=0.261
trace:         score_window: window_len=15, match_len=7, line_score=0.269, ratio_lines=0.182, final_score=0.269
trace:         score_window: window_len=16, match_len=7, line_score=0.401, ratio_lines=0.261, final_score=0.401
trace:         score_window: window_len=7, match_len=7, line_score=0.000, ratio_lines=0.000, final_score=0.125
trace:         score_window: window_len=17, match_len=7, line_score=0.398, ratio_lines=0.250, final_score=0.398
trace:         score_window: window_len=18, match_len=7, line_score=0.527, ratio_lines=0.320, final_score=0.527
trace:         score_window: window_len=19, match_len=7, line_score=0.522, ratio_lines=0.308, final_score=0.522
trace:         score_window: window_len=6, match_len=7, line_score=0.000, ratio_lines=0.000, final_score=0.098
trace:         score_window: window_len=20, match_len=7, line_score=0.648, ratio_lines=0.370, final_score=0.648
trace:         score_window: window_len=8, match_len=7, line_score=0.284, ratio_lines=0.267, final_score=0.284
trace:         score_window: window_len=8, match_len=7, line_score=0.000, ratio_lines=0.000, final_score=0.164
trace:         score_window: window_len=9, match_len=7, line_score=0.282, ratio_lines=0.250, final_score=0.312
trace:         score_window: window_len=9, match_len=7, line_score=0.141, ratio_lines=0.125, final_score=0.180
trace:         score_window: window_len=10, match_len=7, line_score=0.280, ratio_lines=0.235, final_score=0.310
trace:         score_window: window_len=10, match_len=7, line_score=0.140, ratio_lines=0.118, final_score=0.180
trace:         score_window: window_len=11, match_len=7, line_score=0.278, ratio_lines=0.222, final_score=0.321
trace:         score_window: window_len=11, match_len=7, line_score=0.139, ratio_lines=0.111, final_score=0.194
trace:         score_window: window_len=12, match_len=7, line_score=0.276, ratio_lines=0.211, final_score=0.304
trace:         score_window: window_len=12, match_len=7, line_score=0.138, ratio_lines=0.105, final_score=0.194
trace:         score_window: window_len=13, match_len=7, line_score=0.273, ratio_lines=0.200, final_score=0.303
trace:         score_window: window_len=14, match_len=7, line_score=0.271, ratio_lines=0.190, final_score=0.271
trace:         score_window: window_len=13, match_len=7, line_score=0.273, ratio_lines=0.200, final_score=0.273
trace:         score_window: window_len=15, match_len=7, line_score=0.404, ratio_lines=0.273, final_score=0.404
trace:         score_window: window_len=16, match_len=7, line_score=0.401, ratio_lines=0.261, final_score=0.401
trace:         score_window: window_len=17, match_len=7, line_score=0.531, ratio_lines=0.333, final_score=0.531
trace:         score_window: window_len=18, match_len=7, line_score=0.527, ratio_lines=0.320, final_score=0.527
trace:         score_window: window_len=19, match_len=7, line_score=0.653, ratio_lines=0.385, final_score=0.653
trace:         score_window: window_len=14, match_len=7, line_score=0.271, ratio_lines=0.190, final_score=0.271
trace:         score_window: window_len=7, match_len=7, line_score=0.286, ratio_lines=0.286, final_score=0.286
trace:         score_window: window_len=8, match_len=7, line_score=0.284, ratio_lines=0.267, final_score=0.284
trace:         score_window: window_len=9, match_len=7, line_score=0.282, ratio_lines=0.250, final_score=0.282
trace:         score_window: window_len=15, match_len=7, line_score=0.269, ratio_lines=0.182, final_score=0.269
trace:         score_window: window_len=10, match_len=7, line_score=0.280, ratio_lines=0.235, final_score=0.280
trace:         score_window: window_len=16, match_len=7, line_score=0.267, ratio_lines=0.174, final_score=0.267
trace:         score_window: window_len=11, match_len=7, line_score=0.278, ratio_lines=0.222, final_score=0.278
trace:         score_window: window_len=12, match_len=7, line_score=0.276, ratio_lines=0.211, final_score=0.276
trace:         score_window: window_len=17, match_len=7, line_score=0.265, ratio_lines=0.167, final_score=0.265
trace:         score_window: window_len=13, match_len=7, line_score=0.273, ratio_lines=0.200, final_score=0.273
trace:         score_window: window_len=14, match_len=7, line_score=0.407, ratio_lines=0.286, final_score=0.407
trace:         score_window: window_len=18, match_len=7, line_score=0.263, ratio_lines=0.160, final_score=0.263
trace:         score_window: window_len=15, match_len=7, line_score=0.404, ratio_lines=0.273, final_score=0.410
trace:         score_window: window_len=16, match_len=7, line_score=0.535, ratio_lines=0.348, final_score=0.535
trace:         score_window: window_len=17, match_len=7, line_score=0.531, ratio_lines=0.333, final_score=0.531
trace:         score_window: window_len=18, match_len=7, line_score=0.658, ratio_lines=0.400, final_score=0.658
trace:         score_window: window_len=7, match_len=7, line_score=0.000, ratio_lines=0.000, final_score=0.165
trace:         score_window: window_len=7, match_len=7, line_score=0.286, ratio_lines=0.286, final_score=0.286
trace:         score_window: window_len=6, match_len=7, line_score=0.308, ratio_lines=0.308, final_score=0.308
trace:         score_window: window_len=6, match_len=7, line_score=0.000, ratio_lines=0.000, final_score=0.126
trace:         score_window: window_len=8, match_len=7, line_score=0.284, ratio_lines=0.267, final_score=0.284
trace:         score_window: window_len=8, match_len=7, line_score=0.142, ratio_lines=0.133, final_score=0.186
trace:         score_window: window_len=9, match_len=7, line_score=0.282, ratio_lines=0.250, final_score=0.282
trace:         score_window: window_len=5, match_len=7, line_score=0.000, ratio_lines=0.000, final_score=0.098
trace:         score_window: window_len=10, match_len=7, line_score=0.280, ratio_lines=0.235, final_score=0.280
trace:         score_window: window_len=9, match_len=7, line_score=0.141, ratio_lines=0.125, final_score=0.182
trace:         score_window: window_len=11, match_len=7, line_score=0.278, ratio_lines=0.222, final_score=0.278
trace:         score_window: window_len=2, match_len=7, line_score=0.222, ratio_lines=0.222, final_score=0.222
trace:         score_window: window_len=10, match_len=7, line_score=0.140, ratio_lines=0.118, final_score=0.196
trace:         score_window: window_len=12, match_len=7, line_score=0.276, ratio_lines=0.211, final_score=0.276
trace:         score_window: window_len=11, match_len=7, line_score=0.139, ratio_lines=0.111, final_score=0.195
trace:         score_window: window_len=13, match_len=7, line_score=0.410, ratio_lines=0.300, final_score=0.410
trace:         score_window: window_len=14, match_len=7, line_score=0.407, ratio_lines=0.286, final_score=0.412
trace:         score_window: window_len=12, match_len=7, line_score=0.276, ratio_lines=0.211, final_score=0.276
trace:         score_window: window_len=15, match_len=7, line_score=0.539, ratio_lines=0.364, final_score=0.539
trace:         score_window: window_len=16, match_len=7, line_score=0.535, ratio_lines=0.348, final_score=0.535
trace:         score_window: window_len=17, match_len=7, line_score=0.663, ratio_lines=0.417, final_score=0.663
trace:         score_window: window_len=7, match_len=7, line_score=0.286, ratio_lines=0.286, final_score=0.286
trace:         score_window: window_len=6, match_len=7, line_score=0.308, ratio_lines=0.308, final_score=0.308
trace:         score_window: window_len=13, match_len=7, line_score=0.273, ratio_lines=0.200, final_score=0.273
trace:         score_window: window_len=8, match_len=7, line_score=0.284, ratio_lines=0.267, final_score=0.313
trace:         score_window: window_len=5, match_len=7, line_score=0.333, ratio_lines=0.333, final_score=0.333
trace:         score_window: window_len=9, match_len=7, line_score=0.282, ratio_lines=0.250, final_score=0.425
trace:         score_window: window_len=14, match_len=7, line_score=0.271, ratio_lines=0.190, final_score=0.271
trace:         score_window: window_len=10, match_len=7, line_score=0.280, ratio_lines=0.235, final_score=0.423
trace:         score_window: window_len=11, match_len=7, line_score=0.278, ratio_lines=0.222, final_score=0.278
trace:         score_window: window_len=2, match_len=7, line_score=0.222, ratio_lines=0.222, final_score=0.222
trace:         score_window: window_len=15, match_len=7, line_score=0.269, ratio_lines=0.182, final_score=0.269
trace:         score_window: window_len=12, match_len=7, line_score=0.413, ratio_lines=0.316, final_score=0.413
trace:         score_window: window_len=16, match_len=7, line_score=0.267, ratio_lines=0.174, final_score=0.267
trace:         score_window: window_len=13, match_len=7, line_score=0.410, ratio_lines=0.300, final_score=0.442
trace:         score_window: window_len=14, match_len=7, line_score=0.543, ratio_lines=0.381, final_score=0.543
trace:         score_window: window_len=15, match_len=7, line_score=0.539, ratio_lines=0.364, final_score=0.539
trace:         score_window: window_len=17, match_len=7, line_score=0.265, ratio_lines=0.167, final_score=0.265
trace:         score_window: window_len=16, match_len=7, line_score=0.668, ratio_lines=0.435, final_score=0.668
trace:         score_window: window_len=7, match_len=7, line_score=0.143, ratio_lines=0.143, final_score=0.237
trace:         score_window: window_len=7, match_len=7, line_score=0.286, ratio_lines=0.286, final_score=0.301
trace:         score_window: window_len=6, match_len=7, line_score=0.308, ratio_lines=0.308, final_score=0.308
trace:         score_window: window_len=6, match_len=7, line_score=0.000, ratio_lines=0.000, final_score=0.191
trace:         score_window: window_len=8, match_len=7, line_score=0.284, ratio_lines=0.267, final_score=0.426
trace:         score_window: window_len=8, match_len=7, line_score=0.142, ratio_lines=0.133, final_score=0.232
trace:         score_window: window_len=9, match_len=7, line_score=0.282, ratio_lines=0.250, final_score=0.425
trace:         score_window: window_len=9, match_len=7, line_score=0.141, ratio_lines=0.125, final_score=0.231
trace:         score_window: window_len=10, match_len=7, line_score=0.280, ratio_lines=0.235, final_score=0.280
trace:         score_window: window_len=10, match_len=7, line_score=0.140, ratio_lines=0.118, final_score=0.224
trace:         score_window: window_len=11, match_len=7, line_score=0.416, ratio_lines=0.333, final_score=0.416
trace:         score_window: window_len=12, match_len=7, line_score=0.413, ratio_lines=0.316, final_score=0.444
trace:         score_window: window_len=11, match_len=7, line_score=0.278, ratio_lines=0.222, final_score=0.278
trace:         score_window: window_len=13, match_len=7, line_score=0.547, ratio_lines=0.400, final_score=0.547
trace:         score_window: window_len=14, match_len=7, line_score=0.543, ratio_lines=0.381, final_score=0.543
trace:         score_window: window_len=12, match_len=7, line_score=0.276, ratio_lines=0.211, final_score=0.276
trace:         score_window: window_len=15, match_len=7, line_score=0.673, ratio_lines=0.455, final_score=0.673
trace:         score_window: window_len=13, match_len=7, line_score=0.273, ratio_lines=0.200, final_score=0.273
trace:         score_window: window_len=7, match_len=7, line_score=0.286, ratio_lines=0.286, final_score=0.461
trace:         score_window: window_len=6, match_len=7, line_score=0.308, ratio_lines=0.308, final_score=0.326
trace:         score_window: window_len=14, match_len=7, line_score=0.271, ratio_lines=0.190, final_score=0.271
trace:         score_window: window_len=8, match_len=7, line_score=0.284, ratio_lines=0.267, final_score=0.460
trace:         score_window: window_len=5, match_len=7, line_score=0.333, ratio_lines=0.333, final_score=0.333
trace:         score_window: window_len=9, match_len=7, line_score=0.282, ratio_lines=0.250, final_score=0.282
trace:         score_window: window_len=15, match_len=7, line_score=0.269, ratio_lines=0.182, final_score=0.269
trace:         score_window: window_len=10, match_len=7, line_score=0.419, ratio_lines=0.353, final_score=0.419
trace:         score_window: window_len=11, match_len=7, line_score=0.416, ratio_lines=0.333, final_score=0.471
trace:         score_window: window_len=16, match_len=7, line_score=0.267, ratio_lines=0.174, final_score=0.267
trace:         score_window: window_len=12, match_len=7, line_score=0.551, ratio_lines=0.421, final_score=0.551
trace:         score_window: window_len=17, match_len=7, line_score=0.265, ratio_lines=0.167, final_score=0.265
trace:         score_window: window_len=13, match_len=7, line_score=0.547, ratio_lines=0.400, final_score=0.547
trace:         score_window: window_len=14, match_len=7, line_score=0.679, ratio_lines=0.476, final_score=0.679
trace:         score_window: window_len=18, match_len=7, line_score=0.263, ratio_lines=0.160, final_score=0.263
trace:         score_window: window_len=7, match_len=7, line_score=0.286, ratio_lines=0.286, final_score=0.469
trace:         score_window: window_len=7, match_len=7, line_score=0.143, ratio_lines=0.143, final_score=0.240
trace:         score_window: window_len=6, match_len=7, line_score=0.308, ratio_lines=0.308, final_score=0.471
trace:         score_window: window_len=8, match_len=7, line_score=0.284, ratio_lines=0.267, final_score=0.284
trace:         score_window: window_len=5, match_len=7, line_score=0.333, ratio_lines=0.333, final_score=0.333
trace:         score_window: window_len=6, match_len=7, line_score=0.154, ratio_lines=0.154, final_score=0.246
trace:         score_window: window_len=9, match_len=7, line_score=0.422, ratio_lines=0.375, final_score=0.422
trace:         score_window: window_len=4, match_len=7, line_score=0.364, ratio_lines=0.364, final_score=0.364
trace:         score_window: window_len=8, match_len=7, line_score=0.142, ratio_lines=0.133, final_score=0.238
trace:         score_window: window_len=10, match_len=7, line_score=0.419, ratio_lines=0.353, final_score=0.478
trace:         score_window: window_len=5, match_len=7, line_score=0.000, ratio_lines=0.000, final_score=0.192
trace:         score_window: window_len=11, match_len=7, line_score=0.555, ratio_lines=0.444, final_score=0.555
trace:         score_window: window_len=2, match_len=7, line_score=0.222, ratio_lines=0.222, final_score=0.222
trace:         score_window: window_len=9, match_len=7, line_score=0.141, ratio_lines=0.125, final_score=0.231
trace:         score_window: window_len=12, match_len=7, line_score=0.551, ratio_lines=0.421, final_score=0.551
trace:         score_window: window_len=10, match_len=7, line_score=0.280, ratio_lines=0.235, final_score=0.280
trace:         score_window: window_len=13, match_len=7, line_score=0.684, ratio_lines=0.500, final_score=0.684
trace:         score_window: window_len=7, match_len=7, line_score=0.286, ratio_lines=0.286, final_score=0.286
trace:         score_window: window_len=11, match_len=7, line_score=0.278, ratio_lines=0.222, final_score=0.278
trace:         score_window: window_len=6, match_len=7, line_score=0.308, ratio_lines=0.308, final_score=0.473
trace:         score_window: window_len=8, match_len=7, line_score=0.426, ratio_lines=0.400, final_score=0.426
trace:         score_window: window_len=12, match_len=7, line_score=0.276, ratio_lines=0.211, final_score=0.276
trace:         score_window: window_len=5, match_len=7, line_score=0.333, ratio_lines=0.333, final_score=0.475
trace:         score_window: window_len=9, match_len=7, line_score=0.422, ratio_lines=0.375, final_score=0.482
trace:         score_window: window_len=13, match_len=7, line_score=0.273, ratio_lines=0.200, final_score=0.273
trace:         score_window: window_len=4, match_len=7, line_score=0.364, ratio_lines=0.364, final_score=0.364
trace:         score_window: window_len=10, match_len=7, line_score=0.559, ratio_lines=0.471, final_score=0.559
trace:         score_window: window_len=3, match_len=7, line_score=0.400, ratio_lines=0.400, final_score=0.400
trace:         score_window: window_len=14, match_len=7, line_score=0.271, ratio_lines=0.190, final_score=0.271
trace:         score_window: window_len=11, match_len=7, line_score=0.555, ratio_lines=0.444, final_score=0.555
trace:         score_window: window_len=2, match_len=7, line_score=0.222, ratio_lines=0.222, final_score=0.251
trace:         score_window: window_len=15, match_len=7, line_score=0.269, ratio_lines=0.182, final_score=0.269
trace:         score_window: window_len=12, match_len=7, line_score=0.689, ratio_lines=0.526, final_score=0.689
trace:         score_window: window_len=7, match_len=7, line_score=0.429, ratio_lines=0.429, final_score=0.429
trace:         score_window: window_len=16, match_len=7, line_score=0.267, ratio_lines=0.174, final_score=0.267
trace:         score_window: window_len=6, match_len=7, line_score=0.308, ratio_lines=0.308, final_score=0.308
trace:         score_window: window_len=8, match_len=7, line_score=0.426, ratio_lines=0.400, final_score=0.484
trace:         score_window: window_len=5, match_len=7, line_score=0.333, ratio_lines=0.333, final_score=0.475
trace:         score_window: window_len=17, match_len=7, line_score=0.265, ratio_lines=0.167, final_score=0.265
trace:         score_window: window_len=9, match_len=7, line_score=0.563, ratio_lines=0.500, final_score=0.563
trace:         score_window: window_len=4, match_len=7, line_score=0.182, ratio_lines=0.182, final_score=0.460
trace:         score_window: window_len=7, match_len=7, line_score=0.143, ratio_lines=0.143, final_score=0.267
trace:         score_window: window_len=10, match_len=7, line_score=0.559, ratio_lines=0.471, final_score=0.559
trace:         score_window: window_len=8, match_len=7, line_score=0.142, ratio_lines=0.133, final_score=0.258
trace:         score_window: window_len=9, match_len=7, line_score=0.282, ratio_lines=0.250, final_score=0.290
trace:         score_window: window_len=11, match_len=7, line_score=0.694, ratio_lines=0.556, final_score=0.694
trace:         score_window: window_len=2, match_len=7, line_score=0.222, ratio_lines=0.222, final_score=0.222
trace:         score_window: window_len=10, match_len=7, line_score=0.280, ratio_lines=0.235, final_score=0.280
trace:         score_window: window_len=7, match_len=7, line_score=0.429, ratio_lines=0.429, final_score=0.544
trace:         score_window: window_len=6, match_len=7, line_score=0.462, ratio_lines=0.462, final_score=0.462
trace:         score_window: window_len=8, match_len=7, line_score=0.567, ratio_lines=0.533, final_score=0.567
trace:         score_window: window_len=11, match_len=7, line_score=0.278, ratio_lines=0.222, final_score=0.278
trace:         score_window: window_len=5, match_len=7, line_score=0.333, ratio_lines=0.333, final_score=0.333
trace:         score_window: window_len=9, match_len=7, line_score=0.563, ratio_lines=0.500, final_score=0.599
trace:         score_window: window_len=4, match_len=7, line_score=0.364, ratio_lines=0.364, final_score=0.364
trace:         score_window: window_len=12, match_len=7, line_score=0.276, ratio_lines=0.211, final_score=0.276
trace:         score_window: window_len=10, match_len=7, line_score=0.699, ratio_lines=0.588, final_score=0.699
trace:         score_window: window_len=2, match_len=7, line_score=0.222, ratio_lines=0.222, final_score=0.231
trace:         score_window: window_len=13, match_len=7, line_score=0.273, ratio_lines=0.200, final_score=0.273
trace:         score_window: window_len=7, match_len=7, line_score=0.571, ratio_lines=0.571, final_score=0.585
trace:         score_window: window_len=6, match_len=7, line_score=0.462, ratio_lines=0.462, final_score=0.547
trace:         score_window: window_len=14, match_len=7, line_score=0.271, ratio_lines=0.190, final_score=0.271
trace:         score_window: window_len=8, match_len=7, line_score=0.567, ratio_lines=0.533, final_score=0.602
trace:         score_window: window_len=5, match_len=7, line_score=0.500, ratio_lines=0.500, final_score=0.500
trace:         score_window: window_len=15, match_len=7, line_score=0.269, ratio_lines=0.182, final_score=0.269
trace:         score_window: window_len=4, match_len=7, line_score=0.364, ratio_lines=0.364, final_score=0.364
trace:         score_window: window_len=7, match_len=7, line_score=0.571, ratio_lines=0.571, final_score=0.652
trace:         score_window: window_len=16, match_len=7, line_score=0.267, ratio_lines=0.174, final_score=0.267
trace:         score_window: window_len=6, match_len=7, line_score=0.615, ratio_lines=0.615, final_score=0.617
trace:         score_window: window_len=5, match_len=7, line_score=0.500, ratio_lines=0.500, final_score=0.602
trace:         score_window: window_len=4, match_len=7, line_score=0.545, ratio_lines=0.545, final_score=0.545
trace:         score_window: window_len=3, match_len=7, line_score=0.400, ratio_lines=0.400, final_score=0.400
trace:         score_window: window_len=2, match_len=7, line_score=0.222, ratio_lines=0.222, final_score=0.231
trace:         score_window: window_len=17, match_len=7, line_score=0.265, ratio_lines=0.167, final_score=0.265
trace:         score_window: window_len=6, match_len=7, line_score=0.615, ratio_lines=0.615, final_score=0.714
trace:         score_window: window_len=5, match_len=7, line_score=0.667, ratio_lines=0.667, final_score=0.704
trace:         score_window: window_len=4, match_len=7, line_score=0.545, ratio_lines=0.545, final_score=0.672
trace:         score_window: window_len=3, match_len=7, line_score=0.600, ratio_lines=0.600, final_score=0.600
trace:         score_window: window_len=2, match_len=7, line_score=0.444, ratio_lines=0.444, final_score=0.444
trace:         score_window: window_len=6, match_len=7, line_score=0.615, ratio_lines=0.615, final_score=0.714
trace:         score_window: window_len=5, match_len=7, line_score=0.500, ratio_lines=0.500, final_score=0.703
trace:         score_window: window_len=4, match_len=7, line_score=0.545, ratio_lines=0.545, final_score=0.667
trace:         score_window: window_len=3, match_len=7, line_score=0.400, ratio_lines=0.400, final_score=0.657
trace:         score_window: window_len=2, match_len=7, line_score=0.444, ratio_lines=0.444, final_score=0.528
trace:         score_window: window_len=18, match_len=7, line_score=0.263, ratio_lines=0.160, final_score=0.263
trace:         score_window: window_len=6, match_len=7, line_score=0.615, ratio_lines=0.615, final_score=0.632
trace:         score_window: window_len=5, match_len=7, line_score=0.500, ratio_lines=0.500, final_score=0.580
trace:         score_window: window_len=19, match_len=7, line_score=0.261, ratio_lines=0.154, final_score=0.261
trace:         score_window: window_len=4, match_len=7, line_score=0.364, ratio_lines=0.364, final_score=0.567
trace:         score_window: window_len=10, match_len=7, line_score=0.699, ratio_lines=0.588, final_score=0.699
trace:         score_window: window_len=3, match_len=7, line_score=0.400, ratio_lines=0.400, final_score=0.512
trace:         score_window: window_len=20, match_len=7, line_score=0.259, ratio_lines=0.148, final_score=0.259
trace:         score_window: window_len=11, match_len=7, line_score=0.694, ratio_lines=0.556, final_score=0.694
trace:         score_window: window_len=2, match_len=7, line_score=0.222, ratio_lines=0.222, final_score=0.369
trace:         score_window: window_len=12, match_len=7, line_score=0.689, ratio_lines=0.526, final_score=0.689
trace:         score_window: window_len=21, match_len=7, line_score=0.257, ratio_lines=0.143, final_score=0.257
trace:         score_window: window_len=13, match_len=7, line_score=0.684, ratio_lines=0.500, final_score=0.684
trace:         score_window: window_len=7, match_len=7, line_score=0.143, ratio_lines=0.143, final_score=0.259
trace:         score_window: window_len=14, match_len=7, line_score=0.679, ratio_lines=0.476, final_score=0.679
trace:         score_window: window_len=6, match_len=7, line_score=0.154, ratio_lines=0.154, final_score=0.262
trace:         score_window: window_len=15, match_len=7, line_score=0.673, ratio_lines=0.455, final_score=0.673
trace:         score_window: window_len=16, match_len=7, line_score=0.668, ratio_lines=0.435, final_score=0.668
trace:         score_window: window_len=8, match_len=7, line_score=0.284, ratio_lines=0.267, final_score=0.284
trace:         score_window: window_len=17, match_len=7, line_score=0.663, ratio_lines=0.417, final_score=0.663
trace:         score_window: window_len=18, match_len=7, line_score=0.658, ratio_lines=0.400, final_score=0.658
trace:         score_window: window_len=19, match_len=7, line_score=0.653, ratio_lines=0.385, final_score=0.653
trace:         score_window: window_len=9, match_len=7, line_score=0.282, ratio_lines=0.250, final_score=0.282
trace:         score_window: window_len=20, match_len=7, line_score=0.648, ratio_lines=0.370, final_score=0.648
trace:         score_window: window_len=21, match_len=7, line_score=0.643, ratio_lines=0.357, final_score=0.643
trace:         score_window: window_len=22, match_len=7, line_score=0.638, ratio_lines=0.345, final_score=0.638
trace:         score_window: window_len=23, match_len=7, line_score=0.633, ratio_lines=0.333, final_score=0.633
trace:         score_window: window_len=24, match_len=7, line_score=0.628, ratio_lines=0.323, final_score=0.628
trace:         score_window: window_len=10, match_len=7, line_score=0.280, ratio_lines=0.235, final_score=0.280
trace:         score_window: window_len=25, match_len=7, line_score=0.622, ratio_lines=0.312, final_score=0.622
trace:         score_window: window_len=26, match_len=7, line_score=0.617, ratio_lines=0.303, final_score=0.617
trace:         score_window: window_len=27, match_len=7, line_score=0.612, ratio_lines=0.294, final_score=0.612
trace:         score_window: window_len=28, match_len=7, line_score=0.607, ratio_lines=0.286, final_score=0.607
trace:         score_window: window_len=11, match_len=7, line_score=0.278, ratio_lines=0.222, final_score=0.278
trace:         score_window: window_len=29, match_len=7, line_score=0.602, ratio_lines=0.278, final_score=0.602
trace:         score_window: window_len=30, match_len=7, line_score=0.597, ratio_lines=0.270, final_score=0.597
trace:         score_window: window_len=12, match_len=7, line_score=0.276, ratio_lines=0.211, final_score=0.276
trace:         score_window: window_len=7, match_len=7, line_score=0.571, ratio_lines=0.571, final_score=0.630
trace:         score_window: window_len=6, match_len=7, line_score=0.615, ratio_lines=0.615, final_score=0.642
trace:         score_window: window_len=13, match_len=7, line_score=0.273, ratio_lines=0.200, final_score=0.273
trace:         score_window: window_len=8, match_len=7, line_score=0.567, ratio_lines=0.533, final_score=0.626
trace:         score_window: window_len=5, match_len=7, line_score=0.500, ratio_lines=0.500, final_score=0.500
trace:         score_window: window_len=14, match_len=7, line_score=0.271, ratio_lines=0.190, final_score=0.271
trace:         score_window: window_len=9, match_len=7, line_score=0.563, ratio_lines=0.500, final_score=0.577
trace:         score_window: window_len=4, match_len=7, line_score=0.364, ratio_lines=0.364, final_score=0.383
trace:         score_window: window_len=10, match_len=7, line_score=0.559, ratio_lines=0.471, final_score=0.573
trace:         score_window: window_len=15, match_len=7, line_score=0.269, ratio_lines=0.182, final_score=0.269
trace:         score_window: window_len=11, match_len=7, line_score=0.555, ratio_lines=0.444, final_score=0.570
trace:         score_window: window_len=2, match_len=7, line_score=0.222, ratio_lines=0.222, final_score=0.332
trace:         score_window: window_len=16, match_len=7, line_score=0.267, ratio_lines=0.174, final_score=0.267
trace:         score_window: window_len=12, match_len=7, line_score=0.551, ratio_lines=0.421, final_score=0.568
trace:         score_window: window_len=13, match_len=7, line_score=0.547, ratio_lines=0.400, final_score=0.566
trace:         score_window: window_len=17, match_len=7, line_score=0.265, ratio_lines=0.167, final_score=0.265
trace:         score_window: window_len=14, match_len=7, line_score=0.543, ratio_lines=0.381, final_score=0.562
trace:         score_window: window_len=15, match_len=7, line_score=0.539, ratio_lines=0.364, final_score=0.539
trace:         score_window: window_len=18, match_len=7, line_score=0.263, ratio_lines=0.160, final_score=0.263
trace:         score_window: window_len=16, match_len=7, line_score=0.535, ratio_lines=0.348, final_score=0.535
trace:         score_window: window_len=17, match_len=7, line_score=0.531, ratio_lines=0.333, final_score=0.531
trace:         score_window: window_len=19, match_len=7, line_score=0.261, ratio_lines=0.154, final_score=0.261
trace:         score_window: window_len=18, match_len=7, line_score=0.527, ratio_lines=0.320, final_score=0.527
trace:         score_window: window_len=19, match_len=7, line_score=0.522, ratio_lines=0.308, final_score=0.522
trace:         score_window: window_len=20, match_len=7, line_score=0.518, ratio_lines=0.296, final_score=0.518
trace:         score_window: window_len=21, match_len=7, line_score=0.514, ratio_lines=0.286, final_score=0.514
trace:         score_window: window_len=22, match_len=7, line_score=0.510, ratio_lines=0.276, final_score=0.510
trace:         score_window: window_len=23, match_len=7, line_score=0.506, ratio_lines=0.267, final_score=0.506
trace:         score_window: window_len=24, match_len=7, line_score=0.502, ratio_lines=0.258, final_score=0.502
trace:         score_window: window_len=20, match_len=7, line_score=0.259, ratio_lines=0.148, final_score=0.259
trace:         score_window: window_len=25, match_len=7, line_score=0.498, ratio_lines=0.250, final_score=0.498
trace:         score_window: window_len=7, match_len=7, line_score=0.286, ratio_lines=0.286, final_score=0.286
trace:         score_window: window_len=26, match_len=7, line_score=0.494, ratio_lines=0.242, final_score=0.494
trace:         score_window: window_len=27, match_len=7, line_score=0.490, ratio_lines=0.235, final_score=0.490
trace:         score_window: window_len=28, match_len=7, line_score=0.486, ratio_lines=0.229, final_score=0.486
trace:         score_window: window_len=29, match_len=7, line_score=0.482, ratio_lines=0.222, final_score=0.482
trace:         score_window: window_len=8, match_len=7, line_score=0.284, ratio_lines=0.267, final_score=0.284
trace:         score_window: window_len=30, match_len=7, line_score=0.478, ratio_lines=0.216, final_score=0.478
trace:         score_window: window_len=7, match_len=7, line_score=0.571, ratio_lines=0.571, final_score=0.653
trace:         score_window: window_len=9, match_len=7, line_score=0.282, ratio_lines=0.250, final_score=0.282
trace:         score_window: window_len=6, match_len=7, line_score=0.615, ratio_lines=0.615, final_score=0.657
trace:         score_window: window_len=8, match_len=7, line_score=0.567, ratio_lines=0.533, final_score=0.597
trace:         score_window: window_len=10, match_len=7, line_score=0.280, ratio_lines=0.235, final_score=0.280
trace:         score_window: window_len=5, match_len=7, line_score=0.667, ratio_lines=0.667, final_score=0.671
trace:         score_window: window_len=9, match_len=7, line_score=0.563, ratio_lines=0.500, final_score=0.592
trace:         score_window: window_len=11, match_len=7, line_score=0.278, ratio_lines=0.222, final_score=0.278
trace:         score_window: window_len=4, match_len=7, line_score=0.545, ratio_lines=0.545, final_score=0.545
trace:         score_window: window_len=10, match_len=7, line_score=0.559, ratio_lines=0.471, final_score=0.589
trace:         score_window: window_len=12, match_len=7, line_score=0.276, ratio_lines=0.211, final_score=0.276
trace:         score_window: window_len=3, match_len=7, line_score=0.400, ratio_lines=0.400, final_score=0.400
trace:         score_window: window_len=11, match_len=7, line_score=0.555, ratio_lines=0.444, final_score=0.587
trace:         score_window: window_len=13, match_len=7, line_score=0.273, ratio_lines=0.200, final_score=0.273
trace:         score_window: window_len=2, match_len=7, line_score=0.222, ratio_lines=0.222, final_score=0.306
trace:         score_window: window_len=12, match_len=7, line_score=0.551, ratio_lines=0.421, final_score=0.584
trace:         score_window: window_len=13, match_len=7, line_score=0.547, ratio_lines=0.400, final_score=0.580
trace:         score_window: window_len=14, match_len=7, line_score=0.271, ratio_lines=0.190, final_score=0.271
trace:         score_window: window_len=14, match_len=7, line_score=0.543, ratio_lines=0.381, final_score=0.543
trace:         score_window: window_len=15, match_len=7, line_score=0.539, ratio_lines=0.364, final_score=0.539
trace:         score_window: window_len=15, match_len=7, line_score=0.269, ratio_lines=0.182, final_score=0.269
trace:         score_window: window_len=16, match_len=7, line_score=0.535, ratio_lines=0.348, final_score=0.535
trace:         score_window: window_len=17, match_len=7, line_score=0.531, ratio_lines=0.333, final_score=0.531
trace:         score_window: window_len=16, match_len=7, line_score=0.267, ratio_lines=0.174, final_score=0.267
trace:         score_window: window_len=18, match_len=7, line_score=0.527, ratio_lines=0.320, final_score=0.527
trace:         score_window: window_len=19, match_len=7, line_score=0.522, ratio_lines=0.308, final_score=0.522
trace:         score_window: window_len=20, match_len=7, line_score=0.518, ratio_lines=0.296, final_score=0.518
trace:         score_window: window_len=17, match_len=7, line_score=0.265, ratio_lines=0.167, final_score=0.265
trace:         score_window: window_len=21, match_len=7, line_score=0.514, ratio_lines=0.286, final_score=0.514
trace:         score_window: window_len=22, match_len=7, line_score=0.510, ratio_lines=0.276, final_score=0.510
trace:         score_window: window_len=23, match_len=7, line_score=0.506, ratio_lines=0.267, final_score=0.506
trace:         score_window: window_len=24, match_len=7, line_score=0.502, ratio_lines=0.258, final_score=0.502
trace:         score_window: window_len=25, match_len=7, line_score=0.498, ratio_lines=0.250, final_score=0.498
trace:         score_window: window_len=26, match_len=7, line_score=0.494, ratio_lines=0.242, final_score=0.494
trace:         score_window: window_len=27, match_len=7, line_score=0.490, ratio_lines=0.235, final_score=0.490
trace:         score_window: window_len=18, match_len=7, line_score=0.263, ratio_lines=0.160, final_score=0.263
trace:         score_window: window_len=28, match_len=7, line_score=0.486, ratio_lines=0.229, final_score=0.486
trace:         score_window: window_len=29, match_len=7, line_score=0.482, ratio_lines=0.222, final_score=0.482
trace:         score_window: window_len=30, match_len=7, line_score=0.478, ratio_lines=0.216, final_score=0.478
trace:         score_window: window_len=7, match_len=7, line_score=0.429, ratio_lines=0.429, final_score=0.489
trace:         score_window: window_len=19, match_len=7, line_score=0.261, ratio_lines=0.154, final_score=0.261
trace:         score_window: window_len=6, match_len=7, line_score=0.462, ratio_lines=0.462, final_score=0.540
trace:         score_window: window_len=8, match_len=7, line_score=0.426, ratio_lines=0.400, final_score=0.485
trace:         score_window: window_len=5, match_len=7, line_score=0.500, ratio_lines=0.500, final_score=0.544
trace:         score_window: window_len=20, match_len=7, line_score=0.259, ratio_lines=0.148, final_score=0.259
trace:         score_window: window_len=7, match_len=7, line_score=0.286, ratio_lines=0.286, final_score=0.286
trace:         score_window: window_len=6, match_len=7, line_score=0.308, ratio_lines=0.308, final_score=0.308
trace:         score_window: window_len=9, match_len=7, line_score=0.422, ratio_lines=0.375, final_score=0.482
trace:         score_window: window_len=8, match_len=7, line_score=0.284, ratio_lines=0.267, final_score=0.284
trace:         score_window: window_len=4, match_len=7, line_score=0.545, ratio_lines=0.545, final_score=0.568
trace:         score_window: window_len=9, match_len=7, line_score=0.282, ratio_lines=0.250, final_score=0.282
trace:         score_window: window_len=10, match_len=7, line_score=0.419, ratio_lines=0.353, final_score=0.480
trace:         score_window: window_len=3, match_len=7, line_score=0.400, ratio_lines=0.400, final_score=0.400
trace:         score_window: window_len=10, match_len=7, line_score=0.280, ratio_lines=0.235, final_score=0.280
trace:         score_window: window_len=11, match_len=7, line_score=0.416, ratio_lines=0.333, final_score=0.478
trace:         score_window: window_len=2, match_len=7, line_score=0.222, ratio_lines=0.222, final_score=0.222
trace:         score_window: window_len=11, match_len=7, line_score=0.278, ratio_lines=0.222, final_score=0.278
trace:         score_window: window_len=2, match_len=7, line_score=0.222, ratio_lines=0.222, final_score=0.222
trace:         score_window: window_len=12, match_len=7, line_score=0.413, ratio_lines=0.316, final_score=0.474
trace:         score_window: window_len=12, match_len=7, line_score=0.276, ratio_lines=0.211, final_score=0.276
trace:         score_window: window_len=13, match_len=7, line_score=0.410, ratio_lines=0.300, final_score=0.414
trace:         score_window: window_len=13, match_len=7, line_score=0.273, ratio_lines=0.200, final_score=0.273
trace:         score_window: window_len=14, match_len=7, line_score=0.407, ratio_lines=0.286, final_score=0.411
trace:         score_window: window_len=14, match_len=7, line_score=0.271, ratio_lines=0.190, final_score=0.271
trace:         score_window: window_len=15, match_len=7, line_score=0.404, ratio_lines=0.273, final_score=0.404
trace:         score_window: window_len=15, match_len=7, line_score=0.269, ratio_lines=0.182, final_score=0.269
trace:         score_window: window_len=16, match_len=7, line_score=0.401, ratio_lines=0.261, final_score=0.401
trace:         score_window: window_len=16, match_len=7, line_score=0.267, ratio_lines=0.174, final_score=0.267
trace:         score_window: window_len=17, match_len=7, line_score=0.398, ratio_lines=0.250, final_score=0.398
trace:         score_window: window_len=18, match_len=7, line_score=0.395, ratio_lines=0.240, final_score=0.395
trace:         score_window: window_len=17, match_len=7, line_score=0.265, ratio_lines=0.167, final_score=0.265
trace:         score_window: window_len=19, match_len=7, line_score=0.392, ratio_lines=0.231, final_score=0.392
trace:         score_window: window_len=20, match_len=7, line_score=0.389, ratio_lines=0.222, final_score=0.389
trace:         score_window: window_len=21, match_len=7, line_score=0.386, ratio_lines=0.214, final_score=0.386
trace:         score_window: window_len=7, match_len=7, line_score=0.429, ratio_lines=0.429, final_score=0.487
trace:         score_window: window_len=18, match_len=7, line_score=0.263, ratio_lines=0.160, final_score=0.263
trace:         score_window: window_len=6, match_len=7, line_score=0.462, ratio_lines=0.462, final_score=0.491
trace:         score_window: window_len=8, match_len=7, line_score=0.426, ratio_lines=0.400, final_score=0.484
trace:         score_window: window_len=5, match_len=7, line_score=0.500, ratio_lines=0.500, final_score=0.500
trace:         score_window: window_len=9, match_len=7, line_score=0.422, ratio_lines=0.375, final_score=0.482
trace:         score_window: window_len=4, match_len=7, line_score=0.545, ratio_lines=0.545, final_score=0.545
trace:         score_window: window_len=10, match_len=7, line_score=0.419, ratio_lines=0.353, final_score=0.479
trace:         score_window: window_len=3, match_len=7, line_score=0.600, ratio_lines=0.600, final_score=0.600
trace:         score_window: window_len=19, match_len=7, line_score=0.261, ratio_lines=0.154, final_score=0.261
trace:         score_window: window_len=11, match_len=7, line_score=0.416, ratio_lines=0.333, final_score=0.475
trace:         score_window: window_len=2, match_len=7, line_score=0.444, ratio_lines=0.444, final_score=0.444
trace:         score_window: window_len=12, match_len=7, line_score=0.413, ratio_lines=0.316, final_score=0.413
trace:         score_window: window_len=13, match_len=7, line_score=0.410, ratio_lines=0.300, final_score=0.410
trace:         score_window: window_len=20, match_len=7, line_score=0.259, ratio_lines=0.148, final_score=0.259
trace:         score_window: window_len=14, match_len=7, line_score=0.407, ratio_lines=0.286, final_score=0.407
trace:         score_window: window_len=15, match_len=7, line_score=0.404, ratio_lines=0.273, final_score=0.404
trace:         score_window: window_len=16, match_len=7, line_score=0.401, ratio_lines=0.261, final_score=0.401
trace:         score_window: window_len=21, match_len=7, line_score=0.257, ratio_lines=0.143, final_score=0.257
trace:         score_window: window_len=17, match_len=7, line_score=0.398, ratio_lines=0.250, final_score=0.398
trace:         score_window: window_len=18, match_len=7, line_score=0.395, ratio_lines=0.240, final_score=0.395
trace:         score_window: window_len=22, match_len=7, line_score=0.255, ratio_lines=0.138, final_score=0.255
trace:         score_window: window_len=7, match_len=7, line_score=0.286, ratio_lines=0.286, final_score=0.286
trace:         score_window: window_len=6, match_len=7, line_score=0.308, ratio_lines=0.308, final_score=0.308
trace:         score_window: window_len=19, match_len=7, line_score=0.392, ratio_lines=0.231, final_score=0.392
trace:         score_window: window_len=8, match_len=7, line_score=0.284, ratio_lines=0.267, final_score=0.284
trace:         score_window: window_len=5, match_len=7, line_score=0.333, ratio_lines=0.333, final_score=0.333
trace:         score_window: window_len=9, match_len=7, line_score=0.282, ratio_lines=0.250, final_score=0.282
trace:         score_window: window_len=20, match_len=7, line_score=0.389, ratio_lines=0.222, final_score=0.389
trace:         score_window: window_len=10, match_len=7, line_score=0.280, ratio_lines=0.235, final_score=0.280
trace:         score_window: window_len=21, match_len=7, line_score=0.386, ratio_lines=0.214, final_score=0.386
trace:         score_window: window_len=7, match_len=7, line_score=0.286, ratio_lines=0.286, final_score=0.338
trace:         score_window: window_len=11, match_len=7, line_score=0.278, ratio_lines=0.222, final_score=0.278
trace:         score_window: window_len=2, match_len=7, line_score=0.222, ratio_lines=0.222, final_score=0.222
trace:         score_window: window_len=6, match_len=7, line_score=0.308, ratio_lines=0.308, final_score=0.475
trace:         score_window: window_len=8, match_len=7, line_score=0.284, ratio_lines=0.267, final_score=0.332
trace:         score_window: window_len=5, match_len=7, line_score=0.333, ratio_lines=0.333, final_score=0.479
trace:         score_window: window_len=9, match_len=7, line_score=0.282, ratio_lines=0.250, final_score=0.327
trace:         score_window: window_len=4, match_len=7, line_score=0.364, ratio_lines=0.364, final_score=0.424
trace:         score_window: window_len=12, match_len=7, line_score=0.276, ratio_lines=0.211, final_score=0.276
trace:         score_window: window_len=10, match_len=7, line_score=0.280, ratio_lines=0.235, final_score=0.465
trace:         score_window: window_len=3, match_len=7, line_score=0.400, ratio_lines=0.400, final_score=0.443
trace:         score_window: window_len=11, match_len=7, line_score=0.278, ratio_lines=0.222, final_score=0.401
trace:         score_window: window_len=13, match_len=7, line_score=0.273, ratio_lines=0.200, final_score=0.273
trace:         score_window: window_len=2, match_len=7, line_score=0.444, ratio_lines=0.444, final_score=0.474
trace:         score_window: window_len=12, match_len=7, line_score=0.276, ratio_lines=0.211, final_score=0.398
trace:         score_window: window_len=14, match_len=7, line_score=0.271, ratio_lines=0.190, final_score=0.271
trace:         score_window: window_len=13, match_len=7, line_score=0.273, ratio_lines=0.200, final_score=0.349
trace:         score_window: window_len=15, match_len=7, line_score=0.269, ratio_lines=0.182, final_score=0.269
trace:         score_window: window_len=14, match_len=7, line_score=0.271, ratio_lines=0.190, final_score=0.348
trace:         score_window: window_len=15, match_len=7, line_score=0.269, ratio_lines=0.182, final_score=0.328
trace:         score_window: window_len=16, match_len=7, line_score=0.267, ratio_lines=0.174, final_score=0.267
trace:         score_window: window_len=16, match_len=7, line_score=0.267, ratio_lines=0.174, final_score=0.313
trace:         score_window: window_len=17, match_len=7, line_score=0.265, ratio_lines=0.167, final_score=0.265
trace:         score_window: window_len=17, match_len=7, line_score=0.265, ratio_lines=0.167, final_score=0.293
trace:         score_window: window_len=18, match_len=7, line_score=0.263, ratio_lines=0.160, final_score=0.292
trace:         score_window: window_len=18, match_len=7, line_score=0.263, ratio_lines=0.160, final_score=0.263
trace:         score_window: window_len=19, match_len=7, line_score=0.261, ratio_lines=0.154, final_score=0.287
trace:         score_window: window_len=10, match_len=7, line_score=0.140, ratio_lines=0.118, final_score=0.215
trace:         score_window: window_len=11, match_len=7, line_score=0.139, ratio_lines=0.111, final_score=0.214
trace:         score_window: window_len=2, match_len=7, line_score=0.222, ratio_lines=0.222, final_score=0.267
trace:         score_window: window_len=19, match_len=7, line_score=0.261, ratio_lines=0.154, final_score=0.271
trace:         score_window: window_len=12, match_len=7, line_score=0.138, ratio_lines=0.105, final_score=0.185
trace:         score_window: window_len=13, match_len=7, line_score=0.137, ratio_lines=0.100, final_score=0.184
trace:         score_window: window_len=14, match_len=7, line_score=0.136, ratio_lines=0.095, final_score=0.172
trace:         score_window: window_len=20, match_len=7, line_score=0.259, ratio_lines=0.148, final_score=0.268
trace:         score_window: window_len=15, match_len=7, line_score=0.135, ratio_lines=0.091, final_score=0.164
trace:         score_window: window_len=16, match_len=7, line_score=0.134, ratio_lines=0.087, final_score=0.152
trace:         score_window: window_len=21, match_len=7, line_score=0.257, ratio_lines=0.143, final_score=0.267
trace:         score_window: window_len=7, match_len=7, line_score=0.286, ratio_lines=0.286, final_score=0.286
trace:         score_window: window_len=6, match_len=7, line_score=0.308, ratio_lines=0.308, final_score=0.308
trace:         score_window: window_len=17, match_len=7, line_score=0.133, ratio_lines=0.083, final_score=0.152
trace:         score_window: window_len=8, match_len=7, line_score=0.284, ratio_lines=0.267, final_score=0.284
trace:         score_window: window_len=18, match_len=7, line_score=0.132, ratio_lines=0.080, final_score=0.149
trace:         score_window: window_len=9, match_len=7, line_score=0.282, ratio_lines=0.250, final_score=0.282
trace:         score_window: window_len=10, match_len=7, line_score=0.280, ratio_lines=0.235, final_score=0.280
trace:         score_window: window_len=19, match_len=7, line_score=0.131, ratio_lines=0.077, final_score=0.140
trace:         score_window: window_len=7, match_len=7, line_score=0.286, ratio_lines=0.286, final_score=0.286
trace:         score_window: window_len=6, match_len=7, line_score=0.308, ratio_lines=0.308, final_score=0.308
trace:         score_window: window_len=8, match_len=7, line_score=0.284, ratio_lines=0.267, final_score=0.284
trace:         score_window: window_len=5, match_len=7, line_score=0.333, ratio_lines=0.333, final_score=0.333
trace:         score_window: window_len=9, match_len=7, line_score=0.282, ratio_lines=0.250, final_score=0.282
trace:         score_window: window_len=11, match_len=7, line_score=0.278, ratio_lines=0.222, final_score=0.278
trace:         score_window: window_len=10, match_len=7, line_score=0.280, ratio_lines=0.235, final_score=0.280
trace:         score_window: window_len=11, match_len=7, line_score=0.278, ratio_lines=0.222, final_score=0.278
trace:         score_window: window_len=2, match_len=7, line_score=0.222, ratio_lines=0.222, final_score=0.222
trace:         score_window: window_len=12, match_len=7, line_score=0.276, ratio_lines=0.211, final_score=0.276
trace:         score_window: window_len=12, match_len=7, line_score=0.276, ratio_lines=0.211, final_score=0.276
trace:         score_window: window_len=13, match_len=7, line_score=0.273, ratio_lines=0.200, final_score=0.273
trace:         score_window: window_len=13, match_len=7, line_score=0.273, ratio_lines=0.200, final_score=0.273
trace:         score_window: window_len=14, match_len=7, line_score=0.271, ratio_lines=0.190, final_score=0.271
trace:         score_window: window_len=14, match_len=7, line_score=0.271, ratio_lines=0.190, final_score=0.271
trace:         score_window: window_len=15, match_len=7, line_score=0.269, ratio_lines=0.182, final_score=0.269
trace:         score_window: window_len=15, match_len=7, line_score=0.269, ratio_lines=0.182, final_score=0.269
trace:         score_window: window_len=16, match_len=7, line_score=0.267, ratio_lines=0.174, final_score=0.267
trace:         score_window: window_len=16, match_len=7, line_score=0.267, ratio_lines=0.174, final_score=0.267
trace:         score_window: window_len=17, match_len=7, line_score=0.265, ratio_lines=0.167, final_score=0.265
trace:         score_window: window_len=17, match_len=7, line_score=0.265, ratio_lines=0.167, final_score=0.265
trace:         score_window: window_len=18, match_len=7, line_score=0.263, ratio_lines=0.160, final_score=0.272
trace:         score_window: window_len=18, match_len=7, line_score=0.263, ratio_lines=0.160, final_score=0.263
trace:         score_window: window_len=19, match_len=7, line_score=0.261, ratio_lines=0.154, final_score=0.268
trace:         score_window: window_len=19, match_len=7, line_score=0.261, ratio_lines=0.154, final_score=0.261
trace:         score_window: window_len=20, match_len=7, line_score=0.259, ratio_lines=0.148, final_score=0.268
trace:         score_window: window_len=7, match_len=7, line_score=0.286, ratio_lines=0.286, final_score=0.286
trace:         score_window: window_len=6, match_len=7, line_score=0.308, ratio_lines=0.308, final_score=0.308
trace:         score_window: window_len=20, match_len=7, line_score=0.259, ratio_lines=0.148, final_score=0.259
trace:         score_window: window_len=8, match_len=7, line_score=0.284, ratio_lines=0.267, final_score=0.284
trace:         score_window: window_len=5, match_len=7, line_score=0.333, ratio_lines=0.333, final_score=0.333
trace:         score_window: window_len=9, match_len=7, line_score=0.282, ratio_lines=0.250, final_score=0.282
trace:         score_window: window_len=21, match_len=7, line_score=0.257, ratio_lines=0.143, final_score=0.257
trace:         score_window: window_len=10, match_len=7, line_score=0.280, ratio_lines=0.235, final_score=0.280
trace:         score_window: window_len=11, match_len=7, line_score=0.278, ratio_lines=0.222, final_score=0.278
trace:         score_window: window_len=22, match_len=7, line_score=0.255, ratio_lines=0.138, final_score=0.255
trace:         score_window: window_len=7, match_len=7, line_score=0.286, ratio_lines=0.286, final_score=0.286
trace:         score_window: window_len=6, match_len=7, line_score=0.308, ratio_lines=0.308, final_score=0.308
trace:         score_window: window_len=12, match_len=7, line_score=0.276, ratio_lines=0.211, final_score=0.276
trace:         score_window: window_len=8, match_len=7, line_score=0.284, ratio_lines=0.267, final_score=0.284
trace:         score_window: window_len=5, match_len=7, line_score=0.333, ratio_lines=0.333, final_score=0.333
trace:         score_window: window_len=9, match_len=7, line_score=0.282, ratio_lines=0.250, final_score=0.282
trace:         score_window: window_len=4, match_len=7, line_score=0.364, ratio_lines=0.364, final_score=0.364
trace:         score_window: window_len=13, match_len=7, line_score=0.273, ratio_lines=0.200, final_score=0.273
trace:         score_window: window_len=10, match_len=7, line_score=0.280, ratio_lines=0.235, final_score=0.280
trace:         score_window: window_len=14, match_len=7, line_score=0.271, ratio_lines=0.190, final_score=0.271
trace:         score_window: window_len=11, match_len=7, line_score=0.278, ratio_lines=0.222, final_score=0.278
trace:         score_window: window_len=2, match_len=7, line_score=0.222, ratio_lines=0.222, final_score=0.222
trace:         score_window: window_len=12, match_len=7, line_score=0.276, ratio_lines=0.211, final_score=0.276
trace:         score_window: window_len=15, match_len=7, line_score=0.269, ratio_lines=0.182, final_score=0.269
trace:         score_window: window_len=13, match_len=7, line_score=0.273, ratio_lines=0.200, final_score=0.273
trace:         score_window: window_len=16, match_len=7, line_score=0.267, ratio_lines=0.174, final_score=0.267
trace:         score_window: window_len=14, match_len=7, line_score=0.271, ratio_lines=0.190, final_score=0.271
trace:         score_window: window_len=17, match_len=7, line_score=0.265, ratio_lines=0.167, final_score=0.277
trace:         score_window: window_len=15, match_len=7, line_score=0.269, ratio_lines=0.182, final_score=0.269
trace:         score_window: window_len=16, match_len=7, line_score=0.267, ratio_lines=0.174, final_score=0.267
trace:         score_window: window_len=18, match_len=7, line_score=0.263, ratio_lines=0.160, final_score=0.274
trace:         score_window: window_len=17, match_len=7, line_score=0.265, ratio_lines=0.167, final_score=0.265
trace:         score_window: window_len=19, match_len=7, line_score=0.261, ratio_lines=0.154, final_score=0.273
trace:         score_window: window_len=7, match_len=7, line_score=0.286, ratio_lines=0.286, final_score=0.286
trace:         score_window: window_len=6, match_len=7, line_score=0.308, ratio_lines=0.308, final_score=0.308
trace:         score_window: window_len=8, match_len=7, line_score=0.284, ratio_lines=0.267, final_score=0.284
trace:         score_window: window_len=5, match_len=7, line_score=0.333, ratio_lines=0.333, final_score=0.333
trace:         score_window: window_len=9, match_len=7, line_score=0.282, ratio_lines=0.250, final_score=0.282
trace:         score_window: window_len=18, match_len=7, line_score=0.263, ratio_lines=0.160, final_score=0.263
trace:         score_window: window_len=4, match_len=7, line_score=0.364, ratio_lines=0.364, final_score=0.364
trace:         score_window: window_len=10, match_len=7, line_score=0.280, ratio_lines=0.235, final_score=0.280
trace:         score_window: window_len=19, match_len=7, line_score=0.261, ratio_lines=0.154, final_score=0.261
trace:         score_window: window_len=11, match_len=7, line_score=0.278, ratio_lines=0.222, final_score=0.278
trace:         score_window: window_len=2, match_len=7, line_score=0.222, ratio_lines=0.222, final_score=0.222
trace:         score_window: window_len=12, match_len=7, line_score=0.276, ratio_lines=0.211, final_score=0.276
trace:         score_window: window_len=20, match_len=7, line_score=0.259, ratio_lines=0.148, final_score=0.259
trace:         score_window: window_len=13, match_len=7, line_score=0.273, ratio_lines=0.200, final_score=0.273
trace:         score_window: window_len=14, match_len=7, line_score=0.271, ratio_lines=0.190, final_score=0.271
trace:         score_window: window_len=21, match_len=7, line_score=0.257, ratio_lines=0.143, final_score=0.257
trace:         score_window: window_len=7, match_len=7, line_score=0.286, ratio_lines=0.286, final_score=0.286
trace:         score_window: window_len=6, match_len=7, line_score=0.308, ratio_lines=0.308, final_score=0.308
trace:         score_window: window_len=8, match_len=7, line_score=0.284, ratio_lines=0.267, final_score=0.284
trace:         score_window: window_len=5, match_len=7, line_score=0.333, ratio_lines=0.333, final_score=0.333
trace:         score_window: window_len=15, match_len=7, line_score=0.269, ratio_lines=0.182, final_score=0.270
trace:         score_window: window_len=9, match_len=7, line_score=0.282, ratio_lines=0.250, final_score=0.282
trace:         score_window: window_len=4, match_len=7, line_score=0.364, ratio_lines=0.364, final_score=0.364
trace:         score_window: window_len=10, match_len=7, line_score=0.280, ratio_lines=0.235, final_score=0.280
trace:         score_window: window_len=16, match_len=7, line_score=0.267, ratio_lines=0.174, final_score=0.298
trace:         score_window: window_len=11, match_len=7, line_score=0.278, ratio_lines=0.222, final_score=0.278
trace:         score_window: window_len=12, match_len=7, line_score=0.276, ratio_lines=0.211, final_score=0.276
trace:         score_window: window_len=17, match_len=7, line_score=0.265, ratio_lines=0.167, final_score=0.294
trace:         score_window: window_len=13, match_len=7, line_score=0.273, ratio_lines=0.200, final_score=0.273
trace:         score_window: window_len=18, match_len=7, line_score=0.263, ratio_lines=0.160, final_score=0.293
trace:         score_window: window_len=7, match_len=7, line_score=0.286, ratio_lines=0.286, final_score=0.286
trace:         score_window: window_len=6, match_len=7, line_score=0.308, ratio_lines=0.308, final_score=0.308
trace:         score_window: window_len=14, match_len=7, line_score=0.271, ratio_lines=0.190, final_score=0.271
trace:         score_window: window_len=8, match_len=7, line_score=0.284, ratio_lines=0.267, final_score=0.284
trace:         score_window: window_len=5, match_len=7, line_score=0.333, ratio_lines=0.333, final_score=0.333
trace:         score_window: window_len=9, match_len=7, line_score=0.282, ratio_lines=0.250, final_score=0.282
trace:         score_window: window_len=4, match_len=7, line_score=0.364, ratio_lines=0.364, final_score=0.364
trace:         score_window: window_len=15, match_len=7, line_score=0.269, ratio_lines=0.182, final_score=0.269
trace:         score_window: window_len=10, match_len=7, line_score=0.280, ratio_lines=0.235, final_score=0.280
trace:         score_window: window_len=3, match_len=7, line_score=0.400, ratio_lines=0.400, final_score=0.400
trace:         score_window: window_len=16, match_len=7, line_score=0.267, ratio_lines=0.174, final_score=0.267
trace:         score_window: window_len=11, match_len=7, line_score=0.278, ratio_lines=0.222, final_score=0.278
trace:         score_window: window_len=2, match_len=7, line_score=0.222, ratio_lines=0.222, final_score=0.251
trace:         score_window: window_len=12, match_len=7, line_score=0.276, ratio_lines=0.211, final_score=0.276
trace:         score_window: window_len=17, match_len=7, line_score=0.265, ratio_lines=0.167, final_score=0.265
trace:         score_window: window_len=13, match_len=7, line_score=0.273, ratio_lines=0.200, final_score=0.273
trace:         score_window: window_len=18, match_len=7, line_score=0.263, ratio_lines=0.160, final_score=0.263
trace:         score_window: window_len=14, match_len=7, line_score=0.271, ratio_lines=0.190, final_score=0.280
trace:         score_window: window_len=19, match_len=7, line_score=0.261, ratio_lines=0.154, final_score=0.261
trace:         score_window: window_len=15, match_len=7, line_score=0.269, ratio_lines=0.182, final_score=0.309
trace:         score_window: window_len=16, match_len=7, line_score=0.267, ratio_lines=0.174, final_score=0.305
trace:         score_window: window_len=20, match_len=7, line_score=0.259, ratio_lines=0.148, final_score=0.259
trace:         score_window: window_len=7, match_len=7, line_score=0.286, ratio_lines=0.286, final_score=0.286
trace:         score_window: window_len=6, match_len=7, line_score=0.308, ratio_lines=0.308, final_score=0.308
trace:         score_window: window_len=8, match_len=7, line_score=0.284, ratio_lines=0.267, final_score=0.284
trace:         score_window: window_len=5, match_len=7, line_score=0.333, ratio_lines=0.333, final_score=0.333
trace:         score_window: window_len=17, match_len=7, line_score=0.265, ratio_lines=0.167, final_score=0.304
trace:         score_window: window_len=9, match_len=7, line_score=0.282, ratio_lines=0.250, final_score=0.282
trace:         score_window: window_len=4, match_len=7, line_score=0.364, ratio_lines=0.364, final_score=0.364
trace:         score_window: window_len=10, match_len=7, line_score=0.280, ratio_lines=0.235, final_score=0.280
trace:         score_window: window_len=3, match_len=7, line_score=0.400, ratio_lines=0.400, final_score=0.400
trace:         score_window: window_len=7, match_len=7, line_score=0.286, ratio_lines=0.286, final_score=0.286
trace:         score_window: window_len=6, match_len=7, line_score=0.308, ratio_lines=0.308, final_score=0.308
trace:         score_window: window_len=11, match_len=7, line_score=0.278, ratio_lines=0.222, final_score=0.278
trace:         score_window: window_len=2, match_len=7, line_score=0.222, ratio_lines=0.222, final_score=0.222
trace:         score_window: window_len=8, match_len=7, line_score=0.284, ratio_lines=0.267, final_score=0.284
trace:         score_window: window_len=5, match_len=7, line_score=0.333, ratio_lines=0.333, final_score=0.333
trace:         score_window: window_len=12, match_len=7, line_score=0.276, ratio_lines=0.211, final_score=0.276
trace:         score_window: window_len=9, match_len=7, line_score=0.282, ratio_lines=0.250, final_score=0.282
trace:         score_window: window_len=4, match_len=7, line_score=0.364, ratio_lines=0.364, final_score=0.364
trace:         score_window: window_len=10, match_len=7, line_score=0.280, ratio_lines=0.235, final_score=0.280
trace:         score_window: window_len=13, match_len=7, line_score=0.273, ratio_lines=0.200, final_score=0.273
trace:         score_window: window_len=11, match_len=7, line_score=0.278, ratio_lines=0.222, final_score=0.278
trace:         score_window: window_len=2, match_len=7, line_score=0.222, ratio_lines=0.222, final_score=0.222
trace:         score_window: window_len=14, match_len=7, line_score=0.271, ratio_lines=0.190, final_score=0.271
trace:         score_window: window_len=12, match_len=7, line_score=0.276, ratio_lines=0.211, final_score=0.276
trace:         score_window: window_len=15, match_len=7, line_score=0.269, ratio_lines=0.182, final_score=0.269
trace:         score_window: window_len=13, match_len=7, line_score=0.273, ratio_lines=0.200, final_score=0.281
trace:         score_window: window_len=16, match_len=7, line_score=0.267, ratio_lines=0.174, final_score=0.267
trace:         score_window: window_len=14, match_len=7, line_score=0.271, ratio_lines=0.190, final_score=0.310
trace:         score_window: window_len=17, match_len=7, line_score=0.265, ratio_lines=0.167, final_score=0.265
trace:         score_window: window_len=15, match_len=7, line_score=0.269, ratio_lines=0.182, final_score=0.306
trace:         score_window: window_len=16, match_len=7, line_score=0.267, ratio_lines=0.174, final_score=0.305
trace:         score_window: window_len=18, match_len=7, line_score=0.263, ratio_lines=0.160, final_score=0.263
trace:         score_window: window_len=7, match_len=7, line_score=0.286, ratio_lines=0.286, final_score=0.286
trace:         score_window: window_len=6, match_len=7, line_score=0.308, ratio_lines=0.308, final_score=0.308
trace:         score_window: window_len=8, match_len=7, line_score=0.284, ratio_lines=0.267, final_score=0.284
trace:         score_window: window_len=5, match_len=7, line_score=0.333, ratio_lines=0.333, final_score=0.333
trace:         score_window: window_len=9, match_len=7, line_score=0.282, ratio_lines=0.250, final_score=0.282
trace:         score_window: window_len=4, match_len=7, line_score=0.364, ratio_lines=0.364, final_score=0.364
trace:         score_window: window_len=19, match_len=7, line_score=0.261, ratio_lines=0.154, final_score=0.261
trace:         score_window: window_len=10, match_len=7, line_score=0.280, ratio_lines=0.235, final_score=0.280
trace:         score_window: window_len=3, match_len=7, line_score=0.400, ratio_lines=0.400, final_score=0.400
trace:         score_window: window_len=11, match_len=7, line_score=0.278, ratio_lines=0.222, final_score=0.278
trace:         score_window: window_len=2, match_len=7, line_score=0.222, ratio_lines=0.222, final_score=0.222
trace:         score_window: window_len=20, match_len=7, line_score=0.259, ratio_lines=0.148, final_score=0.259
trace:         score_window: window_len=12, match_len=7, line_score=0.276, ratio_lines=0.211, final_score=0.299
trace:         score_window: window_len=21, match_len=7, line_score=0.257, ratio_lines=0.143, final_score=0.257
trace:         score_window: window_len=13, match_len=7, line_score=0.273, ratio_lines=0.200, final_score=0.328
trace:         score_window: window_len=22, match_len=7, line_score=0.255, ratio_lines=0.138, final_score=0.255
trace:         score_window: window_len=14, match_len=7, line_score=0.271, ratio_lines=0.190, final_score=0.323
trace:         score_window: window_len=7, match_len=7, line_score=0.286, ratio_lines=0.286, final_score=0.286
trace:         score_window: window_len=6, match_len=7, line_score=0.308, ratio_lines=0.308, final_score=0.308
trace:         score_window: window_len=8, match_len=7, line_score=0.284, ratio_lines=0.267, final_score=0.284
trace:         score_window: window_len=5, match_len=7, line_score=0.333, ratio_lines=0.333, final_score=0.333
trace:         score_window: window_len=9, match_len=7, line_score=0.282, ratio_lines=0.250, final_score=0.282
trace:         score_window: window_len=4, match_len=7, line_score=0.364, ratio_lines=0.364, final_score=0.364
trace:         score_window: window_len=15, match_len=7, line_score=0.269, ratio_lines=0.182, final_score=0.323
trace:         score_window: window_len=8, match_len=7, line_score=0.284, ratio_lines=0.267, final_score=0.284
trace:         score_window: window_len=9, match_len=7, line_score=0.282, ratio_lines=0.250, final_score=0.282
trace:         score_window: window_len=10, match_len=7, line_score=0.280, ratio_lines=0.235, final_score=0.280
trace:         score_window: window_len=3, match_len=7, line_score=0.400, ratio_lines=0.400, final_score=0.400
trace:         score_window: window_len=10, match_len=7, line_score=0.280, ratio_lines=0.235, final_score=0.280
trace:         score_window: window_len=11, match_len=7, line_score=0.278, ratio_lines=0.222, final_score=0.278
trace:         score_window: window_len=2, match_len=7, line_score=0.444, ratio_lines=0.444, final_score=0.444
trace:         score_window: window_len=11, match_len=7, line_score=0.278, ratio_lines=0.222, final_score=0.300
trace:         score_window: window_len=2, match_len=7, line_score=0.222, ratio_lines=0.222, final_score=0.222
trace:         score_window: window_len=12, match_len=7, line_score=0.276, ratio_lines=0.211, final_score=0.276
trace:         score_window: window_len=12, match_len=7, line_score=0.276, ratio_lines=0.211, final_score=0.329
trace:         score_window: window_len=13, match_len=7, line_score=0.273, ratio_lines=0.200, final_score=0.273
trace:         score_window: window_len=13, match_len=7, line_score=0.273, ratio_lines=0.200, final_score=0.324
trace:         score_window: window_len=14, match_len=7, line_score=0.271, ratio_lines=0.190, final_score=0.271
trace:         score_window: window_len=14, match_len=7, line_score=0.271, ratio_lines=0.190, final_score=0.323
trace:         score_window: window_len=7, match_len=7, line_score=0.286, ratio_lines=0.286, final_score=0.286
trace:         score_window: window_len=8, match_len=7, line_score=0.284, ratio_lines=0.267, final_score=0.284
trace:         score_window: window_len=9, match_len=7, line_score=0.282, ratio_lines=0.250, final_score=0.282
trace:         score_window: window_len=15, match_len=7, line_score=0.269, ratio_lines=0.182, final_score=0.269
trace:         score_window: window_len=10, match_len=7, line_score=0.280, ratio_lines=0.235, final_score=0.280
trace:         score_window: window_len=16, match_len=7, line_score=0.267, ratio_lines=0.174, final_score=0.267
trace:         score_window: window_len=11, match_len=7, line_score=0.278, ratio_lines=0.222, final_score=0.288
trace:         score_window: window_len=2, match_len=7, line_score=0.222, ratio_lines=0.222, final_score=0.251
trace:         score_window: window_len=12, match_len=7, line_score=0.276, ratio_lines=0.211, final_score=0.283
trace:         score_window: window_len=17, match_len=7, line_score=0.265, ratio_lines=0.167, final_score=0.265
trace:         score_window: window_len=13, match_len=7, line_score=0.273, ratio_lines=0.200, final_score=0.282
trace:         score_window: window_len=8, match_len=7, line_score=0.284, ratio_lines=0.267, final_score=0.284
trace:         score_window: window_len=18, match_len=7, line_score=0.263, ratio_lines=0.160, final_score=0.263
trace:         score_window: window_len=9, match_len=7, line_score=0.282, ratio_lines=0.250, final_score=0.282
trace:         score_window: window_len=10, match_len=7, line_score=0.280, ratio_lines=0.235, final_score=0.289
trace:         score_window: window_len=19, match_len=7, line_score=0.261, ratio_lines=0.154, final_score=0.261
trace:         score_window: window_len=11, match_len=7, line_score=0.278, ratio_lines=0.222, final_score=0.284
trace:         score_window: window_len=20, match_len=7, line_score=0.259, ratio_lines=0.148, final_score=0.259
trace:         score_window: window_len=12, match_len=7, line_score=0.276, ratio_lines=0.211, final_score=0.283
trace:         score_window: window_len=7, match_len=7, line_score=0.286, ratio_lines=0.286, final_score=0.286
trace:         score_window: window_len=8, match_len=7, line_score=0.284, ratio_lines=0.267, final_score=0.284
trace:         score_window: window_len=21, match_len=7, line_score=0.257, ratio_lines=0.143, final_score=0.257
trace:         score_window: window_len=7, match_len=7, line_score=0.286, ratio_lines=0.286, final_score=0.314
trace:         score_window: window_len=9, match_len=7, line_score=0.282, ratio_lines=0.250, final_score=0.282
trace:         score_window: window_len=6, match_len=7, line_score=0.308, ratio_lines=0.308, final_score=0.308
trace:         score_window: window_len=8, match_len=7, line_score=0.284, ratio_lines=0.267, final_score=0.298
trace:         score_window: window_len=5, match_len=7, line_score=0.333, ratio_lines=0.333, final_score=0.333
trace:         score_window: window_len=9, match_len=7, line_score=0.282, ratio_lines=0.250, final_score=0.288
trace:         score_window: window_len=7, match_len=7, line_score=0.286, ratio_lines=0.286, final_score=0.286
trace:         score_window: window_len=6, match_len=7, line_score=0.308, ratio_lines=0.308, final_score=0.308
trace:         score_window: window_len=8, match_len=7, line_score=0.284, ratio_lines=0.267, final_score=0.284
trace:         score_window: window_len=5, match_len=7, line_score=0.333, ratio_lines=0.333, final_score=0.333
trace:         score_window: window_len=10, match_len=7, line_score=0.280, ratio_lines=0.235, final_score=0.280
trace:         score_window: window_len=4, match_len=7, line_score=0.364, ratio_lines=0.364, final_score=0.364
trace:         score_window: window_len=2, match_len=7, line_score=0.222, ratio_lines=0.222, final_score=0.222
trace:         score_window: window_len=7, match_len=7, line_score=0.286, ratio_lines=0.286, final_score=0.314
trace:         score_window: window_len=6, match_len=7, line_score=0.308, ratio_lines=0.308, final_score=0.326
trace:         score_window: window_len=11, match_len=7, line_score=0.278, ratio_lines=0.222, final_score=0.278
trace:         score_window: window_len=5, match_len=7, line_score=0.333, ratio_lines=0.333, final_score=0.345
trace:         score_window: window_len=4, match_len=7, line_score=0.364, ratio_lines=0.364, final_score=0.364
trace:         score_window: window_len=7, match_len=7, line_score=0.286, ratio_lines=0.286, final_score=0.286
trace:         score_window: window_len=3, match_len=7, line_score=0.400, ratio_lines=0.400, final_score=0.400
trace:         score_window: window_len=2, match_len=7, line_score=0.222, ratio_lines=0.222, final_score=0.222
trace:         score_window: window_len=6, match_len=7, line_score=0.308, ratio_lines=0.308, final_score=0.308
trace:         score_window: window_len=6, match_len=7, line_score=0.308, ratio_lines=0.308, final_score=0.308
trace:         score_window: window_len=2, match_len=7, line_score=0.222, ratio_lines=0.222, final_score=0.222
trace:         score_window: window_len=5, match_len=7, line_score=0.333, ratio_lines=0.333, final_score=0.333
trace:         score_window: window_len=2, match_len=7, line_score=0.222, ratio_lines=0.222, final_score=0.222
trace:         score_window: window_len=2, match_len=7, line_score=0.222, ratio_lines=0.222, final_score=0.222
trace:         score_window: window_len=8, match_len=7, line_score=0.284, ratio_lines=0.267, final_score=0.284
trace:         score_window: window_len=9, match_len=7, line_score=0.282, ratio_lines=0.250, final_score=0.282
trace:         score_window: window_len=10, match_len=7, line_score=0.280, ratio_lines=0.235, final_score=0.280
debug:       compute_scored_windows (parallel) complete: scored 1305 window(s). Best candidate score=0.986 at line 758 (len=9).
trace:       Top fuzzy match candidates:
trace:         - Index 757, Len 9: Score 0.986 (Ratio 0.986) | Content: ["", "    nv_drm_driver.dumb_create      = nv_drm_dumb_create;", "    nv_drm_driver.dumb_map_offset  = nv_drm_dumb_map_offset;", "#if defined(NV_DRM_DRIVER_HAS_DUMB_DESTROY)", "    nv_drm_driver.dumb_destroy     = nv_drm_dumb_destroy;", "#endif /* NV_DRM_DRIVER_HAS_DUMB_DESTROY */", "", "#if defined(NV_DRM_DRIVER_HAS_GEM_PRIME_CALLBACKS)", "    nv_drm_driver.gem_vm_ops       = &nv_drm_gem_vma_ops;"]
trace:         - Index 756, Len 10: Score 0.979 (Ratio 0.979) | Content: ["    nv_drm_driver.master_drop      = nv_drm_master_drop;", "", "    nv_drm_driver.dumb_create      = nv_drm_dumb_create;", "    nv_drm_driver.dumb_map_offset  = nv_drm_dumb_map_offset;", "#if defined(NV_DRM_DRIVER_HAS_DUMB_DESTROY)", "    nv_drm_driver.dumb_destroy     = nv_drm_dumb_destroy;", "#endif /* NV_DRM_DRIVER_HAS_DUMB_DESTROY */", "", "#if defined(NV_DRM_DRIVER_HAS_GEM_PRIME_CALLBACKS)", "    nv_drm_driver.gem_vm_ops       = &nv_drm_gem_vma_ops;"]
trace:         - Index 757, Len 10: Score 0.979 (Ratio 0.979) | Content: ["", "    nv_drm_driver.dumb_create      = nv_drm_dumb_create;", "    nv_drm_driver.dumb_map_offset  = nv_drm_dumb_map_offset;", "#if defined(NV_DRM_DRIVER_HAS_DUMB_DESTROY)", "    nv_drm_driver.dumb_destroy     = nv_drm_dumb_destroy;", "#endif /* NV_DRM_DRIVER_HAS_DUMB_DESTROY */", "", "#if defined(NV_DRM_DRIVER_HAS_GEM_PRIME_CALLBACKS)", "    nv_drm_driver.gem_vm_ops       = &nv_drm_gem_vma_ops;", "#endif"]
trace:         - Index 755, Len 11: Score 0.971 (Ratio 0.971) | Content: ["    nv_drm_driver.master_set       = nv_drm_master_set;", "    nv_drm_driver.master_drop      = nv_drm_master_drop;", "", "    nv_drm_driver.dumb_create      = nv_drm_dumb_create;", "    nv_drm_driver.dumb_map_offset  = nv_drm_dumb_map_offset;", "#if defined(NV_DRM_DRIVER_HAS_DUMB_DESTROY)", "    nv_drm_driver.dumb_destroy     = nv_drm_dumb_destroy;", "#endif /* NV_DRM_DRIVER_HAS_DUMB_DESTROY */", "", "#if defined(NV_DRM_DRIVER_HAS_GEM_PRIME_CALLBACKS)", "    nv_drm_driver.gem_vm_ops       = &nv_drm_gem_vma_ops;"]
trace:         - Index 756, Len 11: Score 0.971 (Ratio 0.971) | Content: ["    nv_drm_driver.master_drop      = nv_drm_master_drop;", "", "    nv_drm_driver.dumb_create      = nv_drm_dumb_create;", "    nv_drm_driver.dumb_map_offset  = nv_drm_dumb_map_offset;", "#if defined(NV_DRM_DRIVER_HAS_DUMB_DESTROY)", "    nv_drm_driver.dumb_destroy     = nv_drm_dumb_destroy;", "#endif /* NV_DRM_DRIVER_HAS_DUMB_DESTROY */", "", "#if defined(NV_DRM_DRIVER_HAS_GEM_PRIME_CALLBACKS)", "    nv_drm_driver.gem_vm_ops       = &nv_drm_gem_vma_ops;", "#endif"]
trace:         New best score: 0.232 (ratio 0.232 [l:0.143,w:0.141]) at index 742 (window len 7)
trace:         New best score: 0.276 (ratio 0.276 [l:0.133,w:0.158]) at index 742 (window len 8)
trace:         New best score: 0.615 (ratio 0.615 [l:0.000,w:0.000]) at index 742 (window len 5)
trace:         New best score: 0.689 (ratio 0.689 [l:0.167,w:0.000]) at index 742 (window len 17)
trace:         New best score: 0.759 (ratio 0.759 [l:0.400,w:0.759]) at index 742 (window len 23)
trace:         New best score: 0.879 (ratio 0.879 [l:0.452,w:0.879]) at index 742 (window len 24)
trace:         New best score: 0.886 (ratio 0.886 [l:0.467,w:0.886]) at index 743 (window len 23)
trace:         New best score: 0.893 (ratio 0.893 [l:0.483,w:0.893]) at index 744 (window len 22)
trace:         New best score: 0.900 (ratio 0.900 [l:0.500,w:0.900]) at index 745 (window len 21)
trace:         New best score: 0.907 (ratio 0.907 [l:0.519,w:0.907]) at index 746 (window len 20)
trace:         New best score: 0.914 (ratio 0.914 [l:0.538,w:0.914]) at index 747 (window len 19)
trace:         New best score: 0.921 (ratio 0.921 [l:0.560,w:0.921]) at index 748 (window len 18)
trace:         New best score: 0.929 (ratio 0.929 [l:0.583,w:0.929]) at index 749 (window len 17)
trace:         New best score: 0.936 (ratio 0.936 [l:0.609,w:0.936]) at index 750 (window len 16)
trace:         New best score: 0.943 (ratio 0.943 [l:0.636,w:0.943]) at index 751 (window len 15)
trace:         New best score: 0.950 (ratio 0.950 [l:0.667,w:0.950]) at index 752 (window len 14)
trace:         New best score: 0.957 (ratio 0.957 [l:0.700,w:0.957]) at index 753 (window len 13)
trace:         New best score: 0.964 (ratio 0.964 [l:0.737,w:0.964]) at index 754 (window len 12)
trace:         New best score: 0.971 (ratio 0.971 [l:0.778,w:0.971]) at index 755 (window len 11)
trace:         New best score: 0.979 (ratio 0.979 [l:0.824,w:0.979]) at index 756 (window len 10)
trace:         New best score: 0.986 (ratio 0.986 [l:0.875,w:0.986]) at index 757 (window len 9)
debug:     Strategy 3 (Fuzzy): 282 window(s) met threshold 0.70
trace:       Top 3 passing candidates: [("0.986", 758, 9), ("0.979", 757, 10), ("0.979", 758, 10)]
debug:     Top fuzzy candidate: start line 758 (len=9, score=0.986)
trace:       Adding candidate location at line 757 (len=10, score=0.979)
trace:       Adding candidate location at line 758 (len=10, score=0.979)
trace:       Adding candidate location at line 756 (len=11, score=0.971)
trace:       Adding candidate location at line 757 (len=11, score=0.971)
trace:       Adding candidate location at line 758 (len=11, score=0.971)
trace:       Adding candidate location at line 755 (len=12, score=0.964)
trace:       Adding candidate location at line 756 (len=12, score=0.964)
trace:       Adding candidate location at line 757 (len=12, score=0.964)
trace:       Adding candidate location at line 758 (len=12, score=0.964)
trace:       Adding candidate location at line 754 (len=13, score=0.957)
trace:       Adding candidate location at line 755 (len=13, score=0.957)
trace:       Adding candidate location at line 756 (len=13, score=0.957)
trace:       Adding candidate location at line 757 (len=13, score=0.957)
trace:       Adding candidate location at line 758 (len=13, score=0.957)
trace:       Adding candidate location at line 753 (len=14, score=0.950)
trace:       Adding candidate location at line 754 (len=14, score=0.950)
trace:       Adding candidate location at line 755 (len=14, score=0.950)
trace:       Adding candidate location at line 756 (len=14, score=0.950)
trace:       Adding candidate location at line 757 (len=14, score=0.950)
trace:       Reached maximum candidate limit (20), stopping candidate collection
debug:     Strategy 3 (Fuzzy): selected 20 candidate location(s)
trace:   Pruned candidates by min_span 2: 20 -> 20 candidate(s)
trace: DefaultHunkFinder::find_candidate_locations: returning 20 candidate(s)
debug:   Found 20 candidate location(s) for hunk. Testing sequentially...
trace:   Evaluating candidate 1/20 at location HunkLocation { start_index: 757, length: 9 } (match_type: Fuzzy { score: 0.9857142857142857 })
debug:   Found location HunkLocation { start_index: 757, length: 9 } with match type Fuzzy { score: 0.9857142857142857 }. Applying changes.
debug:   try_apply_hunk_at_location: target line 758 (length 9), match_type=Fuzzy { score: 0.9857142857142857 }, total target lines=905.
trace: Hunk::get_match_block: extracted 7 match line(s)
trace:     Match block lines: 7 | Total hunk lines: 9
trace:     Target slice to replace: ["", "    nv_drm_driver.dumb_create      = nv_drm_dumb_create;", "    nv_drm_driver.dumb_map_offset  = nv_drm_dumb_map_offset;", "#if defined(NV_DRM_DRIVER_HAS_DUMB_DESTROY)", "    nv_drm_driver.dumb_destroy     = nv_drm_dumb_destroy;", "#endif /* NV_DRM_DRIVER_HAS_DUMB_DESTROY */", "", "#if defined(NV_DRM_DRIVER_HAS_GEM_PRIME_CALLBACKS)", "    nv_drm_driver.gem_vm_ops       = &nv_drm_gem_vma_ops;"]
trace:     Ellipsis flags: has_ellipsis=false, is_literal_match=false, is_wildcard_gap_match=false
debug:     Applying hunk via robust reconstruction logic (preserving file context & adjusting indent).
trace:       Fuzzy match location: start=757, len=9
trace:       File content in matched range (9 line(s)): ["", "    nv_drm_driver.dumb_create      = nv_drm_dumb_create;", "    nv_drm_driver.dumb_map_offset  = nv_drm_dumb_map_offset;", "#if defined(NV_DRM_DRIVER_HAS_DUMB_DESTROY)", "    nv_drm_driver.dumb_destroy     = nv_drm_dumb_destroy;", "#endif /* NV_DRM_DRIVER_HAS_DUMB_DESTROY */", "", "#if defined(NV_DRM_DRIVER_HAS_GEM_PRIME_CALLBACKS)", "    nv_drm_driver.gem_vm_ops       = &nv_drm_gem_vma_ops;"]
trace:       Parsed hunk: 7 match line(s), 0 initial addition(s).
trace: Hunk::get_match_block: extracted 7 match line(s)
trace:       Computed diff between match block and file slice: 5 operation(s), similarity ratio=0.875
trace:       Initial Indentation Context: Hunk='    ', Target='    '
trace:       Active baseline indentation: hunk='    ', target='    '
trace:       DiffOp::Equal: 3 line(s) aligned (hunk old_idx=0, file new_idx=0)
trace:         Equal: preserving target line: ''
trace:         Equal: preserving target line: '    nv_drm_driver.dumb_create      = nv_drm_dumb_create;'
trace:         Equal: preserving target line: '    nv_drm_driver.dumb_map_offset  = nv_drm_dumb_map_offset;'
trace:         Appended 1 addition(s) after line 2
trace:         Equal: applying addition: '#if defined(NV_DRM_DRIVER_HAS_DUMB_DESTROY)'
trace:       DiffOp::Insert: preserving 1 local insertion line(s) from target file (new_idx=3)
trace:         Preserving inserted line: '#if defined(NV_DRM_DRIVER_HAS_DUMB_DESTROY)'
trace:       DiffOp::Equal: 1 line(s) aligned (hunk old_idx=3, file new_idx=4)
trace:         Equal: preserving target line: '    nv_drm_driver.dumb_destroy     = nv_drm_dumb_destroy;'
trace:         Appended 1 addition(s) after line 3
trace:         Equal: applying addition: '#endif /* NV_DRM_DRIVER_HAS_DUMB_DESTROY */'
trace:       DiffOp::Insert: preserving 1 local insertion line(s) from target file (new_idx=5)
trace:         Preserving inserted line: '#endif /* NV_DRM_DRIVER_HAS_DUMB_DESTROY */'
trace:       DiffOp::Equal: 3 line(s) aligned (hunk old_idx=4, file new_idx=6)
trace:         Equal: preserving target line: ''
trace:         Equal: preserving target line: '#if defined(NV_DRM_DRIVER_HAS_GEM_PRIME_CALLBACKS)'
trace:         Equal: preserving target line: '    nv_drm_driver.gem_vm_ops       = &nv_drm_gem_vma_ops;'
debug:     Robust reconstruction complete: produced 11 replacement line(s) for 9 target line(s).
trace:   Splicing final replacement block into target lines: range [757..766], replacement line count=11
  try_apply_hunk_at_location: successfully spliced hunk at line 758 (replaced 9 line(s), resulting target lines=907)
trace:     Replaced lines: ["", "    nv_drm_driver.dumb_create      = nv_drm_dumb_create;", "    nv_drm_driver.dumb_map_offset  = nv_drm_dumb_map_offset;", "#if defined(NV_DRM_DRIVER_HAS_DUMB_DESTROY)", "    nv_drm_driver.dumb_destroy     = nv_drm_dumb_destroy;", "#endif /* NV_DRM_DRIVER_HAS_DUMB_DESTROY */", "", "#if defined(NV_DRM_DRIVER_HAS_GEM_PRIME_CALLBACKS)", "    nv_drm_driver.gem_vm_ops       = &nv_drm_gem_vma_ops;"]
debug:   Candidate 1/20 at HunkLocation { start_index: 757, length: 9 } succeeded! Hunk applied cleanly.
debug:   HunkApplier: hunk 1 application outcome: Applied { location: HunkLocation { start_index: 757, length: 9 }, match_type: Fuzzy { score: 0.9857142857142857 }, replaced_lines: ["", "    nv_drm_driver.dumb_create      = nv_drm_dumb_create;", "    nv_drm_driver.dumb_map_offset  = nv_drm_dumb_map_offset;", "#if defined(NV_DRM_DRIVER_HAS_DUMB_DESTROY)", "    nv_drm_driver.dumb_destroy     = nv_drm_dumb_destroy;", "#endif /* NV_DRM_DRIVER_HAS_DUMB_DESTROY */", "", "#if defined(NV_DRM_DRIVER_HAS_GEM_PRIME_CALLBACKS)", "    nv_drm_driver.gem_vm_ops       = &nv_drm_gem_vma_ops;"] }
trace:   HunkApplier: hunk 1 applied at line 758 (len=9), delta=2, target lines now=907
  Applying Hunk 1/1...
debug:     Successfully applied Hunk 1 at line 758 via Fuzzy { score: 0.9857142857142857 }
trace:     Replaced lines:
trace:       - 
trace:       -     nv_drm_driver.dumb_create      = nv_drm_dumb_create;
trace:       -     nv_drm_driver.dumb_map_offset  = nv_drm_dumb_map_offset;
trace:       - #if defined(NV_DRM_DRIVER_HAS_DUMB_DESTROY)
trace:       -     nv_drm_driver.dumb_destroy     = nv_drm_dumb_destroy;
trace:       - #endif /* NV_DRM_DRIVER_HAS_DUMB_DESTROY */
trace:       - 
trace:       - #if defined(NV_DRM_DRIVER_HAS_GEM_PRIME_CALLBACKS)
trace:       -     nv_drm_driver.gem_vm_ops       = &nv_drm_gem_vma_ops;
debug: HunkApplier::into_content: assembling final content from 907 line(s) (touched_eof=false, patch_ends_with_newline=true, original_ends_with_newline=true)
trace: HunkApplier::into_content: resulting content has 24706 bytes (907 lines, ends_with_newline=true)
  DRY RUN: Evaluated changes for 'nvidia-drm/nvidia-drm-drv.c' (1 hunks, clean=true)
trace:   Generating diff for dry run...
debug:   [3/5] Applying patch for 'nvidia-drm/nvidia-drm-gem-nvkms-memory.c' (1 hunk(s))
Applying patch to: nvidia-drm/nvidia-drm-gem-nvkms-memory.c
debug:   apply_patch_to_file: target_dir='.', hunks=1, dry_run=true, fuzz=0.70
trace:   Checking path safety for base '.' and relative path 'nvidia-drm/nvidia-drm-gem-nvkms-memory.c'
trace:   ensure_path_is_safe: canonicalized base directory '/home/gabi/github/nvidia-390xx-utils/src/NVIDIA-Linux-x86_64-390.157-no-compat32/kernel'
trace:   ensure_path_is_safe: processing component 'Normal("nvidia-drm")' on virtual path '/home/gabi/github/nvidia-390xx-utils/src/NVIDIA-Linux-x86_64-390.157-no-compat32/kernel'
trace:   ensure_path_is_safe: processing component 'Normal("nvidia-drm-gem-nvkms-memory.c")' on virtual path '/home/gabi/github/nvidia-390xx-utils/src/NVIDIA-Linux-x86_64-390.157-no-compat32/kernel/nvidia-drm'
trace:   Path safety verified: 'nvidia-drm/nvidia-drm-gem-nvkms-memory.c' safely resolves to '/home/gabi/github/nvidia-390xx-utils/src/NVIDIA-Linux-x86_64-390.157-no-compat32/kernel/nvidia-drm/nvidia-drm-gem-nvkms-memory.c'
debug:   Resolved safe target path: '/home/gabi/github/nvidia-390xx-utils/src/NVIDIA-Linux-x86_64-390.157-no-compat32/kernel/nvidia-drm/nvidia-drm-gem-nvkms-memory.c'
debug:   Target file exists: '/home/gabi/github/nvidia-390xx-utils/src/NVIDIA-Linux-x86_64-390.157-no-compat32/kernel/nvidia-drm/nvidia-drm-gem-nvkms-memory.c'. Reading content...
trace:     Read 9347 bytes (305 lines) from target file.
debug:   Applying patch logic to content in-memory...
debug: apply_patch_to_content: patch for 'nvidia-drm/nvidia-drm-gem-nvkms-memory.c' (1 hunks), original content: 9347 bytes
debug:   apply_patch_to_lines called with 305 lines of original content.
debug: resolve_hunk_line_hints: evaluating 1 hunk(s) across 305 target lines
trace: Hunk::get_match_block: extracted 11 match line(s)
trace:   Hunk 1: already has explicit line hint 226
trace: resolve_hunk_line_hints: beginning relaxation pass 1
debug: resolve_hunk_line_hints: completed hint resolution. 1/1 hunk(s) have anchors.
debug: HunkApplier: initialized with 1 hunk(s) across 305 line(s) of target content (fuzz_factor=0.70, dry_run=true)
trace: HunkApplier::set_original_newline_status: original_ends_with_newline=true
debug: apply_hunk_to_lines: applying hunk with 13 line(s) against target with 305 line(s)
trace: Hunk::get_match_block: extracted 11 match line(s)
trace:   Match block: ["    return ret;", "}", "", "int nv_drm_dumb_destroy(struct drm_file *file,", "                        struct drm_device *dev,", "                        uint32_t handle)", "{", "    return drm_gem_handle_delete(file, handle);", "}", "", "/* XXX Move these vma operations to os layer */"]
trace: Hunk::get_replace_block: extracted 13 replacement line(s)
trace:   Replace block: ["    return ret;", "}", "", "#if defined(NV_DRM_DRIVER_HAS_DUMB_DESTROY)", "int nv_drm_dumb_destroy(struct drm_file *file,", "                        struct drm_device *dev,", "                        uint32_t handle)", "{", "    return drm_gem_handle_delete(file, handle);", "}", "#endif /* NV_DRM_DRIVER_HAS_DUMB_DESTROY */", "", "/* XXX Move these vma operations to os layer */"]
trace: Hunk::has_changes: true
trace: Hunk::get_match_block: extracted 11 match line(s)
trace: Hunk::required_match_span: calculated required match span as 7 line(s) (first_match_idx=Some(2), last_match_idx=Some(8))
trace: DefaultHunkFinder::find_candidate_locations: match block len=11, required_match_span=7, target lines=305
trace:   find_hunk_location_internal: match_block has 11 lines (entropy=true), target has 305 lines
trace:   find_hunk_location_internal called for a hunk with 11 lines to match against 305 target lines.
trace:     Attempting exact match for hunk (match block has 11 line(s))...
trace: tie_break_with_line_number: strategy='exact', hint=Some(226), entropy=true
trace:       No exact matches found.
trace:     Strategy 1 (Exact): no exact match found.
trace:     Attempting exact match (ignoring trailing whitespace) for hunk (match block has 11 line(s))...
trace: tie_break_with_line_number: strategy='exact (ignoring whitespace)', hint=Some(226), entropy=true
trace:       No exact (ignoring whitespace) matches found.
trace:     Strategy 2 (Whitespace-insensitive): no match found.
debug:     Strategy 3 (Fuzzy): beginning flexible window fuzzy search (threshold=0.70, match block len=0.7)
trace:       Hunk match block (11 lines): ["    return ret;", "}", "", "int nv_drm_dumb_destroy(struct drm_file *file,", "                        struct drm_device *dev,", "                        uint32_t handle)", "{", "    return drm_gem_handle_delete(file, handle);", "}", "", "/* XXX Move these vma operations to os layer */"]
trace:       Searching with window sizes from 7 to 36 (hunk size: 11, fuzz distance: 25)
debug:       find_search_ranges: analyzing 11 match line(s) against 305 target line(s).
trace:         Identified 6 high-entropy candidate anchor line(s) (search_radius=22, max candidates to test=100)
debug:         Spatial consensus: 8 anchor(s) agree on start near line 238
debug:       Found anchor line (hunk line 11) with 1 occurrences.
trace:         Anchor text: '/* XXX Move these vma operations to os layer */'
trace:         Occurrence at target line 238: window estimated [206..285] (search radius +/-22)
trace:         Raw ranges before merging: [(205, 285)]
trace: merge_ranges: merging 1 input range(s): [(205, 285)]
trace: merge_ranges: result 1 disjoint range(s): [(205, 285)]
debug:       Search ranges merged: 1 disjoint range(s) covering 80/305 line(s) (73.8% pruned): [(205, 285)]
trace:     Using search ranges: [(205, 285)]
debug:       compute_scored_windows (parallel): evaluating 1785 candidate window(s) across 1 range(s) (window lengths 7..=36)
trace:         Match block length: 11, Target line count: 305, Search ranges: [(205, 285)]
trace:         score_window: window_len=11, match_len=11, line_score=0.182, ratio_lines=0.091, final_score=0.215
trace:         score_window: window_len=7, match_len=11, line_score=0.111, ratio_lines=0.111, final_score=0.247
trace:         score_window: window_len=10, match_len=11, line_score=0.190, ratio_lines=0.095, final_score=0.190
trace:         score_window: window_len=9, match_len=11, line_score=0.200, ratio_lines=0.200, final_score=0.310
trace:         score_window: window_len=12, match_len=11, line_score=0.271, ratio_lines=0.087, final_score=0.271
trace:         score_window: window_len=9, match_len=11, line_score=0.200, ratio_lines=0.100, final_score=0.200
trace:         score_window: window_len=8, match_len=11, line_score=0.105, ratio_lines=0.105, final_score=0.284
trace:         score_window: window_len=13, match_len=11, line_score=0.360, ratio_lines=0.167, final_score=0.360
trace:         score_window: window_len=8, match_len=11, line_score=0.211, ratio_lines=0.105, final_score=0.211
trace:         score_window: window_len=7, match_len=11, line_score=0.111, ratio_lines=0.111, final_score=0.272
trace:         score_window: window_len=14, match_len=11, line_score=0.359, ratio_lines=0.160, final_score=0.359
trace:         score_window: window_len=7, match_len=11, line_score=0.222, ratio_lines=0.111, final_score=0.222
trace:         score_window: window_len=10, match_len=11, line_score=0.190, ratio_lines=0.190, final_score=0.293
trace:         score_window: window_len=15, match_len=11, line_score=0.357, ratio_lines=0.154, final_score=0.357
trace:         score_window: window_len=9, match_len=11, line_score=0.200, ratio_lines=0.200, final_score=0.298
trace:         score_window: window_len=16, match_len=11, line_score=0.355, ratio_lines=0.148, final_score=0.355
trace:         score_window: window_len=17, match_len=11, line_score=0.354, ratio_lines=0.143, final_score=0.354
trace:         score_window: window_len=8, match_len=11, line_score=0.211, ratio_lines=0.211, final_score=0.263
trace:         score_window: window_len=11, match_len=11, line_score=0.273, ratio_lines=0.091, final_score=0.280
trace:         score_window: window_len=7, match_len=11, line_score=0.111, ratio_lines=0.111, final_score=0.262
trace:         score_window: window_len=10, match_len=11, line_score=0.190, ratio_lines=0.095, final_score=0.259
trace:         score_window: window_len=10, match_len=11, line_score=0.190, ratio_lines=0.190, final_score=0.206
trace:         score_window: window_len=12, match_len=11, line_score=0.362, ratio_lines=0.174, final_score=0.362
trace:         score_window: window_len=9, match_len=11, line_score=0.200, ratio_lines=0.100, final_score=0.239
trace:         score_window: window_len=9, match_len=11, line_score=0.200, ratio_lines=0.200, final_score=0.275
trace:         score_window: window_len=13, match_len=11, line_score=0.360, ratio_lines=0.167, final_score=0.360
trace:         score_window: window_len=8, match_len=11, line_score=0.211, ratio_lines=0.211, final_score=0.246
trace:         score_window: window_len=8, match_len=11, line_score=0.211, ratio_lines=0.105, final_score=0.313
trace:         score_window: window_len=7, match_len=11, line_score=0.222, ratio_lines=0.222, final_score=0.240
trace:         score_window: window_len=14, match_len=11, line_score=0.359, ratio_lines=0.160, final_score=0.359
trace:         score_window: window_len=11, match_len=11, line_score=0.182, ratio_lines=0.182, final_score=0.301
trace:         score_window: window_len=15, match_len=11, line_score=0.357, ratio_lines=0.154, final_score=0.357
trace:         score_window: window_len=16, match_len=11, line_score=0.355, ratio_lines=0.148, final_score=0.355
trace:         score_window: window_len=10, match_len=11, line_score=0.190, ratio_lines=0.190, final_score=0.242
trace:         score_window: window_len=9, match_len=11, line_score=0.200, ratio_lines=0.200, final_score=0.224
trace:         score_window: window_len=11, match_len=11, line_score=0.364, ratio_lines=0.182, final_score=0.364
trace:         score_window: window_len=8, match_len=11, line_score=0.211, ratio_lines=0.211, final_score=0.283
trace:         score_window: window_len=10, match_len=11, line_score=0.286, ratio_lines=0.095, final_score=0.317
trace:         score_window: window_len=7, match_len=11, line_score=0.222, ratio_lines=0.222, final_score=0.269
trace:         score_window: window_len=12, match_len=11, line_score=0.362, ratio_lines=0.174, final_score=0.362
trace:         score_window: window_len=9, match_len=11, line_score=0.200, ratio_lines=0.100, final_score=0.318
trace:         score_window: window_len=10, match_len=11, line_score=0.190, ratio_lines=0.190, final_score=0.323
trace:         score_window: window_len=13, match_len=11, line_score=0.360, ratio_lines=0.167, final_score=0.360
trace:         score_window: window_len=9, match_len=11, line_score=0.200, ratio_lines=0.200, final_score=0.260
trace:         score_window: window_len=8, match_len=11, line_score=0.211, ratio_lines=0.105, final_score=0.297
trace:         score_window: window_len=8, match_len=11, line_score=0.211, ratio_lines=0.211, final_score=0.242
trace:         score_window: window_len=14, match_len=11, line_score=0.359, ratio_lines=0.160, final_score=0.359
trace:         score_window: window_len=7, match_len=11, line_score=0.222, ratio_lines=0.111, final_score=0.323
trace:         score_window: window_len=7, match_len=11, line_score=0.222, ratio_lines=0.222, final_score=0.309
trace:         score_window: window_len=15, match_len=11, line_score=0.357, ratio_lines=0.154, final_score=0.360
trace:         score_window: window_len=11, match_len=11, line_score=0.182, ratio_lines=0.182, final_score=0.255
trace:         score_window: window_len=11, match_len=11, line_score=0.364, ratio_lines=0.182, final_score=0.364
trace:         score_window: window_len=10, match_len=11, line_score=0.381, ratio_lines=0.190, final_score=0.381
trace:         score_window: window_len=10, match_len=11, line_score=0.190, ratio_lines=0.190, final_score=0.259
trace:         score_window: window_len=12, match_len=11, line_score=0.362, ratio_lines=0.174, final_score=0.362
trace:         score_window: window_len=9, match_len=11, line_score=0.200, ratio_lines=0.200, final_score=0.262
trace:         score_window: window_len=9, match_len=11, line_score=0.300, ratio_lines=0.100, final_score=0.302
trace:         score_window: window_len=8, match_len=11, line_score=0.211, ratio_lines=0.211, final_score=0.269
trace:         score_window: window_len=13, match_len=11, line_score=0.360, ratio_lines=0.167, final_score=0.360
trace:         score_window: window_len=7, match_len=11, line_score=0.222, ratio_lines=0.222, final_score=0.291
trace:         score_window: window_len=8, match_len=11, line_score=0.211, ratio_lines=0.105, final_score=0.303
trace:         score_window: window_len=14, match_len=11, line_score=0.359, ratio_lines=0.160, final_score=0.359
trace:         score_window: window_len=10, match_len=11, line_score=0.190, ratio_lines=0.190, final_score=0.272
trace:         score_window: window_len=7, match_len=11, line_score=0.222, ratio_lines=0.111, final_score=0.281
trace:         score_window: window_len=15, match_len=11, line_score=0.357, ratio_lines=0.154, final_score=0.357
trace:         score_window: window_len=9, match_len=11, line_score=0.200, ratio_lines=0.200, final_score=0.276
trace:         score_window: window_len=8, match_len=11, line_score=0.211, ratio_lines=0.211, final_score=0.282
trace:         score_window: window_len=11, match_len=11, line_score=0.273, ratio_lines=0.182, final_score=0.278
trace:         score_window: window_len=7, match_len=11, line_score=0.222, ratio_lines=0.222, final_score=0.260
trace:         score_window: window_len=10, match_len=11, line_score=0.190, ratio_lines=0.190, final_score=0.278
trace:         score_window: window_len=12, match_len=11, line_score=0.271, ratio_lines=0.174, final_score=0.273
trace:         score_window: window_len=11, match_len=11, line_score=0.182, ratio_lines=0.182, final_score=0.300
trace:         score_window: window_len=9, match_len=11, line_score=0.200, ratio_lines=0.200, final_score=0.307
trace:         score_window: window_len=13, match_len=11, line_score=0.270, ratio_lines=0.167, final_score=0.270
trace:         score_window: window_len=10, match_len=11, line_score=0.190, ratio_lines=0.190, final_score=0.299
trace:         score_window: window_len=8, match_len=11, line_score=0.211, ratio_lines=0.105, final_score=0.297
trace:         score_window: window_len=14, match_len=11, line_score=0.269, ratio_lines=0.160, final_score=0.269
trace:         score_window: window_len=12, match_len=11, line_score=0.181, ratio_lines=0.174, final_score=0.301
trace:         score_window: window_len=7, match_len=11, line_score=0.111, ratio_lines=0.111, final_score=0.299
trace:         score_window: window_len=9, match_len=11, line_score=0.200, ratio_lines=0.200, final_score=0.277
trace:         score_window: window_len=15, match_len=11, line_score=0.268, ratio_lines=0.154, final_score=0.268
trace:         score_window: window_len=13, match_len=11, line_score=0.180, ratio_lines=0.167, final_score=0.240
trace:         score_window: window_len=16, match_len=11, line_score=0.355, ratio_lines=0.148, final_score=0.355
trace:         score_window: window_len=8, match_len=11, line_score=0.211, ratio_lines=0.211, final_score=0.292
trace:         score_window: window_len=11, match_len=11, line_score=0.273, ratio_lines=0.182, final_score=0.274
trace:         score_window: window_len=7, match_len=11, line_score=0.222, ratio_lines=0.222, final_score=0.289
trace:         score_window: window_len=10, match_len=11, line_score=0.286, ratio_lines=0.190, final_score=0.286
trace:         score_window: window_len=12, match_len=11, line_score=0.271, ratio_lines=0.174, final_score=0.271
trace:         score_window: window_len=11, match_len=11, line_score=0.182, ratio_lines=0.182, final_score=0.305
trace:         score_window: window_len=9, match_len=11, line_score=0.200, ratio_lines=0.100, final_score=0.269
trace:         score_window: window_len=10, match_len=11, line_score=0.190, ratio_lines=0.190, final_score=0.303
trace:         score_window: window_len=13, match_len=11, line_score=0.270, ratio_lines=0.167, final_score=0.270
trace:         score_window: window_len=8, match_len=11, line_score=0.211, ratio_lines=0.105, final_score=0.297
trace:         score_window: window_len=12, match_len=11, line_score=0.181, ratio_lines=0.174, final_score=0.226
trace:         score_window: window_len=14, match_len=11, line_score=0.269, ratio_lines=0.160, final_score=0.269
trace:         score_window: window_len=9, match_len=11, line_score=0.200, ratio_lines=0.200, final_score=0.302
trace:         score_window: window_len=7, match_len=11, line_score=0.111, ratio_lines=0.000, final_score=0.287
trace:         score_window: window_len=13, match_len=11, line_score=0.180, ratio_lines=0.167, final_score=0.278
trace:         score_window: window_len=15, match_len=11, line_score=0.357, ratio_lines=0.154, final_score=0.357
trace:         score_window: window_len=8, match_len=11, line_score=0.211, ratio_lines=0.211, final_score=0.247
trace:         score_window: window_len=11, match_len=11, line_score=0.273, ratio_lines=0.182, final_score=0.273
trace:         score_window: window_len=10, match_len=11, line_score=0.286, ratio_lines=0.190, final_score=0.286
trace:         score_window: window_len=7, match_len=11, line_score=0.222, ratio_lines=0.222, final_score=0.295
trace:         score_window: window_len=12, match_len=11, line_score=0.271, ratio_lines=0.174, final_score=0.271
trace:         score_window: window_len=11, match_len=11, line_score=0.182, ratio_lines=0.182, final_score=0.230
trace:         score_window: window_len=9, match_len=11, line_score=0.300, ratio_lines=0.200, final_score=0.300
trace:         score_window: window_len=13, match_len=11, line_score=0.270, ratio_lines=0.167, final_score=0.281
trace:         score_window: window_len=8, match_len=11, line_score=0.211, ratio_lines=0.105, final_score=0.219
trace:         score_window: window_len=10, match_len=11, line_score=0.190, ratio_lines=0.190, final_score=0.320
trace:         score_window: window_len=14, match_len=11, line_score=0.359, ratio_lines=0.160, final_score=0.359
trace:         score_window: window_len=12, match_len=11, line_score=0.181, ratio_lines=0.174, final_score=0.282
trace:         score_window: window_len=15, match_len=11, line_score=0.357, ratio_lines=0.077, final_score=0.357
trace:         score_window: window_len=16, match_len=11, line_score=0.178, ratio_lines=0.148, final_score=0.178
trace:         score_window: window_len=17, match_len=11, line_score=0.265, ratio_lines=0.214, final_score=0.265
trace:         score_window: window_len=9, match_len=11, line_score=0.200, ratio_lines=0.200, final_score=0.319
trace:         score_window: window_len=8, match_len=11, line_score=0.211, ratio_lines=0.211, final_score=0.319
trace:         score_window: window_len=11, match_len=11, line_score=0.273, ratio_lines=0.182, final_score=0.273
trace:         score_window: window_len=10, match_len=11, line_score=0.286, ratio_lines=0.190, final_score=0.286
trace:         score_window: window_len=7, match_len=11, line_score=0.222, ratio_lines=0.222, final_score=0.265
trace:         score_window: window_len=12, match_len=11, line_score=0.271, ratio_lines=0.174, final_score=0.288
trace:         score_window: window_len=11, match_len=11, line_score=0.182, ratio_lines=0.182, final_score=0.276
trace:         score_window: window_len=9, match_len=11, line_score=0.300, ratio_lines=0.200, final_score=0.300
trace:         score_window: window_len=10, match_len=11, line_score=0.190, ratio_lines=0.190, final_score=0.219
trace:         score_window: window_len=13, match_len=11, line_score=0.360, ratio_lines=0.167, final_score=0.360
trace:         score_window: window_len=8, match_len=11, line_score=0.316, ratio_lines=0.211, final_score=0.316
trace:         score_window: window_len=12, match_len=11, line_score=0.181, ratio_lines=0.174, final_score=0.282
trace:         score_window: window_len=14, match_len=11, line_score=0.359, ratio_lines=0.080, final_score=0.359
trace:         score_window: window_len=9, match_len=11, line_score=0.200, ratio_lines=0.200, final_score=0.211
trace:         score_window: window_len=7, match_len=11, line_score=0.222, ratio_lines=0.111, final_score=0.232
trace:         score_window: window_len=15, match_len=11, line_score=0.179, ratio_lines=0.154, final_score=0.179
trace:         score_window: window_len=16, match_len=11, line_score=0.267, ratio_lines=0.222, final_score=0.267
trace:         score_window: window_len=13, match_len=11, line_score=0.180, ratio_lines=0.167, final_score=0.287
trace:         score_window: window_len=17, match_len=11, line_score=0.265, ratio_lines=0.214, final_score=0.265
trace:         score_window: window_len=8, match_len=11, line_score=0.211, ratio_lines=0.211, final_score=0.211
trace:         score_window: window_len=11, match_len=11, line_score=0.273, ratio_lines=0.182, final_score=0.296
trace:         score_window: window_len=14, match_len=11, line_score=0.179, ratio_lines=0.160, final_score=0.274
trace:         score_window: window_len=10, match_len=11, line_score=0.286, ratio_lines=0.190, final_score=0.286
trace:         score_window: window_len=7, match_len=11, line_score=0.222, ratio_lines=0.222, final_score=0.222
trace:         score_window: window_len=12, match_len=11, line_score=0.362, ratio_lines=0.174, final_score=0.362
trace:         score_window: window_len=9, match_len=11, line_score=0.300, ratio_lines=0.200, final_score=0.300
trace:         score_window: window_len=15, match_len=11, line_score=0.179, ratio_lines=0.154, final_score=0.269
trace:         score_window: window_len=13, match_len=11, line_score=0.360, ratio_lines=0.083, final_score=0.360
trace:         score_window: window_len=8, match_len=11, line_score=0.316, ratio_lines=0.211, final_score=0.316
trace:         score_window: window_len=14, match_len=11, line_score=0.179, ratio_lines=0.160, final_score=0.179
trace:         score_window: window_len=16, match_len=11, line_score=0.178, ratio_lines=0.148, final_score=0.261
trace:         score_window: window_len=7, match_len=11, line_score=0.333, ratio_lines=0.222, final_score=0.333
trace:         score_window: window_len=15, match_len=11, line_score=0.268, ratio_lines=0.231, final_score=0.268
trace:         score_window: window_len=11, match_len=11, line_score=0.091, ratio_lines=0.091, final_score=0.249
trace:         score_window: window_len=16, match_len=11, line_score=0.267, ratio_lines=0.222, final_score=0.267
trace:         score_window: window_len=10, match_len=11, line_score=0.095, ratio_lines=0.095, final_score=0.242
trace:         score_window: window_len=11, match_len=11, line_score=0.364, ratio_lines=0.182, final_score=0.364
trace:         score_window: window_len=10, match_len=11, line_score=0.286, ratio_lines=0.190, final_score=0.336
trace:         score_window: window_len=12, match_len=11, line_score=0.362, ratio_lines=0.087, final_score=0.362
trace:         score_window: window_len=12, match_len=11, line_score=0.090, ratio_lines=0.087, final_score=0.256
trace:         score_window: window_len=9, match_len=11, line_score=0.300, ratio_lines=0.200, final_score=0.312
trace:         score_window: window_len=9, match_len=11, line_score=0.100, ratio_lines=0.100, final_score=0.181
trace:         score_window: window_len=13, match_len=11, line_score=0.180, ratio_lines=0.167, final_score=0.180
trace:         score_window: window_len=8, match_len=11, line_score=0.316, ratio_lines=0.211, final_score=0.316
trace:         score_window: window_len=14, match_len=11, line_score=0.269, ratio_lines=0.240, final_score=0.269
trace:         score_window: window_len=13, match_len=11, line_score=0.090, ratio_lines=0.083, final_score=0.244
trace:         score_window: window_len=15, match_len=11, line_score=0.268, ratio_lines=0.231, final_score=0.268
trace:         score_window: window_len=8, match_len=11, line_score=0.105, ratio_lines=0.105, final_score=0.212
trace:         score_window: window_len=16, match_len=11, line_score=0.355, ratio_lines=0.296, final_score=0.355
trace:         score_window: window_len=11, match_len=11, line_score=0.364, ratio_lines=0.091, final_score=0.364
trace:         score_window: window_len=14, match_len=11, line_score=0.090, ratio_lines=0.080, final_score=0.240
trace:         score_window: window_len=10, match_len=11, line_score=0.381, ratio_lines=0.190, final_score=0.381
trace:         score_window: window_len=7, match_len=11, line_score=0.111, ratio_lines=0.111, final_score=0.207
trace:         score_window: window_len=12, match_len=11, line_score=0.181, ratio_lines=0.174, final_score=0.181
trace:         score_window: window_len=9, match_len=11, line_score=0.300, ratio_lines=0.200, final_score=0.346
trace:         score_window: window_len=13, match_len=11, line_score=0.270, ratio_lines=0.250, final_score=0.270
trace:         score_window: window_len=15, match_len=11, line_score=0.089, ratio_lines=0.077, final_score=0.233
trace:         score_window: window_len=8, match_len=11, line_score=0.316, ratio_lines=0.211, final_score=0.322
trace:         score_window: window_len=14, match_len=11, line_score=0.269, ratio_lines=0.240, final_score=0.269
trace:         score_window: window_len=11, match_len=11, line_score=0.091, ratio_lines=0.091, final_score=0.264
trace:         score_window: window_len=7, match_len=11, line_score=0.333, ratio_lines=0.222, final_score=0.333
trace:         score_window: window_len=15, match_len=11, line_score=0.357, ratio_lines=0.308, final_score=0.357
trace:         score_window: window_len=10, match_len=11, line_score=0.095, ratio_lines=0.095, final_score=0.258
trace:         score_window: window_len=16, match_len=11, line_score=0.444, ratio_lines=0.370, final_score=0.444
trace:         score_window: window_len=11, match_len=11, line_score=0.182, ratio_lines=0.182, final_score=0.182
trace:         score_window: window_len=10, match_len=11, line_score=0.381, ratio_lines=0.095, final_score=0.381
trace:         score_window: window_len=12, match_len=11, line_score=0.090, ratio_lines=0.087, final_score=0.252
trace:         score_window: window_len=12, match_len=11, line_score=0.271, ratio_lines=0.261, final_score=0.271
trace:         score_window: window_len=9, match_len=11, line_score=0.400, ratio_lines=0.200, final_score=0.400
trace:         score_window: window_len=9, match_len=11, line_score=0.100, ratio_lines=0.100, final_score=0.251
trace:         score_window: window_len=13, match_len=11, line_score=0.270, ratio_lines=0.250, final_score=0.270
trace:         score_window: window_len=8, match_len=11, line_score=0.316, ratio_lines=0.211, final_score=0.328
trace:         score_window: window_len=13, match_len=11, line_score=0.090, ratio_lines=0.083, final_score=0.248
trace:         score_window: window_len=14, match_len=11, line_score=0.359, ratio_lines=0.320, final_score=0.359
trace:         score_window: window_len=8, match_len=11, line_score=0.105, ratio_lines=0.105, final_score=0.189
trace:         score_window: window_len=7, match_len=11, line_score=0.333, ratio_lines=0.222, final_score=0.333
trace:         score_window: window_len=15, match_len=11, line_score=0.446, ratio_lines=0.385, final_score=0.446
trace:         score_window: window_len=14, match_len=11, line_score=0.090, ratio_lines=0.080, final_score=0.240
trace:         score_window: window_len=16, match_len=11, line_score=0.533, ratio_lines=0.444, final_score=0.533
trace:         score_window: window_len=7, match_len=11, line_score=0.111, ratio_lines=0.111, final_score=0.233
trace:         score_window: window_len=17, match_len=11, line_score=0.619, ratio_lines=0.500, final_score=0.619
trace:         score_window: window_len=11, match_len=11, line_score=0.273, ratio_lines=0.273, final_score=0.273
trace:         score_window: window_len=15, match_len=11, line_score=0.089, ratio_lines=0.077, final_score=0.230
trace:         score_window: window_len=10, match_len=11, line_score=0.190, ratio_lines=0.190, final_score=0.190
trace:         score_window: window_len=12, match_len=11, line_score=0.271, ratio_lines=0.261, final_score=0.271
trace:         score_window: window_len=16, match_len=11, line_score=0.089, ratio_lines=0.074, final_score=0.226
trace:         score_window: window_len=9, match_len=11, line_score=0.200, ratio_lines=0.100, final_score=0.200
trace:         score_window: window_len=13, match_len=11, line_score=0.360, ratio_lines=0.333, final_score=0.360
trace:         score_window: window_len=17, match_len=11, line_score=0.088, ratio_lines=0.071, final_score=0.223
trace:         score_window: window_len=8, match_len=11, line_score=0.211, ratio_lines=0.211, final_score=0.243
trace:         score_window: window_len=14, match_len=11, line_score=0.448, ratio_lines=0.400, final_score=0.448
trace:         score_window: window_len=11, match_len=11, line_score=0.091, ratio_lines=0.091, final_score=0.269
trace:         score_window: window_len=7, match_len=11, line_score=0.222, ratio_lines=0.222, final_score=0.228
trace:         score_window: window_len=15, match_len=11, line_score=0.536, ratio_lines=0.462, final_score=0.536
trace:         score_window: window_len=10, match_len=11, line_score=0.095, ratio_lines=0.095, final_score=0.283
trace:         score_window: window_len=16, match_len=11, line_score=0.622, ratio_lines=0.519, final_score=0.622
trace:         score_window: window_len=12, match_len=11, line_score=0.090, ratio_lines=0.087, final_score=0.263
trace:         score_window: window_len=11, match_len=11, line_score=0.273, ratio_lines=0.273, final_score=0.273
trace:         score_window: window_len=10, match_len=11, line_score=0.286, ratio_lines=0.286, final_score=0.286
trace:         score_window: window_len=9, match_len=11, line_score=0.100, ratio_lines=0.100, final_score=0.276
trace:         score_window: window_len=12, match_len=11, line_score=0.362, ratio_lines=0.348, final_score=0.362
trace:         score_window: window_len=9, match_len=11, line_score=0.200, ratio_lines=0.200, final_score=0.200
trace:         score_window: window_len=13, match_len=11, line_score=0.090, ratio_lines=0.083, final_score=0.255
trace:         score_window: window_len=13, match_len=11, line_score=0.450, ratio_lines=0.417, final_score=0.450
trace:         score_window: window_len=8, match_len=11, line_score=0.211, ratio_lines=0.105, final_score=0.211
trace:         score_window: window_len=8, match_len=11, line_score=0.105, ratio_lines=0.105, final_score=0.270
trace:         score_window: window_len=14, match_len=11, line_score=0.538, ratio_lines=0.480, final_score=0.538
trace:         score_window: window_len=7, match_len=11, line_score=0.222, ratio_lines=0.222, final_score=0.248
trace:         score_window: window_len=14, match_len=11, line_score=0.090, ratio_lines=0.080, final_score=0.243
trace:         score_window: window_len=15, match_len=11, line_score=0.625, ratio_lines=0.538, final_score=0.625
trace:         score_window: window_len=15, match_len=11, line_score=0.089, ratio_lines=0.077, final_score=0.238
trace:         score_window: window_len=11, match_len=11, line_score=0.364, ratio_lines=0.364, final_score=0.364
trace:         score_window: window_len=10, match_len=11, line_score=0.286, ratio_lines=0.286, final_score=0.286
trace:         score_window: window_len=12, match_len=11, line_score=0.452, ratio_lines=0.435, final_score=0.452
trace:         score_window: window_len=16, match_len=11, line_score=0.089, ratio_lines=0.074, final_score=0.234
trace:         score_window: window_len=9, match_len=11, line_score=0.300, ratio_lines=0.300, final_score=0.300
trace:         score_window: window_len=13, match_len=11, line_score=0.540, ratio_lines=0.500, final_score=0.540
trace:         score_window: window_len=8, match_len=11, line_score=0.211, ratio_lines=0.211, final_score=0.211
trace:         score_window: window_len=17, match_len=11, line_score=0.088, ratio_lines=0.071, final_score=0.211
trace:         score_window: window_len=14, match_len=11, line_score=0.628, ratio_lines=0.560, final_score=0.628
trace:         score_window: window_len=11, match_len=11, line_score=0.091, ratio_lines=0.091, final_score=0.288
trace:         score_window: window_len=11, match_len=11, line_score=0.455, ratio_lines=0.455, final_score=0.455
trace:         score_window: window_len=10, match_len=11, line_score=0.095, ratio_lines=0.095, final_score=0.294
trace:         score_window: window_len=10, match_len=11, line_score=0.381, ratio_lines=0.381, final_score=0.381
trace:         score_window: window_len=12, match_len=11, line_score=0.543, ratio_lines=0.522, final_score=0.543
trace:         score_window: window_len=12, match_len=11, line_score=0.090, ratio_lines=0.087, final_score=0.279
trace:         score_window: window_len=9, match_len=11, line_score=0.300, ratio_lines=0.300, final_score=0.300
trace:         score_window: window_len=9, match_len=11, line_score=0.100, ratio_lines=0.100, final_score=0.310
trace:         score_window: window_len=13, match_len=11, line_score=0.631, ratio_lines=0.583, final_score=0.631
trace:         score_window: window_len=8, match_len=11, line_score=0.316, ratio_lines=0.316, final_score=0.316
trace:         score_window: window_len=7, match_len=11, line_score=0.333, ratio_lines=0.222, final_score=0.333
trace:         score_window: window_len=13, match_len=11, line_score=0.090, ratio_lines=0.083, final_score=0.266
trace:         score_window: window_len=8, match_len=11, line_score=0.105, ratio_lines=0.105, final_score=0.304
trace:         score_window: window_len=11, match_len=11, line_score=0.545, ratio_lines=0.545, final_score=0.545
trace:         score_window: window_len=10, match_len=11, line_score=0.476, ratio_lines=0.476, final_score=0.476
trace:         score_window: window_len=14, match_len=11, line_score=0.090, ratio_lines=0.080, final_score=0.261
trace:         score_window: window_len=12, match_len=11, line_score=0.633, ratio_lines=0.609, final_score=0.633
trace:         score_window: window_len=7, match_len=11, line_score=0.111, ratio_lines=0.111, final_score=0.299
trace:         score_window: window_len=9, match_len=11, line_score=0.400, ratio_lines=0.400, final_score=0.400
trace:         score_window: window_len=8, match_len=11, line_score=0.316, ratio_lines=0.316, final_score=0.316
trace:         score_window: window_len=7, match_len=11, line_score=0.333, ratio_lines=0.333, final_score=0.333
trace:         score_window: window_len=15, match_len=11, line_score=0.089, ratio_lines=0.077, final_score=0.256
trace:         score_window: window_len=11, match_len=11, line_score=0.636, ratio_lines=0.636, final_score=0.636
trace:         score_window: window_len=10, match_len=11, line_score=0.571, ratio_lines=0.571, final_score=0.571
trace:         score_window: window_len=9, match_len=11, line_score=0.500, ratio_lines=0.500, final_score=0.500
trace:         score_window: window_len=16, match_len=11, line_score=0.089, ratio_lines=0.074, final_score=0.230
trace:         score_window: window_len=8, match_len=11, line_score=0.421, ratio_lines=0.421, final_score=0.421
trace:         score_window: window_len=7, match_len=11, line_score=0.333, ratio_lines=0.333, final_score=0.333
trace:         score_window: window_len=11, match_len=11, line_score=0.091, ratio_lines=0.091, final_score=0.276
trace:         score_window: window_len=10, match_len=11, line_score=0.667, ratio_lines=0.667, final_score=0.667
trace:         score_window: window_len=10, match_len=11, line_score=0.095, ratio_lines=0.095, final_score=0.287
trace:         score_window: window_len=9, match_len=11, line_score=0.600, ratio_lines=0.600, final_score=0.600
trace:         score_window: window_len=8, match_len=11, line_score=0.526, ratio_lines=0.526, final_score=0.526
trace:         score_window: window_len=12, match_len=11, line_score=0.090, ratio_lines=0.087, final_score=0.261
trace:         score_window: window_len=8, match_len=11, line_score=0.632, ratio_lines=0.632, final_score=0.632
trace:         score_window: window_len=7, match_len=11, line_score=0.556, ratio_lines=0.556, final_score=0.556
trace:         score_window: window_len=9, match_len=11, line_score=0.100, ratio_lines=0.100, final_score=0.293
trace:         score_window: window_len=7, match_len=11, line_score=0.667, ratio_lines=0.667, final_score=0.667
trace:         score_window: window_len=13, match_len=11, line_score=0.090, ratio_lines=0.083, final_score=0.256
trace:         score_window: window_len=7, match_len=11, line_score=0.667, ratio_lines=0.667, final_score=0.667
trace:         score_window: window_len=14, match_len=11, line_score=0.090, ratio_lines=0.080, final_score=0.251
trace:         score_window: window_len=7, match_len=11, line_score=0.667, ratio_lines=0.667, final_score=0.735
trace:         score_window: window_len=15, match_len=11, line_score=0.089, ratio_lines=0.077, final_score=0.223
trace:         score_window: window_len=8, match_len=11, line_score=0.632, ratio_lines=0.632, final_score=0.692
trace:         score_window: window_len=7, match_len=11, line_score=0.667, ratio_lines=0.667, final_score=0.738
trace:         score_window: window_len=16, match_len=11, line_score=0.089, ratio_lines=0.074, final_score=0.214
trace:         score_window: window_len=7, match_len=11, line_score=0.667, ratio_lines=0.667, final_score=0.753
trace:         score_window: window_len=17, match_len=11, line_score=0.088, ratio_lines=0.071, final_score=0.210
trace:         score_window: window_len=11, match_len=11, line_score=0.636, ratio_lines=0.636, final_score=0.662
trace:         score_window: window_len=18, match_len=11, line_score=0.176, ratio_lines=0.069, final_score=0.192
trace:         score_window: window_len=10, match_len=11, line_score=0.667, ratio_lines=0.667, final_score=0.696
trace:         score_window: window_len=12, match_len=11, line_score=0.633, ratio_lines=0.609, final_score=0.645
trace:         score_window: window_len=13, match_len=11, line_score=0.631, ratio_lines=0.583, final_score=0.631
trace:         score_window: window_len=19, match_len=11, line_score=0.175, ratio_lines=0.067, final_score=0.193
trace:         score_window: window_len=14, match_len=11, line_score=0.628, ratio_lines=0.560, final_score=0.628
trace:         score_window: window_len=7, match_len=11, line_score=0.667, ratio_lines=0.667, final_score=0.667
trace:         score_window: window_len=15, match_len=11, line_score=0.625, ratio_lines=0.538, final_score=0.625
trace:         score_window: window_len=20, match_len=11, line_score=0.174, ratio_lines=0.065, final_score=0.174
trace:         score_window: window_len=21, match_len=11, line_score=0.174, ratio_lines=0.125, final_score=0.174
trace:         score_window: window_len=11, match_len=11, line_score=0.545, ratio_lines=0.545, final_score=0.576
trace:         score_window: window_len=10, match_len=11, line_score=0.571, ratio_lines=0.571, final_score=0.591
trace:         score_window: window_len=22, match_len=11, line_score=0.259, ratio_lines=0.182, final_score=0.259
trace:         score_window: window_len=12, match_len=11, line_score=0.543, ratio_lines=0.522, final_score=0.543
trace:         score_window: window_len=23, match_len=11, line_score=0.258, ratio_lines=0.176, final_score=0.258
trace:         score_window: window_len=9, match_len=11, line_score=0.600, ratio_lines=0.600, final_score=0.624
trace:         score_window: window_len=8, match_len=11, line_score=0.632, ratio_lines=0.632, final_score=0.676
trace:         score_window: window_len=7, match_len=11, line_score=0.667, ratio_lines=0.667, final_score=0.691
trace:         score_window: window_len=11, match_len=11, line_score=0.000, ratio_lines=0.000, final_score=0.209
trace:         score_window: window_len=10, match_len=11, line_score=0.000, ratio_lines=0.000, final_score=0.220
trace:         score_window: window_len=12, match_len=11, line_score=0.000, ratio_lines=0.000, final_score=0.205
trace:         score_window: window_len=11, match_len=11, line_score=0.455, ratio_lines=0.455, final_score=0.480
trace:         score_window: window_len=10, match_len=11, line_score=0.476, ratio_lines=0.476, final_score=0.519
trace:         score_window: window_len=9, match_len=11, line_score=0.000, ratio_lines=0.000, final_score=0.229
trace:         score_window: window_len=12, match_len=11, line_score=0.452, ratio_lines=0.435, final_score=0.452
trace:         score_window: window_len=13, match_len=11, line_score=0.000, ratio_lines=0.000, final_score=0.202
trace:         score_window: window_len=9, match_len=11, line_score=0.500, ratio_lines=0.500, final_score=0.533
trace:         score_window: window_len=8, match_len=11, line_score=0.000, ratio_lines=0.000, final_score=0.233
trace:         score_window: window_len=8, match_len=11, line_score=0.526, ratio_lines=0.526, final_score=0.564
trace:         score_window: window_len=7, match_len=11, line_score=0.556, ratio_lines=0.556, final_score=0.613
trace:         score_window: window_len=14, match_len=11, line_score=0.000, ratio_lines=0.000, final_score=0.179
trace:         score_window: window_len=15, match_len=11, line_score=0.000, ratio_lines=0.000, final_score=0.183
trace:         score_window: window_len=11, match_len=11, line_score=0.364, ratio_lines=0.364, final_score=0.415
trace:         score_window: window_len=10, match_len=11, line_score=0.381, ratio_lines=0.381, final_score=0.446
trace:         score_window: window_len=16, match_len=11, line_score=0.000, ratio_lines=0.000, final_score=0.185
trace:         score_window: window_len=9, match_len=11, line_score=0.400, ratio_lines=0.400, final_score=0.483
trace:         score_window: window_len=8, match_len=11, line_score=0.421, ratio_lines=0.421, final_score=0.496
trace:         score_window: window_len=7, match_len=11, line_score=0.444, ratio_lines=0.444, final_score=0.525
trace:         score_window: window_len=17, match_len=11, line_score=0.088, ratio_lines=0.000, final_score=0.185
trace:         score_window: window_len=18, match_len=11, line_score=0.088, ratio_lines=0.000, final_score=0.186
trace:         score_window: window_len=10, match_len=11, line_score=0.286, ratio_lines=0.286, final_score=0.377
trace:         score_window: window_len=9, match_len=11, line_score=0.300, ratio_lines=0.300, final_score=0.408
trace:         score_window: window_len=19, match_len=11, line_score=0.088, ratio_lines=0.067, final_score=0.088
trace:         score_window: window_len=8, match_len=11, line_score=0.316, ratio_lines=0.316, final_score=0.445
trace:         score_window: window_len=20, match_len=11, line_score=0.174, ratio_lines=0.129, final_score=0.174
trace:         score_window: window_len=7, match_len=11, line_score=0.333, ratio_lines=0.333, final_score=0.457
trace:         score_window: window_len=21, match_len=11, line_score=0.260, ratio_lines=0.188, final_score=0.260
trace:         score_window: window_len=22, match_len=11, line_score=0.259, ratio_lines=0.182, final_score=0.259
trace:         score_window: window_len=9, match_len=11, line_score=0.200, ratio_lines=0.200, final_score=0.333
trace:         score_window: window_len=8, match_len=11, line_score=0.211, ratio_lines=0.211, final_score=0.361
trace:         score_window: window_len=7, match_len=11, line_score=0.222, ratio_lines=0.222, final_score=0.395
trace:         score_window: window_len=11, match_len=11, line_score=0.000, ratio_lines=0.000, final_score=0.194
trace:         score_window: window_len=9, match_len=11, line_score=0.200, ratio_lines=0.200, final_score=0.291
trace:         score_window: window_len=8, match_len=11, line_score=0.211, ratio_lines=0.211, final_score=0.315
trace:         score_window: window_len=10, match_len=11, line_score=0.000, ratio_lines=0.000, final_score=0.198
trace:         score_window: window_len=7, match_len=11, line_score=0.222, ratio_lines=0.222, final_score=0.344
trace:         score_window: window_len=8, match_len=11, line_score=0.105, ratio_lines=0.105, final_score=0.253
trace:         score_window: window_len=12, match_len=11, line_score=0.000, ratio_lines=0.000, final_score=0.191
trace:         score_window: window_len=7, match_len=11, line_score=0.111, ratio_lines=0.111, final_score=0.275
trace:         score_window: window_len=9, match_len=11, line_score=0.000, ratio_lines=0.000, final_score=0.190
trace:         score_window: window_len=8, match_len=11, line_score=0.211, ratio_lines=0.211, final_score=0.362
trace:         score_window: window_len=13, match_len=11, line_score=0.000, ratio_lines=0.000, final_score=0.175
trace:         score_window: window_len=8, match_len=11, line_score=0.000, ratio_lines=0.000, final_score=0.199
trace:         score_window: window_len=7, match_len=11, line_score=0.222, ratio_lines=0.222, final_score=0.372
trace:         score_window: window_len=14, match_len=11, line_score=0.000, ratio_lines=0.000, final_score=0.175
trace:         score_window: window_len=7, match_len=11, line_score=0.111, ratio_lines=0.111, final_score=0.319
trace:         score_window: window_len=15, match_len=11, line_score=0.000, ratio_lines=0.000, final_score=0.182
trace:         score_window: window_len=9, match_len=11, line_score=0.200, ratio_lines=0.200, final_score=0.300
trace:         score_window: window_len=16, match_len=11, line_score=0.089, ratio_lines=0.000, final_score=0.181
trace:         score_window: window_len=8, match_len=11, line_score=0.105, ratio_lines=0.105, final_score=0.274
trace:         score_window: window_len=17, match_len=11, line_score=0.088, ratio_lines=0.000, final_score=0.183
trace:         score_window: window_len=7, match_len=11, line_score=0.111, ratio_lines=0.111, final_score=0.285
trace:         score_window: window_len=18, match_len=11, line_score=0.088, ratio_lines=0.069, final_score=0.090
trace:         score_window: window_len=19, match_len=11, line_score=0.175, ratio_lines=0.133, final_score=0.175
trace:         score_window: window_len=8, match_len=11, line_score=0.211, ratio_lines=0.211, final_score=0.256
trace:         score_window: window_len=20, match_len=11, line_score=0.262, ratio_lines=0.194, final_score=0.262
trace:         score_window: window_len=21, match_len=11, line_score=0.260, ratio_lines=0.188, final_score=0.260
trace:         score_window: window_len=7, match_len=11, line_score=0.111, ratio_lines=0.111, final_score=0.262
trace:         score_window: window_len=11, match_len=11, line_score=0.273, ratio_lines=0.273, final_score=0.273
trace:         score_window: window_len=11, match_len=11, line_score=0.000, ratio_lines=0.000, final_score=0.172
trace:         score_window: window_len=10, match_len=11, line_score=0.190, ratio_lines=0.190, final_score=0.190
trace:         score_window: window_len=12, match_len=11, line_score=0.271, ratio_lines=0.261, final_score=0.271
trace:         score_window: window_len=10, match_len=11, line_score=0.000, ratio_lines=0.000, final_score=0.175
trace:         score_window: window_len=9, match_len=11, line_score=0.100, ratio_lines=0.100, final_score=0.134
trace:         score_window: window_len=13, match_len=11, line_score=0.270, ratio_lines=0.250, final_score=0.270
trace:         score_window: window_len=12, match_len=11, line_score=0.000, ratio_lines=0.000, final_score=0.173
trace:         score_window: window_len=8, match_len=11, line_score=0.105, ratio_lines=0.000, final_score=0.186
trace:         score_window: window_len=9, match_len=11, line_score=0.000, ratio_lines=0.000, final_score=0.178
trace:         score_window: window_len=14, match_len=11, line_score=0.269, ratio_lines=0.240, final_score=0.269
trace:         score_window: window_len=13, match_len=11, line_score=0.000, ratio_lines=0.000, final_score=0.174
trace:         score_window: window_len=7, match_len=11, line_score=0.111, ratio_lines=0.000, final_score=0.183
trace:         score_window: window_len=8, match_len=11, line_score=0.000, ratio_lines=0.000, final_score=0.190
trace:         score_window: window_len=15, match_len=11, line_score=0.268, ratio_lines=0.231, final_score=0.268
trace:         score_window: window_len=14, match_len=11, line_score=0.000, ratio_lines=0.000, final_score=0.180
trace:         score_window: window_len=16, match_len=11, line_score=0.355, ratio_lines=0.296, final_score=0.355
trace:         score_window: window_len=15, match_len=11, line_score=0.089, ratio_lines=0.000, final_score=0.180
trace:         score_window: window_len=11, match_len=11, line_score=0.273, ratio_lines=0.273, final_score=0.273
trace:         score_window: window_len=10, match_len=11, line_score=0.286, ratio_lines=0.286, final_score=0.286
trace:         score_window: window_len=16, match_len=11, line_score=0.089, ratio_lines=0.000, final_score=0.181
trace:         score_window: window_len=12, match_len=11, line_score=0.271, ratio_lines=0.261, final_score=0.275
trace:         score_window: window_len=9, match_len=11, line_score=0.200, ratio_lines=0.200, final_score=0.200
trace:         score_window: window_len=17, match_len=11, line_score=0.088, ratio_lines=0.071, final_score=0.092
trace:         score_window: window_len=18, match_len=11, line_score=0.176, ratio_lines=0.138, final_score=0.176
trace:         score_window: window_len=19, match_len=11, line_score=0.263, ratio_lines=0.200, final_score=0.263
trace:         score_window: window_len=13, match_len=11, line_score=0.270, ratio_lines=0.250, final_score=0.270
trace:         score_window: window_len=8, match_len=11, line_score=0.105, ratio_lines=0.105, final_score=0.143
trace:         score_window: window_len=20, match_len=11, line_score=0.262, ratio_lines=0.194, final_score=0.262
trace:         score_window: window_len=11, match_len=11, line_score=0.000, ratio_lines=0.000, final_score=0.174
trace:         score_window: window_len=14, match_len=11, line_score=0.269, ratio_lines=0.240, final_score=0.269
trace:         score_window: window_len=10, match_len=11, line_score=0.000, ratio_lines=0.000, final_score=0.170
trace:         score_window: window_len=15, match_len=11, line_score=0.357, ratio_lines=0.308, final_score=0.357
trace:         score_window: window_len=12, match_len=11, line_score=0.000, ratio_lines=0.000, final_score=0.174
trace:         score_window: window_len=11, match_len=11, line_score=0.273, ratio_lines=0.273, final_score=0.282
trace:         score_window: window_len=9, match_len=11, line_score=0.000, ratio_lines=0.000, final_score=0.175
trace:         score_window: window_len=10, match_len=11, line_score=0.286, ratio_lines=0.286, final_score=0.286
trace:         score_window: window_len=13, match_len=11, line_score=0.000, ratio_lines=0.000, final_score=0.180
trace:         score_window: window_len=12, match_len=11, line_score=0.271, ratio_lines=0.261, final_score=0.271
trace:         score_window: window_len=8, match_len=11, line_score=0.000, ratio_lines=0.000, final_score=0.178
trace:         score_window: window_len=9, match_len=11, line_score=0.300, ratio_lines=0.300, final_score=0.300
trace:         score_window: window_len=14, match_len=11, line_score=0.090, ratio_lines=0.000, final_score=0.180
trace:         score_window: window_len=13, match_len=11, line_score=0.270, ratio_lines=0.250, final_score=0.270
trace:         score_window: window_len=8, match_len=11, line_score=0.211, ratio_lines=0.211, final_score=0.211
trace:         score_window: window_len=15, match_len=11, line_score=0.089, ratio_lines=0.000, final_score=0.182
trace:         score_window: window_len=14, match_len=11, line_score=0.359, ratio_lines=0.320, final_score=0.359
trace:         score_window: window_len=16, match_len=11, line_score=0.089, ratio_lines=0.074, final_score=0.095
trace:         score_window: window_len=7, match_len=11, line_score=0.111, ratio_lines=0.111, final_score=0.147
trace:         score_window: window_len=17, match_len=11, line_score=0.177, ratio_lines=0.143, final_score=0.177
trace:         score_window: window_len=18, match_len=11, line_score=0.264, ratio_lines=0.207, final_score=0.264
trace:         score_window: window_len=11, match_len=11, line_score=0.273, ratio_lines=0.273, final_score=0.273
trace:         score_window: window_len=19, match_len=11, line_score=0.263, ratio_lines=0.200, final_score=0.263
trace:         score_window: window_len=10, match_len=11, line_score=0.286, ratio_lines=0.286, final_score=0.289
trace:         score_window: window_len=11, match_len=11, line_score=0.000, ratio_lines=0.000, final_score=0.175
trace:         score_window: window_len=10, match_len=11, line_score=0.000, ratio_lines=0.000, final_score=0.175
trace:         score_window: window_len=12, match_len=11, line_score=0.271, ratio_lines=0.261, final_score=0.271
trace:         score_window: window_len=9, match_len=11, line_score=0.300, ratio_lines=0.300, final_score=0.300
trace:         score_window: window_len=12, match_len=11, line_score=0.000, ratio_lines=0.000, final_score=0.181
trace:         score_window: window_len=13, match_len=11, line_score=0.360, ratio_lines=0.333, final_score=0.360
trace:         score_window: window_len=9, match_len=11, line_score=0.000, ratio_lines=0.000, final_score=0.171
trace:         score_window: window_len=13, match_len=11, line_score=0.090, ratio_lines=0.000, final_score=0.181
trace:         score_window: window_len=11, match_len=11, line_score=0.273, ratio_lines=0.273, final_score=0.298
trace:         score_window: window_len=8, match_len=11, line_score=0.000, ratio_lines=0.000, final_score=0.176
trace:         score_window: window_len=10, match_len=11, line_score=0.286, ratio_lines=0.286, final_score=0.293
trace:         score_window: window_len=14, match_len=11, line_score=0.090, ratio_lines=0.000, final_score=0.183
trace:         score_window: window_len=7, match_len=11, line_score=0.000, ratio_lines=0.000, final_score=0.179
trace:         score_window: window_len=12, match_len=11, line_score=0.362, ratio_lines=0.348, final_score=0.362
trace:         score_window: window_len=15, match_len=11, line_score=0.089, ratio_lines=0.077, final_score=0.097
trace:         score_window: window_len=9, match_len=11, line_score=0.300, ratio_lines=0.300, final_score=0.328
trace:         score_window: window_len=16, match_len=11, line_score=0.178, ratio_lines=0.148, final_score=0.178
trace:         score_window: window_len=17, match_len=11, line_score=0.265, ratio_lines=0.214, final_score=0.265
trace:         score_window: window_len=11, match_len=11, line_score=0.364, ratio_lines=0.364, final_score=0.364
trace:         score_window: window_len=18, match_len=11, line_score=0.264, ratio_lines=0.207, final_score=0.264
trace:         score_window: window_len=11, match_len=11, line_score=0.000, ratio_lines=0.000, final_score=0.169
trace:         score_window: window_len=10, match_len=11, line_score=0.286, ratio_lines=0.286, final_score=0.315
trace:         score_window: window_len=10, match_len=11, line_score=0.000, ratio_lines=0.000, final_score=0.161
trace:         score_window: window_len=9, match_len=11, line_score=0.300, ratio_lines=0.300, final_score=0.310
trace:         score_window: window_len=12, match_len=11, line_score=0.090, ratio_lines=0.000, final_score=0.168
trace:         score_window: window_len=9, match_len=11, line_score=0.000, ratio_lines=0.000, final_score=0.160
trace:         score_window: window_len=10, match_len=11, line_score=0.381, ratio_lines=0.381, final_score=0.381
trace:         score_window: window_len=13, match_len=11, line_score=0.090, ratio_lines=0.000, final_score=0.171
trace:         score_window: window_len=9, match_len=11, line_score=0.300, ratio_lines=0.300, final_score=0.332
trace:         score_window: window_len=14, match_len=11, line_score=0.090, ratio_lines=0.080, final_score=0.108
trace:         score_window: window_len=15, match_len=11, line_score=0.179, ratio_lines=0.154, final_score=0.179
trace:         score_window: window_len=8, match_len=11, line_score=0.316, ratio_lines=0.316, final_score=0.328
trace:         score_window: window_len=16, match_len=11, line_score=0.267, ratio_lines=0.222, final_score=0.267
trace:         score_window: window_len=17, match_len=11, line_score=0.265, ratio_lines=0.214, final_score=0.265
trace:         score_window: window_len=9, match_len=11, line_score=0.400, ratio_lines=0.400, final_score=0.400
trace:         score_window: window_len=18, match_len=11, line_score=0.264, ratio_lines=0.207, final_score=0.264
trace:         score_window: window_len=11, match_len=11, line_score=0.091, ratio_lines=0.000, final_score=0.177
trace:         score_window: window_len=8, match_len=11, line_score=0.316, ratio_lines=0.316, final_score=0.333
trace:         score_window: window_len=10, match_len=11, line_score=0.000, ratio_lines=0.000, final_score=0.178
trace:         score_window: window_len=12, match_len=11, line_score=0.090, ratio_lines=0.000, final_score=0.179
trace:         score_window: window_len=7, match_len=11, line_score=0.333, ratio_lines=0.333, final_score=0.333
trace:         score_window: window_len=9, match_len=11, line_score=0.000, ratio_lines=0.000, final_score=0.170
trace:         score_window: window_len=8, match_len=11, line_score=0.421, ratio_lines=0.421, final_score=0.421
trace:         score_window: window_len=13, match_len=11, line_score=0.090, ratio_lines=0.083, final_score=0.116
trace:         score_window: window_len=8, match_len=11, line_score=0.000, ratio_lines=0.000, final_score=0.169
trace:         score_window: window_len=7, match_len=11, line_score=0.333, ratio_lines=0.333, final_score=0.352
trace:         score_window: window_len=14, match_len=11, line_score=0.179, ratio_lines=0.160, final_score=0.179
trace:         score_window: window_len=15, match_len=11, line_score=0.268, ratio_lines=0.231, final_score=0.268
trace:         score_window: window_len=7, match_len=11, line_score=0.333, ratio_lines=0.333, final_score=0.333
trace:         score_window: window_len=16, match_len=11, line_score=0.267, ratio_lines=0.222, final_score=0.267
trace:         score_window: window_len=17, match_len=11, line_score=0.265, ratio_lines=0.214, final_score=0.265
trace:         score_window: window_len=18, match_len=11, line_score=0.264, ratio_lines=0.207, final_score=0.264
trace:         score_window: window_len=19, match_len=11, line_score=0.263, ratio_lines=0.200, final_score=0.263
trace:         score_window: window_len=20, match_len=11, line_score=0.349, ratio_lines=0.258, final_score=0.349
trace:         score_window: window_len=11, match_len=11, line_score=0.091, ratio_lines=0.000, final_score=0.181
trace:         score_window: window_len=10, match_len=11, line_score=0.095, ratio_lines=0.000, final_score=0.178
trace:         score_window: window_len=12, match_len=11, line_score=0.090, ratio_lines=0.087, final_score=0.119
trace:         score_window: window_len=9, match_len=11, line_score=0.000, ratio_lines=0.000, final_score=0.196
trace:         score_window: window_len=13, match_len=11, line_score=0.180, ratio_lines=0.167, final_score=0.180
trace:         score_window: window_len=8, match_len=11, line_score=0.000, ratio_lines=0.000, final_score=0.200
trace:         score_window: window_len=14, match_len=11, line_score=0.269, ratio_lines=0.240, final_score=0.269
trace:         score_window: window_len=7, match_len=11, line_score=0.000, ratio_lines=0.000, final_score=0.183
trace:         score_window: window_len=15, match_len=11, line_score=0.268, ratio_lines=0.231, final_score=0.268
trace:         score_window: window_len=16, match_len=11, line_score=0.267, ratio_lines=0.222, final_score=0.267
trace:         score_window: window_len=17, match_len=11, line_score=0.265, ratio_lines=0.214, final_score=0.265
trace:         score_window: window_len=18, match_len=11, line_score=0.264, ratio_lines=0.207, final_score=0.264
trace:         score_window: window_len=19, match_len=11, line_score=0.350, ratio_lines=0.267, final_score=0.350
trace:         score_window: window_len=11, match_len=11, line_score=0.091, ratio_lines=0.091, final_score=0.125
trace:         score_window: window_len=10, match_len=11, line_score=0.095, ratio_lines=0.000, final_score=0.175
trace:         score_window: window_len=12, match_len=11, line_score=0.181, ratio_lines=0.174, final_score=0.181
trace:         score_window: window_len=9, match_len=11, line_score=0.100, ratio_lines=0.000, final_score=0.172
trace:         score_window: window_len=13, match_len=11, line_score=0.270, ratio_lines=0.250, final_score=0.270
trace:         score_window: window_len=8, match_len=11, line_score=0.000, ratio_lines=0.000, final_score=0.179
trace:         score_window: window_len=14, match_len=11, line_score=0.269, ratio_lines=0.240, final_score=0.269
trace:         score_window: window_len=7, match_len=11, line_score=0.000, ratio_lines=0.000, final_score=0.183
trace:         score_window: window_len=15, match_len=11, line_score=0.268, ratio_lines=0.231, final_score=0.268
trace:         score_window: window_len=16, match_len=11, line_score=0.267, ratio_lines=0.222, final_score=0.267
trace:         score_window: window_len=17, match_len=11, line_score=0.265, ratio_lines=0.214, final_score=0.265
trace:         score_window: window_len=18, match_len=11, line_score=0.352, ratio_lines=0.276, final_score=0.352
trace:         score_window: window_len=11, match_len=11, line_score=0.182, ratio_lines=0.182, final_score=0.182
trace:         score_window: window_len=10, match_len=11, line_score=0.095, ratio_lines=0.095, final_score=0.129
trace:         score_window: window_len=12, match_len=11, line_score=0.271, ratio_lines=0.261, final_score=0.271
trace:         score_window: window_len=9, match_len=11, line_score=0.100, ratio_lines=0.000, final_score=0.178
trace:         score_window: window_len=13, match_len=11, line_score=0.270, ratio_lines=0.250, final_score=0.270
trace:         score_window: window_len=8, match_len=11, line_score=0.105, ratio_lines=0.000, final_score=0.176
trace:         score_window: window_len=14, match_len=11, line_score=0.269, ratio_lines=0.240, final_score=0.269
trace:         score_window: window_len=7, match_len=11, line_score=0.000, ratio_lines=0.000, final_score=0.183
trace:         score_window: window_len=15, match_len=11, line_score=0.268, ratio_lines=0.231, final_score=0.268
trace:         score_window: window_len=16, match_len=11, line_score=0.267, ratio_lines=0.222, final_score=0.267
trace:         score_window: window_len=17, match_len=11, line_score=0.354, ratio_lines=0.286, final_score=0.354
debug:       compute_scored_windows (parallel) complete: scored 1785 window(s). Best candidate score=0.991 at line 226 (len=13).
trace:       Top fuzzy match candidates:
trace:         - Index 225, Len 13: Score 0.991 (Ratio 0.991) | Content: ["    return ret;", "}", "", "#if defined(NV_DRM_DRIVER_HAS_DUMB_DESTROY)", "int nv_drm_dumb_destroy(struct drm_file *file,", "                        struct drm_device *dev,", "                        uint32_t handle)", "{", "    return drm_gem_handle_delete(file, handle);", "}", "#endif /* NV_DRM_DRIVER_HAS_DUMB_DESTROY */", "", "/* XXX Move these vma operations to os layer */"]
trace:         - Index 224, Len 14: Score 0.986 (Ratio 0.986) | Content: ["", "    return ret;", "}", "", "#if defined(NV_DRM_DRIVER_HAS_DUMB_DESTROY)", "int nv_drm_dumb_destroy(struct drm_file *file,", "                        struct drm_device *dev,", "                        uint32_t handle)", "{", "    return drm_gem_handle_delete(file, handle);", "}", "#endif /* NV_DRM_DRIVER_HAS_DUMB_DESTROY */", "", "/* XXX Move these vma operations to os layer */"]
trace:         - Index 225, Len 14: Score 0.986 (Ratio 0.986) | Content: ["    return ret;", "}", "", "#if defined(NV_DRM_DRIVER_HAS_DUMB_DESTROY)", "int nv_drm_dumb_destroy(struct drm_file *file,", "                        struct drm_device *dev,", "                        uint32_t handle)", "{", "    return drm_gem_handle_delete(file, handle);", "}", "#endif /* NV_DRM_DRIVER_HAS_DUMB_DESTROY */", "", "/* XXX Move these vma operations to os layer */", ""]
trace:         - Index 223, Len 15: Score 0.982 (Ratio 0.982) | Content: ["    }", "", "    return ret;", "}", "", "#if defined(NV_DRM_DRIVER_HAS_DUMB_DESTROY)", "int nv_drm_dumb_destroy(struct drm_file *file,", "                        struct drm_device *dev,", "                        uint32_t handle)", "{", "    return drm_gem_handle_delete(file, handle);", "}", "#endif /* NV_DRM_DRIVER_HAS_DUMB_DESTROY */", "", "/* XXX Move these vma operations to os layer */"]
trace:         - Index 224, Len 15: Score 0.982 (Ratio 0.982) | Content: ["", "    return ret;", "}", "", "#if defined(NV_DRM_DRIVER_HAS_DUMB_DESTROY)", "int nv_drm_dumb_destroy(struct drm_file *file,", "                        struct drm_device *dev,", "                        uint32_t handle)", "{", "    return drm_gem_handle_delete(file, handle);", "}", "#endif /* NV_DRM_DRIVER_HAS_DUMB_DESTROY */", "", "/* XXX Move these vma operations to os layer */", ""]
trace:         New best score: 0.215 (ratio 0.215 [l:0.091,w:0.093]) at index 205 (window len 11)
trace:         New best score: 0.271 (ratio 0.271 [l:0.087,w:0.091]) at index 205 (window len 12)
trace:         New best score: 0.360 (ratio 0.360 [l:0.167,w:0.090]) at index 205 (window len 13)
trace:         New best score: 0.625 (ratio 0.625 [l:0.207,w:0.000]) at index 205 (window len 18)
trace:         New best score: 0.629 (ratio 0.629 [l:0.258,w:0.000]) at index 205 (window len 20)
trace:         New best score: 0.694 (ratio 0.694 [l:0.312,w:0.000]) at index 205 (window len 21)
trace:         New best score: 0.748 (ratio 0.748 [l:0.439,w:0.748]) at index 205 (window len 30)
trace:         New best score: 0.822 (ratio 0.822 [l:0.465,w:0.822]) at index 205 (window len 32)
trace:         New best score: 0.900 (ratio 0.900 [l:0.500,w:0.900]) at index 205 (window len 33)
trace:         New best score: 0.905 (ratio 0.905 [l:0.512,w:0.905]) at index 206 (window len 32)
trace:         New best score: 0.909 (ratio 0.909 [l:0.524,w:0.909]) at index 207 (window len 31)
trace:         New best score: 0.914 (ratio 0.914 [l:0.537,w:0.914]) at index 208 (window len 30)
trace:         New best score: 0.918 (ratio 0.918 [l:0.550,w:0.918]) at index 209 (window len 29)
trace:         New best score: 0.923 (ratio 0.923 [l:0.564,w:0.923]) at index 210 (window len 28)
trace:         New best score: 0.927 (ratio 0.927 [l:0.579,w:0.927]) at index 211 (window len 27)
trace:         New best score: 0.932 (ratio 0.932 [l:0.595,w:0.932]) at index 212 (window len 26)
trace:         New best score: 0.936 (ratio 0.936 [l:0.611,w:0.936]) at index 213 (window len 25)
trace:         New best score: 0.941 (ratio 0.941 [l:0.629,w:0.941]) at index 214 (window len 24)
trace:         New best score: 0.945 (ratio 0.945 [l:0.647,w:0.945]) at index 215 (window len 23)
trace:         New best score: 0.950 (ratio 0.950 [l:0.667,w:0.950]) at index 216 (window len 22)
trace:         New best score: 0.955 (ratio 0.955 [l:0.688,w:0.955]) at index 217 (window len 21)
trace:         New best score: 0.959 (ratio 0.959 [l:0.710,w:0.959]) at index 218 (window len 20)
trace:         New best score: 0.964 (ratio 0.964 [l:0.733,w:0.964]) at index 219 (window len 19)
trace:         New best score: 0.968 (ratio 0.968 [l:0.759,w:0.968]) at index 220 (window len 18)
trace:         New best score: 0.973 (ratio 0.973 [l:0.786,w:0.973]) at index 221 (window len 17)
trace:         New best score: 0.977 (ratio 0.977 [l:0.815,w:0.977]) at index 222 (window len 16)
trace:         New best score: 0.982 (ratio 0.982 [l:0.846,w:0.982]) at index 223 (window len 15)
trace:         New best score: 0.986 (ratio 0.986 [l:0.880,w:0.986]) at index 224 (window len 14)
trace:         New best score: 0.991 (ratio 0.991 [l:0.917,w:0.991]) at index 225 (window len 13)
debug:     Strategy 3 (Fuzzy): 456 window(s) met threshold 0.70
trace:       Top 3 passing candidates: [("0.991", 226, 13), ("0.986", 225, 14), ("0.986", 226, 14)]
debug:     Top fuzzy candidate: start line 226 (len=13, score=0.991)
trace:       Adding candidate location at line 225 (len=14, score=0.986)
trace:       Adding candidate location at line 226 (len=14, score=0.986)
trace:       Adding candidate location at line 224 (len=15, score=0.982)
trace:       Adding candidate location at line 225 (len=15, score=0.982)
trace:       Adding candidate location at line 226 (len=15, score=0.982)
trace:       Adding candidate location at line 223 (len=16, score=0.977)
trace:       Adding candidate location at line 224 (len=16, score=0.977)
trace:       Adding candidate location at line 225 (len=16, score=0.977)
trace:       Adding candidate location at line 226 (len=16, score=0.977)
trace:       Adding candidate location at line 222 (len=17, score=0.973)
trace:       Adding candidate location at line 223 (len=17, score=0.973)
trace:       Adding candidate location at line 224 (len=17, score=0.973)
trace:       Adding candidate location at line 225 (len=17, score=0.973)
trace:       Adding candidate location at line 226 (len=17, score=0.973)
trace:       Adding candidate location at line 221 (len=18, score=0.968)
trace:       Adding candidate location at line 222 (len=18, score=0.968)
trace:       Adding candidate location at line 223 (len=18, score=0.968)
trace:       Adding candidate location at line 224 (len=18, score=0.968)
trace:       Adding candidate location at line 225 (len=18, score=0.968)
trace:       Reached maximum candidate limit (20), stopping candidate collection
debug:     Strategy 3 (Fuzzy): selected 20 candidate location(s)
trace:   Pruned candidates by min_span 7: 20 -> 20 candidate(s)
trace: DefaultHunkFinder::find_candidate_locations: returning 20 candidate(s)
debug:   Found 20 candidate location(s) for hunk. Testing sequentially...
trace:   Evaluating candidate 1/20 at location HunkLocation { start_index: 225, length: 13 } (match_type: Fuzzy { score: 0.9909091123864671 })
debug:   Found location HunkLocation { start_index: 225, length: 13 } with match type Fuzzy { score: 0.9909091123864671 }. Applying changes.
debug:   try_apply_hunk_at_location: target line 226 (length 13), match_type=Fuzzy { score: 0.9909091123864671 }, total target lines=305.
trace: Hunk::get_match_block: extracted 11 match line(s)
trace:     Match block lines: 11 | Total hunk lines: 13
trace:     Target slice to replace: ["    return ret;", "}", "", "#if defined(NV_DRM_DRIVER_HAS_DUMB_DESTROY)", "int nv_drm_dumb_destroy(struct drm_file *file,", "                        struct drm_device *dev,", "                        uint32_t handle)", "{", "    return drm_gem_handle_delete(file, handle);", "}", "#endif /* NV_DRM_DRIVER_HAS_DUMB_DESTROY */", "", "/* XXX Move these vma operations to os layer */"]
trace:     Ellipsis flags: has_ellipsis=false, is_literal_match=false, is_wildcard_gap_match=false
debug:     Applying hunk via robust reconstruction logic (preserving file context & adjusting indent).
trace:       Fuzzy match location: start=225, len=13
trace:       File content in matched range (13 line(s)): ["    return ret;", "}", "", "#if defined(NV_DRM_DRIVER_HAS_DUMB_DESTROY)", "int nv_drm_dumb_destroy(struct drm_file *file,", "                        struct drm_device *dev,", "                        uint32_t handle)", "{", "    return drm_gem_handle_delete(file, handle);", "}", "#endif /* NV_DRM_DRIVER_HAS_DUMB_DESTROY */", "", "/* XXX Move these vma operations to os layer */"]
trace:       Parsed hunk: 11 match line(s), 0 initial addition(s).
trace: Hunk::get_match_block: extracted 11 match line(s)
trace:       Computed diff between match block and file slice: 5 operation(s), similarity ratio=0.917
trace:       Initial Indentation Context: Hunk='    ', Target='    '
trace:       Active baseline indentation: hunk='    ', target='    '
trace:       DiffOp::Equal: 3 line(s) aligned (hunk old_idx=0, file new_idx=0)
trace:         Equal: preserving target line: '    return ret;'
trace:         Equal: preserving target line: '}'
trace:         Equal: preserving target line: ''
trace:         Appended 1 addition(s) after line 2
trace:         Equal: applying addition: '#if defined(NV_DRM_DRIVER_HAS_DUMB_DESTROY)'
trace:       DiffOp::Insert: preserving 1 local insertion line(s) from target file (new_idx=3)
trace:         Preserving inserted line: '#if defined(NV_DRM_DRIVER_HAS_DUMB_DESTROY)'
trace:       DiffOp::Equal: 6 line(s) aligned (hunk old_idx=3, file new_idx=4)
trace:         Equal: preserving target line: 'int nv_drm_dumb_destroy(struct drm_file *file,'
trace:       Dynamic Indentation Update (Equal): Hunk='                        ', Target='                        '
trace:         Equal: preserving target line: '                        struct drm_device *dev,'
trace:         Equal: preserving target line: '                        uint32_t handle)'
trace:         Equal: preserving target line: '{'
trace:       Dynamic Indentation Update (Equal): Hunk='    ', Target='    '
trace:         Equal: preserving target line: '    return drm_gem_handle_delete(file, handle);'
trace:         Equal: preserving target line: '}'
trace:         Appended 1 addition(s) after line 8
trace:         Equal: applying addition: '#endif /* NV_DRM_DRIVER_HAS_DUMB_DESTROY */'
trace:       DiffOp::Insert: preserving 1 local insertion line(s) from target file (new_idx=10)
trace:         Preserving inserted line: '#endif /* NV_DRM_DRIVER_HAS_DUMB_DESTROY */'
trace:       DiffOp::Equal: 2 line(s) aligned (hunk old_idx=9, file new_idx=11)
trace:         Equal: preserving target line: ''
trace:         Equal: preserving target line: '/* XXX Move these vma operations to os layer */'
debug:     Robust reconstruction complete: produced 15 replacement line(s) for 13 target line(s).
trace:   Splicing final replacement block into target lines: range [225..238], replacement line count=15
  try_apply_hunk_at_location: successfully spliced hunk at line 226 (replaced 13 line(s), resulting target lines=307)
trace:     Replaced lines: ["    return ret;", "}", "", "#if defined(NV_DRM_DRIVER_HAS_DUMB_DESTROY)", "int nv_drm_dumb_destroy(struct drm_file *file,", "                        struct drm_device *dev,", "                        uint32_t handle)", "{", "    return drm_gem_handle_delete(file, handle);", "}", "#endif /* NV_DRM_DRIVER_HAS_DUMB_DESTROY */", "", "/* XXX Move these vma operations to os layer */"]
debug:   Candidate 1/20 at HunkLocation { start_index: 225, length: 13 } succeeded! Hunk applied cleanly.
debug:   HunkApplier: hunk 1 application outcome: Applied { location: HunkLocation { start_index: 225, length: 13 }, match_type: Fuzzy { score: 0.9909091123864671 }, replaced_lines: ["    return ret;", "}", "", "#if defined(NV_DRM_DRIVER_HAS_DUMB_DESTROY)", "int nv_drm_dumb_destroy(struct drm_file *file,", "                        struct drm_device *dev,", "                        uint32_t handle)", "{", "    return drm_gem_handle_delete(file, handle);", "}", "#endif /* NV_DRM_DRIVER_HAS_DUMB_DESTROY */", "", "/* XXX Move these vma operations to os layer */"] }
trace:   HunkApplier: hunk 1 applied at line 226 (len=13), delta=2, target lines now=307
  Applying Hunk 1/1...
debug:     Successfully applied Hunk 1 at line 226 via Fuzzy { score: 0.9909091123864671 }
trace:     Replaced lines:
trace:       -     return ret;
trace:       - }
trace:       - 
trace:       - #if defined(NV_DRM_DRIVER_HAS_DUMB_DESTROY)
trace:       - int nv_drm_dumb_destroy(struct drm_file *file,
trace:       -                         struct drm_device *dev,
trace:       -                         uint32_t handle)
trace:       - {
trace:       -     return drm_gem_handle_delete(file, handle);
trace:       - }
trace:       - #endif /* NV_DRM_DRIVER_HAS_DUMB_DESTROY */
trace:       - 
trace:       - /* XXX Move these vma operations to os layer */
debug: HunkApplier::into_content: assembling final content from 307 line(s) (touched_eof=false, patch_ends_with_newline=true, original_ends_with_newline=true)
trace: HunkApplier::into_content: resulting content has 9435 bytes (307 lines, ends_with_newline=true)
  DRY RUN: Evaluated changes for 'nvidia-drm/nvidia-drm-gem-nvkms-memory.c' (1 hunks, clean=true)
trace:   Generating diff for dry run...
debug:   [4/5] Applying patch for 'nvidia-drm/nvidia-drm-gem-nvkms-memory.h' (1 hunk(s))
Applying patch to: nvidia-drm/nvidia-drm-gem-nvkms-memory.h
debug:   apply_patch_to_file: target_dir='.', hunks=1, dry_run=true, fuzz=0.70
trace:   Checking path safety for base '.' and relative path 'nvidia-drm/nvidia-drm-gem-nvkms-memory.h'
trace:   ensure_path_is_safe: canonicalized base directory '/home/gabi/github/nvidia-390xx-utils/src/NVIDIA-Linux-x86_64-390.157-no-compat32/kernel'
trace:   ensure_path_is_safe: processing component 'Normal("nvidia-drm")' on virtual path '/home/gabi/github/nvidia-390xx-utils/src/NVIDIA-Linux-x86_64-390.157-no-compat32/kernel'
trace:   ensure_path_is_safe: processing component 'Normal("nvidia-drm-gem-nvkms-memory.h")' on virtual path '/home/gabi/github/nvidia-390xx-utils/src/NVIDIA-Linux-x86_64-390.157-no-compat32/kernel/nvidia-drm'
trace:   Path safety verified: 'nvidia-drm/nvidia-drm-gem-nvkms-memory.h' safely resolves to '/home/gabi/github/nvidia-390xx-utils/src/NVIDIA-Linux-x86_64-390.157-no-compat32/kernel/nvidia-drm/nvidia-drm-gem-nvkms-memory.h'
debug:   Resolved safe target path: '/home/gabi/github/nvidia-390xx-utils/src/NVIDIA-Linux-x86_64-390.157-no-compat32/kernel/nvidia-drm/nvidia-drm-gem-nvkms-memory.h'
debug:   Target file exists: '/home/gabi/github/nvidia-390xx-utils/src/NVIDIA-Linux-x86_64-390.157-no-compat32/kernel/nvidia-drm/nvidia-drm-gem-nvkms-memory.h'. Reading content...
trace:     Read 3074 bytes (92 lines) from target file.
debug:   Applying patch logic to content in-memory...
debug: apply_patch_to_content: patch for 'nvidia-drm/nvidia-drm-gem-nvkms-memory.h' (1 hunks), original content: 3074 bytes
debug:   apply_patch_to_lines called with 92 lines of original content.
debug: resolve_hunk_line_hints: evaluating 1 hunk(s) across 92 target lines
trace: Hunk::get_match_block: extracted 8 match line(s)
trace:   Hunk 1: already has explicit line hint 79
trace: resolve_hunk_line_hints: beginning relaxation pass 1
debug: resolve_hunk_line_hints: completed hint resolution. 1/1 hunk(s) have anchors.
debug: HunkApplier: initialized with 1 hunk(s) across 92 line(s) of target content (fuzz_factor=0.70, dry_run=true)
trace: HunkApplier::set_original_newline_status: original_ends_with_newline=true
debug: apply_hunk_to_lines: applying hunk with 10 line(s) against target with 92 line(s)
trace: Hunk::get_match_block: extracted 8 match line(s)
trace:   Match block: ["                           struct drm_device *dev, uint32_t handle,", "                           uint64_t *offset);", "", "int nv_drm_dumb_destroy(struct drm_file *file,", "                        struct drm_device *dev,", "                        uint32_t handle);", "", "extern const struct vm_operations_struct nv_drm_gem_vma_ops;"]
trace: Hunk::get_replace_block: extracted 10 replacement line(s)
trace:   Replace block: ["                           struct drm_device *dev, uint32_t handle,", "                           uint64_t *offset);", "", "#if defined(NV_DRM_DRIVER_HAS_DUMB_DESTROY)", "int nv_drm_dumb_destroy(struct drm_file *file,", "                        struct drm_device *dev,", "                        uint32_t handle);", "#endif /* NV_DRM_DRIVER_HAS_DUMB_DESTROY */", "", "extern const struct vm_operations_struct nv_drm_gem_vma_ops;"]
trace: Hunk::has_changes: true
trace: Hunk::get_match_block: extracted 8 match line(s)
trace: Hunk::required_match_span: calculated required match span as 4 line(s) (first_match_idx=Some(2), last_match_idx=Some(5))
trace: DefaultHunkFinder::find_candidate_locations: match block len=8, required_match_span=4, target lines=92
trace:   find_hunk_location_internal: match_block has 8 lines (entropy=true), target has 92 lines
trace:   find_hunk_location_internal called for a hunk with 8 lines to match against 92 target lines.
trace:     Attempting exact match for hunk (match block has 8 line(s))...
trace: tie_break_with_line_number: strategy='exact', hint=Some(79), entropy=true
trace:       No exact matches found.
trace:     Strategy 1 (Exact): no exact match found.
trace:     Attempting exact match (ignoring trailing whitespace) for hunk (match block has 8 line(s))...
trace: tie_break_with_line_number: strategy='exact (ignoring whitespace)', hint=Some(79), entropy=true
trace:       No exact (ignoring whitespace) matches found.
trace:     Strategy 2 (Whitespace-insensitive): no match found.
debug:     Strategy 3 (Fuzzy): beginning flexible window fuzzy search (threshold=0.70, match block len=0.7)
trace:       Hunk match block (8 lines): ["                           struct drm_device *dev, uint32_t handle,", "                           uint64_t *offset);", "", "int nv_drm_dumb_destroy(struct drm_file *file,", "                        struct drm_device *dev,", "                        uint32_t handle);", "", "extern const struct vm_operations_struct nv_drm_gem_vma_ops;"]
trace:       Searching with window sizes from 4 to 32 (hunk size: 8, fuzz distance: 24)
debug:       find_search_ranges: analyzing 8 match line(s) against 92 target line(s).
trace:         Identified 6 high-entropy candidate anchor line(s) (search_radius=16, max candidates to test=100)
debug:         Spatial consensus: 7 anchor(s) agree on start near line 88
debug:       Found anchor line (hunk line 8) with 1 occurrences.
trace:         Anchor text: 'extern const struct vm_operations_struct nv_drm_gem_vma_ops;'
trace:         Occurrence at target line 88: window estimated [65..92] (search radius +/-16)
trace:         Raw ranges before merging: [(64, 92)]
trace: merge_ranges: merging 1 input range(s): [(64, 92)]
trace: merge_ranges: result 1 disjoint range(s): [(64, 92)]
debug:       Search ranges merged: 1 disjoint range(s) covering 28/92 line(s) (69.6% pruned): [(64, 92)]
trace:     Using search ranges: [(64, 92)]
debug:       compute_scored_windows (parallel): evaluating 325 candidate window(s) across 1 range(s) (window lengths 4..=32)
trace:         Match block length: 8, Target line count: 92, Search ranges: [(64, 92)]
trace:         score_window: window_len=8, match_len=8, line_score=0.250, ratio_lines=0.250, final_score=0.301
trace:         score_window: window_len=7, match_len=8, line_score=0.267, ratio_lines=0.267, final_score=0.267
trace:         score_window: window_len=8, match_len=8, line_score=0.625, ratio_lines=0.625, final_score=0.654
trace:         score_window: window_len=9, match_len=8, line_score=0.248, ratio_lines=0.235, final_score=0.436
trace:         score_window: window_len=6, match_len=8, line_score=0.286, ratio_lines=0.286, final_score=0.286
trace:         score_window: window_len=7, match_len=8, line_score=0.533, ratio_lines=0.533, final_score=0.552
trace:         score_window: window_len=6, match_len=8, line_score=0.429, ratio_lines=0.429, final_score=0.485
trace:         score_window: window_len=10, match_len=8, line_score=0.247, ratio_lines=0.222, final_score=0.435
trace:         score_window: window_len=5, match_len=8, line_score=0.462, ratio_lines=0.462, final_score=0.462
trace:         score_window: window_len=4, match_len=8, line_score=0.333, ratio_lines=0.333, final_score=0.389
trace:         score_window: window_len=7, match_len=8, line_score=0.667, ratio_lines=0.667, final_score=0.673
trace:         score_window: window_len=11, match_len=8, line_score=0.245, ratio_lines=0.211, final_score=0.443
trace:         score_window: window_len=6, match_len=8, line_score=0.571, ratio_lines=0.571, final_score=0.571
trace:         score_window: window_len=5, match_len=8, line_score=0.462, ratio_lines=0.462, final_score=0.488
trace:         score_window: window_len=4, match_len=8, line_score=0.500, ratio_lines=0.500, final_score=0.500
trace:         score_window: window_len=5, match_len=8, line_score=0.615, ratio_lines=0.615, final_score=0.638
trace:         score_window: window_len=4, match_len=8, line_score=0.500, ratio_lines=0.500, final_score=0.523
trace:         score_window: window_len=12, match_len=8, line_score=0.244, ratio_lines=0.200, final_score=0.414
trace:         score_window: window_len=7, match_len=8, line_score=0.667, ratio_lines=0.667, final_score=0.667
trace:         score_window: window_len=5, match_len=8, line_score=0.615, ratio_lines=0.615, final_score=0.615
trace:         score_window: window_len=4, match_len=8, line_score=0.500, ratio_lines=0.500, final_score=0.500
trace:         score_window: window_len=13, match_len=8, line_score=0.242, ratio_lines=0.190, final_score=0.413
trace:         score_window: window_len=7, match_len=8, line_score=0.667, ratio_lines=0.667, final_score=0.667
trace:         score_window: window_len=6, match_len=8, line_score=0.571, ratio_lines=0.571, final_score=0.605
trace:         score_window: window_len=14, match_len=8, line_score=0.241, ratio_lines=0.182, final_score=0.382
trace:         score_window: window_len=5, match_len=8, line_score=0.615, ratio_lines=0.615, final_score=0.615
trace:         score_window: window_len=4, match_len=8, line_score=0.500, ratio_lines=0.500, final_score=0.506
trace:         score_window: window_len=17, match_len=8, line_score=0.354, ratio_lines=0.240, final_score=0.354
trace:         score_window: window_len=18, match_len=8, line_score=0.352, ratio_lines=0.231, final_score=0.352
trace:         score_window: window_len=8, match_len=8, line_score=0.625, ratio_lines=0.625, final_score=0.695
trace:         score_window: window_len=7, match_len=8, line_score=0.667, ratio_lines=0.667, final_score=0.708
trace:         score_window: window_len=19, match_len=8, line_score=0.466, ratio_lines=0.296, final_score=0.466
trace:         score_window: window_len=20, match_len=8, line_score=0.578, ratio_lines=0.357, final_score=0.578
trace:         score_window: window_len=9, match_len=8, line_score=0.621, ratio_lines=0.588, final_score=0.682
trace:         score_window: window_len=21, match_len=8, line_score=0.689, ratio_lines=0.414, final_score=0.689
trace:         score_window: window_len=6, match_len=8, line_score=0.571, ratio_lines=0.571, final_score=0.605
trace:         score_window: window_len=22, match_len=8, line_score=0.684, ratio_lines=0.400, final_score=0.684
trace:         score_window: window_len=10, match_len=8, line_score=0.617, ratio_lines=0.556, final_score=0.679
trace:         score_window: window_len=8, match_len=8, line_score=0.250, ratio_lines=0.250, final_score=0.451
trace:         score_window: window_len=7, match_len=8, line_score=0.267, ratio_lines=0.267, final_score=0.297
trace:         score_window: window_len=5, match_len=8, line_score=0.462, ratio_lines=0.462, final_score=0.578
trace:         score_window: window_len=9, match_len=8, line_score=0.248, ratio_lines=0.235, final_score=0.450
trace:         score_window: window_len=11, match_len=8, line_score=0.613, ratio_lines=0.526, final_score=0.617
trace:         score_window: window_len=6, match_len=8, line_score=0.286, ratio_lines=0.286, final_score=0.286
trace:         score_window: window_len=4, match_len=8, line_score=0.500, ratio_lines=0.500, final_score=0.579
trace:         score_window: window_len=8, match_len=8, line_score=0.625, ratio_lines=0.625, final_score=0.722
trace:         score_window: window_len=10, match_len=8, line_score=0.247, ratio_lines=0.222, final_score=0.456
trace:         score_window: window_len=5, match_len=8, line_score=0.308, ratio_lines=0.308, final_score=0.308
trace:         score_window: window_len=7, match_len=8, line_score=0.667, ratio_lines=0.667, final_score=0.737
trace:         score_window: window_len=9, match_len=8, line_score=0.621, ratio_lines=0.588, final_score=0.719
trace:         score_window: window_len=11, match_len=8, line_score=0.245, ratio_lines=0.211, final_score=0.426
trace:         score_window: window_len=10, match_len=8, line_score=0.617, ratio_lines=0.556, final_score=0.647
trace:         score_window: window_len=5, match_len=8, line_score=0.615, ratio_lines=0.615, final_score=0.615
trace:         score_window: window_len=12, match_len=8, line_score=0.244, ratio_lines=0.200, final_score=0.425
trace:         score_window: window_len=4, match_len=8, line_score=0.500, ratio_lines=0.500, final_score=0.574
trace:         score_window: window_len=8, match_len=8, line_score=0.500, ratio_lines=0.500, final_score=0.577
trace:         score_window: window_len=7, match_len=8, line_score=0.533, ratio_lines=0.533, final_score=0.580
trace:         score_window: window_len=13, match_len=8, line_score=0.242, ratio_lines=0.190, final_score=0.391
trace:         score_window: window_len=9, match_len=8, line_score=0.497, ratio_lines=0.471, final_score=0.513
trace:         score_window: window_len=6, match_len=8, line_score=0.571, ratio_lines=0.571, final_score=0.594
trace:         score_window: window_len=16, match_len=8, line_score=0.356, ratio_lines=0.250, final_score=0.356
trace:         score_window: window_len=5, match_len=8, line_score=0.615, ratio_lines=0.615, final_score=0.615
trace:         score_window: window_len=4, match_len=8, line_score=0.500, ratio_lines=0.500, final_score=0.500
trace:         score_window: window_len=17, match_len=8, line_score=0.354, ratio_lines=0.240, final_score=0.354
trace:         score_window: window_len=18, match_len=8, line_score=0.469, ratio_lines=0.308, final_score=0.469
trace:         score_window: window_len=8, match_len=8, line_score=0.375, ratio_lines=0.375, final_score=0.408
trace:         score_window: window_len=19, match_len=8, line_score=0.582, ratio_lines=0.370, final_score=0.582
trace:         score_window: window_len=7, match_len=8, line_score=0.400, ratio_lines=0.400, final_score=0.462
trace:         score_window: window_len=20, match_len=8, line_score=0.694, ratio_lines=0.429, final_score=0.694
trace:         score_window: window_len=6, match_len=8, line_score=0.429, ratio_lines=0.429, final_score=0.465
trace:         score_window: window_len=21, match_len=8, line_score=0.689, ratio_lines=0.414, final_score=0.689
trace:         score_window: window_len=5, match_len=8, line_score=0.462, ratio_lines=0.462, final_score=0.477
trace:         score_window: window_len=4, match_len=8, line_score=0.500, ratio_lines=0.500, final_score=0.500
trace:         score_window: window_len=7, match_len=8, line_score=0.267, ratio_lines=0.267, final_score=0.372
trace:         score_window: window_len=8, match_len=8, line_score=0.250, ratio_lines=0.250, final_score=0.453
trace:         score_window: window_len=6, match_len=8, line_score=0.286, ratio_lines=0.286, final_score=0.384
trace:         score_window: window_len=5, match_len=8, line_score=0.308, ratio_lines=0.308, final_score=0.396
trace:         score_window: window_len=4, match_len=8, line_score=0.333, ratio_lines=0.333, final_score=0.408
trace:         score_window: window_len=6, match_len=8, line_score=0.286, ratio_lines=0.286, final_score=0.315
trace:         score_window: window_len=5, match_len=8, line_score=0.308, ratio_lines=0.308, final_score=0.352
trace:         score_window: window_len=4, match_len=8, line_score=0.333, ratio_lines=0.333, final_score=0.364
trace:         score_window: window_len=7, match_len=8, line_score=0.267, ratio_lines=0.267, final_score=0.454
trace:         score_window: window_len=4, match_len=8, line_score=0.333, ratio_lines=0.333, final_score=0.333
trace:         score_window: window_len=9, match_len=8, line_score=0.248, ratio_lines=0.235, final_score=0.458
trace:         score_window: window_len=6, match_len=8, line_score=0.286, ratio_lines=0.286, final_score=0.307
trace:         score_window: window_len=8, match_len=8, line_score=0.250, ratio_lines=0.250, final_score=0.407
trace:         score_window: window_len=7, match_len=8, line_score=0.267, ratio_lines=0.267, final_score=0.445
trace:         score_window: window_len=10, match_len=8, line_score=0.247, ratio_lines=0.222, final_score=0.428
trace:         score_window: window_len=5, match_len=8, line_score=0.308, ratio_lines=0.308, final_score=0.308
trace:         score_window: window_len=9, match_len=8, line_score=0.124, ratio_lines=0.118, final_score=0.422
trace:         score_window: window_len=11, match_len=8, line_score=0.245, ratio_lines=0.211, final_score=0.427
trace:         score_window: window_len=6, match_len=8, line_score=0.143, ratio_lines=0.143, final_score=0.433
trace:         score_window: window_len=4, match_len=8, line_score=0.333, ratio_lines=0.333, final_score=0.333
trace:         score_window: window_len=10, match_len=8, line_score=0.247, ratio_lines=0.222, final_score=0.448
trace:         score_window: window_len=12, match_len=8, line_score=0.244, ratio_lines=0.200, final_score=0.393
trace:         score_window: window_len=15, match_len=8, line_score=0.359, ratio_lines=0.261, final_score=0.359
trace:         score_window: window_len=16, match_len=8, line_score=0.356, ratio_lines=0.250, final_score=0.356
trace:         score_window: window_len=5, match_len=8, line_score=0.154, ratio_lines=0.154, final_score=0.467
trace:         score_window: window_len=17, match_len=8, line_score=0.472, ratio_lines=0.320, final_score=0.472
trace:         score_window: window_len=18, match_len=8, line_score=0.586, ratio_lines=0.385, final_score=0.586
trace:         score_window: window_len=19, match_len=8, line_score=0.698, ratio_lines=0.444, final_score=0.698
trace:         score_window: window_len=11, match_len=8, line_score=0.368, ratio_lines=0.316, final_score=0.457
trace:         score_window: window_len=20, match_len=8, line_score=0.694, ratio_lines=0.429, final_score=0.694
trace:         score_window: window_len=12, match_len=8, line_score=0.366, ratio_lines=0.300, final_score=0.366
trace:         score_window: window_len=13, match_len=8, line_score=0.484, ratio_lines=0.381, final_score=0.484
trace:         score_window: window_len=14, match_len=8, line_score=0.602, ratio_lines=0.455, final_score=0.602
trace:         score_window: window_len=8, match_len=8, line_score=0.250, ratio_lines=0.250, final_score=0.460
trace:         score_window: window_len=8, match_len=8, line_score=0.125, ratio_lines=0.125, final_score=0.443
trace:         score_window: window_len=7, match_len=8, line_score=0.267, ratio_lines=0.267, final_score=0.454
trace:         score_window: window_len=7, match_len=8, line_score=0.267, ratio_lines=0.267, final_score=0.406
trace:         score_window: window_len=9, match_len=8, line_score=0.248, ratio_lines=0.235, final_score=0.429
trace:         score_window: window_len=9, match_len=8, line_score=0.248, ratio_lines=0.235, final_score=0.470
trace:         score_window: window_len=6, match_len=8, line_score=0.143, ratio_lines=0.143, final_score=0.442
trace:         score_window: window_len=6, match_len=8, line_score=0.286, ratio_lines=0.286, final_score=0.440
trace:         score_window: window_len=10, match_len=8, line_score=0.247, ratio_lines=0.222, final_score=0.428
trace:         score_window: window_len=10, match_len=8, line_score=0.370, ratio_lines=0.333, final_score=0.479
trace:         score_window: window_len=11, match_len=8, line_score=0.245, ratio_lines=0.211, final_score=0.394
trace:         score_window: window_len=5, match_len=8, line_score=0.154, ratio_lines=0.154, final_score=0.405
trace:         score_window: window_len=14, match_len=8, line_score=0.361, ratio_lines=0.273, final_score=0.361
trace:         score_window: window_len=15, match_len=8, line_score=0.359, ratio_lines=0.261, final_score=0.359
trace:         score_window: window_len=16, match_len=8, line_score=0.475, ratio_lines=0.333, final_score=0.475
trace:         score_window: window_len=17, match_len=8, line_score=0.590, ratio_lines=0.400, final_score=0.590
trace:         score_window: window_len=11, match_len=8, line_score=0.368, ratio_lines=0.316, final_score=0.444
trace:         score_window: window_len=19, match_len=8, line_score=0.698, ratio_lines=0.444, final_score=0.698
trace:         score_window: window_len=4, match_len=8, line_score=0.167, ratio_lines=0.167, final_score=0.405
trace:         score_window: window_len=12, match_len=8, line_score=0.488, ratio_lines=0.400, final_score=0.488
trace:         score_window: window_len=8, match_len=8, line_score=0.250, ratio_lines=0.250, final_score=0.442
trace:         score_window: window_len=13, match_len=8, line_score=0.605, ratio_lines=0.476, final_score=0.605
trace:         score_window: window_len=7, match_len=8, line_score=0.267, ratio_lines=0.267, final_score=0.477
trace:         score_window: window_len=9, match_len=8, line_score=0.248, ratio_lines=0.235, final_score=0.441
trace:         score_window: window_len=6, match_len=8, line_score=0.286, ratio_lines=0.286, final_score=0.430
trace:         score_window: window_len=8, match_len=8, line_score=0.250, ratio_lines=0.250, final_score=0.497
trace:         score_window: window_len=7, match_len=8, line_score=0.133, ratio_lines=0.133, final_score=0.470
trace:         score_window: window_len=10, match_len=8, line_score=0.247, ratio_lines=0.222, final_score=0.403
trace:         score_window: window_len=9, match_len=8, line_score=0.373, ratio_lines=0.353, final_score=0.507
trace:         score_window: window_len=6, match_len=8, line_score=0.286, ratio_lines=0.286, final_score=0.463
trace:         score_window: window_len=11, match_len=8, line_score=0.123, ratio_lines=0.105, final_score=0.420
trace:         score_window: window_len=10, match_len=8, line_score=0.370, ratio_lines=0.333, final_score=0.467
trace:         score_window: window_len=5, match_len=8, line_score=0.308, ratio_lines=0.308, final_score=0.506
trace:         score_window: window_len=12, match_len=8, line_score=0.244, ratio_lines=0.200, final_score=0.445
trace:         score_window: window_len=11, match_len=8, line_score=0.491, ratio_lines=0.421, final_score=0.503
trace:         score_window: window_len=4, match_len=8, line_score=0.167, ratio_lines=0.167, final_score=0.470
trace:         score_window: window_len=12, match_len=8, line_score=0.609, ratio_lines=0.500, final_score=0.609
trace:         score_window: window_len=13, match_len=8, line_score=0.363, ratio_lines=0.286, final_score=0.453
trace:         score_window: window_len=14, match_len=8, line_score=0.361, ratio_lines=0.273, final_score=0.361
trace:         score_window: window_len=15, match_len=8, line_score=0.478, ratio_lines=0.348, final_score=0.478
trace:         score_window: window_len=8, match_len=8, line_score=0.375, ratio_lines=0.375, final_score=0.562
trace:         score_window: window_len=16, match_len=8, line_score=0.594, ratio_lines=0.417, final_score=0.594
trace:         score_window: window_len=7, match_len=8, line_score=0.267, ratio_lines=0.267, final_score=0.551
trace:         score_window: window_len=8, match_len=8, line_score=0.250, ratio_lines=0.250, final_score=0.443
trace:         score_window: window_len=9, match_len=8, line_score=0.373, ratio_lines=0.353, final_score=0.512
trace:         score_window: window_len=7, match_len=8, line_score=0.267, ratio_lines=0.267, final_score=0.445
trace:         score_window: window_len=6, match_len=8, line_score=0.143, ratio_lines=0.143, final_score=0.524
trace:         score_window: window_len=9, match_len=8, line_score=0.248, ratio_lines=0.235, final_score=0.405
trace:         score_window: window_len=10, match_len=8, line_score=0.494, ratio_lines=0.444, final_score=0.512
trace:         score_window: window_len=6, match_len=8, line_score=0.286, ratio_lines=0.286, final_score=0.480
trace:         score_window: window_len=5, match_len=8, line_score=0.308, ratio_lines=0.308, final_score=0.404
trace:         score_window: window_len=11, match_len=8, line_score=0.613, ratio_lines=0.526, final_score=0.613
trace:         score_window: window_len=4, match_len=8, line_score=0.333, ratio_lines=0.333, final_score=0.403
trace:         score_window: window_len=10, match_len=8, line_score=0.123, ratio_lines=0.111, final_score=0.421
trace:         score_window: window_len=5, match_len=8, line_score=0.308, ratio_lines=0.308, final_score=0.442
trace:         score_window: window_len=8, match_len=8, line_score=0.375, ratio_lines=0.375, final_score=0.514
trace:         score_window: window_len=11, match_len=8, line_score=0.245, ratio_lines=0.211, final_score=0.447
trace:         score_window: window_len=7, match_len=8, line_score=0.400, ratio_lines=0.400, final_score=0.564
trace:         score_window: window_len=12, match_len=8, line_score=0.366, ratio_lines=0.300, final_score=0.456
trace:         score_window: window_len=9, match_len=8, line_score=0.497, ratio_lines=0.471, final_score=0.514
trace:         score_window: window_len=13, match_len=8, line_score=0.363, ratio_lines=0.286, final_score=0.363
trace:         score_window: window_len=14, match_len=8, line_score=0.481, ratio_lines=0.364, final_score=0.481
trace:         score_window: window_len=6, match_len=8, line_score=0.286, ratio_lines=0.286, final_score=0.553
trace:         score_window: window_len=15, match_len=8, line_score=0.598, ratio_lines=0.435, final_score=0.598
trace:         score_window: window_len=10, match_len=8, line_score=0.617, ratio_lines=0.556, final_score=0.617
trace:         score_window: window_len=8, match_len=8, line_score=0.500, ratio_lines=0.500, final_score=0.530
trace:         score_window: window_len=5, match_len=8, line_score=0.154, ratio_lines=0.154, final_score=0.525
trace:         score_window: window_len=7, match_len=8, line_score=0.400, ratio_lines=0.400, final_score=0.532
trace:         score_window: window_len=4, match_len=8, line_score=0.167, ratio_lines=0.167, final_score=0.390
trace:         score_window: window_len=9, match_len=8, line_score=0.621, ratio_lines=0.588, final_score=0.621
trace:         score_window: window_len=6, match_len=8, line_score=0.429, ratio_lines=0.429, final_score=0.594
trace:         score_window: window_len=5, match_len=8, line_score=0.308, ratio_lines=0.308, final_score=0.582
debug:       compute_scored_windows (parallel) complete: scored 325 window(s). Best candidate score=0.988 at line 79 (len=10).
trace:       Top fuzzy match candidates:
trace:         - Index 78, Len 10: Score 0.988 (Ratio 0.988) | Content: ["                           struct drm_device *dev, uint32_t handle,", "                           uint64_t *offset);", "", "#if defined(NV_DRM_DRIVER_HAS_DUMB_DESTROY)", "int nv_drm_dumb_destroy(struct drm_file *file,", "                        struct drm_device *dev,", "                        uint32_t handle);", "#endif /* NV_DRM_DRIVER_HAS_DUMB_DESTROY */", "", "extern const struct vm_operations_struct nv_drm_gem_vma_ops;"]
trace:         - Index 77, Len 11: Score 0.981 (Ratio 0.981) | Content: ["int nv_drm_dumb_map_offset(struct drm_file *file,", "                           struct drm_device *dev, uint32_t handle,", "                           uint64_t *offset);", "", "#if defined(NV_DRM_DRIVER_HAS_DUMB_DESTROY)", "int nv_drm_dumb_destroy(struct drm_file *file,", "                        struct drm_device *dev,", "                        uint32_t handle);", "#endif /* NV_DRM_DRIVER_HAS_DUMB_DESTROY */", "", "extern const struct vm_operations_struct nv_drm_gem_vma_ops;"]
trace:         - Index 78, Len 11: Score 0.981 (Ratio 0.981) | Content: ["                           struct drm_device *dev, uint32_t handle,", "                           uint64_t *offset);", "", "#if defined(NV_DRM_DRIVER_HAS_DUMB_DESTROY)", "int nv_drm_dumb_destroy(struct drm_file *file,", "                        struct drm_device *dev,", "                        uint32_t handle);", "#endif /* NV_DRM_DRIVER_HAS_DUMB_DESTROY */", "", "extern const struct vm_operations_struct nv_drm_gem_vma_ops;", ""]
trace:         - Index 76, Len 12: Score 0.975 (Ratio 0.975) | Content: ["", "int nv_drm_dumb_map_offset(struct drm_file *file,", "                           struct drm_device *dev, uint32_t handle,", "                           uint64_t *offset);", "", "#if defined(NV_DRM_DRIVER_HAS_DUMB_DESTROY)", "int nv_drm_dumb_destroy(struct drm_file *file,", "                        struct drm_device *dev,", "                        uint32_t handle);", "#endif /* NV_DRM_DRIVER_HAS_DUMB_DESTROY */", "", "extern const struct vm_operations_struct nv_drm_gem_vma_ops;"]
trace:         - Index 77, Len 12: Score 0.975 (Ratio 0.975) | Content: ["int nv_drm_dumb_map_offset(struct drm_file *file,", "                           struct drm_device *dev, uint32_t handle,", "                           uint64_t *offset);", "", "#if defined(NV_DRM_DRIVER_HAS_DUMB_DESTROY)", "int nv_drm_dumb_destroy(struct drm_file *file,", "                        struct drm_device *dev,", "                        uint32_t handle);", "#endif /* NV_DRM_DRIVER_HAS_DUMB_DESTROY */", "", "extern const struct vm_operations_struct nv_drm_gem_vma_ops;", ""]
trace:         New best score: 0.301 (ratio 0.301 [l:0.250,w:0.250]) at index 64 (window len 8)
trace:         New best score: 0.436 (ratio 0.436 [l:0.235,w:0.237]) at index 64 (window len 9)
trace:         New best score: 0.644 (ratio 0.644 [l:0.154,w:0.000]) at index 64 (window len 5)
trace:         New best score: 0.657 (ratio 0.657 [l:0.167,w:0.000]) at index 64 (window len 4)
trace:         New best score: 0.674 (ratio 0.674 [l:0.087,w:0.000]) at index 64 (window len 15)
trace:         New best score: 0.689 (ratio 0.689 [l:0.414,w:0.449]) at index 64 (window len 21)
trace:         New best score: 0.793 (ratio 0.793 [l:0.452,w:0.793]) at index 64 (window len 23)
trace:         New best score: 0.900 (ratio 0.900 [l:0.500,w:0.900]) at index 64 (window len 24)
trace:         New best score: 0.906 (ratio 0.906 [l:0.516,w:0.906]) at index 65 (window len 23)
trace:         New best score: 0.913 (ratio 0.913 [l:0.533,w:0.913]) at index 66 (window len 22)
trace:         New best score: 0.919 (ratio 0.919 [l:0.552,w:0.919]) at index 67 (window len 21)
trace:         New best score: 0.925 (ratio 0.925 [l:0.571,w:0.925]) at index 68 (window len 20)
trace:         New best score: 0.931 (ratio 0.931 [l:0.593,w:0.931]) at index 69 (window len 19)
trace:         New best score: 0.938 (ratio 0.938 [l:0.615,w:0.938]) at index 70 (window len 18)
trace:         New best score: 0.944 (ratio 0.944 [l:0.640,w:0.944]) at index 71 (window len 17)
trace:         New best score: 0.950 (ratio 0.950 [l:0.667,w:0.950]) at index 72 (window len 16)
trace:         New best score: 0.956 (ratio 0.956 [l:0.696,w:0.956]) at index 73 (window len 15)
trace:         New best score: 0.963 (ratio 0.963 [l:0.727,w:0.963]) at index 74 (window len 14)
trace:         New best score: 0.969 (ratio 0.969 [l:0.762,w:0.969]) at index 75 (window len 13)
trace:         New best score: 0.975 (ratio 0.975 [l:0.800,w:0.975]) at index 76 (window len 12)
trace:         New best score: 0.981 (ratio 0.981 [l:0.842,w:0.981]) at index 77 (window len 11)
trace:         New best score: 0.988 (ratio 0.988 [l:0.889,w:0.988]) at index 78 (window len 10)
debug:     Strategy 3 (Fuzzy): 131 window(s) met threshold 0.70
trace:       Top 3 passing candidates: [("0.988", 79, 10), ("0.981", 78, 11), ("0.981", 79, 11)]
debug:     Top fuzzy candidate: start line 79 (len=10, score=0.988)
trace:       Adding candidate location at line 78 (len=11, score=0.981)
trace:       Adding candidate location at line 79 (len=11, score=0.981)
trace:       Adding candidate location at line 77 (len=12, score=0.975)
trace:       Adding candidate location at line 78 (len=12, score=0.975)
trace:       Adding candidate location at line 79 (len=12, score=0.975)
trace:       Adding candidate location at line 76 (len=13, score=0.969)
trace:       Adding candidate location at line 77 (len=13, score=0.969)
trace:       Adding candidate location at line 78 (len=13, score=0.969)
trace:       Adding candidate location at line 79 (len=13, score=0.969)
trace:       Adding candidate location at line 75 (len=14, score=0.963)
trace:       Adding candidate location at line 76 (len=14, score=0.963)
trace:       Adding candidate location at line 77 (len=14, score=0.963)
trace:       Adding candidate location at line 78 (len=14, score=0.963)
trace:       Adding candidate location at line 79 (len=14, score=0.963)
trace:       Adding candidate location at line 74 (len=15, score=0.956)
trace:       Adding candidate location at line 75 (len=15, score=0.956)
trace:       Adding candidate location at line 76 (len=15, score=0.956)
trace:       Adding candidate location at line 77 (len=15, score=0.956)
trace:       Adding candidate location at line 78 (len=15, score=0.956)
trace:       Reached maximum candidate limit (20), stopping candidate collection
debug:     Strategy 3 (Fuzzy): selected 20 candidate location(s)
trace:   Pruned candidates by min_span 4: 20 -> 20 candidate(s)
trace: DefaultHunkFinder::find_candidate_locations: returning 20 candidate(s)
debug:   Found 20 candidate location(s) for hunk. Testing sequentially...
trace:   Evaluating candidate 1/20 at location HunkLocation { start_index: 78, length: 10 } (match_type: Fuzzy { score: 0.9875000073574485 })
debug:   Found location HunkLocation { start_index: 78, length: 10 } with match type Fuzzy { score: 0.9875000073574485 }. Applying changes.
debug:   try_apply_hunk_at_location: target line 79 (length 10), match_type=Fuzzy { score: 0.9875000073574485 }, total target lines=92.
trace: Hunk::get_match_block: extracted 8 match line(s)
trace:     Match block lines: 8 | Total hunk lines: 10
trace:     Target slice to replace: ["                           struct drm_device *dev, uint32_t handle,", "                           uint64_t *offset);", "", "#if defined(NV_DRM_DRIVER_HAS_DUMB_DESTROY)", "int nv_drm_dumb_destroy(struct drm_file *file,", "                        struct drm_device *dev,", "                        uint32_t handle);", "#endif /* NV_DRM_DRIVER_HAS_DUMB_DESTROY */", "", "extern const struct vm_operations_struct nv_drm_gem_vma_ops;"]
trace:     Ellipsis flags: has_ellipsis=false, is_literal_match=false, is_wildcard_gap_match=false
debug:     Applying hunk via robust reconstruction logic (preserving file context & adjusting indent).
trace:       Fuzzy match location: start=78, len=10
trace:       File content in matched range (10 line(s)): ["                           struct drm_device *dev, uint32_t handle,", "                           uint64_t *offset);", "", "#if defined(NV_DRM_DRIVER_HAS_DUMB_DESTROY)", "int nv_drm_dumb_destroy(struct drm_file *file,", "                        struct drm_device *dev,", "                        uint32_t handle);", "#endif /* NV_DRM_DRIVER_HAS_DUMB_DESTROY */", "", "extern const struct vm_operations_struct nv_drm_gem_vma_ops;"]
trace:       Parsed hunk: 8 match line(s), 0 initial addition(s).
trace: Hunk::get_match_block: extracted 8 match line(s)
trace:       Computed diff between match block and file slice: 5 operation(s), similarity ratio=0.889
trace:       Initial Indentation Context: Hunk='                           ', Target='                           '
trace:       Active baseline indentation: hunk='                           ', target='                           '
trace:       DiffOp::Equal: 3 line(s) aligned (hunk old_idx=0, file new_idx=0)
trace:         Equal: preserving target line: '                           struct drm_device *dev, uint32_t handle,'
trace:         Equal: preserving target line: '                           uint64_t *offset);'
trace:         Equal: preserving target line: ''
trace:         Appended 1 addition(s) after line 2
trace:         Equal: applying addition: '#if defined(NV_DRM_DRIVER_HAS_DUMB_DESTROY)'
trace:       DiffOp::Insert: preserving 1 local insertion line(s) from target file (new_idx=3)
trace:         Preserving inserted line: '#if defined(NV_DRM_DRIVER_HAS_DUMB_DESTROY)'
trace:       DiffOp::Equal: 3 line(s) aligned (hunk old_idx=3, file new_idx=4)
trace:         Equal: preserving target line: 'int nv_drm_dumb_destroy(struct drm_file *file,'
trace:       Dynamic Indentation Update (Equal): Hunk='                        ', Target='                        '
trace:         Equal: preserving target line: '                        struct drm_device *dev,'
trace:         Equal: preserving target line: '                        uint32_t handle);'
trace:         Appended 1 addition(s) after line 5
trace:         Equal: applying addition: '#endif /* NV_DRM_DRIVER_HAS_DUMB_DESTROY */'
trace:       DiffOp::Insert: preserving 1 local insertion line(s) from target file (new_idx=7)
trace:         Preserving inserted line: '#endif /* NV_DRM_DRIVER_HAS_DUMB_DESTROY */'
trace:       DiffOp::Equal: 2 line(s) aligned (hunk old_idx=6, file new_idx=8)
trace:         Equal: preserving target line: ''
trace:         Equal: preserving target line: 'extern const struct vm_operations_struct nv_drm_gem_vma_ops;'
debug:     Robust reconstruction complete: produced 12 replacement line(s) for 10 target line(s).
trace:   Splicing final replacement block into target lines: range [78..88], replacement line count=12
  try_apply_hunk_at_location: successfully spliced hunk at line 79 (replaced 10 line(s), resulting target lines=94)
trace:     Replaced lines: ["                           struct drm_device *dev, uint32_t handle,", "                           uint64_t *offset);", "", "#if defined(NV_DRM_DRIVER_HAS_DUMB_DESTROY)", "int nv_drm_dumb_destroy(struct drm_file *file,", "                        struct drm_device *dev,", "                        uint32_t handle);", "#endif /* NV_DRM_DRIVER_HAS_DUMB_DESTROY */", "", "extern const struct vm_operations_struct nv_drm_gem_vma_ops;"]
debug:   Candidate 1/20 at HunkLocation { start_index: 78, length: 10 } succeeded! Hunk applied cleanly.
debug:   HunkApplier: hunk 1 application outcome: Applied { location: HunkLocation { start_index: 78, length: 10 }, match_type: Fuzzy { score: 0.9875000073574485 }, replaced_lines: ["                           struct drm_device *dev, uint32_t handle,", "                           uint64_t *offset);", "", "#if defined(NV_DRM_DRIVER_HAS_DUMB_DESTROY)", "int nv_drm_dumb_destroy(struct drm_file *file,", "                        struct drm_device *dev,", "                        uint32_t handle);", "#endif /* NV_DRM_DRIVER_HAS_DUMB_DESTROY */", "", "extern const struct vm_operations_struct nv_drm_gem_vma_ops;"] }
trace:   HunkApplier: hunk 1 applied at line 79 (len=10), delta=2, target lines now=94
  Applying Hunk 1/1...
debug:     Successfully applied Hunk 1 at line 79 via Fuzzy { score: 0.9875000073574485 }
trace:     Replaced lines:
trace:       -                            struct drm_device *dev, uint32_t handle,
trace:       -                            uint64_t *offset);
trace:       - 
trace:       - #if defined(NV_DRM_DRIVER_HAS_DUMB_DESTROY)
trace:       - int nv_drm_dumb_destroy(struct drm_file *file,
trace:       -                         struct drm_device *dev,
trace:       -                         uint32_t handle);
trace:       - #endif /* NV_DRM_DRIVER_HAS_DUMB_DESTROY */
trace:       - 
trace:       - extern const struct vm_operations_struct nv_drm_gem_vma_ops;
debug: HunkApplier::into_content: assembling final content from 94 line(s) (touched_eof=false, patch_ends_with_newline=true, original_ends_with_newline=true)
trace: HunkApplier::into_content: resulting content has 3162 bytes (94 lines, ends_with_newline=true)
  DRY RUN: Evaluated changes for 'nvidia-drm/nvidia-drm-gem-nvkms-memory.h' (1 hunks, clean=true)
trace:   Generating diff for dry run...
debug:   [5/5] Applying patch for 'nvidia-drm/nvidia-drm.Kbuild' (1 hunk(s))
Applying patch to: nvidia-drm/nvidia-drm.Kbuild
debug:   apply_patch_to_file: target_dir='.', hunks=1, dry_run=true, fuzz=0.70
trace:   Checking path safety for base '.' and relative path 'nvidia-drm/nvidia-drm.Kbuild'
trace:   ensure_path_is_safe: canonicalized base directory '/home/gabi/github/nvidia-390xx-utils/src/NVIDIA-Linux-x86_64-390.157-no-compat32/kernel'
trace:   ensure_path_is_safe: processing component 'Normal("nvidia-drm")' on virtual path '/home/gabi/github/nvidia-390xx-utils/src/NVIDIA-Linux-x86_64-390.157-no-compat32/kernel'
trace:   ensure_path_is_safe: processing component 'Normal("nvidia-drm.Kbuild")' on virtual path '/home/gabi/github/nvidia-390xx-utils/src/NVIDIA-Linux-x86_64-390.157-no-compat32/kernel/nvidia-drm'
trace:   Path safety verified: 'nvidia-drm/nvidia-drm.Kbuild' safely resolves to '/home/gabi/github/nvidia-390xx-utils/src/NVIDIA-Linux-x86_64-390.157-no-compat32/kernel/nvidia-drm/nvidia-drm.Kbuild'
debug:   Resolved safe target path: '/home/gabi/github/nvidia-390xx-utils/src/NVIDIA-Linux-x86_64-390.157-no-compat32/kernel/nvidia-drm/nvidia-drm.Kbuild'
debug:   Target file exists: '/home/gabi/github/nvidia-390xx-utils/src/NVIDIA-Linux-x86_64-390.157-no-compat32/kernel/nvidia-drm/nvidia-drm.Kbuild'. Reading content...
trace:     Read 5282 bytes (108 lines) from target file.
debug:   Applying patch logic to content in-memory...
debug: apply_patch_to_content: patch for 'nvidia-drm/nvidia-drm.Kbuild' (1 hunks), original content: 5282 bytes
debug:   apply_patch_to_lines called with 108 lines of original content.
debug: resolve_hunk_line_hints: evaluating 1 hunk(s) across 108 target lines
trace: Hunk::get_match_block: extracted 5 match line(s)
trace:   Hunk 1: already has explicit line hint 107
trace: resolve_hunk_line_hints: beginning relaxation pass 1
debug: resolve_hunk_line_hints: completed hint resolution. 1/1 hunk(s) have anchors.
debug: HunkApplier: initialized with 1 hunk(s) across 108 line(s) of target content (fuzz_factor=0.70, dry_run=true)
trace: HunkApplier::set_original_newline_status: original_ends_with_newline=true
debug: apply_hunk_to_lines: applying hunk with 6 line(s) against target with 108 line(s)
trace: Hunk::get_match_block: extracted 5 match line(s)
trace:   Match block: ["NV_CONFTEST_TYPE_COMPILE_TESTS += dma_resv_reserve_fences", "NV_CONFTEST_TYPE_COMPILE_TESTS += reservation_object_reserve_shared_has_num_fences_arg", "NV_CONFTEST_TYPE_COMPILE_TESTS += drm_connector_has_override_edid", "- ", "2.20.1"]
trace: Hunk::get_replace_block: extracted 5 replacement line(s)
trace:   Replace block: ["NV_CONFTEST_TYPE_COMPILE_TESTS += dma_resv_reserve_fences", "NV_CONFTEST_TYPE_COMPILE_TESTS += reservation_object_reserve_shared_has_num_fences_arg", "NV_CONFTEST_TYPE_COMPILE_TESTS += drm_connector_has_override_edid", "NV_CONFTEST_TYPE_COMPILE_TESTS += drm_driver_has_dumb_destroy", "2.20.1"]
trace: Hunk::has_changes: true
trace: Hunk::get_match_block: extracted 5 match line(s)
trace: Hunk::required_match_span: calculated required match span as 2 line(s) (first_match_idx=Some(2), last_match_idx=Some(3))
trace: DefaultHunkFinder::find_candidate_locations: match block len=5, required_match_span=2, target lines=108
trace:   find_hunk_location_internal: match_block has 5 lines (entropy=true), target has 108 lines
trace:   find_hunk_location_internal called for a hunk with 5 lines to match against 108 target lines.
trace:     Attempting exact match for hunk (match block has 5 line(s))...
trace: tie_break_with_line_number: strategy='exact', hint=Some(107), entropy=true
trace:       No exact matches found.
trace:     Strategy 1 (Exact): no exact match found.
trace:     Attempting exact match (ignoring trailing whitespace) for hunk (match block has 5 line(s))...
trace: tie_break_with_line_number: strategy='exact (ignoring whitespace)', hint=Some(107), entropy=true
trace:       No exact (ignoring whitespace) matches found.
trace:     Strategy 2 (Whitespace-insensitive): no match found.
debug:     Strategy 3 (Fuzzy): beginning flexible window fuzzy search (threshold=0.70, match block len=0.7)
trace:       Hunk match block (5 lines): ["NV_CONFTEST_TYPE_COMPILE_TESTS += dma_resv_reserve_fences", "NV_CONFTEST_TYPE_COMPILE_TESTS += reservation_object_reserve_shared_has_num_fences_arg", "NV_CONFTEST_TYPE_COMPILE_TESTS += drm_connector_has_override_edid", "- ", "2.20.1"]
trace:       Searching with window sizes from 2 to 27 (hunk size: 5, fuzz distance: 22)
debug:       find_search_ranges: analyzing 5 match line(s) against 108 target line(s).
trace:         Identified 4 high-entropy candidate anchor line(s) (search_radius=15, max candidates to test=100)
debug:         Spatial consensus: 2 anchor(s) agree on start near line 113
debug:       Found anchor line (hunk line 2) with 1 occurrences.
trace:         Anchor text: 'NV_CONFTEST_TYPE_COMPILE_TESTS += reservation_object_reserve_shared_has_num_fences_arg'
trace:         Occurrence at target line 108: window estimated [92..108] (search radius +/-15)
trace:         Raw ranges before merging: [(91, 108)]
trace: merge_ranges: merging 1 input range(s): [(91, 108)]
trace: merge_ranges: result 1 disjoint range(s): [(91, 108)]
debug:       Search ranges merged: 1 disjoint range(s) covering 17/108 line(s) (84.3% pruned): [(91, 108)]
trace:     Using search ranges: [(91, 108)]
debug:       compute_scored_windows (parallel): evaluating 136 candidate window(s) across 1 range(s) (window lengths 2..=27)
trace:         Match block length: 5, Target line count: 108, Search ranges: [(91, 108)]
trace:         score_window: window_len=5, match_len=5, line_score=0.000, ratio_lines=0.000, final_score=0.448
trace:         score_window: window_len=4, match_len=5, line_score=0.000, ratio_lines=0.000, final_score=0.477
trace:         score_window: window_len=4, match_len=5, line_score=0.000, ratio_lines=0.000, final_score=0.477
trace:         score_window: window_len=3, match_len=5, line_score=0.000, ratio_lines=0.000, final_score=0.516
trace:         score_window: window_len=3, match_len=5, line_score=0.000, ratio_lines=0.000, final_score=0.516
trace:         score_window: window_len=2, match_len=5, line_score=0.000, ratio_lines=0.000, final_score=0.555
trace:         score_window: window_len=9, match_len=5, line_score=0.384, ratio_lines=0.286, final_score=0.384
trace:         score_window: window_len=5, match_len=5, line_score=0.000, ratio_lines=0.000, final_score=0.448
trace:         score_window: window_len=4, match_len=5, line_score=0.000, ratio_lines=0.000, final_score=0.532
trace:         score_window: window_len=4, match_len=5, line_score=0.000, ratio_lines=0.000, final_score=0.534
trace:         score_window: window_len=3, match_len=5, line_score=0.000, ratio_lines=0.000, final_score=0.516
trace:         score_window: window_len=3, match_len=5, line_score=0.000, ratio_lines=0.000, final_score=0.612
trace:         score_window: window_len=2, match_len=5, line_score=0.000, ratio_lines=0.000, final_score=0.495
trace:         score_window: window_len=8, match_len=5, line_score=0.388, ratio_lines=0.308, final_score=0.388
trace:         score_window: window_len=5, match_len=5, line_score=0.000, ratio_lines=0.000, final_score=0.448
trace:         score_window: window_len=4, match_len=5, line_score=0.000, ratio_lines=0.000, final_score=0.477
trace:         score_window: window_len=5, match_len=5, line_score=0.000, ratio_lines=0.000, final_score=0.448
trace:         score_window: window_len=3, match_len=5, line_score=0.000, ratio_lines=0.000, final_score=0.516
trace:         score_window: window_len=4, match_len=5, line_score=0.000, ratio_lines=0.000, final_score=0.477
trace:         score_window: window_len=5, match_len=5, line_score=0.000, ratio_lines=0.000, final_score=0.461
trace:         score_window: window_len=3, match_len=5, line_score=0.000, ratio_lines=0.000, final_score=0.516
trace:         score_window: window_len=7, match_len=5, line_score=0.392, ratio_lines=0.333, final_score=0.392
trace:         score_window: window_len=4, match_len=5, line_score=0.000, ratio_lines=0.000, final_score=0.521
trace:         score_window: window_len=2, match_len=5, line_score=0.000, ratio_lines=0.000, final_score=0.531
trace:         score_window: window_len=3, match_len=5, line_score=0.000, ratio_lines=0.000, final_score=0.608
trace:         score_window: window_len=14, match_len=5, line_score=0.364, ratio_lines=0.211, final_score=0.364
trace:         score_window: window_len=5, match_len=5, line_score=0.200, ratio_lines=0.200, final_score=0.508
trace:         score_window: window_len=5, match_len=5, line_score=0.000, ratio_lines=0.000, final_score=0.448
trace:         score_window: window_len=4, match_len=5, line_score=0.000, ratio_lines=0.000, final_score=0.477
trace:         score_window: window_len=6, match_len=5, line_score=0.396, ratio_lines=0.364, final_score=0.396
trace:         score_window: window_len=4, match_len=5, line_score=0.000, ratio_lines=0.000, final_score=0.477
trace:         score_window: window_len=3, match_len=5, line_score=0.000, ratio_lines=0.000, final_score=0.516
trace:         score_window: window_len=3, match_len=5, line_score=0.000, ratio_lines=0.000, final_score=0.516
trace:         score_window: window_len=2, match_len=5, line_score=0.000, ratio_lines=0.000, final_score=0.545
trace:         score_window: window_len=13, match_len=5, line_score=0.368, ratio_lines=0.222, final_score=0.368
trace:         score_window: window_len=5, match_len=5, line_score=0.400, ratio_lines=0.400, final_score=0.517
trace:         score_window: window_len=4, match_len=5, line_score=0.000, ratio_lines=0.000, final_score=0.477
trace:         score_window: window_len=4, match_len=5, line_score=0.222, ratio_lines=0.222, final_score=0.544
trace:         score_window: window_len=3, match_len=5, line_score=0.000, ratio_lines=0.000, final_score=0.516
trace:         score_window: window_len=3, match_len=5, line_score=0.000, ratio_lines=0.000, final_score=0.516
trace:         score_window: window_len=2, match_len=5, line_score=0.000, ratio_lines=0.000, final_score=0.493
trace:         score_window: window_len=12, match_len=5, line_score=0.372, ratio_lines=0.235, final_score=0.372
trace:         score_window: window_len=4, match_len=5, line_score=0.444, ratio_lines=0.444, final_score=0.602
trace:         score_window: window_len=3, match_len=5, line_score=0.250, ratio_lines=0.250, final_score=0.591
trace:         score_window: window_len=4, match_len=5, line_score=0.000, ratio_lines=0.000, final_score=0.571
trace:         score_window: window_len=3, match_len=5, line_score=0.500, ratio_lines=0.500, final_score=0.679
trace:         score_window: window_len=2, match_len=5, line_score=0.286, ratio_lines=0.286, final_score=0.479
trace:         score_window: window_len=2, match_len=5, line_score=0.571, ratio_lines=0.571, final_score=0.776
trace:         score_window: window_len=3, match_len=5, line_score=0.000, ratio_lines=0.000, final_score=0.516
trace:         score_window: window_len=2, match_len=5, line_score=0.000, ratio_lines=0.000, final_score=0.528
trace:         score_window: window_len=11, match_len=5, line_score=0.376, ratio_lines=0.250, final_score=0.376
trace:         score_window: window_len=4, match_len=5, line_score=0.000, ratio_lines=0.000, final_score=0.540
trace:         score_window: window_len=3, match_len=5, line_score=0.000, ratio_lines=0.000, final_score=0.629
trace:         score_window: window_len=2, match_len=5, line_score=0.000, ratio_lines=0.000, final_score=0.514
trace:         score_window: window_len=10, match_len=5, line_score=0.380, ratio_lines=0.267, final_score=0.380
debug:       compute_scored_windows (parallel) complete: scored 136 window(s). Best candidate score=0.776 at line 107 (len=2).
trace:       Top fuzzy match candidates:
trace:         - Index 106, Len 2: Score 0.776 (Ratio 0.776) | Content: ["NV_CONFTEST_TYPE_COMPILE_TESTS += dma_resv_reserve_fences", "NV_CONFTEST_TYPE_COMPILE_TESTS += reservation_object_reserve_shared_has_num_fences_arg"]
trace:         - Index 100, Len 5: Score 0.699 (Ratio 0.699) | Content: ["NV_CONFTEST_TYPE_COMPILE_TESTS += drm_driver_has_gem_prime_callbacks", "NV_CONFTEST_TYPE_COMPILE_TESTS += drm_crtc_atomic_check_has_atomic_state_arg", "NV_CONFTEST_TYPE_COMPILE_TESTS += drm_gem_object_vmap_has_map_arg", "NV_CONFTEST_TYPE_COMPILE_TESTS += drm_plane_atomic_check_has_atomic_state_arg", "NV_CONFTEST_TYPE_COMPILE_TESTS += drm_device_has_pdev"]
trace:         - Index 91, Len 6: Score 0.697 (Ratio 0.697) | Content: ["NV_CONFTEST_TYPE_COMPILE_TESTS += drm_driver_prime_flag_present", "NV_CONFTEST_TYPE_COMPILE_TESTS += drm_gem_prime_export_has_dev_arg", "NV_CONFTEST_TYPE_COMPILE_TESTS += vm_fault_t", "NV_CONFTEST_TYPE_COMPILE_TESTS += drm_gem_object_has_resv", "NV_CONFTEST_TYPE_COMPILE_TESTS += mm_has_mmap_lock", "NV_CONFTEST_TYPE_COMPILE_TESTS += drm_display_mode_has_vrefresh"]
trace:         - Index 96, Len 5: Score 0.693 (Ratio 0.693) | Content: ["NV_CONFTEST_TYPE_COMPILE_TESTS += drm_display_mode_has_vrefresh", "NV_CONFTEST_TYPE_COMPILE_TESTS += drm_driver_master_set_has_int_return_type", "NV_CONFTEST_TYPE_COMPILE_TESTS += drm_driver_has_gem_free_object", "NV_CONFTEST_TYPE_COMPILE_TESTS += drm_prime_pages_to_sg_has_drm_device_arg", "NV_CONFTEST_TYPE_COMPILE_TESTS += drm_driver_has_gem_prime_callbacks"]
trace:         - Index 93, Len 15: Score 0.690 (Ratio 0.690) | Content: ["NV_CONFTEST_TYPE_COMPILE_TESTS += vm_fault_t", "NV_CONFTEST_TYPE_COMPILE_TESTS += drm_gem_object_has_resv", "NV_CONFTEST_TYPE_COMPILE_TESTS += mm_has_mmap_lock", "NV_CONFTEST_TYPE_COMPILE_TESTS += drm_display_mode_has_vrefresh", "NV_CONFTEST_TYPE_COMPILE_TESTS += drm_driver_master_set_has_int_return_type", "NV_CONFTEST_TYPE_COMPILE_TESTS += drm_driver_has_gem_free_object", "NV_CONFTEST_TYPE_COMPILE_TESTS += drm_prime_pages_to_sg_has_drm_device_arg", "NV_CONFTEST_TYPE_COMPILE_TESTS += drm_driver_has_gem_prime_callbacks", "NV_CONFTEST_TYPE_COMPILE_TESTS += drm_crtc_atomic_check_has_atomic_state_arg", "NV_CONFTEST_TYPE_COMPILE_TESTS += drm_gem_object_vmap_has_map_arg", "NV_CONFTEST_TYPE_COMPILE_TESTS += drm_plane_atomic_check_has_atomic_state_arg", "NV_CONFTEST_TYPE_COMPILE_TESTS += drm_device_has_pdev", "NV_CONFTEST_TYPE_COMPILE_TESTS += dma_resv_add_fence", "NV_CONFTEST_TYPE_COMPILE_TESTS += dma_resv_reserve_fences", "NV_CONFTEST_TYPE_COMPILE_TESTS += reservation_object_reserve_shared_has_num_fences_arg"]
trace:         New best score: 0.448 (ratio 0.448 [l:0.000,w:0.640]) at index 91 (window len 5)
trace:         New best score: 0.477 (ratio 0.477 [l:0.000,w:0.682]) at index 91 (window len 4)
trace:         New best score: 0.697 (ratio 0.697 [l:0.000,w:0.000]) at index 91 (window len 6)
trace:         New best score: 0.699 (ratio 0.699 [l:0.000,w:0.000]) at index 100 (window len 5)
trace:         New best score: 0.776 (ratio 0.776 [l:0.571,w:0.688]) at index 106 (window len 2)
debug:     Strategy 3 (Fuzzy): 1 window(s) met threshold 0.70
trace:       Top 3 passing candidates: [("0.776", 107, 2)]
debug:     Top fuzzy candidate: start line 107 (len=2, score=0.776)
debug:     Strategy 3 (Fuzzy): selected 1 candidate location(s)
trace:   Pruned candidates by min_span 2: 1 -> 1 candidate(s)
trace: DefaultHunkFinder::find_candidate_locations: returning 1 candidate(s)
debug:   Found 1 candidate location(s) for hunk. Testing sequentially...
trace:   Evaluating candidate 1/1 at location HunkLocation { start_index: 106, length: 2 } (match_type: Fuzzy { score: 0.7761083960533142 })
debug:   Found location HunkLocation { start_index: 106, length: 2 } with match type Fuzzy { score: 0.7761083960533142 }. Applying changes.
debug:   try_apply_hunk_at_location: target line 107 (length 2), match_type=Fuzzy { score: 0.7761083960533142 }, total target lines=108.
trace: Hunk::get_match_block: extracted 5 match line(s)
trace:     Match block lines: 5 | Total hunk lines: 6
trace:     Target slice to replace: ["NV_CONFTEST_TYPE_COMPILE_TESTS += dma_resv_reserve_fences", "NV_CONFTEST_TYPE_COMPILE_TESTS += reservation_object_reserve_shared_has_num_fences_arg"]
trace:     Ellipsis flags: has_ellipsis=false, is_literal_match=false, is_wildcard_gap_match=false
debug:     Applying hunk via robust reconstruction logic (preserving file context & adjusting indent).
trace:       Fuzzy match location: start=106, len=2
trace:       File content in matched range (2 line(s)): ["NV_CONFTEST_TYPE_COMPILE_TESTS += dma_resv_reserve_fences", "NV_CONFTEST_TYPE_COMPILE_TESTS += reservation_object_reserve_shared_has_num_fences_arg"]
trace:       Parsed hunk: 5 match line(s), 0 initial addition(s).
trace: Hunk::get_match_block: extracted 5 match line(s)
trace:       Computed diff between match block and file slice: 2 operation(s), similarity ratio=0.571
trace:       Active baseline indentation: hunk='', target=''
trace:       DiffOp::Equal: 2 line(s) aligned (hunk old_idx=0, file new_idx=0)
trace:         Equal: preserving target line: 'NV_CONFTEST_TYPE_COMPILE_TESTS += dma_resv_reserve_fences'
trace:         Equal: preserving target line: 'NV_CONFTEST_TYPE_COMPILE_TESTS += reservation_object_reserve_shared_has_num_fences_arg'
trace:       DiffOp::Delete: 3 line(s) missing from target file (hunk old_idx=2)
warning:     Fuzzy match rejected: Tail context line(s) missing from target file.
debug:   Candidate 1/1 at HunkLocation { start_index: 106, length: 2 } failed with ContextNotFound. Backtracking...
debug:   Strict application failed for all 1 candidate(s). Retrying with fallback context reconciliation...
trace:   Evaluating candidate 1/1 with lenient reconciliation at location HunkLocation { start_index: 106, length: 2 }
debug:   Found location HunkLocation { start_index: 106, length: 2 } with match type Fuzzy { score: 0.7761083960533142 }. Applying changes.
debug:   try_apply_hunk_at_location: target line 107 (length 2), match_type=Fuzzy { score: 0.7761083960533142 }, total target lines=108.
trace: Hunk::get_match_block: extracted 5 match line(s)
trace:     Match block lines: 5 | Total hunk lines: 6
trace:     Target slice to replace: ["NV_CONFTEST_TYPE_COMPILE_TESTS += dma_resv_reserve_fences", "NV_CONFTEST_TYPE_COMPILE_TESTS += reservation_object_reserve_shared_has_num_fences_arg"]
trace:     Ellipsis flags: has_ellipsis=false, is_literal_match=false, is_wildcard_gap_match=false
debug:     Applying hunk via robust reconstruction logic (preserving file context & adjusting indent).
trace:       Fuzzy match location: start=106, len=2
trace:       File content in matched range (2 line(s)): ["NV_CONFTEST_TYPE_COMPILE_TESTS += dma_resv_reserve_fences", "NV_CONFTEST_TYPE_COMPILE_TESTS += reservation_object_reserve_shared_has_num_fences_arg"]
trace:       Parsed hunk: 5 match line(s), 0 initial addition(s).
trace: Hunk::get_match_block: extracted 5 match line(s)
trace: normalize_line_delimiters: 'NV_CONFTEST_TYPE_COMPILE_TESTS += dma_resv_reserve_fences' -> 'NV_CONFTEST_TYPE_COMPILE_TESTS += dma_resv_reserve_fences'
trace: normalize_line_delimiters: 'NV_CONFTEST_TYPE_COMPILE_TESTS += reservation_object_reserve_shared_has_num_fences_arg' -> 'NV_CONFTEST_TYPE_COMPILE_TESTS += reservation_object_reserve_shared_has_num_fences_arg'
trace: normalize_line_delimiters: 'NV_CONFTEST_TYPE_COMPILE_TESTS += drm_connector_has_override_edid' -> 'NV_CONFTEST_TYPE_COMPILE_TESTS += drm_connector_has_override_edid'
trace: normalize_line_delimiters: '- ' -> '-'
trace: normalize_line_delimiters: '2.20.1' -> '2.20.1'
trace: normalize_line_delimiters: 'NV_CONFTEST_TYPE_COMPILE_TESTS += dma_resv_reserve_fences' -> 'NV_CONFTEST_TYPE_COMPILE_TESTS += dma_resv_reserve_fences'
trace: normalize_line_delimiters: 'NV_CONFTEST_TYPE_COMPILE_TESTS += reservation_object_reserve_shared_has_num_fences_arg' -> 'NV_CONFTEST_TYPE_COMPILE_TESTS += reservation_object_reserve_shared_has_num_fences_arg'
trace:       Computed diff between match block and file slice: 2 operation(s), similarity ratio=0.571
trace:       Active baseline indentation: hunk='', target=''
trace:       DiffOp::Equal: 2 line(s) aligned (hunk old_idx=0, file new_idx=0)
trace:         Equal: preserving target line: 'NV_CONFTEST_TYPE_COMPILE_TESTS += dma_resv_reserve_fences'
trace:         Equal: preserving target line: 'NV_CONFTEST_TYPE_COMPILE_TESTS += reservation_object_reserve_shared_has_num_fences_arg'
trace:       DiffOp::Delete: 3 line(s) missing from target file (hunk old_idx=2)
warning:     Fuzzy match rejected: Tail context line(s) missing from target file.
warning:   All 1 candidate location(s) exhausted. Hunk application failed with: Context not found
debug:   HunkApplier: hunk 1 application outcome: Failed(ContextNotFound)
  Applying Hunk 1/1...
warning:   Failed to apply Hunk 1. Context not found
debug: HunkApplier::into_content: assembling final content from 108 line(s) (touched_eof=false, patch_ends_with_newline=true, original_ends_with_newline=true)
trace: HunkApplier::into_content: resulting content has 5282 bytes (108 lines, ends_with_newline=true)
  DRY RUN: Evaluated changes for 'nvidia-drm/nvidia-drm.Kbuild' (1 hunks, clean=false)
trace:   Generating diff for dry run...
debug: apply_patches_to_dir: completed 5 patch(es). all_succeeded=true, all_applied_cleanly=false

>>> Operation 1/5
----- Proposed Changes for conftest.sh -----
--- a/conftest.sh
+++ b/conftest.sh
@@ -4719,6 +4719,30 @@
             compile_check_conftest "$CODE" "NV_DRM_DRIVER_HAS_DUMB_DESTROY" "" "types"
         ;;
 
+        drm_driver_has_dumb_destroy)
+            #
+            # Determine if the 'drm_driver' structure has a 'dumb_destroy'
+            # function pointer.
+            #
+            # Removed by commit 96a7b60f6ddb2 ("drm: remove dumb_destroy
+            # callback") in v6.3 linux-next (2023-02-10).
+            #
+            CODE="
+            #if defined(NV_DRM_DRMP_H_PRESENT)
+            #include <drm/drmP.h>
+            #endif
+
+            #if defined(NV_DRM_DRM_DRV_H_PRESENT)
+            #include <drm/drm_drv.h>
+            #endif
+
+            int conftest_drm_driver_has_dumb_destroy(void) {
+                return offsetof(struct drm_driver, dumb_destroy);
+            }"
+
+            compile_check_conftest "$CODE" "NV_DRM_DRIVER_HAS_DUMB_DESTROY" "" "types"
+        ;;
+
         # When adding a new conftest entry, please use the correct format for
         # specifying the relevant upstream Linux kernel commit.
         #
------------------------------------

>>> Operation 2/5
----- Proposed Changes for nvidia-drm/nvidia-drm-drv.c -----
--- a/nvidia-drm/nvidia-drm-drv.c
+++ b/nvidia-drm/nvidia-drm-drv.c
@@ -759,8 +759,10 @@
     nv_drm_driver.dumb_create      = nv_drm_dumb_create;
     nv_drm_driver.dumb_map_offset  = nv_drm_dumb_map_offset;
 #if defined(NV_DRM_DRIVER_HAS_DUMB_DESTROY)
+#if defined(NV_DRM_DRIVER_HAS_DUMB_DESTROY)
     nv_drm_driver.dumb_destroy     = nv_drm_dumb_destroy;
 #endif /* NV_DRM_DRIVER_HAS_DUMB_DESTROY */
+#endif /* NV_DRM_DRIVER_HAS_DUMB_DESTROY */
 
 #if defined(NV_DRM_DRIVER_HAS_GEM_PRIME_CALLBACKS)
     nv_drm_driver.gem_vm_ops       = &nv_drm_gem_vma_ops;
------------------------------------

>>> Operation 3/5
----- Proposed Changes for nvidia-drm/nvidia-drm-gem-nvkms-memory.c -----
--- a/nvidia-drm/nvidia-drm-gem-nvkms-memory.c
+++ b/nvidia-drm/nvidia-drm-gem-nvkms-memory.c
@@ -227,6 +227,7 @@
 }
 
 #if defined(NV_DRM_DRIVER_HAS_DUMB_DESTROY)
+#if defined(NV_DRM_DRIVER_HAS_DUMB_DESTROY)
 int nv_drm_dumb_destroy(struct drm_file *file,
                         struct drm_device *dev,
                         uint32_t handle)
@@ -234,6 +235,7 @@
     return drm_gem_handle_delete(file, handle);
 }
 #endif /* NV_DRM_DRIVER_HAS_DUMB_DESTROY */
+#endif /* NV_DRM_DRIVER_HAS_DUMB_DESTROY */
 
 /* XXX Move these vma operations to os layer */
 
------------------------------------

>>> Operation 4/5
----- Proposed Changes for nvidia-drm/nvidia-drm-gem-nvkms-memory.h -----
--- a/nvidia-drm/nvidia-drm-gem-nvkms-memory.h
+++ b/nvidia-drm/nvidia-drm-gem-nvkms-memory.h
@@ -80,10 +80,12 @@
                            uint64_t *offset);
 
 #if defined(NV_DRM_DRIVER_HAS_DUMB_DESTROY)
+#if defined(NV_DRM_DRIVER_HAS_DUMB_DESTROY)
 int nv_drm_dumb_destroy(struct drm_file *file,
                         struct drm_device *dev,
                         uint32_t handle);
 #endif /* NV_DRM_DRIVER_HAS_DUMB_DESTROY */
+#endif /* NV_DRM_DRIVER_HAS_DUMB_DESTROY */
 
 extern const struct vm_operations_struct nv_drm_gem_vma_ops;
 
------------------------------------

>>> Operation 5/5
----- Proposed Changes for nvidia-drm/nvidia-drm.Kbuild -----
------------------------------------
error: --- FAILED to apply patch for: nvidia-drm/nvidia-drm.Kbuild
warning:   - Hunk 1 failed: Context not found
warning:     Failed Hunk Content:
warning:        NV_CONFTEST_TYPE_COMPILE_TESTS += dma_resv_reserve_fences
warning:        NV_CONFTEST_TYPE_COMPILE_TESTS += reservation_object_reserve_shared_has_num_fences_arg
warning:        NV_CONFTEST_TYPE_COMPILE_TESTS += drm_connector_has_override_edid
warning:       +NV_CONFTEST_TYPE_COMPILE_TESTS += drm_driver_has_dumb_destroy
warning:       -- 
warning:        2.20.1

--- Summary ---
Successful operations: 4
Failed operations:     1
DRY RUN completed. No files were modified.
warning: Review the log for errors. Some files may be in a partially patched state.
error: Completed with 1 failed patch operations.
