
Found 2 patch operation(s) to perform.
Fuzzy matching enabled with threshold: 0.70
debug: apply_patches_to_dir: applying 2 patch(es) to '.' (dry_run=true, fuzz=0.70)
debug:   [1/2] Applying patch for 'common/inc/nv-mm.h' (1 hunk(s))
Applying patch to: common/inc/nv-mm.h
debug:   apply_patch_to_file: target_dir='.', hunks=1, dry_run=true, fuzz=0.70
trace:   Checking path safety for base '.' and relative path 'common/inc/nv-mm.h'
trace:   ensure_path_is_safe: canonicalized base directory '/home/gabi/github/nvidia-390xx-utils/src/NVIDIA-Linux-x86_64-390.157-no-compat32/kernel'
trace:   ensure_path_is_safe: processing component 'Normal("common")' on virtual path '/home/gabi/github/nvidia-390xx-utils/src/NVIDIA-Linux-x86_64-390.157-no-compat32/kernel'
trace:   ensure_path_is_safe: processing component 'Normal("inc")' on virtual path '/home/gabi/github/nvidia-390xx-utils/src/NVIDIA-Linux-x86_64-390.157-no-compat32/kernel/common'
trace:   ensure_path_is_safe: processing component 'Normal("nv-mm.h")' on virtual path '/home/gabi/github/nvidia-390xx-utils/src/NVIDIA-Linux-x86_64-390.157-no-compat32/kernel/common/inc'
trace:   Path safety verified: 'common/inc/nv-mm.h' safely resolves to '/home/gabi/github/nvidia-390xx-utils/src/NVIDIA-Linux-x86_64-390.157-no-compat32/kernel/common/inc/nv-mm.h'
debug:   Resolved safe target path: '/home/gabi/github/nvidia-390xx-utils/src/NVIDIA-Linux-x86_64-390.157-no-compat32/kernel/common/inc/nv-mm.h'
debug:   Target file exists: '/home/gabi/github/nvidia-390xx-utils/src/NVIDIA-Linux-x86_64-390.157-no-compat32/kernel/common/inc/nv-mm.h'. Reading content...
trace:     Read 10794 bytes (308 lines) from target file.
debug:   Applying patch logic to content in-memory...
debug: apply_patch_to_content: patch for 'common/inc/nv-mm.h' (1 hunks), original content: 10794 bytes
debug:   apply_patch_to_lines called with 308 lines of original content.
debug: resolve_hunk_line_hints: evaluating 1 hunk(s) across 308 target lines
trace: Hunk::get_match_block: extracted 7 match line(s)
trace:   Hunk 1: already has explicit line hint 170
trace: resolve_hunk_line_hints: beginning relaxation pass 1
debug: resolve_hunk_line_hints: completed hint resolution. 1/1 hunk(s) have anchors.
debug: HunkApplier: initialized with 1 hunk(s) across 308 line(s) of target content (fuzz_factor=0.70, dry_run=true)
trace: HunkApplier::set_original_newline_status: original_ends_with_newline=true
debug: apply_hunk_to_lines: applying hunk with 8 line(s) against target with 308 line(s)
trace: Hunk::get_match_block: extracted 7 match line(s)
trace:   Match block: ["    #endif", "#else", "    #if defined(NV_GET_USER_PAGES_HAS_WRITE_AND_FORCE_ARGS)", "        #define NV_GET_USER_PAGES_REMOTE    NV_GET_USER_PAGES", "    #else", "        #include <linux/mm.h>", "        #include <linux/sched.h>"]
trace: Hunk::get_replace_block: extracted 7 replacement line(s)
trace:   Replace block: ["    #endif", "#else", "    #if defined(NV_GET_USER_PAGES_HAS_WRITE_AND_FORCE_ARGS)", "        #define NV_GET_USER_PAGES_REMOTE    get_user_pages", "    #else", "        #include <linux/mm.h>", "        #include <linux/sched.h>"]
trace: Hunk::has_changes: true
trace: Hunk::get_match_block: extracted 7 match line(s)
trace: Hunk::required_match_span: calculated required match span as 1 line(s) (first_match_idx=Some(3), last_match_idx=Some(3))
trace: DefaultHunkFinder::find_candidate_locations: match block len=7, required_match_span=1, target lines=308
trace:   find_hunk_location_internal: match_block has 7 lines (entropy=true), target has 308 lines
trace:   find_hunk_location_internal called for a hunk with 7 lines to match against 308 target lines.
trace:     Attempting exact match for hunk (match block has 7 line(s))...
trace: tie_break_with_line_number: strategy='exact', hint=Some(170), entropy=true
trace:       No exact matches found.
trace:     Strategy 1 (Exact): no exact match found.
trace:     Attempting exact match (ignoring trailing whitespace) for hunk (match block has 7 line(s))...
trace: tie_break_with_line_number: strategy='exact (ignoring whitespace)', hint=Some(170), entropy=true
trace:       No exact (ignoring whitespace) matches found.
trace:     Strategy 2 (Whitespace-insensitive): no match found.
debug:     Strategy 3 (Fuzzy): beginning flexible window fuzzy search (threshold=0.70, match block len=0.7)
trace:       Hunk match block (7 lines): ["    #endif", "#else", "    #if defined(NV_GET_USER_PAGES_HAS_WRITE_AND_FORCE_ARGS)", "        #define NV_GET_USER_PAGES_REMOTE    NV_GET_USER_PAGES", "    #else", "        #include <linux/mm.h>", "        #include <linux/sched.h>"]
trace:       Searching with window sizes from 2 to 30 (hunk size: 7, fuzz distance: 23)
debug:       find_search_ranges: analyzing 7 match line(s) against 308 target line(s).
trace:         Identified 7 high-entropy candidate anchor line(s) (search_radius=15, max candidates to test=100)
debug:         Spatial consensus: 3 anchor(s) agree on start near line 163
debug:       Found anchor line (hunk line 3) with 1 occurrences.
trace:         Anchor text: '#if defined(NV_GET_USER_PAGES_HAS_WRITE_AND_FORCE_ARGS)'
trace:         Occurrence at target line 172: window estimated [155..214] (search radius +/-15)
trace:         Raw ranges before merging: [(154, 214)]
trace: merge_ranges: merging 1 input range(s): [(154, 214)]
trace: merge_ranges: result 1 disjoint range(s): [(154, 214)]
debug:       Search ranges merged: 1 disjoint range(s) covering 60/308 line(s) (80.5% pruned): [(154, 214)]
trace:     Using search ranges: [(154, 214)]
debug:       compute_scored_windows (parallel): evaluating 1305 candidate window(s) across 1 range(s) (window lengths 2..=30)
trace:         Match block length: 7, Target line count: 308, Search ranges: [(154, 214)]
trace:         score_window: window_len=7, match_len=7, line_score=0.143, ratio_lines=0.000, final_score=0.226
trace:         score_window: window_len=9, match_len=7, line_score=0.000, ratio_lines=0.000, final_score=0.191
trace:         score_window: window_len=6, match_len=7, line_score=0.154, ratio_lines=0.000, final_score=0.209
trace:         score_window: window_len=10, match_len=7, line_score=0.000, ratio_lines=0.000, final_score=0.188
trace:         score_window: window_len=8, match_len=7, line_score=0.284, ratio_lines=0.000, final_score=0.284
trace:         score_window: window_len=5, match_len=7, line_score=0.167, ratio_lines=0.000, final_score=0.219
trace:         score_window: window_len=11, match_len=7, line_score=0.000, ratio_lines=0.000, final_score=0.174
trace:         score_window: window_len=9, match_len=7, line_score=0.282, ratio_lines=0.000, final_score=0.282
trace:         score_window: window_len=4, match_len=7, line_score=0.182, ratio_lines=0.000, final_score=0.243
trace:         score_window: window_len=12, match_len=7, line_score=0.000, ratio_lines=0.000, final_score=0.174
trace:         score_window: window_len=10, match_len=7, line_score=0.280, ratio_lines=0.000, final_score=0.280
trace:         score_window: window_len=13, match_len=7, line_score=0.137, ratio_lines=0.100, final_score=0.160
trace:         score_window: window_len=14, match_len=7, line_score=0.136, ratio_lines=0.095, final_score=0.136
trace:         score_window: window_len=11, match_len=7, line_score=0.278, ratio_lines=0.000, final_score=0.278
trace:         score_window: window_len=15, match_len=7, line_score=0.135, ratio_lines=0.091, final_score=0.135
trace:         score_window: window_len=16, match_len=7, line_score=0.134, ratio_lines=0.087, final_score=0.134
trace:         score_window: window_len=17, match_len=7, line_score=0.133, ratio_lines=0.083, final_score=0.133
trace:         score_window: window_len=10, match_len=7, line_score=0.000, ratio_lines=0.000, final_score=0.184
trace:         score_window: window_len=12, match_len=7, line_score=0.276, ratio_lines=0.000, final_score=0.276
trace:         score_window: window_len=11, match_len=7, line_score=0.000, ratio_lines=0.000, final_score=0.183
trace:         score_window: window_len=13, match_len=7, line_score=0.273, ratio_lines=0.000, final_score=0.273
trace:         score_window: window_len=12, match_len=7, line_score=0.138, ratio_lines=0.105, final_score=0.169
trace:         score_window: window_len=13, match_len=7, line_score=0.137, ratio_lines=0.100, final_score=0.137
trace:         score_window: window_len=14, match_len=7, line_score=0.271, ratio_lines=0.000, final_score=0.271
trace:         score_window: window_len=14, match_len=7, line_score=0.136, ratio_lines=0.095, final_score=0.136
trace:         score_window: window_len=15, match_len=7, line_score=0.135, ratio_lines=0.091, final_score=0.135
trace:         score_window: window_len=16, match_len=7, line_score=0.134, ratio_lines=0.087, final_score=0.134
trace:         score_window: window_len=17, match_len=7, line_score=0.133, ratio_lines=0.083, final_score=0.133
trace:         score_window: window_len=18, match_len=7, line_score=0.132, ratio_lines=0.080, final_score=0.132
trace:         score_window: window_len=15, match_len=7, line_score=0.269, ratio_lines=0.000, final_score=0.269
trace:         score_window: window_len=19, match_len=7, line_score=0.131, ratio_lines=0.077, final_score=0.131
trace:         score_window: window_len=16, match_len=7, line_score=0.267, ratio_lines=0.087, final_score=0.267
trace:         score_window: window_len=9, match_len=7, line_score=0.000, ratio_lines=0.000, final_score=0.195
trace:         score_window: window_len=10, match_len=7, line_score=0.000, ratio_lines=0.000, final_score=0.194
trace:         score_window: window_len=17, match_len=7, line_score=0.265, ratio_lines=0.167, final_score=0.265
trace:         score_window: window_len=18, match_len=7, line_score=0.395, ratio_lines=0.240, final_score=0.395
trace:         score_window: window_len=19, match_len=7, line_score=0.392, ratio_lines=0.231, final_score=0.392
trace:         score_window: window_len=11, match_len=7, line_score=0.139, ratio_lines=0.111, final_score=0.177
trace:         score_window: window_len=20, match_len=7, line_score=0.518, ratio_lines=0.296, final_score=0.518
trace:         score_window: window_len=21, match_len=7, line_score=0.643, ratio_lines=0.357, final_score=0.643
trace:         score_window: window_len=12, match_len=7, line_score=0.138, ratio_lines=0.105, final_score=0.138
trace:         score_window: window_len=7, match_len=7, line_score=0.286, ratio_lines=0.000, final_score=0.310
trace:         score_window: window_len=13, match_len=7, line_score=0.137, ratio_lines=0.100, final_score=0.137
trace:         score_window: window_len=8, match_len=7, line_score=0.284, ratio_lines=0.000, final_score=0.327
trace:         score_window: window_len=14, match_len=7, line_score=0.136, ratio_lines=0.095, final_score=0.136
trace:         score_window: window_len=9, match_len=7, line_score=0.282, ratio_lines=0.000, final_score=0.301
trace:         score_window: window_len=15, match_len=7, line_score=0.135, ratio_lines=0.091, final_score=0.135
trace:         score_window: window_len=10, match_len=7, line_score=0.280, ratio_lines=0.000, final_score=0.283
trace:         score_window: window_len=16, match_len=7, line_score=0.134, ratio_lines=0.087, final_score=0.134
trace:         score_window: window_len=11, match_len=7, line_score=0.278, ratio_lines=0.000, final_score=0.297
trace:         score_window: window_len=2, match_len=7, line_score=0.222, ratio_lines=0.000, final_score=0.222
trace:         score_window: window_len=17, match_len=7, line_score=0.133, ratio_lines=0.083, final_score=0.133
trace:         score_window: window_len=12, match_len=7, line_score=0.276, ratio_lines=0.000, final_score=0.276
trace:         score_window: window_len=18, match_len=7, line_score=0.132, ratio_lines=0.080, final_score=0.132
trace:         score_window: window_len=13, match_len=7, line_score=0.273, ratio_lines=0.000, final_score=0.283
trace:         score_window: window_len=8, match_len=7, line_score=0.000, ratio_lines=0.000, final_score=0.195
trace:         score_window: window_len=14, match_len=7, line_score=0.271, ratio_lines=0.000, final_score=0.271
trace:         score_window: window_len=9, match_len=7, line_score=0.000, ratio_lines=0.000, final_score=0.195
trace:         score_window: window_len=15, match_len=7, line_score=0.269, ratio_lines=0.091, final_score=0.269
trace:         score_window: window_len=10, match_len=7, line_score=0.140, ratio_lines=0.118, final_score=0.179
trace:         score_window: window_len=11, match_len=7, line_score=0.139, ratio_lines=0.111, final_score=0.139
trace:         score_window: window_len=16, match_len=7, line_score=0.267, ratio_lines=0.174, final_score=0.267
trace:         score_window: window_len=12, match_len=7, line_score=0.138, ratio_lines=0.105, final_score=0.138
trace:         score_window: window_len=17, match_len=7, line_score=0.398, ratio_lines=0.250, final_score=0.398
trace:         score_window: window_len=13, match_len=7, line_score=0.137, ratio_lines=0.100, final_score=0.137
trace:         score_window: window_len=18, match_len=7, line_score=0.395, ratio_lines=0.240, final_score=0.395
trace:         score_window: window_len=19, match_len=7, line_score=0.522, ratio_lines=0.308, final_score=0.522
trace:         score_window: window_len=14, match_len=7, line_score=0.136, ratio_lines=0.095, final_score=0.136
trace:         score_window: window_len=20, match_len=7, line_score=0.648, ratio_lines=0.370, final_score=0.648
trace:         score_window: window_len=7, match_len=7, line_score=0.286, ratio_lines=0.000, final_score=0.335
trace:         score_window: window_len=6, match_len=7, line_score=0.308, ratio_lines=0.000, final_score=0.315
trace:         score_window: window_len=15, match_len=7, line_score=0.135, ratio_lines=0.091, final_score=0.135
trace:         score_window: window_len=8, match_len=7, line_score=0.284, ratio_lines=0.000, final_score=0.305
trace:         score_window: window_len=16, match_len=7, line_score=0.134, ratio_lines=0.087, final_score=0.134
trace:         score_window: window_len=9, match_len=7, line_score=0.282, ratio_lines=0.000, final_score=0.285
trace:         score_window: window_len=17, match_len=7, line_score=0.133, ratio_lines=0.083, final_score=0.133
trace:         score_window: window_len=10, match_len=7, line_score=0.280, ratio_lines=0.000, final_score=0.300
trace:         score_window: window_len=7, match_len=7, line_score=0.000, ratio_lines=0.000, final_score=0.190
trace:         score_window: window_len=11, match_len=7, line_score=0.278, ratio_lines=0.000, final_score=0.278
trace:         score_window: window_len=2, match_len=7, line_score=0.222, ratio_lines=0.000, final_score=0.314
trace:         score_window: window_len=8, match_len=7, line_score=0.000, ratio_lines=0.000, final_score=0.182
trace:         score_window: window_len=12, match_len=7, line_score=0.276, ratio_lines=0.000, final_score=0.285
trace:         score_window: window_len=9, match_len=7, line_score=0.141, ratio_lines=0.125, final_score=0.165
trace:         score_window: window_len=10, match_len=7, line_score=0.140, ratio_lines=0.118, final_score=0.140
trace:         score_window: window_len=11, match_len=7, line_score=0.139, ratio_lines=0.111, final_score=0.139
trace:         score_window: window_len=13, match_len=7, line_score=0.273, ratio_lines=0.000, final_score=0.273
trace:         score_window: window_len=12, match_len=7, line_score=0.138, ratio_lines=0.105, final_score=0.138
trace:         score_window: window_len=13, match_len=7, line_score=0.137, ratio_lines=0.100, final_score=0.137
trace:         score_window: window_len=14, match_len=7, line_score=0.271, ratio_lines=0.095, final_score=0.271
trace:         score_window: window_len=15, match_len=7, line_score=0.269, ratio_lines=0.182, final_score=0.269
trace:         score_window: window_len=14, match_len=7, line_score=0.136, ratio_lines=0.095, final_score=0.139
trace:         score_window: window_len=16, match_len=7, line_score=0.401, ratio_lines=0.261, final_score=0.401
trace:         score_window: window_len=17, match_len=7, line_score=0.398, ratio_lines=0.250, final_score=0.398
trace:         score_window: window_len=15, match_len=7, line_score=0.135, ratio_lines=0.091, final_score=0.135
trace:         score_window: window_len=18, match_len=7, line_score=0.527, ratio_lines=0.320, final_score=0.527
trace:         score_window: window_len=19, match_len=7, line_score=0.653, ratio_lines=0.385, final_score=0.653
trace:         score_window: window_len=16, match_len=7, line_score=0.134, ratio_lines=0.087, final_score=0.134
trace:         score_window: window_len=7, match_len=7, line_score=0.286, ratio_lines=0.000, final_score=0.286
trace:         score_window: window_len=6, match_len=7, line_score=0.308, ratio_lines=0.000, final_score=0.308
trace:         score_window: window_len=17, match_len=7, line_score=0.133, ratio_lines=0.083, final_score=0.151
trace:         score_window: window_len=8, match_len=7, line_score=0.284, ratio_lines=0.000, final_score=0.284
trace:         score_window: window_len=5, match_len=7, line_score=0.333, ratio_lines=0.000, final_score=0.333
trace:         score_window: window_len=7, match_len=7, line_score=0.000, ratio_lines=0.000, final_score=0.182
trace:         score_window: window_len=9, match_len=7, line_score=0.282, ratio_lines=0.000, final_score=0.282
trace:         score_window: window_len=6, match_len=7, line_score=0.000, ratio_lines=0.000, final_score=0.183
trace:         score_window: window_len=10, match_len=7, line_score=0.280, ratio_lines=0.000, final_score=0.280
trace:         score_window: window_len=8, match_len=7, line_score=0.142, ratio_lines=0.133, final_score=0.166
trace:         score_window: window_len=9, match_len=7, line_score=0.141, ratio_lines=0.125, final_score=0.141
trace:         score_window: window_len=11, match_len=7, line_score=0.278, ratio_lines=0.000, final_score=0.278
trace:         score_window: window_len=10, match_len=7, line_score=0.140, ratio_lines=0.118, final_score=0.140
trace:         score_window: window_len=12, match_len=7, line_score=0.276, ratio_lines=0.000, final_score=0.276
trace:         score_window: window_len=11, match_len=7, line_score=0.139, ratio_lines=0.111, final_score=0.139
trace:         score_window: window_len=12, match_len=7, line_score=0.138, ratio_lines=0.105, final_score=0.138
trace:         score_window: window_len=13, match_len=7, line_score=0.273, ratio_lines=0.100, final_score=0.273
trace:         score_window: window_len=13, match_len=7, line_score=0.137, ratio_lines=0.100, final_score=0.141
trace:         score_window: window_len=14, match_len=7, line_score=0.271, ratio_lines=0.190, final_score=0.271
trace:         score_window: window_len=15, match_len=7, line_score=0.404, ratio_lines=0.273, final_score=0.404
trace:         score_window: window_len=14, match_len=7, line_score=0.136, ratio_lines=0.095, final_score=0.136
trace:         score_window: window_len=16, match_len=7, line_score=0.401, ratio_lines=0.261, final_score=0.453
trace:         score_window: window_len=15, match_len=7, line_score=0.135, ratio_lines=0.091, final_score=0.135
trace:         score_window: window_len=17, match_len=7, line_score=0.531, ratio_lines=0.333, final_score=0.531
trace:         score_window: window_len=18, match_len=7, line_score=0.658, ratio_lines=0.400, final_score=0.658
trace:         score_window: window_len=16, match_len=7, line_score=0.134, ratio_lines=0.087, final_score=0.153
trace:         score_window: window_len=7, match_len=7, line_score=0.286, ratio_lines=0.000, final_score=0.286
trace:         score_window: window_len=6, match_len=7, line_score=0.308, ratio_lines=0.000, final_score=0.308
trace:         score_window: window_len=7, match_len=7, line_score=0.143, ratio_lines=0.143, final_score=0.172
trace:         score_window: window_len=8, match_len=7, line_score=0.284, ratio_lines=0.000, final_score=0.284
trace:         score_window: window_len=5, match_len=7, line_score=0.333, ratio_lines=0.000, final_score=0.333
trace:         score_window: window_len=9, match_len=7, line_score=0.282, ratio_lines=0.000, final_score=0.282
trace:         score_window: window_len=4, match_len=7, line_score=0.364, ratio_lines=0.000, final_score=0.364
trace:         score_window: window_len=10, match_len=7, line_score=0.280, ratio_lines=0.000, final_score=0.280
trace:         score_window: window_len=6, match_len=7, line_score=0.000, ratio_lines=0.000, final_score=0.188
trace:         score_window: window_len=8, match_len=7, line_score=0.142, ratio_lines=0.133, final_score=0.142
trace:         score_window: window_len=11, match_len=7, line_score=0.278, ratio_lines=0.000, final_score=0.278
trace:         score_window: window_len=2, match_len=7, line_score=0.222, ratio_lines=0.000, final_score=0.222
trace:         score_window: window_len=5, match_len=7, line_score=0.000, ratio_lines=0.000, final_score=0.189
trace:         score_window: window_len=12, match_len=7, line_score=0.276, ratio_lines=0.105, final_score=0.276
trace:         score_window: window_len=9, match_len=7, line_score=0.141, ratio_lines=0.125, final_score=0.141
trace:         score_window: window_len=10, match_len=7, line_score=0.140, ratio_lines=0.118, final_score=0.140
trace:         score_window: window_len=13, match_len=7, line_score=0.273, ratio_lines=0.200, final_score=0.273
trace:         score_window: window_len=11, match_len=7, line_score=0.139, ratio_lines=0.111, final_score=0.139
trace:         score_window: window_len=14, match_len=7, line_score=0.407, ratio_lines=0.286, final_score=0.407
trace:         score_window: window_len=12, match_len=7, line_score=0.138, ratio_lines=0.105, final_score=0.148
trace:         score_window: window_len=15, match_len=7, line_score=0.404, ratio_lines=0.273, final_score=0.513
trace:         score_window: window_len=16, match_len=7, line_score=0.535, ratio_lines=0.348, final_score=0.535
trace:         score_window: window_len=13, match_len=7, line_score=0.137, ratio_lines=0.100, final_score=0.139
trace:         score_window: window_len=17, match_len=7, line_score=0.663, ratio_lines=0.417, final_score=0.663
trace:         score_window: window_len=14, match_len=7, line_score=0.136, ratio_lines=0.095, final_score=0.136
trace:         score_window: window_len=7, match_len=7, line_score=0.286, ratio_lines=0.000, final_score=0.286
trace:         score_window: window_len=6, match_len=7, line_score=0.308, ratio_lines=0.000, final_score=0.308
trace:         score_window: window_len=8, match_len=7, line_score=0.284, ratio_lines=0.000, final_score=0.284
trace:         score_window: window_len=5, match_len=7, line_score=0.333, ratio_lines=0.000, final_score=0.333
trace:         score_window: window_len=9, match_len=7, line_score=0.282, ratio_lines=0.000, final_score=0.282
trace:         score_window: window_len=15, match_len=7, line_score=0.135, ratio_lines=0.091, final_score=0.159
trace:         score_window: window_len=4, match_len=7, line_score=0.364, ratio_lines=0.000, final_score=0.364
trace:         score_window: window_len=10, match_len=7, line_score=0.280, ratio_lines=0.000, final_score=0.280
trace:         score_window: window_len=3, match_len=7, line_score=0.400, ratio_lines=0.000, final_score=0.400
trace:         score_window: window_len=7, match_len=7, line_score=0.143, ratio_lines=0.143, final_score=0.143
trace:         score_window: window_len=11, match_len=7, line_score=0.278, ratio_lines=0.111, final_score=0.278
trace:         score_window: window_len=2, match_len=7, line_score=0.222, ratio_lines=0.000, final_score=0.222
trace:         score_window: window_len=12, match_len=7, line_score=0.413, ratio_lines=0.211, final_score=0.413
trace:         score_window: window_len=8, match_len=7, line_score=0.142, ratio_lines=0.133, final_score=0.142
trace:         score_window: window_len=9, match_len=7, line_score=0.141, ratio_lines=0.125, final_score=0.141
trace:         score_window: window_len=13, match_len=7, line_score=0.410, ratio_lines=0.300, final_score=0.410
trace:         score_window: window_len=10, match_len=7, line_score=0.140, ratio_lines=0.118, final_score=0.140
trace:         score_window: window_len=14, match_len=7, line_score=0.407, ratio_lines=0.286, final_score=0.538
trace:         score_window: window_len=15, match_len=7, line_score=0.539, ratio_lines=0.364, final_score=0.549
trace:         score_window: window_len=11, match_len=7, line_score=0.139, ratio_lines=0.111, final_score=0.159
trace:         score_window: window_len=16, match_len=7, line_score=0.668, ratio_lines=0.435, final_score=0.668
trace:         score_window: window_len=12, match_len=7, line_score=0.138, ratio_lines=0.105, final_score=0.148
trace:         score_window: window_len=11, match_len=7, line_score=0.278, ratio_lines=0.222, final_score=0.278
trace:         score_window: window_len=2, match_len=7, line_score=0.222, ratio_lines=0.000, final_score=0.222
trace:         score_window: window_len=13, match_len=7, line_score=0.137, ratio_lines=0.100, final_score=0.144
trace:         score_window: window_len=12, match_len=7, line_score=0.413, ratio_lines=0.316, final_score=0.414
trace:         score_window: window_len=13, match_len=7, line_score=0.410, ratio_lines=0.300, final_score=0.548
trace:         score_window: window_len=14, match_len=7, line_score=0.136, ratio_lines=0.095, final_score=0.169
trace:         score_window: window_len=14, match_len=7, line_score=0.543, ratio_lines=0.381, final_score=0.559
trace:         score_window: window_len=15, match_len=7, line_score=0.673, ratio_lines=0.455, final_score=0.673
trace:         score_window: window_len=10, match_len=7, line_score=0.140, ratio_lines=0.118, final_score=0.168
trace:         score_window: window_len=10, match_len=7, line_score=0.280, ratio_lines=0.235, final_score=0.280
trace:         score_window: window_len=11, match_len=7, line_score=0.139, ratio_lines=0.111, final_score=0.156
trace:         score_window: window_len=11, match_len=7, line_score=0.416, ratio_lines=0.333, final_score=0.416
trace:         score_window: window_len=2, match_len=7, line_score=0.222, ratio_lines=0.000, final_score=0.222
trace:         score_window: window_len=12, match_len=7, line_score=0.413, ratio_lines=0.316, final_score=0.550
trace:         score_window: window_len=12, match_len=7, line_score=0.138, ratio_lines=0.105, final_score=0.151
trace:         score_window: window_len=13, match_len=7, line_score=0.547, ratio_lines=0.400, final_score=0.561
trace:         score_window: window_len=13, match_len=7, line_score=0.137, ratio_lines=0.100, final_score=0.176
trace:         score_window: window_len=14, match_len=7, line_score=0.679, ratio_lines=0.476, final_score=0.679
trace:         score_window: window_len=9, match_len=7, line_score=0.282, ratio_lines=0.250, final_score=0.282
trace:         score_window: window_len=14, match_len=7, line_score=0.136, ratio_lines=0.095, final_score=0.166
trace:         score_window: window_len=10, match_len=7, line_score=0.419, ratio_lines=0.353, final_score=0.424
trace:         score_window: window_len=11, match_len=7, line_score=0.416, ratio_lines=0.333, final_score=0.559
trace:         score_window: window_len=15, match_len=7, line_score=0.135, ratio_lines=0.091, final_score=0.162
trace:         score_window: window_len=12, match_len=7, line_score=0.551, ratio_lines=0.421, final_score=0.570
trace:         score_window: window_len=9, match_len=7, line_score=0.141, ratio_lines=0.125, final_score=0.180
trace:         score_window: window_len=13, match_len=7, line_score=0.684, ratio_lines=0.500, final_score=0.684
trace:         score_window: window_len=8, match_len=7, line_score=0.284, ratio_lines=0.267, final_score=0.284
trace:         score_window: window_len=10, match_len=7, line_score=0.140, ratio_lines=0.118, final_score=0.166
trace:         score_window: window_len=9, match_len=7, line_score=0.422, ratio_lines=0.375, final_score=0.426
trace:         score_window: window_len=11, match_len=7, line_score=0.139, ratio_lines=0.111, final_score=0.161
trace:         score_window: window_len=10, match_len=7, line_score=0.419, ratio_lines=0.353, final_score=0.561
trace:         score_window: window_len=11, match_len=7, line_score=0.555, ratio_lines=0.444, final_score=0.573
trace:         score_window: window_len=12, match_len=7, line_score=0.138, ratio_lines=0.105, final_score=0.185
trace:         score_window: window_len=12, match_len=7, line_score=0.689, ratio_lines=0.526, final_score=0.689
trace:         score_window: window_len=7, match_len=7, line_score=0.286, ratio_lines=0.286, final_score=0.286
trace:         score_window: window_len=8, match_len=7, line_score=0.426, ratio_lines=0.400, final_score=0.426
trace:         score_window: window_len=13, match_len=7, line_score=0.137, ratio_lines=0.100, final_score=0.174
trace:         score_window: window_len=9, match_len=7, line_score=0.422, ratio_lines=0.375, final_score=0.664
trace:         score_window: window_len=10, match_len=7, line_score=0.559, ratio_lines=0.471, final_score=0.676
trace:         score_window: window_len=14, match_len=7, line_score=0.136, ratio_lines=0.095, final_score=0.170
trace:         score_window: window_len=11, match_len=7, line_score=0.694, ratio_lines=0.556, final_score=0.758
trace:         score_window: window_len=8, match_len=7, line_score=0.142, ratio_lines=0.133, final_score=0.184
trace:         score_window: window_len=7, match_len=7, line_score=0.429, ratio_lines=0.429, final_score=0.429
trace:         score_window: window_len=6, match_len=7, line_score=0.308, ratio_lines=0.308, final_score=0.308
trace:         score_window: window_len=8, match_len=7, line_score=0.426, ratio_lines=0.400, final_score=0.694
trace:         score_window: window_len=9, match_len=7, line_score=0.141, ratio_lines=0.125, final_score=0.170
trace:         score_window: window_len=9, match_len=7, line_score=0.563, ratio_lines=0.500, final_score=0.705
trace:         score_window: window_len=10, match_len=7, line_score=0.699, ratio_lines=0.588, final_score=0.713
trace:         score_window: window_len=2, match_len=7, line_score=0.222, ratio_lines=0.000, final_score=0.222
trace:         score_window: window_len=10, match_len=7, line_score=0.140, ratio_lines=0.118, final_score=0.164
trace:         score_window: window_len=7, match_len=7, line_score=0.429, ratio_lines=0.429, final_score=0.697
trace:         score_window: window_len=6, match_len=7, line_score=0.462, ratio_lines=0.462, final_score=0.462
trace:         score_window: window_len=11, match_len=7, line_score=0.139, ratio_lines=0.111, final_score=0.189
trace:         score_window: window_len=8, match_len=7, line_score=0.567, ratio_lines=0.533, final_score=0.708
trace:         score_window: window_len=5, match_len=7, line_score=0.333, ratio_lines=0.333, final_score=0.333
trace:         score_window: window_len=2, match_len=7, line_score=0.222, ratio_lines=0.000, final_score=0.222
trace:         score_window: window_len=12, match_len=7, line_score=0.138, ratio_lines=0.105, final_score=0.177
trace:         score_window: window_len=7, match_len=7, line_score=0.571, ratio_lines=0.571, final_score=0.726
trace:         score_window: window_len=6, match_len=7, line_score=0.462, ratio_lines=0.462, final_score=0.715
trace:         score_window: window_len=5, match_len=7, line_score=0.500, ratio_lines=0.500, final_score=0.500
trace:         score_window: window_len=13, match_len=7, line_score=0.137, ratio_lines=0.100, final_score=0.173
trace:         score_window: window_len=4, match_len=7, line_score=0.364, ratio_lines=0.364, final_score=0.364
trace:         score_window: window_len=10, match_len=7, line_score=0.140, ratio_lines=0.118, final_score=0.224
trace:         score_window: window_len=6, match_len=7, line_score=0.615, ratio_lines=0.615, final_score=0.731
trace:         score_window: window_len=5, match_len=7, line_score=0.500, ratio_lines=0.500, final_score=0.718
trace:         score_window: window_len=4, match_len=7, line_score=0.545, ratio_lines=0.545, final_score=0.545
trace:         score_window: window_len=3, match_len=7, line_score=0.400, ratio_lines=0.400, final_score=0.400
trace:         score_window: window_len=2, match_len=7, line_score=0.222, ratio_lines=0.222, final_score=0.222
trace:         score_window: window_len=11, match_len=7, line_score=0.139, ratio_lines=0.111, final_score=0.208
trace:         score_window: window_len=2, match_len=7, line_score=0.222, ratio_lines=0.222, final_score=0.222
trace:         score_window: window_len=5, match_len=7, line_score=0.667, ratio_lines=0.667, final_score=0.725
trace:         score_window: window_len=4, match_len=7, line_score=0.545, ratio_lines=0.545, final_score=0.725
trace:         score_window: window_len=3, match_len=7, line_score=0.600, ratio_lines=0.600, final_score=0.600
trace:         score_window: window_len=2, match_len=7, line_score=0.444, ratio_lines=0.444, final_score=0.444
trace:         score_window: window_len=12, match_len=7, line_score=0.138, ratio_lines=0.105, final_score=0.202
trace:         score_window: window_len=5, match_len=7, line_score=0.667, ratio_lines=0.667, final_score=0.760
trace:         score_window: window_len=4, match_len=7, line_score=0.545, ratio_lines=0.545, final_score=0.701
trace:         score_window: window_len=13, match_len=7, line_score=0.137, ratio_lines=0.100, final_score=0.190
trace:         score_window: window_len=10, match_len=7, line_score=0.699, ratio_lines=0.588, final_score=0.699
trace:         score_window: window_len=9, match_len=7, line_score=0.141, ratio_lines=0.125, final_score=0.232
trace:         score_window: window_len=3, match_len=7, line_score=0.400, ratio_lines=0.400, final_score=0.685
trace:         score_window: window_len=10, match_len=7, line_score=0.140, ratio_lines=0.118, final_score=0.215
trace:         score_window: window_len=11, match_len=7, line_score=0.694, ratio_lines=0.556, final_score=0.694
trace:         score_window: window_len=2, match_len=7, line_score=0.444, ratio_lines=0.444, final_score=0.444
trace:         score_window: window_len=11, match_len=7, line_score=0.139, ratio_lines=0.111, final_score=0.208
trace:         score_window: window_len=2, match_len=7, line_score=0.222, ratio_lines=0.222, final_score=0.222
trace:         score_window: window_len=12, match_len=7, line_score=0.689, ratio_lines=0.526, final_score=0.689
trace:         score_window: window_len=13, match_len=7, line_score=0.684, ratio_lines=0.500, final_score=0.684
trace:         score_window: window_len=12, match_len=7, line_score=0.138, ratio_lines=0.105, final_score=0.195
trace:         score_window: window_len=14, match_len=7, line_score=0.679, ratio_lines=0.476, final_score=0.679
trace:         score_window: window_len=15, match_len=7, line_score=0.673, ratio_lines=0.455, final_score=0.673
trace:         score_window: window_len=8, match_len=7, line_score=0.142, ratio_lines=0.000, final_score=0.200
trace:         score_window: window_len=16, match_len=7, line_score=0.668, ratio_lines=0.435, final_score=0.668
trace:         score_window: window_len=17, match_len=7, line_score=0.663, ratio_lines=0.417, final_score=0.663
trace:         score_window: window_len=9, match_len=7, line_score=0.141, ratio_lines=0.000, final_score=0.166
trace:         score_window: window_len=18, match_len=7, line_score=0.658, ratio_lines=0.400, final_score=0.658
trace:         score_window: window_len=19, match_len=7, line_score=0.653, ratio_lines=0.385, final_score=0.653
trace:         score_window: window_len=10, match_len=7, line_score=0.140, ratio_lines=0.000, final_score=0.179
trace:         score_window: window_len=20, match_len=7, line_score=0.648, ratio_lines=0.370, final_score=0.648
trace:         score_window: window_len=21, match_len=7, line_score=0.643, ratio_lines=0.357, final_score=0.643
trace:         score_window: window_len=11, match_len=7, line_score=0.139, ratio_lines=0.000, final_score=0.170
trace:         score_window: window_len=2, match_len=7, line_score=0.222, ratio_lines=0.000, final_score=0.222
trace:         score_window: window_len=22, match_len=7, line_score=0.638, ratio_lines=0.345, final_score=0.638
trace:         score_window: window_len=23, match_len=7, line_score=0.633, ratio_lines=0.333, final_score=0.633
trace:         score_window: window_len=7, match_len=7, line_score=0.000, ratio_lines=0.000, final_score=0.142
trace:         score_window: window_len=24, match_len=7, line_score=0.628, ratio_lines=0.323, final_score=0.628
trace:         score_window: window_len=25, match_len=7, line_score=0.622, ratio_lines=0.312, final_score=0.622
trace:         score_window: window_len=8, match_len=7, line_score=0.000, ratio_lines=0.000, final_score=0.112
trace:         score_window: window_len=26, match_len=7, line_score=0.617, ratio_lines=0.303, final_score=0.617
trace:         score_window: window_len=9, match_len=7, line_score=0.000, ratio_lines=0.000, final_score=0.127
trace:         score_window: window_len=27, match_len=7, line_score=0.612, ratio_lines=0.294, final_score=0.612
trace:         score_window: window_len=28, match_len=7, line_score=0.607, ratio_lines=0.286, final_score=0.607
trace:         score_window: window_len=29, match_len=7, line_score=0.602, ratio_lines=0.278, final_score=0.602
trace:         score_window: window_len=10, match_len=7, line_score=0.000, ratio_lines=0.000, final_score=0.123
trace:         score_window: window_len=30, match_len=7, line_score=0.597, ratio_lines=0.270, final_score=0.597
trace:         score_window: window_len=7, match_len=7, line_score=0.000, ratio_lines=0.000, final_score=0.168
trace:         score_window: window_len=7, match_len=7, line_score=0.571, ratio_lines=0.571, final_score=0.712
trace:         score_window: window_len=6, match_len=7, line_score=0.615, ratio_lines=0.615, final_score=0.776
trace:         score_window: window_len=6, match_len=7, line_score=0.000, ratio_lines=0.000, final_score=0.183
trace:         score_window: window_len=8, match_len=7, line_score=0.567, ratio_lines=0.533, final_score=0.676
trace:         score_window: window_len=5, match_len=7, line_score=0.667, ratio_lines=0.667, final_score=0.805
trace:         score_window: window_len=8, match_len=7, line_score=0.000, ratio_lines=0.000, final_score=0.164
trace:         score_window: window_len=9, match_len=7, line_score=0.563, ratio_lines=0.500, final_score=0.646
trace:         score_window: window_len=9, match_len=7, line_score=0.000, ratio_lines=0.000, final_score=0.154
trace:         score_window: window_len=7, match_len=7, line_score=0.000, ratio_lines=0.000, final_score=0.129
trace:         score_window: window_len=4, match_len=7, line_score=0.545, ratio_lines=0.545, final_score=0.762
trace:         score_window: window_len=6, match_len=7, line_score=0.000, ratio_lines=0.000, final_score=0.114
trace:         score_window: window_len=8, match_len=7, line_score=0.000, ratio_lines=0.000, final_score=0.124
trace:         score_window: window_len=10, match_len=7, line_score=0.559, ratio_lines=0.471, final_score=0.613
trace:         score_window: window_len=3, match_len=7, line_score=0.400, ratio_lines=0.400, final_score=0.665
trace:         score_window: window_len=5, match_len=7, line_score=0.000, ratio_lines=0.000, final_score=0.144
trace:         score_window: window_len=11, match_len=7, line_score=0.555, ratio_lines=0.444, final_score=0.599
trace:         score_window: window_len=7, match_len=7, line_score=0.000, ratio_lines=0.000, final_score=0.127
trace:         score_window: window_len=2, match_len=7, line_score=0.222, ratio_lines=0.222, final_score=0.645
trace:         score_window: window_len=12, match_len=7, line_score=0.551, ratio_lines=0.421, final_score=0.551
trace:         score_window: window_len=13, match_len=7, line_score=0.547, ratio_lines=0.400, final_score=0.547
trace:         score_window: window_len=6, match_len=7, line_score=0.000, ratio_lines=0.000, final_score=0.114
trace:         score_window: window_len=14, match_len=7, line_score=0.543, ratio_lines=0.381, final_score=0.543
trace:         score_window: window_len=15, match_len=7, line_score=0.539, ratio_lines=0.364, final_score=0.539
trace:         score_window: window_len=16, match_len=7, line_score=0.535, ratio_lines=0.348, final_score=0.535
trace:         score_window: window_len=5, match_len=7, line_score=0.000, ratio_lines=0.000, final_score=0.097
trace:         score_window: window_len=17, match_len=7, line_score=0.531, ratio_lines=0.333, final_score=0.531
trace:         score_window: window_len=18, match_len=7, line_score=0.527, ratio_lines=0.320, final_score=0.527
trace:         score_window: window_len=19, match_len=7, line_score=0.522, ratio_lines=0.308, final_score=0.522
trace:         score_window: window_len=4, match_len=7, line_score=0.000, ratio_lines=0.000, final_score=0.127
trace:         score_window: window_len=20, match_len=7, line_score=0.518, ratio_lines=0.296, final_score=0.518
trace:         score_window: window_len=21, match_len=7, line_score=0.514, ratio_lines=0.286, final_score=0.514
trace:         score_window: window_len=7, match_len=7, line_score=0.000, ratio_lines=0.000, final_score=0.156
trace:         score_window: window_len=22, match_len=7, line_score=0.510, ratio_lines=0.276, final_score=0.510
trace:         score_window: window_len=23, match_len=7, line_score=0.506, ratio_lines=0.267, final_score=0.506
trace:         score_window: window_len=6, match_len=7, line_score=0.000, ratio_lines=0.000, final_score=0.170
trace:         score_window: window_len=24, match_len=7, line_score=0.502, ratio_lines=0.258, final_score=0.502
trace:         score_window: window_len=25, match_len=7, line_score=0.498, ratio_lines=0.250, final_score=0.498
trace:         score_window: window_len=8, match_len=7, line_score=0.000, ratio_lines=0.000, final_score=0.151
trace:         score_window: window_len=26, match_len=7, line_score=0.494, ratio_lines=0.242, final_score=0.494
trace:         score_window: window_len=27, match_len=7, line_score=0.490, ratio_lines=0.235, final_score=0.490
trace:         score_window: window_len=7, match_len=7, line_score=0.000, ratio_lines=0.000, final_score=0.124
trace:         score_window: window_len=28, match_len=7, line_score=0.486, ratio_lines=0.229, final_score=0.486
trace:         score_window: window_len=29, match_len=7, line_score=0.482, ratio_lines=0.222, final_score=0.482
trace:         score_window: window_len=6, match_len=7, line_score=0.000, ratio_lines=0.000, final_score=0.106
trace:         score_window: window_len=30, match_len=7, line_score=0.478, ratio_lines=0.216, final_score=0.478
trace:         score_window: window_len=7, match_len=7, line_score=0.429, ratio_lines=0.429, final_score=0.479
trace:         score_window: window_len=8, match_len=7, line_score=0.000, ratio_lines=0.000, final_score=0.109
trace:         score_window: window_len=6, match_len=7, line_score=0.462, ratio_lines=0.462, final_score=0.530
trace:         score_window: window_len=5, match_len=7, line_score=0.000, ratio_lines=0.000, final_score=0.140
trace:         score_window: window_len=8, match_len=7, line_score=0.426, ratio_lines=0.400, final_score=0.452
trace:         score_window: window_len=5, match_len=7, line_score=0.500, ratio_lines=0.500, final_score=0.653
trace:         score_window: window_len=9, match_len=7, line_score=0.422, ratio_lines=0.375, final_score=0.426
trace:         score_window: window_len=7, match_len=7, line_score=0.000, ratio_lines=0.000, final_score=0.127
trace:         score_window: window_len=4, match_len=7, line_score=0.545, ratio_lines=0.545, final_score=0.679
trace:         score_window: window_len=6, match_len=7, line_score=0.000, ratio_lines=0.000, final_score=0.127
trace:         score_window: window_len=10, match_len=7, line_score=0.419, ratio_lines=0.353, final_score=0.419
trace:         score_window: window_len=3, match_len=7, line_score=0.400, ratio_lines=0.400, final_score=0.532
trace:         score_window: window_len=5, match_len=7, line_score=0.000, ratio_lines=0.000, final_score=0.109
trace:         score_window: window_len=11, match_len=7, line_score=0.416, ratio_lines=0.333, final_score=0.416
trace:         score_window: window_len=2, match_len=7, line_score=0.222, ratio_lines=0.222, final_score=0.347
trace:         score_window: window_len=4, match_len=7, line_score=0.000, ratio_lines=0.000, final_score=0.145
trace:         score_window: window_len=12, match_len=7, line_score=0.413, ratio_lines=0.316, final_score=0.413
trace:         score_window: window_len=13, match_len=7, line_score=0.410, ratio_lines=0.300, final_score=0.410
trace:         score_window: window_len=14, match_len=7, line_score=0.407, ratio_lines=0.286, final_score=0.407
trace:         score_window: window_len=7, match_len=7, line_score=0.000, ratio_lines=0.000, final_score=0.143
trace:         score_window: window_len=15, match_len=7, line_score=0.404, ratio_lines=0.273, final_score=0.404
trace:         score_window: window_len=16, match_len=7, line_score=0.401, ratio_lines=0.261, final_score=0.401
trace:         score_window: window_len=17, match_len=7, line_score=0.398, ratio_lines=0.250, final_score=0.398
trace:         score_window: window_len=6, match_len=7, line_score=0.000, ratio_lines=0.000, final_score=0.151
trace:         score_window: window_len=18, match_len=7, line_score=0.395, ratio_lines=0.240, final_score=0.395
trace:         score_window: window_len=19, match_len=7, line_score=0.392, ratio_lines=0.231, final_score=0.392
trace:         score_window: window_len=5, match_len=7, line_score=0.000, ratio_lines=0.000, final_score=0.135
trace:         score_window: window_len=20, match_len=7, line_score=0.389, ratio_lines=0.222, final_score=0.389
trace:         score_window: window_len=21, match_len=7, line_score=0.386, ratio_lines=0.214, final_score=0.386
trace:         score_window: window_len=4, match_len=7, line_score=0.000, ratio_lines=0.000, final_score=0.112
trace:         score_window: window_len=7, match_len=7, line_score=0.429, ratio_lines=0.429, final_score=0.429
trace:         score_window: window_len=6, match_len=7, line_score=0.462, ratio_lines=0.462, final_score=0.462
trace:         score_window: window_len=7, match_len=7, line_score=0.000, ratio_lines=0.000, final_score=0.111
trace:         score_window: window_len=8, match_len=7, line_score=0.426, ratio_lines=0.400, final_score=0.426
trace:         score_window: window_len=5, match_len=7, line_score=0.500, ratio_lines=0.500, final_score=0.500
trace:         score_window: window_len=6, match_len=7, line_score=0.000, ratio_lines=0.000, final_score=0.120
trace:         score_window: window_len=9, match_len=7, line_score=0.422, ratio_lines=0.375, final_score=0.422
trace:         score_window: window_len=4, match_len=7, line_score=0.545, ratio_lines=0.545, final_score=0.564
trace:         score_window: window_len=10, match_len=7, line_score=0.419, ratio_lines=0.353, final_score=0.419
trace:         score_window: window_len=3, match_len=7, line_score=0.600, ratio_lines=0.600, final_score=0.600
trace:         score_window: window_len=8, match_len=7, line_score=0.000, ratio_lines=0.000, final_score=0.109
trace:         score_window: window_len=11, match_len=7, line_score=0.416, ratio_lines=0.333, final_score=0.416
trace:         score_window: window_len=2, match_len=7, line_score=0.444, ratio_lines=0.444, final_score=0.444
trace:         score_window: window_len=5, match_len=7, line_score=0.000, ratio_lines=0.000, final_score=0.124
trace:         score_window: window_len=12, match_len=7, line_score=0.413, ratio_lines=0.316, final_score=0.413
trace:         score_window: window_len=13, match_len=7, line_score=0.410, ratio_lines=0.300, final_score=0.410
trace:         score_window: window_len=7, match_len=7, line_score=0.000, ratio_lines=0.000, final_score=0.111
trace:         score_window: window_len=14, match_len=7, line_score=0.407, ratio_lines=0.286, final_score=0.407
trace:         score_window: window_len=6, match_len=7, line_score=0.000, ratio_lines=0.000, final_score=0.098
trace:         score_window: window_len=15, match_len=7, line_score=0.404, ratio_lines=0.273, final_score=0.404
trace:         score_window: window_len=16, match_len=7, line_score=0.401, ratio_lines=0.261, final_score=0.401
trace:         score_window: window_len=5, match_len=7, line_score=0.000, ratio_lines=0.000, final_score=0.122
trace:         score_window: window_len=17, match_len=7, line_score=0.398, ratio_lines=0.250, final_score=0.398
trace:         score_window: window_len=18, match_len=7, line_score=0.395, ratio_lines=0.240, final_score=0.395
trace:         score_window: window_len=19, match_len=7, line_score=0.392, ratio_lines=0.231, final_score=0.392
trace:         score_window: window_len=4, match_len=7, line_score=0.000, ratio_lines=0.000, final_score=0.127
trace:         score_window: window_len=20, match_len=7, line_score=0.389, ratio_lines=0.222, final_score=0.389
trace:         score_window: window_len=21, match_len=7, line_score=0.386, ratio_lines=0.214, final_score=0.386
trace:         score_window: window_len=6, match_len=7, line_score=0.000, ratio_lines=0.000, final_score=0.132
trace:         score_window: window_len=7, match_len=7, line_score=0.286, ratio_lines=0.286, final_score=0.286
trace:         score_window: window_len=5, match_len=7, line_score=0.000, ratio_lines=0.000, final_score=0.117
trace:         score_window: window_len=6, match_len=7, line_score=0.308, ratio_lines=0.308, final_score=0.308
trace:         score_window: window_len=4, match_len=7, line_score=0.000, ratio_lines=0.000, final_score=0.148
trace:         score_window: window_len=8, match_len=7, line_score=0.284, ratio_lines=0.267, final_score=0.284
trace:         score_window: window_len=5, match_len=7, line_score=0.333, ratio_lines=0.333, final_score=0.333
trace:         score_window: window_len=3, match_len=7, line_score=0.000, ratio_lines=0.000, final_score=0.162
trace:         score_window: window_len=9, match_len=7, line_score=0.282, ratio_lines=0.250, final_score=0.282
trace:         score_window: window_len=4, match_len=7, line_score=0.364, ratio_lines=0.364, final_score=0.364
trace:         score_window: window_len=6, match_len=7, line_score=0.000, ratio_lines=0.000, final_score=0.127
trace:         score_window: window_len=10, match_len=7, line_score=0.280, ratio_lines=0.235, final_score=0.280
trace:         score_window: window_len=3, match_len=7, line_score=0.400, ratio_lines=0.400, final_score=0.436
trace:         score_window: window_len=5, match_len=7, line_score=0.000, ratio_lines=0.000, final_score=0.103
trace:         score_window: window_len=11, match_len=7, line_score=0.278, ratio_lines=0.222, final_score=0.278
trace:         score_window: window_len=2, match_len=7, line_score=0.444, ratio_lines=0.444, final_score=0.460
trace:         score_window: window_len=4, match_len=7, line_score=0.000, ratio_lines=0.000, final_score=0.085
trace:         score_window: window_len=12, match_len=7, line_score=0.276, ratio_lines=0.211, final_score=0.276
trace:         score_window: window_len=13, match_len=7, line_score=0.273, ratio_lines=0.200, final_score=0.273
trace:         score_window: window_len=5, match_len=7, line_score=0.000, ratio_lines=0.000, final_score=0.117
trace:         score_window: window_len=14, match_len=7, line_score=0.271, ratio_lines=0.190, final_score=0.271
trace:         score_window: window_len=4, match_len=7, line_score=0.000, ratio_lines=0.000, final_score=0.082
trace:         score_window: window_len=3, match_len=7, line_score=0.000, ratio_lines=0.000, final_score=0.085
trace:         score_window: window_len=15, match_len=7, line_score=0.269, ratio_lines=0.182, final_score=0.269
trace:         score_window: window_len=4, match_len=7, line_score=0.000, ratio_lines=0.000, final_score=0.142
trace:         score_window: window_len=7, match_len=7, line_score=0.143, ratio_lines=0.143, final_score=0.272
trace:         score_window: window_len=3, match_len=7, line_score=0.000, ratio_lines=0.000, final_score=0.168
trace:         score_window: window_len=6, match_len=7, line_score=0.154, ratio_lines=0.154, final_score=0.281
trace:         score_window: window_len=7, match_len=7, line_score=0.000, ratio_lines=0.000, final_score=0.225
trace:         score_window: window_len=8, match_len=7, line_score=0.142, ratio_lines=0.133, final_score=0.264
trace:         score_window: window_len=8, match_len=7, line_score=0.000, ratio_lines=0.000, final_score=0.212
trace:         score_window: window_len=5, match_len=7, line_score=0.167, ratio_lines=0.167, final_score=0.302
trace:         score_window: window_len=9, match_len=7, line_score=0.000, ratio_lines=0.000, final_score=0.209
trace:         score_window: window_len=9, match_len=7, line_score=0.141, ratio_lines=0.125, final_score=0.250
trace:         score_window: window_len=4, match_len=7, line_score=0.182, ratio_lines=0.182, final_score=0.296
trace:         score_window: window_len=10, match_len=7, line_score=0.000, ratio_lines=0.000, final_score=0.200
trace:         score_window: window_len=11, match_len=7, line_score=0.000, ratio_lines=0.000, final_score=0.184
trace:         score_window: window_len=10, match_len=7, line_score=0.140, ratio_lines=0.118, final_score=0.232
trace:         score_window: window_len=12, match_len=7, line_score=0.000, ratio_lines=0.000, final_score=0.175
trace:         score_window: window_len=11, match_len=7, line_score=0.139, ratio_lines=0.111, final_score=0.231
trace:         score_window: window_len=2, match_len=7, line_score=0.222, ratio_lines=0.222, final_score=0.222
trace:         score_window: window_len=13, match_len=7, line_score=0.000, ratio_lines=0.000, final_score=0.163
trace:         score_window: window_len=12, match_len=7, line_score=0.138, ratio_lines=0.105, final_score=0.219
trace:         score_window: window_len=14, match_len=7, line_score=0.000, ratio_lines=0.000, final_score=0.161
trace:         score_window: window_len=13, match_len=7, line_score=0.137, ratio_lines=0.100, final_score=0.219
trace:         score_window: window_len=14, match_len=7, line_score=0.136, ratio_lines=0.095, final_score=0.214
trace:         score_window: window_len=15, match_len=7, line_score=0.000, ratio_lines=0.000, final_score=0.145
trace:         score_window: window_len=15, match_len=7, line_score=0.135, ratio_lines=0.091, final_score=0.204
trace:         score_window: window_len=16, match_len=7, line_score=0.000, ratio_lines=0.000, final_score=0.144
trace:         score_window: window_len=7, match_len=7, line_score=0.000, ratio_lines=0.000, final_score=0.252
trace:         score_window: window_len=6, match_len=7, line_score=0.000, ratio_lines=0.000, final_score=0.260
trace:         score_window: window_len=17, match_len=7, line_score=0.133, ratio_lines=0.083, final_score=0.133
trace:         score_window: window_len=18, match_len=7, line_score=0.132, ratio_lines=0.080, final_score=0.132
trace:         score_window: window_len=8, match_len=7, line_score=0.000, ratio_lines=0.000, final_score=0.238
trace:         score_window: window_len=19, match_len=7, line_score=0.131, ratio_lines=0.077, final_score=0.131
trace:         score_window: window_len=5, match_len=7, line_score=0.000, ratio_lines=0.000, final_score=0.268
trace:         score_window: window_len=20, match_len=7, line_score=0.130, ratio_lines=0.074, final_score=0.130
trace:         score_window: window_len=9, match_len=7, line_score=0.000, ratio_lines=0.000, final_score=0.219
trace:         score_window: window_len=21, match_len=7, line_score=0.129, ratio_lines=0.071, final_score=0.129
trace:         score_window: window_len=10, match_len=7, line_score=0.000, ratio_lines=0.000, final_score=0.218
trace:         score_window: window_len=7, match_len=7, line_score=0.000, ratio_lines=0.000, final_score=0.210
trace:         score_window: window_len=8, match_len=7, line_score=0.000, ratio_lines=0.000, final_score=0.207
trace:         score_window: window_len=11, match_len=7, line_score=0.000, ratio_lines=0.000, final_score=0.207
trace:         score_window: window_len=9, match_len=7, line_score=0.000, ratio_lines=0.000, final_score=0.197
trace:         score_window: window_len=12, match_len=7, line_score=0.000, ratio_lines=0.000, final_score=0.207
trace:         score_window: window_len=10, match_len=7, line_score=0.000, ratio_lines=0.000, final_score=0.180
trace:         score_window: window_len=13, match_len=7, line_score=0.000, ratio_lines=0.000, final_score=0.202
trace:         score_window: window_len=11, match_len=7, line_score=0.000, ratio_lines=0.000, final_score=0.170
trace:         score_window: window_len=12, match_len=7, line_score=0.000, ratio_lines=0.000, final_score=0.157
trace:         score_window: window_len=14, match_len=7, line_score=0.000, ratio_lines=0.000, final_score=0.193
trace:         score_window: window_len=13, match_len=7, line_score=0.000, ratio_lines=0.000, final_score=0.156
trace:         score_window: window_len=15, match_len=7, line_score=0.000, ratio_lines=0.000, final_score=0.189
trace:         score_window: window_len=14, match_len=7, line_score=0.000, ratio_lines=0.000, final_score=0.152
trace:         score_window: window_len=7, match_len=7, line_score=0.000, ratio_lines=0.000, final_score=0.238
trace:         score_window: window_len=6, match_len=7, line_score=0.000, ratio_lines=0.000, final_score=0.252
trace:         score_window: window_len=15, match_len=7, line_score=0.000, ratio_lines=0.000, final_score=0.151
trace:         score_window: window_len=8, match_len=7, line_score=0.000, ratio_lines=0.000, final_score=0.219
trace:         score_window: window_len=16, match_len=7, line_score=0.134, ratio_lines=0.087, final_score=0.139
trace:         score_window: window_len=5, match_len=7, line_score=0.000, ratio_lines=0.000, final_score=0.260
trace:         score_window: window_len=17, match_len=7, line_score=0.133, ratio_lines=0.083, final_score=0.133
trace:         score_window: window_len=18, match_len=7, line_score=0.132, ratio_lines=0.080, final_score=0.132
trace:         score_window: window_len=9, match_len=7, line_score=0.000, ratio_lines=0.000, final_score=0.218
trace:         score_window: window_len=19, match_len=7, line_score=0.131, ratio_lines=0.077, final_score=0.131
trace:         score_window: window_len=4, match_len=7, line_score=0.000, ratio_lines=0.000, final_score=0.268
trace:         score_window: window_len=20, match_len=7, line_score=0.130, ratio_lines=0.074, final_score=0.130
trace:         score_window: window_len=10, match_len=7, line_score=0.000, ratio_lines=0.000, final_score=0.207
trace:         score_window: window_len=9, match_len=7, line_score=0.000, ratio_lines=0.000, final_score=0.219
trace:         score_window: window_len=11, match_len=7, line_score=0.000, ratio_lines=0.000, final_score=0.207
trace:         score_window: window_len=10, match_len=7, line_score=0.000, ratio_lines=0.000, final_score=0.206
trace:         score_window: window_len=12, match_len=7, line_score=0.000, ratio_lines=0.000, final_score=0.202
trace:         score_window: window_len=11, match_len=7, line_score=0.000, ratio_lines=0.000, final_score=0.189
trace:         score_window: window_len=12, match_len=7, line_score=0.000, ratio_lines=0.000, final_score=0.187
trace:         score_window: window_len=13, match_len=7, line_score=0.000, ratio_lines=0.000, final_score=0.193
trace:         score_window: window_len=14, match_len=7, line_score=0.000, ratio_lines=0.000, final_score=0.189
trace:         score_window: window_len=13, match_len=7, line_score=0.000, ratio_lines=0.000, final_score=0.181
trace:         score_window: window_len=7, match_len=7, line_score=0.000, ratio_lines=0.000, final_score=0.233
trace:         score_window: window_len=14, match_len=7, line_score=0.000, ratio_lines=0.000, final_score=0.180
trace:         score_window: window_len=8, match_len=7, line_score=0.000, ratio_lines=0.000, final_score=0.226
trace:         score_window: window_len=9, match_len=7, line_score=0.000, ratio_lines=0.000, final_score=0.194
trace:         score_window: window_len=15, match_len=7, line_score=0.135, ratio_lines=0.091, final_score=0.166
trace:         score_window: window_len=16, match_len=7, line_score=0.134, ratio_lines=0.087, final_score=0.134
trace:         score_window: window_len=10, match_len=7, line_score=0.000, ratio_lines=0.000, final_score=0.192
trace:         score_window: window_len=17, match_len=7, line_score=0.133, ratio_lines=0.083, final_score=0.133
trace:         score_window: window_len=11, match_len=7, line_score=0.000, ratio_lines=0.000, final_score=0.184
trace:         score_window: window_len=18, match_len=7, line_score=0.132, ratio_lines=0.080, final_score=0.132
trace:         score_window: window_len=12, match_len=7, line_score=0.000, ratio_lines=0.000, final_score=0.171
trace:         score_window: window_len=19, match_len=7, line_score=0.131, ratio_lines=0.077, final_score=0.131
trace:         score_window: window_len=9, match_len=7, line_score=0.000, ratio_lines=0.000, final_score=0.197
trace:         score_window: window_len=13, match_len=7, line_score=0.000, ratio_lines=0.000, final_score=0.163
trace:         score_window: window_len=10, match_len=7, line_score=0.000, ratio_lines=0.000, final_score=0.180
trace:         score_window: window_len=14, match_len=7, line_score=0.000, ratio_lines=0.000, final_score=0.152
trace:         score_window: window_len=11, match_len=7, line_score=0.000, ratio_lines=0.000, final_score=0.177
trace:         score_window: window_len=15, match_len=7, line_score=0.000, ratio_lines=0.000, final_score=0.151
trace:         score_window: window_len=12, match_len=7, line_score=0.000, ratio_lines=0.000, final_score=0.180
trace:         score_window: window_len=13, match_len=7, line_score=0.000, ratio_lines=0.000, final_score=0.179
trace:         score_window: window_len=14, match_len=7, line_score=0.136, ratio_lines=0.095, final_score=0.166
trace:         score_window: window_len=15, match_len=7, line_score=0.135, ratio_lines=0.091, final_score=0.135
trace:         score_window: window_len=16, match_len=7, line_score=0.134, ratio_lines=0.087, final_score=0.134
trace:         score_window: window_len=17, match_len=7, line_score=0.133, ratio_lines=0.083, final_score=0.133
trace:         score_window: window_len=18, match_len=7, line_score=0.132, ratio_lines=0.080, final_score=0.132
debug:       compute_scored_windows (parallel) complete: scored 1305 window(s). Best candidate score=0.857 at line 170 (len=7).
trace:       Top fuzzy match candidates:
trace:         - Index 169, Len 7: Score 0.857 (Ratio 0.857) | Content: ["    #endif", "#else", "    #if defined(NV_GET_USER_PAGES_HAS_WRITE_AND_FORCE_ARGS)", "        #define NV_GET_USER_PAGES_REMOTE    get_user_pages", "    #else", "        #include <linux/mm.h>", "        #include <linux/sched.h>"]
trace:         - Index 168, Len 8: Score 0.851 (Ratio 0.851) | Content: ["        }", "    #endif", "#else", "    #if defined(NV_GET_USER_PAGES_HAS_WRITE_AND_FORCE_ARGS)", "        #define NV_GET_USER_PAGES_REMOTE    get_user_pages", "    #else", "        #include <linux/mm.h>", "        #include <linux/sched.h>"]
trace:         - Index 169, Len 8: Score 0.851 (Ratio 0.851) | Content: ["    #endif", "#else", "    #if defined(NV_GET_USER_PAGES_HAS_WRITE_AND_FORCE_ARGS)", "        #define NV_GET_USER_PAGES_REMOTE    get_user_pages", "    #else", "        #include <linux/mm.h>", "        #include <linux/sched.h>", ""]
trace:         - Index 167, Len 9: Score 0.845 (Ratio 0.845) | Content: ["", "        }", "    #endif", "#else", "    #if defined(NV_GET_USER_PAGES_HAS_WRITE_AND_FORCE_ARGS)", "        #define NV_GET_USER_PAGES_REMOTE    get_user_pages", "    #else", "        #include <linux/mm.h>", "        #include <linux/sched.h>"]
trace:         - Index 168, Len 9: Score 0.845 (Ratio 0.845) | Content: ["        }", "    #endif", "#else", "    #if defined(NV_GET_USER_PAGES_HAS_WRITE_AND_FORCE_ARGS)", "        #define NV_GET_USER_PAGES_REMOTE    get_user_pages", "    #else", "        #include <linux/mm.h>", "        #include <linux/sched.h>", ""]
trace:         New best score: 0.226 (ratio 0.226 [l:0.000,w:0.063]) at index 154 (window len 7)
trace:         New best score: 0.284 (ratio 0.284 [l:0.000,w:0.062]) at index 154 (window len 8)
trace:         New best score: 0.690 (ratio 0.690 [l:0.000,w:0.000]) at index 154 (window len 3)
trace:         New best score: 0.765 (ratio 0.765 [l:0.414,w:0.765]) at index 154 (window len 22)
trace:         New best score: 0.771 (ratio 0.771 [l:0.429,w:0.771]) at index 155 (window len 21)
trace:         New best score: 0.778 (ratio 0.778 [l:0.444,w:0.778]) at index 156 (window len 20)
trace:         New best score: 0.784 (ratio 0.784 [l:0.462,w:0.784]) at index 157 (window len 19)
trace:         New best score: 0.790 (ratio 0.790 [l:0.480,w:0.790]) at index 158 (window len 18)
trace:         New best score: 0.796 (ratio 0.796 [l:0.500,w:0.796]) at index 159 (window len 17)
trace:         New best score: 0.802 (ratio 0.802 [l:0.522,w:0.802]) at index 160 (window len 16)
trace:         New best score: 0.808 (ratio 0.808 [l:0.545,w:0.808]) at index 161 (window len 15)
trace:         New best score: 0.814 (ratio 0.814 [l:0.571,w:0.814]) at index 162 (window len 14)
trace:         New best score: 0.820 (ratio 0.820 [l:0.600,w:0.820]) at index 163 (window len 13)
trace:         New best score: 0.827 (ratio 0.827 [l:0.632,w:0.827]) at index 164 (window len 12)
trace:         New best score: 0.833 (ratio 0.833 [l:0.667,w:0.833]) at index 165 (window len 11)
trace:         New best score: 0.839 (ratio 0.839 [l:0.706,w:0.839]) at index 166 (window len 10)
trace:         New best score: 0.845 (ratio 0.845 [l:0.750,w:0.845]) at index 167 (window len 9)
trace:         New best score: 0.851 (ratio 0.851 [l:0.800,w:0.851]) at index 168 (window len 8)
trace:         New best score: 0.857 (ratio 0.857 [l:0.857,w:0.857]) at index 169 (window len 7)
debug:     Strategy 3 (Fuzzy): 288 window(s) met threshold 0.70
trace:       Top 3 passing candidates: [("0.857", 170, 7), ("0.851", 169, 8), ("0.851", 170, 8)]
debug:     Top fuzzy candidate: start line 170 (len=7, score=0.857)
trace:       Adding candidate location at line 169 (len=8, score=0.851)
trace:       Adding candidate location at line 170 (len=8, score=0.851)
trace:       Adding candidate location at line 168 (len=9, score=0.845)
trace:       Adding candidate location at line 169 (len=9, score=0.845)
trace:       Adding candidate location at line 170 (len=9, score=0.845)
trace:       Adding candidate location at line 167 (len=10, score=0.839)
trace:       Adding candidate location at line 168 (len=10, score=0.839)
trace:       Adding candidate location at line 169 (len=10, score=0.839)
trace:       Adding candidate location at line 170 (len=10, score=0.839)
trace:       Adding candidate location at line 166 (len=11, score=0.833)
trace:       Adding candidate location at line 167 (len=11, score=0.833)
trace:       Adding candidate location at line 168 (len=11, score=0.833)
trace:       Adding candidate location at line 169 (len=11, score=0.833)
trace:       Adding candidate location at line 170 (len=11, score=0.833)
trace:       Adding candidate location at line 165 (len=12, score=0.827)
trace:       Adding candidate location at line 166 (len=12, score=0.827)
trace:       Adding candidate location at line 167 (len=12, score=0.827)
trace:       Adding candidate location at line 168 (len=12, score=0.827)
trace:       Adding candidate location at line 169 (len=12, score=0.827)
trace:       Reached maximum candidate limit (20), stopping candidate collection
debug:     Strategy 3 (Fuzzy): selected 20 candidate location(s)
trace:   Pruned candidates by min_span 1: 20 -> 20 candidate(s)
trace: DefaultHunkFinder::find_candidate_locations: returning 20 candidate(s)
debug:   Found 20 candidate location(s) for hunk. Testing sequentially...
trace:   Evaluating candidate 1/20 at location HunkLocation { start_index: 169, length: 7 } (match_type: Fuzzy { score: 0.8571428656578064 })
debug:   Found location HunkLocation { start_index: 169, length: 7 } with match type Fuzzy { score: 0.8571428656578064 }. Applying changes.
debug:   try_apply_hunk_at_location: target line 170 (length 7), match_type=Fuzzy { score: 0.8571428656578064 }, total target lines=308.
trace: Hunk::get_match_block: extracted 7 match line(s)
trace:     Match block lines: 7 | Total hunk lines: 8
trace:     Target slice to replace: ["    #endif", "#else", "    #if defined(NV_GET_USER_PAGES_HAS_WRITE_AND_FORCE_ARGS)", "        #define NV_GET_USER_PAGES_REMOTE    get_user_pages", "    #else", "        #include <linux/mm.h>", "        #include <linux/sched.h>"]
trace:     Ellipsis flags: has_ellipsis=false, is_literal_match=false, is_wildcard_gap_match=false
debug:     Applying hunk via robust reconstruction logic (preserving file context & adjusting indent).
trace:       Fuzzy match location: start=169, len=7
trace:       File content in matched range (7 line(s)): ["    #endif", "#else", "    #if defined(NV_GET_USER_PAGES_HAS_WRITE_AND_FORCE_ARGS)", "        #define NV_GET_USER_PAGES_REMOTE    get_user_pages", "    #else", "        #include <linux/mm.h>", "        #include <linux/sched.h>"]
trace:       Parsed hunk: 7 match line(s), 0 initial addition(s).
trace: Hunk::get_match_block: extracted 7 match line(s)
trace:       Computed diff between match block and file slice: 3 operation(s), similarity ratio=0.857
trace:       Initial Indentation Context: Hunk='    ', Target='    '
trace:       Active baseline indentation: hunk='    ', target='    '
trace:       DiffOp::Equal: 3 line(s) aligned (hunk old_idx=0, file new_idx=0)
trace:         Equal: preserving target line: '    #endif'
trace:         Equal: preserving target line: '#else'
trace:         Equal: preserving target line: '    #if defined(NV_GET_USER_PAGES_HAS_WRITE_AND_FORCE_ARGS)'
trace:       DiffOp::Replace: hunk lines 3..4 (len=1) vs file lines 3..4 (len=1)
trace:       Dynamic Indentation Update (Replace search): Hunk='        ', Target='        '
trace:         1-to-1 length replacement. Validating similarity of modified lines...
trace:         1-to-1 replacement line validation [line 3]: is_removal=true, word_sim=0.800, char_sim=0.710
trace:         Replace (1-to-1): removing line: '        #define NV_GET_USER_PAGES_REMOTE    NV_GET_USER_PAGES'
trace:         Replace (1-to-1): applied addition: '        #define NV_GET_USER_PAGES_REMOTE    get_user_pages'
trace:       DiffOp::Equal: 3 line(s) aligned (hunk old_idx=4, file new_idx=4)
trace:       Dynamic Indentation Update (Equal): Hunk='    ', Target='    '
trace:         Equal: preserving target line: '    #else'
trace:       Dynamic Indentation Update (Equal): Hunk='        ', Target='        '
trace:         Equal: preserving target line: '        #include <linux/mm.h>'
trace:         Equal: preserving target line: '        #include <linux/sched.h>'
debug:     Robust reconstruction complete: produced 7 replacement line(s) for 7 target line(s).
trace:   Splicing final replacement block into target lines: range [169..176], replacement line count=7
  try_apply_hunk_at_location: successfully spliced hunk at line 170 (replaced 7 line(s), resulting target lines=308)
trace:     Replaced lines: ["    #endif", "#else", "    #if defined(NV_GET_USER_PAGES_HAS_WRITE_AND_FORCE_ARGS)", "        #define NV_GET_USER_PAGES_REMOTE    get_user_pages", "    #else", "        #include <linux/mm.h>", "        #include <linux/sched.h>"]
debug:   Candidate 1/20 at HunkLocation { start_index: 169, length: 7 } succeeded! Hunk applied cleanly.
debug:   HunkApplier: hunk 1 application outcome: Applied { location: HunkLocation { start_index: 169, length: 7 }, match_type: Fuzzy { score: 0.8571428656578064 }, replaced_lines: ["    #endif", "#else", "    #if defined(NV_GET_USER_PAGES_HAS_WRITE_AND_FORCE_ARGS)", "        #define NV_GET_USER_PAGES_REMOTE    get_user_pages", "    #else", "        #include <linux/mm.h>", "        #include <linux/sched.h>"] }
trace:   HunkApplier: hunk 1 applied at line 170 (len=7), delta=0, target lines now=308
  Applying Hunk 1/1...
debug:     Successfully applied Hunk 1 at line 170 via Fuzzy { score: 0.8571428656578064 }
trace:     Replaced lines:
trace:       -     #endif
trace:       - #else
trace:       -     #if defined(NV_GET_USER_PAGES_HAS_WRITE_AND_FORCE_ARGS)
trace:       -         #define NV_GET_USER_PAGES_REMOTE    get_user_pages
trace:       -     #else
trace:       -         #include <linux/mm.h>
trace:       -         #include <linux/sched.h>
debug: HunkApplier::into_content: assembling final content from 308 line(s) (touched_eof=false, patch_ends_with_newline=true, original_ends_with_newline=true)
trace: HunkApplier::into_content: resulting content has 10794 bytes (308 lines, ends_with_newline=true)
  DRY RUN: Evaluated changes for 'common/inc/nv-mm.h' (1 hunks, clean=true)
trace:   Generating diff for dry run...
debug:   [2/2] Applying patch for 'conftest.sh' (6 hunk(s))
Applying patch to: conftest.sh
debug:   apply_patch_to_file: target_dir='.', hunks=6, dry_run=true, fuzz=0.70
trace:   Checking path safety for base '.' and relative path 'conftest.sh'
trace:   ensure_path_is_safe: canonicalized base directory '/home/gabi/github/nvidia-390xx-utils/src/NVIDIA-Linux-x86_64-390.157-no-compat32/kernel'
trace:   ensure_path_is_safe: processing component 'Normal("conftest.sh")' on virtual path '/home/gabi/github/nvidia-390xx-utils/src/NVIDIA-Linux-x86_64-390.157-no-compat32/kernel'
trace:   Path safety verified: 'conftest.sh' safely resolves to '/home/gabi/github/nvidia-390xx-utils/src/NVIDIA-Linux-x86_64-390.157-no-compat32/kernel/conftest.sh'
debug:   Resolved safe target path: '/home/gabi/github/nvidia-390xx-utils/src/NVIDIA-Linux-x86_64-390.157-no-compat32/kernel/conftest.sh'
debug:   Target file exists: '/home/gabi/github/nvidia-390xx-utils/src/NVIDIA-Linux-x86_64-390.157-no-compat32/kernel/conftest.sh'. Reading content...
trace:     Read 182317 bytes (5168 lines) from target file.
debug:   Applying patch logic to content in-memory...
debug: apply_patch_to_content: patch for 'conftest.sh' (6 hunks), original content: 182317 bytes
debug:   apply_patch_to_lines called with 5168 lines of original content.
debug: resolve_hunk_line_hints: evaluating 6 hunk(s) across 5168 target lines
trace: Hunk::get_match_block: extracted 21 match line(s)
trace:   Hunk 1: already has explicit line hint 2986
trace: Hunk::get_match_block: extracted 7 match line(s)
trace:   Hunk 2: already has explicit line hint 3008
trace: Hunk::get_match_block: extracted 14 match line(s)
trace:   Hunk 3: already has explicit line hint 3021
trace: Hunk::get_match_block: extracted 16 match line(s)
trace:   Hunk 4: already has explicit line hint 3094
trace: Hunk::get_match_block: extracted 7 match line(s)
trace:   Hunk 5: already has explicit line hint 3112
trace: Hunk::get_match_block: extracted 11 match line(s)
trace:   Hunk 6: already has explicit line hint 3131
trace: resolve_hunk_line_hints: beginning relaxation pass 1
debug: resolve_hunk_line_hints: completed hint resolution. 6/6 hunk(s) have anchors.
debug: HunkApplier: initialized with 6 hunk(s) across 5168 line(s) of target content (fuzz_factor=0.70, dry_run=true)
trace: HunkApplier::set_original_newline_status: original_ends_with_newline=true
debug: apply_hunk_to_lines: applying hunk with 33 line(s) against target with 5168 line(s)
trace: Hunk::get_match_block: extracted 21 match line(s)
trace:   Match block: ["                return", "            fi", "        ;;", "        get_user_pages)     ", "            #", "            # Conftest for get_user_pages()", "            #", "            # Use long type for get_user_pages and unsigned long for nr_pages", "            # 2013 Feb 22: 28a35716d317980ae9bc2ff2f84c33a3cda9e884", "            #", "            # Removed struct task_struct *tsk & struct mm_struct *mm from get_user_pages.", "            # 2016 Feb 12: cde70140fed8429acf7a14e2e2cbd3e329036653", "            #", "            # Replaced get_user_pages6 with get_user_pages.", "            # 2016 April 4: c12d2da56d0e07d230968ee2305aaa86b93a6832", "            #", "            # Replaced write and force parameters with gup_flags.", "            # 2016 Oct 12: 768ae309a96103ed02eb1e111e838c87854d8b51", "            #", "            # linux-4.4.168 cherry-picked commit 768ae309a961 without", "            # c12d2da56d0e which is covered in Conftest #3."]
trace: Hunk::get_replace_block: extracted 25 replacement line(s)
trace:   Replace block: ["                return", "            fi", "        ;;", "        get_user_pages)", "            #", "            # Conftest for get_user_pages()", "            #", "            # Use long type for get_user_pages and unsigned long for nr_pages", "            # by commit 28a35716d317 (\"mm: use long type for page counts", "            # in mm_populate() and get_user_pages()\") in v3.9 (2013-02-22)", "            #", "            # Removed struct task_struct *tsk & struct mm_struct *mm from", "            # get_user_pages by commit cde70140fed8 (\"mm/gup: Overload", "            # get_user_pages() functions\") in v4.6 (2016-02-12)", "            #", "            # Replaced get_user_pages6 with get_user_pages by commit", "            # c12d2da56d0e (\"mm/gup: Remove the macro overload API migration", "            # helpers from the get_user*() APIs\") in v4.6 (2016-04-04)", "            #", "            # Replaced write and force parameters with gup_flags by", "            # commit 768ae309a961 (\"mm: replace get_user_pages() write/force", "            # parameters with gup_flags\") in v4.9 (2016-10-13)", "            #", "            # linux-4.4.168 cherry-picked commit 768ae309a961 without", "            # c12d2da56d0e which is covered in Conftest #3."]
trace: Hunk::has_changes: true
trace: Hunk::get_match_block: extracted 21 match line(s)
trace: Hunk::required_match_span: calculated required match span as 15 line(s) (first_match_idx=Some(3), last_match_idx=Some(17))
trace: DefaultHunkFinder::find_candidate_locations: match block len=21, required_match_span=15, target lines=5168
trace:   find_hunk_location_internal: match_block has 21 lines (entropy=true), target has 5168 lines
trace:   find_hunk_location_internal called for a hunk with 21 lines to match against 5168 target lines.
trace:     Attempting exact match for hunk (match block has 21 line(s))...
trace: tie_break_with_line_number: strategy='exact', hint=Some(2986), entropy=true
trace:       No exact matches found.
trace:     Strategy 1 (Exact): no exact match found.
trace:     Attempting exact match (ignoring trailing whitespace) for hunk (match block has 21 line(s))...
trace: tie_break_with_line_number: strategy='exact (ignoring whitespace)', hint=Some(2986), entropy=true
trace:       No exact (ignoring whitespace) matches found.
trace:     Strategy 2 (Whitespace-insensitive): no match found.
debug:     Strategy 3 (Fuzzy): beginning flexible window fuzzy search (threshold=0.70, match block len=0.7)
trace:       Hunk match block (21 lines): ["                return", "            fi", "        ;;", "        get_user_pages)     ", "            #", "            # Conftest for get_user_pages()", "            #", "            # Use long type for get_user_pages and unsigned long for nr_pages", "            # 2013 Feb 22: 28a35716d317980ae9bc2ff2f84c33a3cda9e884", "            #", "            # Removed struct task_struct *tsk & struct mm_struct *mm from get_user_pages.", "            # 2016 Feb 12: cde70140fed8429acf7a14e2e2cbd3e329036653", "            #", "            # Replaced get_user_pages6 with get_user_pages.", "            # 2016 April 4: c12d2da56d0e07d230968ee2305aaa86b93a6832", "            #", "            # Replaced write and force parameters with gup_flags.", "            # 2016 Oct 12: 768ae309a96103ed02eb1e111e838c87854d8b51", "            #", "            # linux-4.4.168 cherry-picked commit 768ae309a961 without", "            # c12d2da56d0e which is covered in Conftest #3."]
trace:       Searching with window sizes from 15 to 51 (hunk size: 21, fuzz distance: 30)
debug:       find_search_ranges: analyzing 21 match line(s) against 5168 target line(s).
trace:         Identified 13 high-entropy candidate anchor line(s) (search_radius=42, max candidates to test=100)
debug:         Spatial consensus: 5 anchor(s) agree on start near line 2988
debug:       Found anchor line (hunk line 8) with 1 occurrences.
trace:         Anchor text: '# Use long type for get_user_pages and unsigned long for nr_pages'
trace:         Occurrence at target line 2992: window estimated [2943..3077] (search radius +/-42)
trace:         Raw ranges before merging: [(2942, 3077)]
trace: merge_ranges: merging 1 input range(s): [(2942, 3077)]
trace: merge_ranges: result 1 disjoint range(s): [(2942, 3077)]
debug:       Search ranges merged: 1 disjoint range(s) covering 135/5168 line(s) (97.4% pruned): [(2942, 3077)]
trace:     Using search ranges: [(2942, 3077)]
debug:       compute_scored_windows (parallel): evaluating 3811 candidate window(s) across 1 range(s) (window lengths 15..=51)
trace:         Match block length: 21, Target line count: 5168, Search ranges: [(2942, 3077)]
trace:         score_window: window_len=32, match_len=21, line_score=0.649, ratio_lines=0.528, final_score=0.649
trace:         score_window: window_len=31, match_len=21, line_score=0.651, ratio_lines=0.538, final_score=0.651
trace:         score_window: window_len=32, match_len=21, line_score=0.649, ratio_lines=0.528, final_score=0.649
trace:         score_window: window_len=30, match_len=21, line_score=0.652, ratio_lines=0.549, final_score=0.652
trace:         score_window: window_len=20, match_len=21, line_score=0.537, ratio_lines=0.537, final_score=0.554
trace:         score_window: window_len=31, match_len=21, line_score=0.651, ratio_lines=0.538, final_score=0.651
trace:         score_window: window_len=24, match_len=21, line_score=0.567, ratio_lines=0.533, final_score=0.592
trace:         score_window: window_len=32, match_len=21, line_score=0.649, ratio_lines=0.528, final_score=0.649
trace:         score_window: window_len=17, match_len=21, line_score=0.526, ratio_lines=0.526, final_score=0.549
trace:         score_window: window_len=25, match_len=21, line_score=0.613, ratio_lines=0.565, final_score=0.613
trace:         score_window: window_len=28, match_len=21, line_score=0.609, ratio_lines=0.531, final_score=0.609
trace:         score_window: window_len=16, match_len=21, line_score=0.541, ratio_lines=0.541, final_score=0.553
trace:         score_window: window_len=29, match_len=21, line_score=0.654, ratio_lines=0.560, final_score=0.654
trace:         score_window: window_len=26, match_len=21, line_score=0.659, ratio_lines=0.596, final_score=0.659
trace:         score_window: window_len=30, match_len=21, line_score=0.652, ratio_lines=0.549, final_score=0.652
trace:         score_window: window_len=27, match_len=21, line_score=0.657, ratio_lines=0.583, final_score=0.657
trace:         score_window: window_len=31, match_len=21, line_score=0.651, ratio_lines=0.538, final_score=0.651
trace:         score_window: window_len=28, match_len=21, line_score=0.656, ratio_lines=0.571, final_score=0.656
trace:         score_window: window_len=32, match_len=21, line_score=0.649, ratio_lines=0.528, final_score=0.649
trace:         score_window: window_len=29, match_len=21, line_score=0.654, ratio_lines=0.560, final_score=0.654
trace:         score_window: window_len=30, match_len=21, line_score=0.652, ratio_lines=0.549, final_score=0.652
trace:         score_window: window_len=31, match_len=21, line_score=0.651, ratio_lines=0.538, final_score=0.651
trace:         score_window: window_len=27, match_len=21, line_score=0.610, ratio_lines=0.542, final_score=0.610
trace:         score_window: window_len=28, match_len=21, line_score=0.656, ratio_lines=0.571, final_score=0.656
trace:         score_window: window_len=32, match_len=21, line_score=0.649, ratio_lines=0.528, final_score=0.649
trace:         score_window: window_len=29, match_len=21, line_score=0.654, ratio_lines=0.560, final_score=0.654
trace:         score_window: window_len=20, match_len=21, line_score=0.537, ratio_lines=0.537, final_score=0.586
trace:         score_window: window_len=30, match_len=21, line_score=0.652, ratio_lines=0.549, final_score=0.652
trace:         score_window: window_len=19, match_len=21, line_score=0.550, ratio_lines=0.550, final_score=0.571
trace:         score_window: window_len=31, match_len=21, line_score=0.651, ratio_lines=0.538, final_score=0.651
trace:         score_window: window_len=23, match_len=21, line_score=0.569, ratio_lines=0.545, final_score=0.609
trace:         score_window: window_len=32, match_len=21, line_score=0.649, ratio_lines=0.528, final_score=0.649
trace:         score_window: window_len=24, match_len=21, line_score=0.615, ratio_lines=0.578, final_score=0.619
trace:         score_window: window_len=17, match_len=21, line_score=0.526, ratio_lines=0.526, final_score=0.585
trace:         score_window: window_len=25, match_len=21, line_score=0.660, ratio_lines=0.609, final_score=0.665
trace:         score_window: window_len=16, match_len=21, line_score=0.541, ratio_lines=0.541, final_score=0.569
trace:         score_window: window_len=17, match_len=21, line_score=0.526, ratio_lines=0.526, final_score=0.544
trace:         score_window: window_len=26, match_len=21, line_score=0.659, ratio_lines=0.596, final_score=0.659
trace:         score_window: window_len=26, match_len=21, line_score=0.612, ratio_lines=0.553, final_score=0.612
trace:         score_window: window_len=15, match_len=21, line_score=0.556, ratio_lines=0.556, final_score=0.573
trace:         score_window: window_len=27, match_len=21, line_score=0.657, ratio_lines=0.583, final_score=0.657
trace:         score_window: window_len=27, match_len=21, line_score=0.657, ratio_lines=0.583, final_score=0.657
trace:         score_window: window_len=28, match_len=21, line_score=0.656, ratio_lines=0.571, final_score=0.656
trace:         score_window: window_len=28, match_len=21, line_score=0.656, ratio_lines=0.571, final_score=0.656
trace:         score_window: window_len=29, match_len=21, line_score=0.654, ratio_lines=0.560, final_score=0.654
trace:         score_window: window_len=29, match_len=21, line_score=0.654, ratio_lines=0.560, final_score=0.654
trace:         score_window: window_len=30, match_len=21, line_score=0.652, ratio_lines=0.549, final_score=0.652
trace:         score_window: window_len=30, match_len=21, line_score=0.652, ratio_lines=0.549, final_score=0.652
trace:         score_window: window_len=31, match_len=21, line_score=0.651, ratio_lines=0.538, final_score=0.651
trace:         score_window: window_len=31, match_len=21, line_score=0.651, ratio_lines=0.538, final_score=0.651
trace:         score_window: window_len=32, match_len=21, line_score=0.649, ratio_lines=0.528, final_score=0.649
trace:         score_window: window_len=32, match_len=21, line_score=0.649, ratio_lines=0.528, final_score=0.649
trace:         score_window: window_len=23, match_len=21, line_score=0.569, ratio_lines=0.545, final_score=0.604
trace:         score_window: window_len=24, match_len=21, line_score=0.615, ratio_lines=0.578, final_score=0.650
trace:         score_window: window_len=23, match_len=21, line_score=0.569, ratio_lines=0.545, final_score=0.636
trace:         score_window: window_len=25, match_len=21, line_score=0.613, ratio_lines=0.565, final_score=0.644
trace:         score_window: window_len=24, match_len=21, line_score=0.567, ratio_lines=0.533, final_score=0.630
trace:         score_window: window_len=26, match_len=21, line_score=0.612, ratio_lines=0.553, final_score=0.621
trace:         score_window: window_len=27, match_len=21, line_score=0.610, ratio_lines=0.542, final_score=0.610
trace:         score_window: window_len=28, match_len=21, line_score=0.609, ratio_lines=0.531, final_score=0.609
debug:       compute_scored_windows (parallel) complete: scored 3315 window(s). Best candidate score=0.699 at line 2985 (len=21).
debug:     Anchored search range yielded no passing window. Falling back to full file search.
debug:       compute_scored_windows (parallel): evaluating 190032 candidate window(s) across 1 range(s) (window lengths 15..=51)
trace:         Match block length: 21, Target line count: 5168, Search ranges: [(0, 5168)]
trace:         score_window: window_len=32, match_len=21, line_score=0.649, ratio_lines=0.528, final_score=0.649
trace:         score_window: window_len=31, match_len=21, line_score=0.651, ratio_lines=0.538, final_score=0.651
trace:         score_window: window_len=32, match_len=21, line_score=0.649, ratio_lines=0.528, final_score=0.649
trace:         score_window: window_len=30, match_len=21, line_score=0.652, ratio_lines=0.549, final_score=0.652
trace:         score_window: window_len=31, match_len=21, line_score=0.651, ratio_lines=0.538, final_score=0.651
trace:         score_window: window_len=32, match_len=21, line_score=0.649, ratio_lines=0.528, final_score=0.649
trace:         score_window: window_len=28, match_len=21, line_score=0.609, ratio_lines=0.531, final_score=0.609
trace:         score_window: window_len=29, match_len=21, line_score=0.654, ratio_lines=0.560, final_score=0.654
trace:         score_window: window_len=30, match_len=21, line_score=0.652, ratio_lines=0.549, final_score=0.652
trace:         score_window: window_len=31, match_len=21, line_score=0.651, ratio_lines=0.538, final_score=0.651
trace:         score_window: window_len=32, match_len=21, line_score=0.649, ratio_lines=0.528, final_score=0.649
trace:         score_window: window_len=27, match_len=21, line_score=0.610, ratio_lines=0.542, final_score=0.610
trace:         score_window: window_len=28, match_len=21, line_score=0.656, ratio_lines=0.571, final_score=0.656
trace:         score_window: window_len=29, match_len=21, line_score=0.654, ratio_lines=0.560, final_score=0.654
trace:         score_window: window_len=30, match_len=21, line_score=0.652, ratio_lines=0.549, final_score=0.652
trace:         score_window: window_len=31, match_len=21, line_score=0.651, ratio_lines=0.538, final_score=0.651
trace:         score_window: window_len=32, match_len=21, line_score=0.649, ratio_lines=0.528, final_score=0.649
trace:         score_window: window_len=17, match_len=21, line_score=0.526, ratio_lines=0.526, final_score=0.544
trace:         score_window: window_len=26, match_len=21, line_score=0.612, ratio_lines=0.553, final_score=0.612
trace:         score_window: window_len=27, match_len=21, line_score=0.657, ratio_lines=0.583, final_score=0.657
trace:         score_window: window_len=28, match_len=21, line_score=0.656, ratio_lines=0.571, final_score=0.656
trace:         score_window: window_len=29, match_len=21, line_score=0.654, ratio_lines=0.560, final_score=0.654
trace:         score_window: window_len=30, match_len=21, line_score=0.652, ratio_lines=0.549, final_score=0.652
trace:         score_window: window_len=31, match_len=21, line_score=0.651, ratio_lines=0.538, final_score=0.651
trace:         score_window: window_len=32, match_len=21, line_score=0.649, ratio_lines=0.528, final_score=0.649
trace:         score_window: window_len=20, match_len=21, line_score=0.537, ratio_lines=0.537, final_score=0.554
trace:         score_window: window_len=24, match_len=21, line_score=0.567, ratio_lines=0.533, final_score=0.592
trace:         score_window: window_len=17, match_len=21, line_score=0.526, ratio_lines=0.526, final_score=0.549
trace:         score_window: window_len=25, match_len=21, line_score=0.613, ratio_lines=0.565, final_score=0.613
trace:         score_window: window_len=16, match_len=21, line_score=0.541, ratio_lines=0.541, final_score=0.553
trace:         score_window: window_len=26, match_len=21, line_score=0.659, ratio_lines=0.596, final_score=0.659
trace:         score_window: window_len=27, match_len=21, line_score=0.657, ratio_lines=0.583, final_score=0.657
trace:         score_window: window_len=28, match_len=21, line_score=0.656, ratio_lines=0.571, final_score=0.656
trace:         score_window: window_len=29, match_len=21, line_score=0.654, ratio_lines=0.560, final_score=0.654
trace:         score_window: window_len=30, match_len=21, line_score=0.652, ratio_lines=0.549, final_score=0.652
trace:         score_window: window_len=31, match_len=21, line_score=0.651, ratio_lines=0.538, final_score=0.651
trace:         score_window: window_len=32, match_len=21, line_score=0.649, ratio_lines=0.528, final_score=0.649
trace:         score_window: window_len=20, match_len=21, line_score=0.537, ratio_lines=0.537, final_score=0.586
trace:         score_window: window_len=19, match_len=21, line_score=0.550, ratio_lines=0.550, final_score=0.571
trace:         score_window: window_len=23, match_len=21, line_score=0.569, ratio_lines=0.545, final_score=0.609
trace:         score_window: window_len=24, match_len=21, line_score=0.615, ratio_lines=0.578, final_score=0.619
trace:         score_window: window_len=17, match_len=21, line_score=0.526, ratio_lines=0.526, final_score=0.585
trace:         score_window: window_len=25, match_len=21, line_score=0.660, ratio_lines=0.609, final_score=0.665
trace:         score_window: window_len=16, match_len=21, line_score=0.541, ratio_lines=0.541, final_score=0.569
trace:         score_window: window_len=26, match_len=21, line_score=0.659, ratio_lines=0.596, final_score=0.659
trace:         score_window: window_len=15, match_len=21, line_score=0.556, ratio_lines=0.556, final_score=0.573
trace:         score_window: window_len=27, match_len=21, line_score=0.657, ratio_lines=0.583, final_score=0.657
trace:         score_window: window_len=28, match_len=21, line_score=0.656, ratio_lines=0.571, final_score=0.656
trace:         score_window: window_len=29, match_len=21, line_score=0.654, ratio_lines=0.560, final_score=0.654
trace:         score_window: window_len=30, match_len=21, line_score=0.652, ratio_lines=0.549, final_score=0.652
trace:         score_window: window_len=31, match_len=21, line_score=0.651, ratio_lines=0.538, final_score=0.651
trace:         score_window: window_len=32, match_len=21, line_score=0.649, ratio_lines=0.528, final_score=0.649
trace:         score_window: window_len=23, match_len=21, line_score=0.569, ratio_lines=0.545, final_score=0.604
trace:         score_window: window_len=24, match_len=21, line_score=0.615, ratio_lines=0.578, final_score=0.650
trace:         score_window: window_len=25, match_len=21, line_score=0.613, ratio_lines=0.565, final_score=0.644
trace:         score_window: window_len=26, match_len=21, line_score=0.612, ratio_lines=0.553, final_score=0.621
trace:         score_window: window_len=27, match_len=21, line_score=0.610, ratio_lines=0.542, final_score=0.610
trace:         score_window: window_len=28, match_len=21, line_score=0.609, ratio_lines=0.531, final_score=0.609
trace:         score_window: window_len=23, match_len=21, line_score=0.569, ratio_lines=0.545, final_score=0.636
trace:         score_window: window_len=24, match_len=21, line_score=0.567, ratio_lines=0.533, final_score=0.630
debug:       compute_scored_windows (parallel) complete: scored 184482 window(s). Best candidate score=0.699 at line 2985 (len=21).
trace:       Top fuzzy match candidates:
trace:         - Index 2978, Len 21: Score 0.699 (Ratio 0.699) | Content: ["            if [ -f conftest$$.o ]; then", "                echo \"#define NV_MM_CONTEXT_T_HAS_ID\" | append_conftest \"types\"", "                rm -f conftest$$.o", "                return", "            else", "                echo \"#undef NV_MM_CONTEXT_T_HAS_ID\" | append_conftest \"types\"", "                return", "            fi", "        ;;", "        get_user_pages)", "            #", "            # Conftest for get_user_pages()", "            #", "            # Use long type for get_user_pages and unsigned long for nr_pages", "            # by commit 28a35716d317 (\"mm: use long type for page counts", "            # in mm_populate() and get_user_pages()\") in v3.9 (2013-02-22)", "            #", "            # Removed struct task_struct *tsk & struct mm_struct *mm from", "            # get_user_pages by commit cde70140fed8 (\"mm/gup: Overload", "            # get_user_pages() functions\") in v4.6 (2016-02-12)", "            #"]
trace:         - Index 2979, Len 21: Score 0.699 (Ratio 0.699) | Content: ["                echo \"#define NV_MM_CONTEXT_T_HAS_ID\" | append_conftest \"types\"", "                rm -f conftest$$.o", "                return", "            else", "                echo \"#undef NV_MM_CONTEXT_T_HAS_ID\" | append_conftest \"types\"", "                return", "            fi", "        ;;", "        get_user_pages)", "            #", "            # Conftest for get_user_pages()", "            #", "            # Use long type for get_user_pages and unsigned long for nr_pages", "            # by commit 28a35716d317 (\"mm: use long type for page counts", "            # in mm_populate() and get_user_pages()\") in v3.9 (2013-02-22)", "            #", "            # Removed struct task_struct *tsk & struct mm_struct *mm from", "            # get_user_pages by commit cde70140fed8 (\"mm/gup: Overload", "            # get_user_pages() functions\") in v4.6 (2016-02-12)", "            #", "            # Replaced get_user_pages6 with get_user_pages by commit"]
trace:         - Index 2980, Len 21: Score 0.699 (Ratio 0.699) | Content: ["                rm -f conftest$$.o", "                return", "            else", "                echo \"#undef NV_MM_CONTEXT_T_HAS_ID\" | append_conftest \"types\"", "                return", "            fi", "        ;;", "        get_user_pages)", "            #", "            # Conftest for get_user_pages()", "            #", "            # Use long type for get_user_pages and unsigned long for nr_pages", "            # by commit 28a35716d317 (\"mm: use long type for page counts", "            # in mm_populate() and get_user_pages()\") in v3.9 (2013-02-22)", "            #", "            # Removed struct task_struct *tsk & struct mm_struct *mm from", "            # get_user_pages by commit cde70140fed8 (\"mm/gup: Overload", "            # get_user_pages() functions\") in v4.6 (2016-02-12)", "            #", "            # Replaced get_user_pages6 with get_user_pages by commit", "            # c12d2da56d0e (\"mm/gup: Remove the macro overload API migration"]
trace:         - Index 2981, Len 21: Score 0.699 (Ratio 0.699) | Content: ["                return", "            else", "                echo \"#undef NV_MM_CONTEXT_T_HAS_ID\" | append_conftest \"types\"", "                return", "            fi", "        ;;", "        get_user_pages)", "            #", "            # Conftest for get_user_pages()", "            #", "            # Use long type for get_user_pages and unsigned long for nr_pages", "            # by commit 28a35716d317 (\"mm: use long type for page counts", "            # in mm_populate() and get_user_pages()\") in v3.9 (2013-02-22)", "            #", "            # Removed struct task_struct *tsk & struct mm_struct *mm from", "            # get_user_pages by commit cde70140fed8 (\"mm/gup: Overload", "            # get_user_pages() functions\") in v4.6 (2016-02-12)", "            #", "            # Replaced get_user_pages6 with get_user_pages by commit", "            # c12d2da56d0e (\"mm/gup: Remove the macro overload API migration", "            # helpers from the get_user*() APIs\") in v4.6 (2016-04-04)"]
trace:         - Index 2982, Len 21: Score 0.699 (Ratio 0.699) | Content: ["            else", "                echo \"#undef NV_MM_CONTEXT_T_HAS_ID\" | append_conftest \"types\"", "                return", "            fi", "        ;;", "        get_user_pages)", "            #", "            # Conftest for get_user_pages()", "            #", "            # Use long type for get_user_pages and unsigned long for nr_pages", "            # by commit 28a35716d317 (\"mm: use long type for page counts", "            # in mm_populate() and get_user_pages()\") in v3.9 (2013-02-22)", "            #", "            # Removed struct task_struct *tsk & struct mm_struct *mm from", "            # get_user_pages by commit cde70140fed8 (\"mm/gup: Overload", "            # get_user_pages() functions\") in v4.6 (2016-02-12)", "            #", "            # Replaced get_user_pages6 with get_user_pages by commit", "            # c12d2da56d0e (\"mm/gup: Remove the macro overload API migration", "            # helpers from the get_user*() APIs\") in v4.6 (2016-04-04)", "            #"]
trace:         New best score: 0.270 (ratio 0.270 [l:0.000,w:0.000]) at index 0 (window len 21)
trace:         New best score: 0.273 (ratio 0.273 [l:0.000,w:0.000]) at index 0 (window len 20)
trace:         New best score: 0.275 (ratio 0.275 [l:0.000,w:0.000]) at index 0 (window len 19)
trace:         New best score: 0.278 (ratio 0.278 [l:0.000,w:0.000]) at index 0 (window len 18)
trace:         New best score: 0.280 (ratio 0.280 [l:0.000,w:0.000]) at index 0 (window len 17)
trace:         New best score: 0.288 (ratio 0.288 [l:0.000,w:0.000]) at index 0 (window len 32)
trace:         New best score: 0.323 (ratio 0.323 [l:0.000,w:0.000]) at index 0 (window len 33)
trace:         New best score: 0.334 (ratio 0.334 [l:0.000,w:0.000]) at index 0 (window len 42)
trace:         New best score: 0.344 (ratio 0.344 [l:0.000,w:0.000]) at index 0 (window len 50)
trace:         New best score: 0.346 (ratio 0.346 [l:0.000,w:0.000]) at index 1 (window len 49)
trace:         New best score: 0.349 (ratio 0.349 [l:0.000,w:0.000]) at index 2 (window len 48)
trace:         New best score: 0.351 (ratio 0.351 [l:0.000,w:0.000]) at index 3 (window len 47)
trace:         New best score: 0.369 (ratio 0.369 [l:0.000,w:0.000]) at index 3 (window len 51)
trace:         New best score: 0.372 (ratio 0.372 [l:0.000,w:0.000]) at index 4 (window len 50)
trace:         New best score: 0.375 (ratio 0.375 [l:0.000,w:0.000]) at index 5 (window len 49)
trace:         New best score: 0.378 (ratio 0.378 [l:0.000,w:0.000]) at index 6 (window len 48)
trace:         New best score: 0.381 (ratio 0.381 [l:0.000,w:0.000]) at index 7 (window len 47)
trace:         New best score: 0.397 (ratio 0.397 [l:0.000,w:0.000]) at index 7 (window len 51)
trace:         New best score: 0.400 (ratio 0.400 [l:0.000,w:0.000]) at index 8 (window len 50)
trace:         Tie in score (0.400) and ratio (0.400). Adding candidate: index 12, len 50
trace:         New best score: 0.404 (ratio 0.404 [l:0.000,w:0.000]) at index 13 (window len 49)
trace:         New best score: 0.407 (ratio 0.407 [l:0.000,w:0.000]) at index 14 (window len 48)
trace:         New best score: 0.410 (ratio 0.410 [l:0.000,w:0.000]) at index 15 (window len 47)
trace:         New best score: 0.414 (ratio 0.414 [l:0.000,w:0.000]) at index 16 (window len 46)
trace:         New best score: 0.416 (ratio 0.416 [l:0.000,w:0.000]) at index 25 (window len 37)
trace:         New best score: 0.421 (ratio 0.421 [l:0.000,w:0.000]) at index 26 (window len 36)
trace:         New best score: 0.425 (ratio 0.425 [l:0.000,w:0.000]) at index 27 (window len 35)
trace:         New best score: 0.430 (ratio 0.430 [l:0.000,w:0.000]) at index 28 (window len 34)
trace:         New best score: 0.434 (ratio 0.434 [l:0.000,w:0.000]) at index 29 (window len 33)
trace:         New best score: 0.439 (ratio 0.439 [l:0.000,w:0.000]) at index 30 (window len 32)
trace:         New best score: 0.444 (ratio 0.444 [l:0.000,w:0.000]) at index 31 (window len 31)
trace:         Tie in score (0.444) and ratio (0.444). Adding candidate: index 226, len 31
trace:         New best score: 0.450 (ratio 0.450 [l:0.000,w:0.000]) at index 227 (window len 30)
trace:         New best score: 0.455 (ratio 0.455 [l:0.000,w:0.000]) at index 228 (window len 29)
trace:         New best score: 0.461 (ratio 0.461 [l:0.000,w:0.000]) at index 229 (window len 28)
trace:         New best score: 0.467 (ratio 0.467 [l:0.000,w:0.000]) at index 230 (window len 27)
trace:         New best score: 0.473 (ratio 0.473 [l:0.000,w:0.000]) at index 231 (window len 26)
trace:         New best score: 0.479 (ratio 0.479 [l:0.000,w:0.000]) at index 232 (window len 25)
trace:         New best score: 0.486 (ratio 0.486 [l:0.000,w:0.000]) at index 233 (window len 24)
trace:         New best score: 0.486 (ratio 0.486 [l:0.056,w:0.000]) at index 272 (window len 51)
trace:         New best score: 0.488 (ratio 0.488 [l:0.056,w:0.000]) at index 273 (window len 50)
trace:         New best score: 0.489 (ratio 0.489 [l:0.057,w:0.000]) at index 274 (window len 49)
trace:         Tie in score (0.489) and ratio (0.489). Adding candidate: index 280, len 49
trace:         New best score: 0.494 (ratio 0.494 [l:0.058,w:0.000]) at index 281 (window len 48)
trace:         New best score: 0.499 (ratio 0.499 [l:0.059,w:0.000]) at index 282 (window len 47)
trace:         New best score: 0.503 (ratio 0.503 [l:0.060,w:0.000]) at index 283 (window len 46)
trace:         New best score: 0.508 (ratio 0.508 [l:0.061,w:0.000]) at index 284 (window len 45)
trace:         New best score: 0.513 (ratio 0.513 [l:0.062,w:0.000]) at index 285 (window len 44)
trace:         New best score: 0.515 (ratio 0.515 [l:0.075,w:0.000]) at index 297 (window len 32)
trace:         New best score: 0.521 (ratio 0.521 [l:0.077,w:0.000]) at index 298 (window len 31)
trace:         New best score: 0.528 (ratio 0.528 [l:0.078,w:0.000]) at index 299 (window len 30)
trace:         New best score: 0.531 (ratio 0.531 [l:0.056,w:0.000]) at index 299 (window len 51)
trace:         New best score: 0.535 (ratio 0.535 [l:0.080,w:0.000]) at index 300 (window len 29)
trace:         New best score: 0.542 (ratio 0.542 [l:0.082,w:0.000]) at index 301 (window len 28)
trace:         New best score: 0.550 (ratio 0.550 [l:0.083,w:0.000]) at index 302 (window len 27)
trace:         New best score: 0.556 (ratio 0.556 [l:0.048,w:0.000]) at index 308 (window len 21)
trace:         Tie in score (0.556) and ratio (0.556). Adding candidate: index 309, len 21
trace:         New best score: 0.565 (ratio 0.565 [l:0.049,w:0.000]) at index 309 (window len 20)
trace:         New best score: 0.568 (ratio 0.568 [l:0.393,w:0.000]) at index 718 (window len 40)
trace:         New best score: 0.575 (ratio 0.575 [l:0.361,w:0.000]) at index 720 (window len 51)
trace:         New best score: 0.576 (ratio 0.576 [l:0.366,w:0.000]) at index 721 (window len 50)
trace:         Tie in score (0.576) and ratio (0.576). Adding candidate: index 795, len 50
trace:         New best score: 0.578 (ratio 0.578 [l:0.371,w:0.000]) at index 796 (window len 49)
trace:         New best score: 0.579 (ratio 0.579 [l:0.377,w:0.000]) at index 797 (window len 48)
trace:         New best score: 0.581 (ratio 0.581 [l:0.382,w:0.000]) at index 798 (window len 47)
trace:         New best score: 0.582 (ratio 0.582 [l:0.388,w:0.000]) at index 799 (window len 46)
trace:         New best score: 0.619 (ratio 0.619 [l:0.389,w:0.000]) at index 799 (window len 51)
trace:         New best score: 0.621 (ratio 0.621 [l:0.394,w:0.000]) at index 800 (window len 50)
trace:         New best score: 0.622 (ratio 0.622 [l:0.400,w:0.000]) at index 801 (window len 49)
trace:         New best score: 0.624 (ratio 0.624 [l:0.406,w:0.000]) at index 802 (window len 48)
trace:         New best score: 0.625 (ratio 0.625 [l:0.412,w:0.000]) at index 803 (window len 47)
trace:         New best score: 0.627 (ratio 0.627 [l:0.418,w:0.000]) at index 804 (window len 46)
trace:         New best score: 0.629 (ratio 0.629 [l:0.424,w:0.000]) at index 805 (window len 45)
trace:         New best score: 0.663 (ratio 0.663 [l:0.306,w:0.000]) at index 1502 (window len 51)
trace:         New best score: 0.665 (ratio 0.665 [l:0.310,w:0.000]) at index 1503 (window len 50)
trace:         New best score: 0.667 (ratio 0.667 [l:0.314,w:0.000]) at index 1504 (window len 49)
trace:         New best score: 0.668 (ratio 0.668 [l:0.319,w:0.000]) at index 1505 (window len 48)
trace:         New best score: 0.670 (ratio 0.670 [l:0.324,w:0.000]) at index 1506 (window len 47)
trace:         Tie in score (0.670) and ratio (0.670). Adding candidate: index 1507, len 47
trace:         Tie in score (0.670) and ratio (0.670). Adding candidate: index 1510, len 47
trace:         New best score: 0.672 (ratio 0.672 [l:0.328,w:0.000]) at index 1511 (window len 46)
trace:         New best score: 0.673 (ratio 0.673 [l:0.333,w:0.000]) at index 1512 (window len 45)
trace:         New best score: 0.675 (ratio 0.675 [l:0.338,w:0.000]) at index 1513 (window len 44)
trace:         New best score: 0.677 (ratio 0.677 [l:0.344,w:0.000]) at index 1514 (window len 43)
trace:         New best score: 0.679 (ratio 0.679 [l:0.349,w:0.000]) at index 1515 (window len 42)
trace:         New best score: 0.680 (ratio 0.680 [l:0.355,w:0.000]) at index 1516 (window len 41)
trace:         New best score: 0.682 (ratio 0.682 [l:0.361,w:0.000]) at index 1517 (window len 40)
trace:         New best score: 0.684 (ratio 0.684 [l:0.367,w:0.000]) at index 1518 (window len 39)
trace:         New best score: 0.685 (ratio 0.685 [l:0.373,w:0.000]) at index 1519 (window len 38)
trace:         New best score: 0.692 (ratio 0.692 [l:0.379,w:0.000]) at index 1520 (window len 37)
trace:         New best score: 0.694 (ratio 0.694 [l:0.370,w:0.000]) at index 1521 (window len 33)
trace:         Tie in score (0.694) and ratio (0.694). Adding candidate: index 1522, len 33
trace:         Tie in score (0.694) and ratio (0.694). Adding candidate: index 1523, len 33
trace:         New best score: 0.695 (ratio 0.695 [l:0.360,w:0.000]) at index 1524 (window len 29)
trace:         Tie in score (0.695) and ratio (0.695). Adding candidate: index 1525, len 29
trace:         Tie in score (0.695) and ratio (0.695). Adding candidate: index 1526, len 29
trace:         Tie in score (0.695) and ratio (0.695). Adding candidate: index 1527, len 29
trace:         Tie in score (0.695) and ratio (0.695). Adding candidate: index 1528, len 29
trace:         New best score: 0.699 (ratio 0.699 [l:0.524,w:0.000]) at index 2978 (window len 21)
trace:         Tie in score (0.699) and ratio (0.699). Adding candidate: index 2979, len 21
trace:         Tie in score (0.699) and ratio (0.699). Adding candidate: index 2980, len 21
trace:         Tie in score (0.699) and ratio (0.699). Adding candidate: index 2981, len 21
trace:         Tie in score (0.699) and ratio (0.699). Adding candidate: index 2982, len 21
trace:         Tie in score (0.699) and ratio (0.699). Adding candidate: index 2983, len 21
trace:         Tie in score (0.699) and ratio (0.699). Adding candidate: index 2984, len 21
debug:     Strategy 3 (Fuzzy): 0 window(s) met threshold 0.70
trace:       Top 3 passing candidates: []
warning:     Fuzzy match failed: best score was below threshold
debug:     Fuzzy match failed: Best location (index 2978, len 21) had similarity 0.699, which is below the threshold of 0.700.
warning:   Hunk location search failed: Best fuzzy match at line 2979 (score: 0.699) was below threshold (0.700)
debug:   HunkApplier: hunk 1 application outcome: Failed(FuzzyMatchBelowThreshold { best_score: 0.6988095238095238, threshold: 0.7, location: HunkLocation { start_index: 2978, length: 21 } })
  Applying Hunk 1/6...
warning:   Failed to apply Hunk 1. Best fuzzy match at line 2979 (score: 0.699) was below threshold (0.700)
debug: apply_hunk_to_lines: applying hunk with 8 line(s) against target with 5168 line(s)
trace: Hunk::get_match_block: extracted 7 match line(s)
trace:   Match block: ["            # Conftest #1: Check if get_user_pages accepts 6 arguments.", "            # Return if true.", "            # Fall through to conftest #2 on failure.", "", "            echo \"$CONFTEST_PREAMBLE", "            #include <linux/mm.h>", "            long get_user_pages(unsigned long start,"]
trace: Hunk::get_replace_block: extracted 7 replacement line(s)
trace:   Replace block: ["            # Conftest #1: Check if get_user_pages accepts 6 arguments.", "            # Return if true.", "            # Fall through to conftest #2 on failure.", "            #", "            echo \"$CONFTEST_PREAMBLE", "            #include <linux/mm.h>", "            long get_user_pages(unsigned long start,"]
trace: Hunk::has_changes: true
trace: Hunk::get_match_block: extracted 7 match line(s)
trace: Hunk::required_match_span: calculated required match span as 1 line(s) (first_match_idx=Some(3), last_match_idx=Some(3))
trace: DefaultHunkFinder::find_candidate_locations: match block len=7, required_match_span=1, target lines=5168
trace:   find_hunk_location_internal: match_block has 7 lines (entropy=true), target has 5168 lines
trace:   find_hunk_location_internal called for a hunk with 7 lines to match against 5168 target lines.
trace:     Attempting exact match for hunk (match block has 7 line(s))...
trace: tie_break_with_line_number: strategy='exact', hint=Some(3008), entropy=true
trace:       No exact matches found.
trace:     Strategy 1 (Exact): no exact match found.
trace:     Attempting exact match (ignoring trailing whitespace) for hunk (match block has 7 line(s))...
trace: tie_break_with_line_number: strategy='exact (ignoring whitespace)', hint=Some(3008), entropy=true
trace:       No exact (ignoring whitespace) matches found.
trace:     Strategy 2 (Whitespace-insensitive): no match found.
debug:     Strategy 3 (Fuzzy): beginning flexible window fuzzy search (threshold=0.70, match block len=0.7)
trace:       Hunk match block (7 lines): ["            # Conftest #1: Check if get_user_pages accepts 6 arguments.", "            # Return if true.", "            # Fall through to conftest #2 on failure.", "", "            echo \"$CONFTEST_PREAMBLE", "            #include <linux/mm.h>", "            long get_user_pages(unsigned long start,"]
trace:       Searching with window sizes from 2 to 30 (hunk size: 7, fuzz distance: 23)
debug:       find_search_ranges: analyzing 7 match line(s) against 5168 target line(s).
trace:         Identified 6 high-entropy candidate anchor line(s) (search_radius=15, max candidates to test=100)
debug:         Spatial consensus: 5 anchor(s) agree on start near line 3013
debug:       Found anchor line (hunk line 1) with 1 occurrences.
trace:         Anchor text: '# Conftest #1: Check if get_user_pages accepts 6 arguments.'
trace:         Occurrence at target line 3011: window estimated [2996..3055] (search radius +/-15)
trace:         Raw ranges before merging: [(2995, 3055)]
trace: merge_ranges: merging 1 input range(s): [(2995, 3055)]
trace: merge_ranges: result 1 disjoint range(s): [(2995, 3055)]
debug:       Search ranges merged: 1 disjoint range(s) covering 60/5168 line(s) (98.8% pruned): [(2995, 3055)]
trace:     Using search ranges: [(2995, 3055)]
debug:       compute_scored_windows (parallel): evaluating 1305 candidate window(s) across 1 range(s) (window lengths 2..=30)
trace:         Match block length: 7, Target line count: 5168, Search ranges: [(2995, 3055)]
trace:         score_window: window_len=7, match_len=7, line_score=0.143, ratio_lines=0.143, final_score=0.243
trace:         score_window: window_len=6, match_len=7, line_score=0.000, ratio_lines=0.000, final_score=0.294
trace:         score_window: window_len=6, match_len=7, line_score=0.154, ratio_lines=0.154, final_score=0.257
trace:         score_window: window_len=5, match_len=7, line_score=0.000, ratio_lines=0.000, final_score=0.280
trace:         score_window: window_len=4, match_len=7, line_score=0.000, ratio_lines=0.000, final_score=0.278
trace:         score_window: window_len=8, match_len=7, line_score=0.142, ratio_lines=0.133, final_score=0.237
trace:         score_window: window_len=3, match_len=7, line_score=0.000, ratio_lines=0.000, final_score=0.279
trace:         score_window: window_len=18, match_len=7, line_score=0.395, ratio_lines=0.240, final_score=0.395
trace:         score_window: window_len=19, match_len=7, line_score=0.392, ratio_lines=0.231, final_score=0.392
trace:         score_window: window_len=5, match_len=7, line_score=0.167, ratio_lines=0.167, final_score=0.272
trace:         score_window: window_len=20, match_len=7, line_score=0.518, ratio_lines=0.296, final_score=0.518
trace:         score_window: window_len=21, match_len=7, line_score=0.643, ratio_lines=0.357, final_score=0.643
trace:         score_window: window_len=9, match_len=7, line_score=0.141, ratio_lines=0.125, final_score=0.231
trace:         score_window: window_len=7, match_len=7, line_score=0.000, ratio_lines=0.000, final_score=0.264
trace:         score_window: window_len=10, match_len=7, line_score=0.140, ratio_lines=0.118, final_score=0.227
trace:         score_window: window_len=2, match_len=7, line_score=0.222, ratio_lines=0.222, final_score=0.222
trace:         score_window: window_len=6, match_len=7, line_score=0.000, ratio_lines=0.000, final_score=0.257
trace:         score_window: window_len=5, match_len=7, line_score=0.000, ratio_lines=0.000, final_score=0.237
trace:         score_window: window_len=18, match_len=7, line_score=0.395, ratio_lines=0.240, final_score=0.395
trace:         score_window: window_len=4, match_len=7, line_score=0.000, ratio_lines=0.000, final_score=0.258
trace:         score_window: window_len=19, match_len=7, line_score=0.522, ratio_lines=0.308, final_score=0.522
trace:         score_window: window_len=17, match_len=7, line_score=0.398, ratio_lines=0.250, final_score=0.398
trace:         score_window: window_len=18, match_len=7, line_score=0.395, ratio_lines=0.240, final_score=0.395
trace:         score_window: window_len=19, match_len=7, line_score=0.522, ratio_lines=0.308, final_score=0.522
trace:         score_window: window_len=20, match_len=7, line_score=0.648, ratio_lines=0.370, final_score=0.648
trace:         score_window: window_len=20, match_len=7, line_score=0.518, ratio_lines=0.296, final_score=0.518
trace:         score_window: window_len=21, match_len=7, line_score=0.514, ratio_lines=0.286, final_score=0.514
trace:         score_window: window_len=7, match_len=7, line_score=0.000, ratio_lines=0.000, final_score=0.296
trace:         score_window: window_len=22, match_len=7, line_score=0.510, ratio_lines=0.276, final_score=0.510
trace:         score_window: window_len=23, match_len=7, line_score=0.506, ratio_lines=0.267, final_score=0.506
trace:         score_window: window_len=6, match_len=7, line_score=0.000, ratio_lines=0.000, final_score=0.294
trace:         score_window: window_len=24, match_len=7, line_score=0.502, ratio_lines=0.258, final_score=0.502
trace:         score_window: window_len=5, match_len=7, line_score=0.000, ratio_lines=0.000, final_score=0.287
trace:         score_window: window_len=25, match_len=7, line_score=0.498, ratio_lines=0.250, final_score=0.498
trace:         score_window: window_len=4, match_len=7, line_score=0.000, ratio_lines=0.000, final_score=0.269
trace:         score_window: window_len=16, match_len=7, line_score=0.401, ratio_lines=0.261, final_score=0.401
trace:         score_window: window_len=17, match_len=7, line_score=0.398, ratio_lines=0.250, final_score=0.398
trace:         score_window: window_len=18, match_len=7, line_score=0.527, ratio_lines=0.320, final_score=0.527
trace:         score_window: window_len=26, match_len=7, line_score=0.494, ratio_lines=0.242, final_score=0.494
trace:         score_window: window_len=19, match_len=7, line_score=0.653, ratio_lines=0.385, final_score=0.653
trace:         score_window: window_len=27, match_len=7, line_score=0.490, ratio_lines=0.235, final_score=0.490
trace:         score_window: window_len=28, match_len=7, line_score=0.486, ratio_lines=0.229, final_score=0.486
trace:         score_window: window_len=7, match_len=7, line_score=0.000, ratio_lines=0.000, final_score=0.282
trace:         score_window: window_len=29, match_len=7, line_score=0.482, ratio_lines=0.222, final_score=0.482
trace:         score_window: window_len=6, match_len=7, line_score=0.000, ratio_lines=0.000, final_score=0.312
trace:         score_window: window_len=30, match_len=7, line_score=0.478, ratio_lines=0.216, final_score=0.478
trace:         score_window: window_len=5, match_len=7, line_score=0.000, ratio_lines=0.000, final_score=0.312
trace:         score_window: window_len=7, match_len=7, line_score=0.000, ratio_lines=0.000, final_score=0.212
trace:         score_window: window_len=4, match_len=7, line_score=0.000, ratio_lines=0.000, final_score=0.305
trace:         score_window: window_len=15, match_len=7, line_score=0.404, ratio_lines=0.273, final_score=0.404
trace:         score_window: window_len=16, match_len=7, line_score=0.401, ratio_lines=0.261, final_score=0.401
trace:         score_window: window_len=17, match_len=7, line_score=0.531, ratio_lines=0.333, final_score=0.531
trace:         score_window: window_len=6, match_len=7, line_score=0.000, ratio_lines=0.000, final_score=0.202
trace:         score_window: window_len=18, match_len=7, line_score=0.658, ratio_lines=0.400, final_score=0.658
trace:         score_window: window_len=8, match_len=7, line_score=0.000, ratio_lines=0.000, final_score=0.212
trace:         score_window: window_len=6, match_len=7, line_score=0.000, ratio_lines=0.000, final_score=0.286
trace:         score_window: window_len=5, match_len=7, line_score=0.000, ratio_lines=0.000, final_score=0.213
trace:         score_window: window_len=5, match_len=7, line_score=0.000, ratio_lines=0.000, final_score=0.317
trace:         score_window: window_len=9, match_len=7, line_score=0.141, ratio_lines=0.125, final_score=0.231
trace:         score_window: window_len=4, match_len=7, line_score=0.000, ratio_lines=0.000, final_score=0.318
trace:         score_window: window_len=4, match_len=7, line_score=0.000, ratio_lines=0.000, final_score=0.234
trace:         score_window: window_len=3, match_len=7, line_score=0.000, ratio_lines=0.000, final_score=0.311
trace:         score_window: window_len=17, match_len=7, line_score=0.398, ratio_lines=0.250, final_score=0.398
trace:         score_window: window_len=14, match_len=7, line_score=0.407, ratio_lines=0.286, final_score=0.407
trace:         score_window: window_len=15, match_len=7, line_score=0.404, ratio_lines=0.273, final_score=0.404
trace:         score_window: window_len=16, match_len=7, line_score=0.535, ratio_lines=0.348, final_score=0.535
trace:         score_window: window_len=18, match_len=7, line_score=0.527, ratio_lines=0.320, final_score=0.527
trace:         score_window: window_len=17, match_len=7, line_score=0.663, ratio_lines=0.417, final_score=0.663
trace:         score_window: window_len=19, match_len=7, line_score=0.522, ratio_lines=0.308, final_score=0.522
trace:         score_window: window_len=20, match_len=7, line_score=0.518, ratio_lines=0.296, final_score=0.518
trace:         score_window: window_len=7, match_len=7, line_score=0.000, ratio_lines=0.000, final_score=0.301
trace:         score_window: window_len=21, match_len=7, line_score=0.514, ratio_lines=0.286, final_score=0.514
trace:         score_window: window_len=22, match_len=7, line_score=0.510, ratio_lines=0.276, final_score=0.510
trace:         score_window: window_len=6, match_len=7, line_score=0.000, ratio_lines=0.000, final_score=0.306
trace:         score_window: window_len=23, match_len=7, line_score=0.506, ratio_lines=0.267, final_score=0.506
trace:         score_window: window_len=5, match_len=7, line_score=0.000, ratio_lines=0.000, final_score=0.328
trace:         score_window: window_len=24, match_len=7, line_score=0.502, ratio_lines=0.258, final_score=0.502
trace:         score_window: window_len=4, match_len=7, line_score=0.000, ratio_lines=0.000, final_score=0.307
trace:         score_window: window_len=25, match_len=7, line_score=0.498, ratio_lines=0.250, final_score=0.498
trace:         score_window: window_len=12, match_len=7, line_score=0.276, ratio_lines=0.211, final_score=0.276
trace:         score_window: window_len=13, match_len=7, line_score=0.410, ratio_lines=0.300, final_score=0.410
trace:         score_window: window_len=14, match_len=7, line_score=0.407, ratio_lines=0.286, final_score=0.407
trace:         score_window: window_len=15, match_len=7, line_score=0.539, ratio_lines=0.364, final_score=0.539
trace:         score_window: window_len=26, match_len=7, line_score=0.494, ratio_lines=0.242, final_score=0.494
trace:         score_window: window_len=16, match_len=7, line_score=0.668, ratio_lines=0.435, final_score=0.668
trace:         score_window: window_len=27, match_len=7, line_score=0.490, ratio_lines=0.235, final_score=0.490
trace:         score_window: window_len=7, match_len=7, line_score=0.000, ratio_lines=0.000, final_score=0.294
trace:         score_window: window_len=28, match_len=7, line_score=0.486, ratio_lines=0.229, final_score=0.486
trace:         score_window: window_len=29, match_len=7, line_score=0.482, ratio_lines=0.222, final_score=0.482
trace:         score_window: window_len=6, match_len=7, line_score=0.000, ratio_lines=0.000, final_score=0.289
trace:         score_window: window_len=30, match_len=7, line_score=0.478, ratio_lines=0.216, final_score=0.478
trace:         score_window: window_len=5, match_len=7, line_score=0.000, ratio_lines=0.000, final_score=0.316
trace:         score_window: window_len=7, match_len=7, line_score=0.000, ratio_lines=0.000, final_score=0.223
trace:         score_window: window_len=4, match_len=7, line_score=0.000, ratio_lines=0.000, final_score=0.293
trace:         score_window: window_len=11, match_len=7, line_score=0.278, ratio_lines=0.222, final_score=0.278
trace:         score_window: window_len=6, match_len=7, line_score=0.000, ratio_lines=0.000, final_score=0.224
trace:         score_window: window_len=12, match_len=7, line_score=0.413, ratio_lines=0.316, final_score=0.413
trace:         score_window: window_len=13, match_len=7, line_score=0.410, ratio_lines=0.300, final_score=0.410
trace:         score_window: window_len=14, match_len=7, line_score=0.543, ratio_lines=0.381, final_score=0.543
trace:         score_window: window_len=8, match_len=7, line_score=0.142, ratio_lines=0.133, final_score=0.236
trace:         score_window: window_len=15, match_len=7, line_score=0.673, ratio_lines=0.455, final_score=0.673
trace:         score_window: window_len=5, match_len=7, line_score=0.000, ratio_lines=0.000, final_score=0.209
trace:         score_window: window_len=9, match_len=7, line_score=0.141, ratio_lines=0.125, final_score=0.199
trace:         score_window: window_len=7, match_len=7, line_score=0.000, ratio_lines=0.000, final_score=0.162
trace:         score_window: window_len=4, match_len=7, line_score=0.000, ratio_lines=0.000, final_score=0.214
trace:         score_window: window_len=6, match_len=7, line_score=0.000, ratio_lines=0.000, final_score=0.245
trace:         score_window: window_len=3, match_len=7, line_score=0.000, ratio_lines=0.000, final_score=0.252
trace:         score_window: window_len=8, match_len=7, line_score=0.000, ratio_lines=0.000, final_score=0.162
trace:         score_window: window_len=16, match_len=7, line_score=0.401, ratio_lines=0.261, final_score=0.401
trace:         score_window: window_len=5, match_len=7, line_score=0.000, ratio_lines=0.000, final_score=0.233
trace:         score_window: window_len=17, match_len=7, line_score=0.531, ratio_lines=0.333, final_score=0.531
trace:         score_window: window_len=4, match_len=7, line_score=0.000, ratio_lines=0.000, final_score=0.264
trace:         score_window: window_len=10, match_len=7, line_score=0.280, ratio_lines=0.235, final_score=0.293
trace:         score_window: window_len=18, match_len=7, line_score=0.527, ratio_lines=0.320, final_score=0.527
trace:         score_window: window_len=11, match_len=7, line_score=0.416, ratio_lines=0.333, final_score=0.427
trace:         score_window: window_len=12, match_len=7, line_score=0.413, ratio_lines=0.316, final_score=0.426
trace:         score_window: window_len=19, match_len=7, line_score=0.522, ratio_lines=0.308, final_score=0.522
trace:         score_window: window_len=13, match_len=7, line_score=0.547, ratio_lines=0.400, final_score=0.547
trace:         score_window: window_len=14, match_len=7, line_score=0.679, ratio_lines=0.476, final_score=0.679
trace:         score_window: window_len=20, match_len=7, line_score=0.518, ratio_lines=0.296, final_score=0.518
trace:         score_window: window_len=21, match_len=7, line_score=0.514, ratio_lines=0.286, final_score=0.514
trace:         score_window: window_len=7, match_len=7, line_score=0.000, ratio_lines=0.000, final_score=0.288
trace:         score_window: window_len=22, match_len=7, line_score=0.510, ratio_lines=0.276, final_score=0.510
trace:         score_window: window_len=23, match_len=7, line_score=0.506, ratio_lines=0.267, final_score=0.506
trace:         score_window: window_len=6, match_len=7, line_score=0.000, ratio_lines=0.000, final_score=0.293
trace:         score_window: window_len=24, match_len=7, line_score=0.502, ratio_lines=0.258, final_score=0.502
trace:         score_window: window_len=5, match_len=7, line_score=0.000, ratio_lines=0.000, final_score=0.332
trace:         score_window: window_len=9, match_len=7, line_score=0.282, ratio_lines=0.250, final_score=0.300
trace:         score_window: window_len=25, match_len=7, line_score=0.498, ratio_lines=0.250, final_score=0.498
trace:         score_window: window_len=4, match_len=7, line_score=0.000, ratio_lines=0.000, final_score=0.317
trace:         score_window: window_len=26, match_len=7, line_score=0.494, ratio_lines=0.242, final_score=0.494
trace:         score_window: window_len=10, match_len=7, line_score=0.419, ratio_lines=0.353, final_score=0.436
trace:         score_window: window_len=27, match_len=7, line_score=0.490, ratio_lines=0.235, final_score=0.490
trace:         score_window: window_len=3, match_len=7, line_score=0.000, ratio_lines=0.000, final_score=0.310
trace:         score_window: window_len=28, match_len=7, line_score=0.486, ratio_lines=0.229, final_score=0.486
trace:         score_window: window_len=11, match_len=7, line_score=0.416, ratio_lines=0.333, final_score=0.434
trace:         score_window: window_len=12, match_len=7, line_score=0.551, ratio_lines=0.421, final_score=0.551
trace:         score_window: window_len=29, match_len=7, line_score=0.482, ratio_lines=0.222, final_score=0.482
trace:         score_window: window_len=13, match_len=7, line_score=0.684, ratio_lines=0.500, final_score=0.684
trace:         score_window: window_len=7, match_len=7, line_score=0.143, ratio_lines=0.143, final_score=0.230
trace:         score_window: window_len=7, match_len=7, line_score=0.143, ratio_lines=0.143, final_score=0.227
trace:         score_window: window_len=6, match_len=7, line_score=0.000, ratio_lines=0.000, final_score=0.213
trace:         score_window: window_len=6, match_len=7, line_score=0.000, ratio_lines=0.000, final_score=0.273
trace:         score_window: window_len=8, match_len=7, line_score=0.142, ratio_lines=0.133, final_score=0.209
trace:         score_window: window_len=8, match_len=7, line_score=0.284, ratio_lines=0.267, final_score=0.333
trace:         score_window: window_len=5, match_len=7, line_score=0.000, ratio_lines=0.000, final_score=0.302
trace:         score_window: window_len=5, match_len=7, line_score=0.000, ratio_lines=0.000, final_score=0.214
trace:         score_window: window_len=9, match_len=7, line_score=0.422, ratio_lines=0.375, final_score=0.480
trace:         score_window: window_len=4, match_len=7, line_score=0.000, ratio_lines=0.000, final_score=0.198
trace:         score_window: window_len=4, match_len=7, line_score=0.000, ratio_lines=0.000, final_score=0.280
trace:         score_window: window_len=3, match_len=7, line_score=0.000, ratio_lines=0.000, final_score=0.202
trace:         score_window: window_len=10, match_len=7, line_score=0.419, ratio_lines=0.353, final_score=0.477
trace:         score_window: window_len=11, match_len=7, line_score=0.555, ratio_lines=0.444, final_score=0.555
trace:         score_window: window_len=12, match_len=7, line_score=0.689, ratio_lines=0.526, final_score=0.689
trace:         score_window: window_len=15, match_len=7, line_score=0.404, ratio_lines=0.273, final_score=0.407
trace:         score_window: window_len=16, match_len=7, line_score=0.535, ratio_lines=0.348, final_score=0.535
trace:         score_window: window_len=7, match_len=7, line_score=0.286, ratio_lines=0.286, final_score=0.366
trace:         score_window: window_len=6, match_len=7, line_score=0.154, ratio_lines=0.154, final_score=0.265
trace:         score_window: window_len=17, match_len=7, line_score=0.531, ratio_lines=0.333, final_score=0.531
trace:         score_window: window_len=8, match_len=7, line_score=0.426, ratio_lines=0.400, final_score=0.523
trace:         score_window: window_len=5, match_len=7, line_score=0.000, ratio_lines=0.000, final_score=0.310
trace:         score_window: window_len=18, match_len=7, line_score=0.527, ratio_lines=0.320, final_score=0.527
trace:         score_window: window_len=9, match_len=7, line_score=0.422, ratio_lines=0.375, final_score=0.519
trace:         score_window: window_len=4, match_len=7, line_score=0.000, ratio_lines=0.000, final_score=0.302
trace:         score_window: window_len=19, match_len=7, line_score=0.522, ratio_lines=0.308, final_score=0.522
trace:         score_window: window_len=10, match_len=7, line_score=0.559, ratio_lines=0.471, final_score=0.559
trace:         score_window: window_len=20, match_len=7, line_score=0.518, ratio_lines=0.296, final_score=0.518
trace:         score_window: window_len=11, match_len=7, line_score=0.694, ratio_lines=0.556, final_score=0.694
trace:         score_window: window_len=21, match_len=7, line_score=0.514, ratio_lines=0.286, final_score=0.514
trace:         score_window: window_len=7, match_len=7, line_score=0.429, ratio_lines=0.429, final_score=0.574
trace:         score_window: window_len=6, match_len=7, line_score=0.308, ratio_lines=0.308, final_score=0.406
trace:         score_window: window_len=22, match_len=7, line_score=0.510, ratio_lines=0.276, final_score=0.510
trace:         score_window: window_len=8, match_len=7, line_score=0.426, ratio_lines=0.400, final_score=0.569
trace:         score_window: window_len=23, match_len=7, line_score=0.506, ratio_lines=0.267, final_score=0.506
trace:         score_window: window_len=5, match_len=7, line_score=0.167, ratio_lines=0.167, final_score=0.300
trace:         score_window: window_len=9, match_len=7, line_score=0.563, ratio_lines=0.500, final_score=0.607
trace:         score_window: window_len=24, match_len=7, line_score=0.502, ratio_lines=0.258, final_score=0.502
trace:         score_window: window_len=10, match_len=7, line_score=0.699, ratio_lines=0.588, final_score=0.699
trace:         score_window: window_len=25, match_len=7, line_score=0.498, ratio_lines=0.250, final_score=0.498
trace:         score_window: window_len=7, match_len=7, line_score=0.429, ratio_lines=0.429, final_score=0.585
trace:         score_window: window_len=26, match_len=7, line_score=0.494, ratio_lines=0.242, final_score=0.494
trace:         score_window: window_len=6, match_len=7, line_score=0.462, ratio_lines=0.462, final_score=0.591
trace:         score_window: window_len=27, match_len=7, line_score=0.490, ratio_lines=0.235, final_score=0.490
trace:         score_window: window_len=8, match_len=7, line_score=0.567, ratio_lines=0.533, final_score=0.623
trace:         score_window: window_len=5, match_len=7, line_score=0.333, ratio_lines=0.333, final_score=0.419
trace:         score_window: window_len=28, match_len=7, line_score=0.486, ratio_lines=0.229, final_score=0.486
trace:         score_window: window_len=7, match_len=7, line_score=0.143, ratio_lines=0.143, final_score=0.221
trace:         score_window: window_len=4, match_len=7, line_score=0.182, ratio_lines=0.182, final_score=0.302
trace:         score_window: window_len=6, match_len=7, line_score=0.154, ratio_lines=0.154, final_score=0.257
trace:         score_window: window_len=7, match_len=7, line_score=0.571, ratio_lines=0.571, final_score=0.697
trace:         score_window: window_len=6, match_len=7, line_score=0.462, ratio_lines=0.462, final_score=0.640
trace:         score_window: window_len=8, match_len=7, line_score=0.142, ratio_lines=0.133, final_score=0.305
trace:         score_window: window_len=5, match_len=7, line_score=0.500, ratio_lines=0.500, final_score=0.648
trace:         score_window: window_len=4, match_len=7, line_score=0.364, ratio_lines=0.364, final_score=0.466
trace:         score_window: window_len=5, match_len=7, line_score=0.000, ratio_lines=0.000, final_score=0.242
trace:         score_window: window_len=6, match_len=7, line_score=0.615, ratio_lines=0.615, final_score=0.768
trace:         score_window: window_len=5, match_len=7, line_score=0.500, ratio_lines=0.500, final_score=0.729
trace:         score_window: window_len=4, match_len=7, line_score=0.545, ratio_lines=0.545, final_score=0.740
trace:         score_window: window_len=4, match_len=7, line_score=0.000, ratio_lines=0.000, final_score=0.243
trace:         score_window: window_len=3, match_len=7, line_score=0.400, ratio_lines=0.400, final_score=0.543
trace:         score_window: window_len=2, match_len=7, line_score=0.222, ratio_lines=0.222, final_score=0.390
trace:         score_window: window_len=5, match_len=7, line_score=0.667, ratio_lines=0.667, final_score=0.794
trace:         score_window: window_len=4, match_len=7, line_score=0.545, ratio_lines=0.545, final_score=0.754
trace:         score_window: window_len=3, match_len=7, line_score=0.600, ratio_lines=0.600, final_score=0.768
trace:         score_window: window_len=2, match_len=7, line_score=0.444, ratio_lines=0.444, final_score=0.567
trace:         score_window: window_len=3, match_len=7, line_score=0.000, ratio_lines=0.000, final_score=0.237
trace:         score_window: window_len=5, match_len=7, line_score=0.667, ratio_lines=0.667, final_score=0.672
trace:         score_window: window_len=4, match_len=7, line_score=0.545, ratio_lines=0.545, final_score=0.593
trace:         score_window: window_len=2, match_len=7, line_score=0.000, ratio_lines=0.000, final_score=0.243
trace:         score_window: window_len=10, match_len=7, line_score=0.699, ratio_lines=0.588, final_score=0.699
trace:         score_window: window_len=3, match_len=7, line_score=0.400, ratio_lines=0.400, final_score=0.537
trace:         score_window: window_len=14, match_len=7, line_score=0.407, ratio_lines=0.286, final_score=0.428
trace:         score_window: window_len=11, match_len=7, line_score=0.694, ratio_lines=0.556, final_score=0.694
trace:         score_window: window_len=2, match_len=7, line_score=0.444, ratio_lines=0.444, final_score=0.543
trace:         score_window: window_len=15, match_len=7, line_score=0.539, ratio_lines=0.364, final_score=0.539
trace:         score_window: window_len=12, match_len=7, line_score=0.689, ratio_lines=0.526, final_score=0.689
trace:         score_window: window_len=16, match_len=7, line_score=0.535, ratio_lines=0.348, final_score=0.535
trace:         score_window: window_len=13, match_len=7, line_score=0.684, ratio_lines=0.500, final_score=0.684
trace:         score_window: window_len=14, match_len=7, line_score=0.679, ratio_lines=0.476, final_score=0.679
trace:         score_window: window_len=17, match_len=7, line_score=0.531, ratio_lines=0.333, final_score=0.531
trace:         score_window: window_len=15, match_len=7, line_score=0.673, ratio_lines=0.455, final_score=0.673
trace:         score_window: window_len=18, match_len=7, line_score=0.527, ratio_lines=0.320, final_score=0.527
trace:         score_window: window_len=16, match_len=7, line_score=0.668, ratio_lines=0.435, final_score=0.668
trace:         score_window: window_len=17, match_len=7, line_score=0.663, ratio_lines=0.417, final_score=0.663
trace:         score_window: window_len=19, match_len=7, line_score=0.522, ratio_lines=0.308, final_score=0.522
trace:         score_window: window_len=18, match_len=7, line_score=0.658, ratio_lines=0.400, final_score=0.658
trace:         score_window: window_len=19, match_len=7, line_score=0.653, ratio_lines=0.385, final_score=0.653
trace:         score_window: window_len=20, match_len=7, line_score=0.518, ratio_lines=0.296, final_score=0.518
trace:         score_window: window_len=20, match_len=7, line_score=0.648, ratio_lines=0.370, final_score=0.648
trace:         score_window: window_len=21, match_len=7, line_score=0.514, ratio_lines=0.286, final_score=0.514
trace:         score_window: window_len=21, match_len=7, line_score=0.643, ratio_lines=0.357, final_score=0.643
trace:         score_window: window_len=22, match_len=7, line_score=0.638, ratio_lines=0.345, final_score=0.638
trace:         score_window: window_len=22, match_len=7, line_score=0.510, ratio_lines=0.276, final_score=0.510
trace:         score_window: window_len=23, match_len=7, line_score=0.633, ratio_lines=0.333, final_score=0.633
trace:         score_window: window_len=23, match_len=7, line_score=0.506, ratio_lines=0.267, final_score=0.506
trace:         score_window: window_len=24, match_len=7, line_score=0.502, ratio_lines=0.258, final_score=0.502
trace:         score_window: window_len=24, match_len=7, line_score=0.628, ratio_lines=0.323, final_score=0.628
trace:         score_window: window_len=25, match_len=7, line_score=0.622, ratio_lines=0.312, final_score=0.622
trace:         score_window: window_len=25, match_len=7, line_score=0.498, ratio_lines=0.250, final_score=0.498
trace:         score_window: window_len=26, match_len=7, line_score=0.617, ratio_lines=0.303, final_score=0.617
trace:         score_window: window_len=27, match_len=7, line_score=0.612, ratio_lines=0.294, final_score=0.612
trace:         score_window: window_len=28, match_len=7, line_score=0.607, ratio_lines=0.286, final_score=0.607
trace:         score_window: window_len=26, match_len=7, line_score=0.494, ratio_lines=0.242, final_score=0.494
trace:         score_window: window_len=29, match_len=7, line_score=0.602, ratio_lines=0.278, final_score=0.602
trace:         score_window: window_len=30, match_len=7, line_score=0.597, ratio_lines=0.270, final_score=0.597
trace:         score_window: window_len=27, match_len=7, line_score=0.490, ratio_lines=0.235, final_score=0.490
trace:         score_window: window_len=7, match_len=7, line_score=0.571, ratio_lines=0.571, final_score=0.690
trace:         score_window: window_len=6, match_len=7, line_score=0.615, ratio_lines=0.615, final_score=0.713
trace:         score_window: window_len=7, match_len=7, line_score=0.143, ratio_lines=0.143, final_score=0.335
trace:         score_window: window_len=8, match_len=7, line_score=0.567, ratio_lines=0.533, final_score=0.670
trace:         score_window: window_len=5, match_len=7, line_score=0.667, ratio_lines=0.667, final_score=0.765
trace:         score_window: window_len=6, match_len=7, line_score=0.154, ratio_lines=0.154, final_score=0.262
trace:         score_window: window_len=9, match_len=7, line_score=0.563, ratio_lines=0.500, final_score=0.635
trace:         score_window: window_len=4, match_len=7, line_score=0.545, ratio_lines=0.545, final_score=0.547
trace:         score_window: window_len=8, match_len=7, line_score=0.142, ratio_lines=0.133, final_score=0.318
trace:         score_window: window_len=10, match_len=7, line_score=0.559, ratio_lines=0.471, final_score=0.588
trace:         score_window: window_len=3, match_len=7, line_score=0.400, ratio_lines=0.400, final_score=0.452
trace:         score_window: window_len=11, match_len=7, line_score=0.555, ratio_lines=0.444, final_score=0.575
trace:         score_window: window_len=2, match_len=7, line_score=0.222, ratio_lines=0.222, final_score=0.380
trace:         score_window: window_len=9, match_len=7, line_score=0.141, ratio_lines=0.125, final_score=0.274
trace:         score_window: window_len=12, match_len=7, line_score=0.551, ratio_lines=0.421, final_score=0.553
trace:         score_window: window_len=12, match_len=7, line_score=0.276, ratio_lines=0.211, final_score=0.405
trace:         score_window: window_len=13, match_len=7, line_score=0.547, ratio_lines=0.400, final_score=0.550
trace:         score_window: window_len=13, match_len=7, line_score=0.410, ratio_lines=0.300, final_score=0.457
trace:         score_window: window_len=14, match_len=7, line_score=0.543, ratio_lines=0.381, final_score=0.543
trace:         score_window: window_len=14, match_len=7, line_score=0.543, ratio_lines=0.381, final_score=0.543
trace:         score_window: window_len=15, match_len=7, line_score=0.539, ratio_lines=0.364, final_score=0.539
trace:         score_window: window_len=15, match_len=7, line_score=0.539, ratio_lines=0.364, final_score=0.539
trace:         score_window: window_len=16, match_len=7, line_score=0.535, ratio_lines=0.348, final_score=0.535
trace:         score_window: window_len=17, match_len=7, line_score=0.531, ratio_lines=0.333, final_score=0.531
trace:         score_window: window_len=16, match_len=7, line_score=0.535, ratio_lines=0.348, final_score=0.535
trace:         score_window: window_len=18, match_len=7, line_score=0.527, ratio_lines=0.320, final_score=0.527
trace:         score_window: window_len=19, match_len=7, line_score=0.522, ratio_lines=0.308, final_score=0.522
trace:         score_window: window_len=17, match_len=7, line_score=0.531, ratio_lines=0.333, final_score=0.531
trace:         score_window: window_len=20, match_len=7, line_score=0.518, ratio_lines=0.296, final_score=0.518
trace:         score_window: window_len=21, match_len=7, line_score=0.514, ratio_lines=0.286, final_score=0.514
trace:         score_window: window_len=18, match_len=7, line_score=0.527, ratio_lines=0.320, final_score=0.527
trace:         score_window: window_len=22, match_len=7, line_score=0.510, ratio_lines=0.276, final_score=0.510
trace:         score_window: window_len=23, match_len=7, line_score=0.506, ratio_lines=0.267, final_score=0.506
trace:         score_window: window_len=19, match_len=7, line_score=0.522, ratio_lines=0.308, final_score=0.522
trace:         score_window: window_len=24, match_len=7, line_score=0.502, ratio_lines=0.258, final_score=0.502
trace:         score_window: window_len=25, match_len=7, line_score=0.498, ratio_lines=0.250, final_score=0.498
trace:         score_window: window_len=26, match_len=7, line_score=0.494, ratio_lines=0.242, final_score=0.494
trace:         score_window: window_len=27, match_len=7, line_score=0.490, ratio_lines=0.235, final_score=0.490
trace:         score_window: window_len=20, match_len=7, line_score=0.518, ratio_lines=0.296, final_score=0.518
trace:         score_window: window_len=28, match_len=7, line_score=0.486, ratio_lines=0.229, final_score=0.486
trace:         score_window: window_len=29, match_len=7, line_score=0.482, ratio_lines=0.222, final_score=0.482
trace:         score_window: window_len=30, match_len=7, line_score=0.478, ratio_lines=0.216, final_score=0.478
trace:         score_window: window_len=21, match_len=7, line_score=0.514, ratio_lines=0.286, final_score=0.514
trace:         score_window: window_len=7, match_len=7, line_score=0.429, ratio_lines=0.429, final_score=0.530
trace:         score_window: window_len=6, match_len=7, line_score=0.462, ratio_lines=0.462, final_score=0.549
trace:         score_window: window_len=22, match_len=7, line_score=0.510, ratio_lines=0.276, final_score=0.510
trace:         score_window: window_len=23, match_len=7, line_score=0.506, ratio_lines=0.267, final_score=0.506
trace:         score_window: window_len=8, match_len=7, line_score=0.426, ratio_lines=0.400, final_score=0.500
trace:         score_window: window_len=5, match_len=7, line_score=0.500, ratio_lines=0.500, final_score=0.569
trace:         score_window: window_len=24, match_len=7, line_score=0.502, ratio_lines=0.258, final_score=0.502
trace:         score_window: window_len=9, match_len=7, line_score=0.422, ratio_lines=0.375, final_score=0.460
trace:         score_window: window_len=4, match_len=7, line_score=0.545, ratio_lines=0.545, final_score=0.545
trace:         score_window: window_len=25, match_len=7, line_score=0.498, ratio_lines=0.250, final_score=0.498
trace:         score_window: window_len=10, match_len=7, line_score=0.419, ratio_lines=0.353, final_score=0.448
trace:         score_window: window_len=3, match_len=7, line_score=0.400, ratio_lines=0.400, final_score=0.400
trace:         score_window: window_len=11, match_len=7, line_score=0.416, ratio_lines=0.333, final_score=0.430
trace:         score_window: window_len=2, match_len=7, line_score=0.222, ratio_lines=0.222, final_score=0.222
trace:         score_window: window_len=26, match_len=7, line_score=0.494, ratio_lines=0.242, final_score=0.494
trace:         score_window: window_len=12, match_len=7, line_score=0.413, ratio_lines=0.316, final_score=0.428
trace:         score_window: window_len=13, match_len=7, line_score=0.410, ratio_lines=0.300, final_score=0.410
trace:         score_window: window_len=7, match_len=7, line_score=0.143, ratio_lines=0.143, final_score=0.348
trace:         score_window: window_len=14, match_len=7, line_score=0.407, ratio_lines=0.286, final_score=0.407
trace:         score_window: window_len=6, match_len=7, line_score=0.154, ratio_lines=0.154, final_score=0.370
trace:         score_window: window_len=15, match_len=7, line_score=0.404, ratio_lines=0.273, final_score=0.404
trace:         score_window: window_len=16, match_len=7, line_score=0.401, ratio_lines=0.261, final_score=0.401
trace:         score_window: window_len=8, match_len=7, line_score=0.142, ratio_lines=0.133, final_score=0.326
trace:         score_window: window_len=17, match_len=7, line_score=0.398, ratio_lines=0.250, final_score=0.398
trace:         score_window: window_len=18, match_len=7, line_score=0.395, ratio_lines=0.240, final_score=0.395
trace:         score_window: window_len=19, match_len=7, line_score=0.392, ratio_lines=0.231, final_score=0.392
trace:         score_window: window_len=9, match_len=7, line_score=0.141, ratio_lines=0.125, final_score=0.428
trace:         score_window: window_len=20, match_len=7, line_score=0.389, ratio_lines=0.222, final_score=0.389
trace:         score_window: window_len=21, match_len=7, line_score=0.386, ratio_lines=0.214, final_score=0.386
trace:         score_window: window_len=10, match_len=7, line_score=0.140, ratio_lines=0.118, final_score=0.427
trace:         score_window: window_len=30, match_len=7, line_score=0.478, ratio_lines=0.216, final_score=0.478
trace:         score_window: window_len=7, match_len=7, line_score=0.429, ratio_lines=0.429, final_score=0.499
trace:         score_window: window_len=6, match_len=7, line_score=0.462, ratio_lines=0.462, final_score=0.529
trace:         score_window: window_len=8, match_len=7, line_score=0.426, ratio_lines=0.400, final_score=0.459
trace:         score_window: window_len=11, match_len=7, line_score=0.278, ratio_lines=0.222, final_score=0.512
trace:         score_window: window_len=5, match_len=7, line_score=0.500, ratio_lines=0.500, final_score=0.548
trace:         score_window: window_len=9, match_len=7, line_score=0.422, ratio_lines=0.375, final_score=0.447
trace:         score_window: window_len=4, match_len=7, line_score=0.545, ratio_lines=0.545, final_score=0.569
trace:         score_window: window_len=10, match_len=7, line_score=0.419, ratio_lines=0.353, final_score=0.428
trace:         score_window: window_len=3, match_len=7, line_score=0.600, ratio_lines=0.600, final_score=0.600
trace:         score_window: window_len=12, match_len=7, line_score=0.413, ratio_lines=0.316, final_score=0.580
trace:         score_window: window_len=11, match_len=7, line_score=0.416, ratio_lines=0.333, final_score=0.426
trace:         score_window: window_len=2, match_len=7, line_score=0.444, ratio_lines=0.444, final_score=0.444
trace:         score_window: window_len=13, match_len=7, line_score=0.547, ratio_lines=0.400, final_score=0.685
trace:         score_window: window_len=12, match_len=7, line_score=0.413, ratio_lines=0.316, final_score=0.413
trace:         score_window: window_len=13, match_len=7, line_score=0.410, ratio_lines=0.300, final_score=0.410
trace:         score_window: window_len=14, match_len=7, line_score=0.543, ratio_lines=0.381, final_score=0.543
trace:         score_window: window_len=14, match_len=7, line_score=0.407, ratio_lines=0.286, final_score=0.407
trace:         score_window: window_len=15, match_len=7, line_score=0.404, ratio_lines=0.273, final_score=0.404
trace:         score_window: window_len=15, match_len=7, line_score=0.539, ratio_lines=0.364, final_score=0.539
trace:         score_window: window_len=16, match_len=7, line_score=0.401, ratio_lines=0.261, final_score=0.401
trace:         score_window: window_len=17, match_len=7, line_score=0.398, ratio_lines=0.250, final_score=0.398
trace:         score_window: window_len=16, match_len=7, line_score=0.535, ratio_lines=0.348, final_score=0.535
trace:         score_window: window_len=18, match_len=7, line_score=0.395, ratio_lines=0.240, final_score=0.395
trace:         score_window: window_len=19, match_len=7, line_score=0.392, ratio_lines=0.231, final_score=0.392
trace:         score_window: window_len=17, match_len=7, line_score=0.531, ratio_lines=0.333, final_score=0.531
trace:         score_window: window_len=20, match_len=7, line_score=0.389, ratio_lines=0.222, final_score=0.389
trace:         score_window: window_len=21, match_len=7, line_score=0.386, ratio_lines=0.214, final_score=0.386
trace:         score_window: window_len=18, match_len=7, line_score=0.527, ratio_lines=0.320, final_score=0.527
trace:         score_window: window_len=29, match_len=7, line_score=0.482, ratio_lines=0.222, final_score=0.482
trace:         score_window: window_len=19, match_len=7, line_score=0.522, ratio_lines=0.308, final_score=0.522
trace:         score_window: window_len=30, match_len=7, line_score=0.478, ratio_lines=0.216, final_score=0.478
trace:         score_window: window_len=20, match_len=7, line_score=0.518, ratio_lines=0.296, final_score=0.518
trace:         score_window: window_len=7, match_len=7, line_score=0.286, ratio_lines=0.286, final_score=0.348
trace:         score_window: window_len=6, match_len=7, line_score=0.308, ratio_lines=0.308, final_score=0.381
trace:         score_window: window_len=8, match_len=7, line_score=0.284, ratio_lines=0.267, final_score=0.339
trace:         score_window: window_len=21, match_len=7, line_score=0.514, ratio_lines=0.286, final_score=0.514
trace:         score_window: window_len=5, match_len=7, line_score=0.333, ratio_lines=0.333, final_score=0.333
trace:         score_window: window_len=9, match_len=7, line_score=0.282, ratio_lines=0.250, final_score=0.323
trace:         score_window: window_len=4, match_len=7, line_score=0.364, ratio_lines=0.364, final_score=0.364
trace:         score_window: window_len=22, match_len=7, line_score=0.510, ratio_lines=0.276, final_score=0.510
trace:         score_window: window_len=10, match_len=7, line_score=0.280, ratio_lines=0.235, final_score=0.322
trace:         score_window: window_len=3, match_len=7, line_score=0.400, ratio_lines=0.400, final_score=0.400
trace:         score_window: window_len=11, match_len=7, line_score=0.278, ratio_lines=0.222, final_score=0.291
trace:         score_window: window_len=2, match_len=7, line_score=0.444, ratio_lines=0.444, final_score=0.444
trace:         score_window: window_len=23, match_len=7, line_score=0.506, ratio_lines=0.267, final_score=0.506
trace:         score_window: window_len=12, match_len=7, line_score=0.276, ratio_lines=0.211, final_score=0.279
trace:         score_window: window_len=24, match_len=7, line_score=0.502, ratio_lines=0.258, final_score=0.502
trace:         score_window: window_len=13, match_len=7, line_score=0.273, ratio_lines=0.200, final_score=0.273
trace:         score_window: window_len=25, match_len=7, line_score=0.498, ratio_lines=0.250, final_score=0.498
trace:         score_window: window_len=28, match_len=7, line_score=0.486, ratio_lines=0.229, final_score=0.486
trace:         score_window: window_len=7, match_len=7, line_score=0.143, ratio_lines=0.143, final_score=0.341
trace:         score_window: window_len=29, match_len=7, line_score=0.482, ratio_lines=0.222, final_score=0.482
trace:         score_window: window_len=30, match_len=7, line_score=0.478, ratio_lines=0.216, final_score=0.478
trace:         score_window: window_len=6, match_len=7, line_score=0.154, ratio_lines=0.154, final_score=0.366
trace:         score_window: window_len=7, match_len=7, line_score=0.143, ratio_lines=0.143, final_score=0.230
trace:         score_window: window_len=6, match_len=7, line_score=0.154, ratio_lines=0.154, final_score=0.237
trace:         score_window: window_len=8, match_len=7, line_score=0.142, ratio_lines=0.133, final_score=0.219
trace:         score_window: window_len=8, match_len=7, line_score=0.142, ratio_lines=0.133, final_score=0.446
trace:         score_window: window_len=9, match_len=7, line_score=0.141, ratio_lines=0.125, final_score=0.218
trace:         score_window: window_len=10, match_len=7, line_score=0.140, ratio_lines=0.118, final_score=0.196
trace:         score_window: window_len=5, match_len=7, line_score=0.167, ratio_lines=0.167, final_score=0.393
trace:         score_window: window_len=11, match_len=7, line_score=0.139, ratio_lines=0.111, final_score=0.187
trace:         score_window: window_len=2, match_len=7, line_score=0.222, ratio_lines=0.222, final_score=0.222
trace:         score_window: window_len=12, match_len=7, line_score=0.138, ratio_lines=0.105, final_score=0.177
trace:         score_window: window_len=9, match_len=7, line_score=0.141, ratio_lines=0.125, final_score=0.445
trace:         score_window: window_len=27, match_len=7, line_score=0.490, ratio_lines=0.235, final_score=0.490
trace:         score_window: window_len=28, match_len=7, line_score=0.486, ratio_lines=0.229, final_score=0.486
trace:         score_window: window_len=10, match_len=7, line_score=0.280, ratio_lines=0.235, final_score=0.533
trace:         score_window: window_len=29, match_len=7, line_score=0.482, ratio_lines=0.222, final_score=0.482
trace:         score_window: window_len=30, match_len=7, line_score=0.478, ratio_lines=0.216, final_score=0.478
trace:         score_window: window_len=9, match_len=7, line_score=0.141, ratio_lines=0.125, final_score=0.141
trace:         score_window: window_len=11, match_len=7, line_score=0.416, ratio_lines=0.333, final_score=0.603
trace:         score_window: window_len=10, match_len=7, line_score=0.140, ratio_lines=0.118, final_score=0.140
trace:         score_window: window_len=12, match_len=7, line_score=0.551, ratio_lines=0.421, final_score=0.709
trace:         score_window: window_len=11, match_len=7, line_score=0.139, ratio_lines=0.111, final_score=0.139
trace:         score_window: window_len=12, match_len=7, line_score=0.138, ratio_lines=0.105, final_score=0.138
trace:         score_window: window_len=26, match_len=7, line_score=0.494, ratio_lines=0.242, final_score=0.494
trace:         score_window: window_len=13, match_len=7, line_score=0.547, ratio_lines=0.400, final_score=0.678
trace:         score_window: window_len=14, match_len=7, line_score=0.543, ratio_lines=0.381, final_score=0.543
trace:         score_window: window_len=27, match_len=7, line_score=0.490, ratio_lines=0.235, final_score=0.490
trace:         score_window: window_len=15, match_len=7, line_score=0.539, ratio_lines=0.364, final_score=0.539
trace:         score_window: window_len=28, match_len=7, line_score=0.486, ratio_lines=0.229, final_score=0.486
trace:         score_window: window_len=29, match_len=7, line_score=0.482, ratio_lines=0.222, final_score=0.482
trace:         score_window: window_len=16, match_len=7, line_score=0.535, ratio_lines=0.348, final_score=0.535
trace:         score_window: window_len=30, match_len=7, line_score=0.478, ratio_lines=0.216, final_score=0.478
trace:         score_window: window_len=17, match_len=7, line_score=0.531, ratio_lines=0.333, final_score=0.531
trace:         score_window: window_len=8, match_len=7, line_score=0.142, ratio_lines=0.133, final_score=0.273
trace:         score_window: window_len=18, match_len=7, line_score=0.527, ratio_lines=0.320, final_score=0.527
trace:         score_window: window_len=9, match_len=7, line_score=0.141, ratio_lines=0.125, final_score=0.283
trace:         score_window: window_len=19, match_len=7, line_score=0.522, ratio_lines=0.308, final_score=0.522
trace:         score_window: window_len=10, match_len=7, line_score=0.140, ratio_lines=0.118, final_score=0.290
trace:         score_window: window_len=20, match_len=7, line_score=0.518, ratio_lines=0.296, final_score=0.518
trace:         score_window: window_len=21, match_len=7, line_score=0.514, ratio_lines=0.286, final_score=0.514
trace:         score_window: window_len=11, match_len=7, line_score=0.139, ratio_lines=0.111, final_score=0.282
trace:         score_window: window_len=25, match_len=7, line_score=0.498, ratio_lines=0.250, final_score=0.498
trace:         score_window: window_len=22, match_len=7, line_score=0.510, ratio_lines=0.276, final_score=0.510
trace:         score_window: window_len=23, match_len=7, line_score=0.506, ratio_lines=0.267, final_score=0.506
trace:         score_window: window_len=26, match_len=7, line_score=0.494, ratio_lines=0.242, final_score=0.494
trace:         score_window: window_len=24, match_len=7, line_score=0.502, ratio_lines=0.258, final_score=0.502
trace:         score_window: window_len=27, match_len=7, line_score=0.490, ratio_lines=0.235, final_score=0.490
trace:         score_window: window_len=7, match_len=7, line_score=0.143, ratio_lines=0.143, final_score=0.454
trace:         score_window: window_len=28, match_len=7, line_score=0.486, ratio_lines=0.229, final_score=0.486
trace:         score_window: window_len=29, match_len=7, line_score=0.482, ratio_lines=0.222, final_score=0.482
trace:         score_window: window_len=6, match_len=7, line_score=0.154, ratio_lines=0.154, final_score=0.347
trace:         score_window: window_len=30, match_len=7, line_score=0.478, ratio_lines=0.216, final_score=0.478
trace:         score_window: window_len=8, match_len=7, line_score=0.142, ratio_lines=0.133, final_score=0.453
trace:         score_window: window_len=7, match_len=7, line_score=0.143, ratio_lines=0.143, final_score=0.286
trace:         score_window: window_len=5, match_len=7, line_score=0.167, ratio_lines=0.167, final_score=0.382
trace:         score_window: window_len=8, match_len=7, line_score=0.142, ratio_lines=0.133, final_score=0.291
trace:         score_window: window_len=9, match_len=7, line_score=0.282, ratio_lines=0.250, final_score=0.542
trace:         score_window: window_len=9, match_len=7, line_score=0.141, ratio_lines=0.125, final_score=0.298
trace:         score_window: window_len=10, match_len=7, line_score=0.140, ratio_lines=0.118, final_score=0.289
trace:         score_window: window_len=10, match_len=7, line_score=0.419, ratio_lines=0.353, final_score=0.613
trace:         score_window: window_len=11, match_len=7, line_score=0.555, ratio_lines=0.444, final_score=0.720
trace:         score_window: window_len=2, match_len=7, line_score=0.222, ratio_lines=0.222, final_score=0.222
trace:         score_window: window_len=24, match_len=7, line_score=0.502, ratio_lines=0.258, final_score=0.502
trace:         score_window: window_len=25, match_len=7, line_score=0.498, ratio_lines=0.250, final_score=0.498
trace:         score_window: window_len=12, match_len=7, line_score=0.551, ratio_lines=0.421, final_score=0.688
trace:         score_window: window_len=26, match_len=7, line_score=0.494, ratio_lines=0.242, final_score=0.494
trace:         score_window: window_len=13, match_len=7, line_score=0.547, ratio_lines=0.400, final_score=0.556
trace:         score_window: window_len=27, match_len=7, line_score=0.490, ratio_lines=0.235, final_score=0.490
trace:         score_window: window_len=14, match_len=7, line_score=0.543, ratio_lines=0.381, final_score=0.543
trace:         score_window: window_len=28, match_len=7, line_score=0.486, ratio_lines=0.229, final_score=0.486
trace:         score_window: window_len=15, match_len=7, line_score=0.539, ratio_lines=0.364, final_score=0.539
trace:         score_window: window_len=29, match_len=7, line_score=0.482, ratio_lines=0.222, final_score=0.482
trace:         score_window: window_len=16, match_len=7, line_score=0.535, ratio_lines=0.348, final_score=0.535
trace:         score_window: window_len=30, match_len=7, line_score=0.478, ratio_lines=0.216, final_score=0.478
trace:         score_window: window_len=17, match_len=7, line_score=0.531, ratio_lines=0.333, final_score=0.531
trace:         score_window: window_len=7, match_len=7, line_score=0.143, ratio_lines=0.143, final_score=0.282
trace:         score_window: window_len=18, match_len=7, line_score=0.527, ratio_lines=0.320, final_score=0.527
trace:         score_window: window_len=8, match_len=7, line_score=0.142, ratio_lines=0.133, final_score=0.290
trace:         score_window: window_len=19, match_len=7, line_score=0.522, ratio_lines=0.308, final_score=0.522
trace:         score_window: window_len=9, match_len=7, line_score=0.141, ratio_lines=0.125, final_score=0.282
trace:         score_window: window_len=20, match_len=7, line_score=0.518, ratio_lines=0.296, final_score=0.518
trace:         score_window: window_len=23, match_len=7, line_score=0.506, ratio_lines=0.267, final_score=0.506
trace:         score_window: window_len=21, match_len=7, line_score=0.514, ratio_lines=0.286, final_score=0.514
trace:         score_window: window_len=24, match_len=7, line_score=0.502, ratio_lines=0.258, final_score=0.502
trace:         score_window: window_len=22, match_len=7, line_score=0.510, ratio_lines=0.276, final_score=0.510
trace:         score_window: window_len=25, match_len=7, line_score=0.498, ratio_lines=0.250, final_score=0.498
trace:         score_window: window_len=23, match_len=7, line_score=0.506, ratio_lines=0.267, final_score=0.506
trace:         score_window: window_len=26, match_len=7, line_score=0.494, ratio_lines=0.242, final_score=0.494
trace:         score_window: window_len=7, match_len=7, line_score=0.143, ratio_lines=0.143, final_score=0.456
trace:         score_window: window_len=27, match_len=7, line_score=0.490, ratio_lines=0.235, final_score=0.490
trace:         score_window: window_len=6, match_len=7, line_score=0.154, ratio_lines=0.154, final_score=0.457
trace:         score_window: window_len=28, match_len=7, line_score=0.486, ratio_lines=0.229, final_score=0.486
trace:         score_window: window_len=29, match_len=7, line_score=0.482, ratio_lines=0.222, final_score=0.482
trace:         score_window: window_len=8, match_len=7, line_score=0.284, ratio_lines=0.267, final_score=0.546
trace:         score_window: window_len=30, match_len=7, line_score=0.478, ratio_lines=0.216, final_score=0.478
trace:         score_window: window_len=5, match_len=7, line_score=0.167, ratio_lines=0.167, final_score=0.351
trace:         score_window: window_len=7, match_len=7, line_score=0.143, ratio_lines=0.143, final_score=0.272
trace:         score_window: window_len=9, match_len=7, line_score=0.422, ratio_lines=0.375, final_score=0.618
trace:         score_window: window_len=8, match_len=7, line_score=0.142, ratio_lines=0.133, final_score=0.268
trace:         score_window: window_len=4, match_len=7, line_score=0.182, ratio_lines=0.182, final_score=0.383
trace:         score_window: window_len=10, match_len=7, line_score=0.559, ratio_lines=0.471, final_score=0.725
trace:         score_window: window_len=9, match_len=7, line_score=0.141, ratio_lines=0.125, final_score=0.235
trace:         score_window: window_len=11, match_len=7, line_score=0.555, ratio_lines=0.444, final_score=0.693
trace:         score_window: window_len=21, match_len=7, line_score=0.386, ratio_lines=0.214, final_score=0.386
trace:         score_window: window_len=2, match_len=7, line_score=0.222, ratio_lines=0.222, final_score=0.321
trace:         score_window: window_len=22, match_len=7, line_score=0.510, ratio_lines=0.276, final_score=0.510
trace:         score_window: window_len=12, match_len=7, line_score=0.551, ratio_lines=0.421, final_score=0.562
trace:         score_window: window_len=23, match_len=7, line_score=0.506, ratio_lines=0.267, final_score=0.506
trace:         score_window: window_len=13, match_len=7, line_score=0.547, ratio_lines=0.400, final_score=0.547
trace:         score_window: window_len=24, match_len=7, line_score=0.502, ratio_lines=0.258, final_score=0.502
trace:         score_window: window_len=14, match_len=7, line_score=0.543, ratio_lines=0.381, final_score=0.543
trace:         score_window: window_len=25, match_len=7, line_score=0.498, ratio_lines=0.250, final_score=0.498
trace:         score_window: window_len=15, match_len=7, line_score=0.539, ratio_lines=0.364, final_score=0.539
trace:         score_window: window_len=26, match_len=7, line_score=0.494, ratio_lines=0.242, final_score=0.494
trace:         score_window: window_len=16, match_len=7, line_score=0.535, ratio_lines=0.348, final_score=0.535
trace:         score_window: window_len=27, match_len=7, line_score=0.490, ratio_lines=0.235, final_score=0.490
trace:         score_window: window_len=17, match_len=7, line_score=0.531, ratio_lines=0.333, final_score=0.531
trace:         score_window: window_len=28, match_len=7, line_score=0.486, ratio_lines=0.229, final_score=0.486
trace:         score_window: window_len=29, match_len=7, line_score=0.482, ratio_lines=0.222, final_score=0.482
trace:         score_window: window_len=18, match_len=7, line_score=0.527, ratio_lines=0.320, final_score=0.527
trace:         score_window: window_len=30, match_len=7, line_score=0.478, ratio_lines=0.216, final_score=0.478
trace:         score_window: window_len=19, match_len=7, line_score=0.522, ratio_lines=0.308, final_score=0.522
trace:         score_window: window_len=7, match_len=7, line_score=0.143, ratio_lines=0.143, final_score=0.249
trace:         score_window: window_len=20, match_len=7, line_score=0.518, ratio_lines=0.296, final_score=0.518
trace:         score_window: window_len=21, match_len=7, line_score=0.514, ratio_lines=0.286, final_score=0.514
trace:         score_window: window_len=22, match_len=7, line_score=0.510, ratio_lines=0.276, final_score=0.510
trace:         score_window: window_len=8, match_len=7, line_score=0.142, ratio_lines=0.133, final_score=0.235
trace:         score_window: window_len=7, match_len=7, line_score=0.286, ratio_lines=0.286, final_score=0.548
trace:         score_window: window_len=9, match_len=7, line_score=0.141, ratio_lines=0.125, final_score=0.223
trace:         score_window: window_len=6, match_len=7, line_score=0.154, ratio_lines=0.154, final_score=0.457
trace:         score_window: window_len=10, match_len=7, line_score=0.140, ratio_lines=0.118, final_score=0.225
trace:         score_window: window_len=8, match_len=7, line_score=0.426, ratio_lines=0.400, final_score=0.620
trace:         score_window: window_len=5, match_len=7, line_score=0.000, ratio_lines=0.000, final_score=0.442
trace:         score_window: window_len=11, match_len=7, line_score=0.139, ratio_lines=0.111, final_score=0.224
trace:         score_window: window_len=9, match_len=7, line_score=0.563, ratio_lines=0.500, final_score=0.728
trace:         score_window: window_len=4, match_len=7, line_score=0.000, ratio_lines=0.000, final_score=0.334
trace:         score_window: window_len=12, match_len=7, line_score=0.138, ratio_lines=0.105, final_score=0.223
trace:         score_window: window_len=10, match_len=7, line_score=0.559, ratio_lines=0.471, final_score=0.696
trace:         score_window: window_len=20, match_len=7, line_score=0.389, ratio_lines=0.222, final_score=0.389
trace:         score_window: window_len=21, match_len=7, line_score=0.514, ratio_lines=0.286, final_score=0.514
trace:         score_window: window_len=3, match_len=7, line_score=0.000, ratio_lines=0.000, final_score=0.338
trace:         score_window: window_len=11, match_len=7, line_score=0.555, ratio_lines=0.444, final_score=0.575
trace:         score_window: window_len=22, match_len=7, line_score=0.510, ratio_lines=0.276, final_score=0.510
trace:         score_window: window_len=12, match_len=7, line_score=0.551, ratio_lines=0.421, final_score=0.553
trace:         score_window: window_len=23, match_len=7, line_score=0.506, ratio_lines=0.267, final_score=0.506
trace:         score_window: window_len=13, match_len=7, line_score=0.547, ratio_lines=0.400, final_score=0.547
trace:         score_window: window_len=14, match_len=7, line_score=0.543, ratio_lines=0.381, final_score=0.543
trace:         score_window: window_len=24, match_len=7, line_score=0.502, ratio_lines=0.258, final_score=0.502
trace:         score_window: window_len=15, match_len=7, line_score=0.539, ratio_lines=0.364, final_score=0.539
trace:         score_window: window_len=25, match_len=7, line_score=0.498, ratio_lines=0.250, final_score=0.498
trace:         score_window: window_len=16, match_len=7, line_score=0.535, ratio_lines=0.348, final_score=0.535
trace:         score_window: window_len=17, match_len=7, line_score=0.531, ratio_lines=0.333, final_score=0.531
trace:         score_window: window_len=26, match_len=7, line_score=0.494, ratio_lines=0.242, final_score=0.494
trace:         score_window: window_len=18, match_len=7, line_score=0.527, ratio_lines=0.320, final_score=0.527
trace:         score_window: window_len=27, match_len=7, line_score=0.490, ratio_lines=0.235, final_score=0.490
trace:         score_window: window_len=19, match_len=7, line_score=0.522, ratio_lines=0.308, final_score=0.522
trace:         score_window: window_len=28, match_len=7, line_score=0.486, ratio_lines=0.229, final_score=0.486
trace:         score_window: window_len=20, match_len=7, line_score=0.518, ratio_lines=0.296, final_score=0.518
trace:         score_window: window_len=21, match_len=7, line_score=0.514, ratio_lines=0.286, final_score=0.514
trace:         score_window: window_len=29, match_len=7, line_score=0.482, ratio_lines=0.222, final_score=0.482
trace:         score_window: window_len=30, match_len=7, line_score=0.478, ratio_lines=0.216, final_score=0.478
trace:         score_window: window_len=7, match_len=7, line_score=0.429, ratio_lines=0.429, final_score=0.600
trace:         score_window: window_len=7, match_len=7, line_score=0.143, ratio_lines=0.143, final_score=0.245
trace:         score_window: window_len=6, match_len=7, line_score=0.308, ratio_lines=0.308, final_score=0.517
trace:         score_window: window_len=8, match_len=7, line_score=0.567, ratio_lines=0.533, final_score=0.724
trace:         score_window: window_len=6, match_len=7, line_score=0.154, ratio_lines=0.154, final_score=0.267
trace:         score_window: window_len=5, match_len=7, line_score=0.167, ratio_lines=0.167, final_score=0.438
trace:         score_window: window_len=8, match_len=7, line_score=0.142, ratio_lines=0.133, final_score=0.232
trace:         score_window: window_len=9, match_len=7, line_score=0.563, ratio_lines=0.500, final_score=0.688
trace:         score_window: window_len=4, match_len=7, line_score=0.000, ratio_lines=0.000, final_score=0.393
trace:         score_window: window_len=9, match_len=7, line_score=0.141, ratio_lines=0.125, final_score=0.226
trace:         score_window: window_len=10, match_len=7, line_score=0.559, ratio_lines=0.471, final_score=0.655
trace:         score_window: window_len=10, match_len=7, line_score=0.140, ratio_lines=0.118, final_score=0.221
trace:         score_window: window_len=11, match_len=7, line_score=0.555, ratio_lines=0.444, final_score=0.629
trace:         score_window: window_len=11, match_len=7, line_score=0.139, ratio_lines=0.111, final_score=0.218
trace:         score_window: window_len=2, match_len=7, line_score=0.222, ratio_lines=0.222, final_score=0.222
trace:         score_window: window_len=12, match_len=7, line_score=0.551, ratio_lines=0.421, final_score=0.551
trace:         score_window: window_len=13, match_len=7, line_score=0.547, ratio_lines=0.400, final_score=0.547
trace:         score_window: window_len=19, match_len=7, line_score=0.392, ratio_lines=0.231, final_score=0.392
trace:         score_window: window_len=14, match_len=7, line_score=0.543, ratio_lines=0.381, final_score=0.543
trace:         score_window: window_len=20, match_len=7, line_score=0.518, ratio_lines=0.296, final_score=0.518
trace:         score_window: window_len=15, match_len=7, line_score=0.539, ratio_lines=0.364, final_score=0.539
trace:         score_window: window_len=21, match_len=7, line_score=0.514, ratio_lines=0.286, final_score=0.514
trace:         score_window: window_len=16, match_len=7, line_score=0.535, ratio_lines=0.348, final_score=0.535
trace:         score_window: window_len=22, match_len=7, line_score=0.510, ratio_lines=0.276, final_score=0.510
trace:         score_window: window_len=17, match_len=7, line_score=0.531, ratio_lines=0.333, final_score=0.531
trace:         score_window: window_len=23, match_len=7, line_score=0.506, ratio_lines=0.267, final_score=0.506
trace:         score_window: window_len=18, match_len=7, line_score=0.527, ratio_lines=0.320, final_score=0.527
trace:         score_window: window_len=24, match_len=7, line_score=0.502, ratio_lines=0.258, final_score=0.502
trace:         score_window: window_len=19, match_len=7, line_score=0.522, ratio_lines=0.308, final_score=0.522
trace:         score_window: window_len=20, match_len=7, line_score=0.518, ratio_lines=0.296, final_score=0.518
trace:         score_window: window_len=25, match_len=7, line_score=0.498, ratio_lines=0.250, final_score=0.498
trace:         score_window: window_len=7, match_len=7, line_score=0.571, ratio_lines=0.571, final_score=0.761
trace:         score_window: window_len=26, match_len=7, line_score=0.494, ratio_lines=0.242, final_score=0.494
trace:         score_window: window_len=6, match_len=7, line_score=0.462, ratio_lines=0.462, final_score=0.667
trace:         score_window: window_len=8, match_len=7, line_score=0.567, ratio_lines=0.533, final_score=0.720
trace:         score_window: window_len=27, match_len=7, line_score=0.490, ratio_lines=0.235, final_score=0.490
trace:         score_window: window_len=5, match_len=7, line_score=0.333, ratio_lines=0.333, final_score=0.594
trace:         score_window: window_len=28, match_len=7, line_score=0.486, ratio_lines=0.229, final_score=0.486
trace:         score_window: window_len=9, match_len=7, line_score=0.563, ratio_lines=0.500, final_score=0.710
trace:         score_window: window_len=29, match_len=7, line_score=0.482, ratio_lines=0.222, final_score=0.482
trace:         score_window: window_len=10, match_len=7, line_score=0.559, ratio_lines=0.471, final_score=0.679
trace:         score_window: window_len=11, match_len=7, line_score=0.555, ratio_lines=0.444, final_score=0.636
trace:         score_window: window_len=30, match_len=7, line_score=0.478, ratio_lines=0.216, final_score=0.478
trace:         score_window: window_len=7, match_len=7, line_score=0.571, ratio_lines=0.571, final_score=0.571
trace:         score_window: window_len=12, match_len=7, line_score=0.551, ratio_lines=0.421, final_score=0.624
trace:         score_window: window_len=6, match_len=7, line_score=0.615, ratio_lines=0.615, final_score=0.615
trace:         score_window: window_len=8, match_len=7, line_score=0.567, ratio_lines=0.533, final_score=0.567
trace:         score_window: window_len=5, match_len=7, line_score=0.667, ratio_lines=0.667, final_score=0.667
trace:         score_window: window_len=13, match_len=7, line_score=0.547, ratio_lines=0.400, final_score=0.603
trace:         score_window: window_len=9, match_len=7, line_score=0.563, ratio_lines=0.500, final_score=0.563
trace:         score_window: window_len=10, match_len=7, line_score=0.559, ratio_lines=0.471, final_score=0.559
trace:         score_window: window_len=3, match_len=7, line_score=0.600, ratio_lines=0.600, final_score=0.600
trace:         score_window: window_len=14, match_len=7, line_score=0.543, ratio_lines=0.381, final_score=0.601
trace:         score_window: window_len=11, match_len=7, line_score=0.555, ratio_lines=0.444, final_score=0.555
trace:         score_window: window_len=2, match_len=7, line_score=0.444, ratio_lines=0.444, final_score=0.444
trace:         score_window: window_len=15, match_len=7, line_score=0.539, ratio_lines=0.364, final_score=0.539
trace:         score_window: window_len=12, match_len=7, line_score=0.551, ratio_lines=0.421, final_score=0.551
trace:         score_window: window_len=16, match_len=7, line_score=0.535, ratio_lines=0.348, final_score=0.535
trace:         score_window: window_len=13, match_len=7, line_score=0.547, ratio_lines=0.400, final_score=0.547
trace:         score_window: window_len=17, match_len=7, line_score=0.531, ratio_lines=0.333, final_score=0.531
trace:         score_window: window_len=14, match_len=7, line_score=0.543, ratio_lines=0.381, final_score=0.543
trace:         score_window: window_len=18, match_len=7, line_score=0.527, ratio_lines=0.320, final_score=0.527
trace:         score_window: window_len=19, match_len=7, line_score=0.522, ratio_lines=0.308, final_score=0.522
trace:         score_window: window_len=15, match_len=7, line_score=0.539, ratio_lines=0.364, final_score=0.539
trace:         score_window: window_len=16, match_len=7, line_score=0.535, ratio_lines=0.348, final_score=0.535
trace:         score_window: window_len=7, match_len=7, line_score=0.571, ratio_lines=0.571, final_score=0.727
trace:         score_window: window_len=6, match_len=7, line_score=0.615, ratio_lines=0.615, final_score=0.727
trace:         score_window: window_len=7, match_len=7, line_score=0.429, ratio_lines=0.429, final_score=0.458
trace:         score_window: window_len=6, match_len=7, line_score=0.462, ratio_lines=0.462, final_score=0.498
trace:         score_window: window_len=8, match_len=7, line_score=0.567, ratio_lines=0.533, final_score=0.684
trace:         score_window: window_len=5, match_len=7, line_score=0.500, ratio_lines=0.500, final_score=0.617
trace:         score_window: window_len=8, match_len=7, line_score=0.426, ratio_lines=0.400, final_score=0.446
trace:         score_window: window_len=5, match_len=7, line_score=0.500, ratio_lines=0.500, final_score=0.528
trace:         score_window: window_len=9, match_len=7, line_score=0.563, ratio_lines=0.500, final_score=0.650
trace:         score_window: window_len=4, match_len=7, line_score=0.364, ratio_lines=0.364, final_score=0.532
trace:         score_window: window_len=9, match_len=7, line_score=0.422, ratio_lines=0.375, final_score=0.427
trace:         score_window: window_len=4, match_len=7, line_score=0.545, ratio_lines=0.545, final_score=0.569
trace:         score_window: window_len=10, match_len=7, line_score=0.559, ratio_lines=0.471, final_score=0.605
trace:         score_window: window_len=10, match_len=7, line_score=0.419, ratio_lines=0.353, final_score=0.424
trace:         score_window: window_len=3, match_len=7, line_score=0.600, ratio_lines=0.600, final_score=0.600
trace:         score_window: window_len=11, match_len=7, line_score=0.555, ratio_lines=0.444, final_score=0.592
trace:         score_window: window_len=11, match_len=7, line_score=0.416, ratio_lines=0.333, final_score=0.416
trace:         score_window: window_len=2, match_len=7, line_score=0.444, ratio_lines=0.444, final_score=0.444
trace:         score_window: window_len=12, match_len=7, line_score=0.551, ratio_lines=0.421, final_score=0.570
trace:         score_window: window_len=12, match_len=7, line_score=0.413, ratio_lines=0.316, final_score=0.413
trace:         score_window: window_len=13, match_len=7, line_score=0.547, ratio_lines=0.400, final_score=0.568
trace:         score_window: window_len=13, match_len=7, line_score=0.410, ratio_lines=0.300, final_score=0.410
trace:         score_window: window_len=14, match_len=7, line_score=0.407, ratio_lines=0.286, final_score=0.407
trace:         score_window: window_len=14, match_len=7, line_score=0.543, ratio_lines=0.381, final_score=0.543
trace:         score_window: window_len=15, match_len=7, line_score=0.404, ratio_lines=0.273, final_score=0.404
trace:         score_window: window_len=7, match_len=7, line_score=0.286, ratio_lines=0.286, final_score=0.338
trace:         score_window: window_len=15, match_len=7, line_score=0.539, ratio_lines=0.364, final_score=0.539
trace:         score_window: window_len=6, match_len=7, line_score=0.308, ratio_lines=0.308, final_score=0.347
trace:         score_window: window_len=8, match_len=7, line_score=0.284, ratio_lines=0.267, final_score=0.322
trace:         score_window: window_len=16, match_len=7, line_score=0.535, ratio_lines=0.348, final_score=0.535
trace:         score_window: window_len=5, match_len=7, line_score=0.333, ratio_lines=0.333, final_score=0.380
trace:         score_window: window_len=17, match_len=7, line_score=0.531, ratio_lines=0.333, final_score=0.531
trace:         score_window: window_len=9, match_len=7, line_score=0.282, ratio_lines=0.250, final_score=0.321
trace:         score_window: window_len=4, match_len=7, line_score=0.364, ratio_lines=0.364, final_score=0.364
trace:         score_window: window_len=18, match_len=7, line_score=0.527, ratio_lines=0.320, final_score=0.527
trace:         score_window: window_len=10, match_len=7, line_score=0.280, ratio_lines=0.235, final_score=0.290
trace:         score_window: window_len=7, match_len=7, line_score=0.571, ratio_lines=0.571, final_score=0.664
trace:         score_window: window_len=3, match_len=7, line_score=0.400, ratio_lines=0.400, final_score=0.400
trace:         score_window: window_len=6, match_len=7, line_score=0.615, ratio_lines=0.615, final_score=0.709
trace:         score_window: window_len=11, match_len=7, line_score=0.278, ratio_lines=0.222, final_score=0.278
trace:         score_window: window_len=8, match_len=7, line_score=0.567, ratio_lines=0.533, final_score=0.630
trace:         score_window: window_len=2, match_len=7, line_score=0.444, ratio_lines=0.444, final_score=0.444
trace:         score_window: window_len=5, match_len=7, line_score=0.667, ratio_lines=0.667, final_score=0.761
trace:         score_window: window_len=12, match_len=7, line_score=0.276, ratio_lines=0.211, final_score=0.277
trace:         score_window: window_len=9, match_len=7, line_score=0.563, ratio_lines=0.500, final_score=0.584
trace:         score_window: window_len=4, match_len=7, line_score=0.545, ratio_lines=0.545, final_score=0.556
trace:         score_window: window_len=13, match_len=7, line_score=0.273, ratio_lines=0.200, final_score=0.273
trace:         score_window: window_len=10, match_len=7, line_score=0.559, ratio_lines=0.471, final_score=0.570
trace:         score_window: window_len=3, match_len=7, line_score=0.400, ratio_lines=0.400, final_score=0.461
trace:         score_window: window_len=7, match_len=7, line_score=0.143, ratio_lines=0.143, final_score=0.218
trace:         score_window: window_len=6, match_len=7, line_score=0.154, ratio_lines=0.154, final_score=0.229
trace:         score_window: window_len=11, match_len=7, line_score=0.555, ratio_lines=0.444, final_score=0.555
trace:         score_window: window_len=2, match_len=7, line_score=0.222, ratio_lines=0.222, final_score=0.354
trace:         score_window: window_len=8, match_len=7, line_score=0.142, ratio_lines=0.133, final_score=0.217
trace:         score_window: window_len=5, match_len=7, line_score=0.167, ratio_lines=0.167, final_score=0.236
trace:         score_window: window_len=12, match_len=7, line_score=0.551, ratio_lines=0.421, final_score=0.551
trace:         score_window: window_len=9, match_len=7, line_score=0.141, ratio_lines=0.125, final_score=0.195
trace:         score_window: window_len=13, match_len=7, line_score=0.547, ratio_lines=0.400, final_score=0.547
trace:         score_window: window_len=10, match_len=7, line_score=0.140, ratio_lines=0.118, final_score=0.187
trace:         score_window: window_len=14, match_len=7, line_score=0.543, ratio_lines=0.381, final_score=0.543
trace:         score_window: window_len=11, match_len=7, line_score=0.139, ratio_lines=0.111, final_score=0.186
trace:         score_window: window_len=2, match_len=7, line_score=0.222, ratio_lines=0.222, final_score=0.222
trace:         score_window: window_len=15, match_len=7, line_score=0.539, ratio_lines=0.364, final_score=0.539
trace:         score_window: window_len=12, match_len=7, line_score=0.138, ratio_lines=0.105, final_score=0.175
trace:         score_window: window_len=7, match_len=7, line_score=0.143, ratio_lines=0.143, final_score=0.143
trace:         score_window: window_len=16, match_len=7, line_score=0.535, ratio_lines=0.348, final_score=0.535
trace:         score_window: window_len=8, match_len=7, line_score=0.142, ratio_lines=0.133, final_score=0.142
trace:         score_window: window_len=17, match_len=7, line_score=0.531, ratio_lines=0.333, final_score=0.531
trace:         score_window: window_len=9, match_len=7, line_score=0.141, ratio_lines=0.125, final_score=0.141
trace:         score_window: window_len=10, match_len=7, line_score=0.140, ratio_lines=0.118, final_score=0.140
trace:         score_window: window_len=8, match_len=7, line_score=0.142, ratio_lines=0.133, final_score=0.271
trace:         score_window: window_len=11, match_len=7, line_score=0.139, ratio_lines=0.111, final_score=0.139
trace:         score_window: window_len=9, match_len=7, line_score=0.141, ratio_lines=0.125, final_score=0.268
trace:         score_window: window_len=12, match_len=7, line_score=0.138, ratio_lines=0.105, final_score=0.138
trace:         score_window: window_len=7, match_len=7, line_score=0.143, ratio_lines=0.143, final_score=0.295
trace:         score_window: window_len=8, match_len=7, line_score=0.142, ratio_lines=0.133, final_score=0.248
trace:         score_window: window_len=8, match_len=7, line_score=0.142, ratio_lines=0.133, final_score=0.265
trace:         score_window: window_len=7, match_len=7, line_score=0.143, ratio_lines=0.143, final_score=0.263
trace:         score_window: window_len=2, match_len=7, line_score=0.222, ratio_lines=0.222, final_score=0.222
trace:         score_window: window_len=9, match_len=7, line_score=0.141, ratio_lines=0.125, final_score=0.260
trace:         score_window: window_len=6, match_len=7, line_score=0.154, ratio_lines=0.154, final_score=0.268
trace:         score_window: window_len=10, match_len=7, line_score=0.140, ratio_lines=0.118, final_score=0.154
trace:         score_window: window_len=2, match_len=7, line_score=0.222, ratio_lines=0.222, final_score=0.222
trace:         score_window: window_len=5, match_len=7, line_score=0.167, ratio_lines=0.167, final_score=0.283
trace:         score_window: window_len=11, match_len=7, line_score=0.139, ratio_lines=0.111, final_score=0.206
trace:         score_window: window_len=4, match_len=7, line_score=0.182, ratio_lines=0.182, final_score=0.293
trace:         score_window: window_len=2, match_len=7, line_score=0.222, ratio_lines=0.222, final_score=0.222
trace:         score_window: window_len=7, match_len=7, line_score=0.143, ratio_lines=0.143, final_score=0.282
trace:         score_window: window_len=2, match_len=7, line_score=0.222, ratio_lines=0.222, final_score=0.222
trace:         score_window: window_len=8, match_len=7, line_score=0.142, ratio_lines=0.133, final_score=0.282
trace:         score_window: window_len=9, match_len=7, line_score=0.141, ratio_lines=0.125, final_score=0.289
trace:         score_window: window_len=10, match_len=7, line_score=0.140, ratio_lines=0.118, final_score=0.282
debug:       compute_scored_windows (parallel) complete: scored 1305 window(s). Best candidate score=0.857 at line 3011 (len=7).
trace:       Top fuzzy match candidates:
trace:         - Index 3010, Len 7: Score 0.857 (Ratio 0.857) | Content: ["            # Conftest #1: Check if get_user_pages accepts 6 arguments.", "            # Return if true.", "            # Fall through to conftest #2 on failure.", "            #", "            echo \"$CONFTEST_PREAMBLE", "            #include <linux/mm.h>", "            long get_user_pages(unsigned long start,"]
trace:         - Index 3009, Len 8: Score 0.851 (Ratio 0.851) | Content: ["            #", "            # Conftest #1: Check if get_user_pages accepts 6 arguments.", "            # Return if true.", "            # Fall through to conftest #2 on failure.", "            #", "            echo \"$CONFTEST_PREAMBLE", "            #include <linux/mm.h>", "            long get_user_pages(unsigned long start,"]
trace:         - Index 3010, Len 8: Score 0.851 (Ratio 0.851) | Content: ["            # Conftest #1: Check if get_user_pages accepts 6 arguments.", "            # Return if true.", "            # Fall through to conftest #2 on failure.", "            #", "            echo \"$CONFTEST_PREAMBLE", "            #include <linux/mm.h>", "            long get_user_pages(unsigned long start,", "                                unsigned long nr_pages,"]
trace:         - Index 3008, Len 9: Score 0.845 (Ratio 0.845) | Content: ["            # c12d2da56d0e which is covered in Conftest #3.", "            #", "            # Conftest #1: Check if get_user_pages accepts 6 arguments.", "            # Return if true.", "            # Fall through to conftest #2 on failure.", "            #", "            echo \"$CONFTEST_PREAMBLE", "            #include <linux/mm.h>", "            long get_user_pages(unsigned long start,"]
trace:         - Index 3009, Len 9: Score 0.845 (Ratio 0.845) | Content: ["            #", "            # Conftest #1: Check if get_user_pages accepts 6 arguments.", "            # Return if true.", "            # Fall through to conftest #2 on failure.", "            #", "            echo \"$CONFTEST_PREAMBLE", "            #include <linux/mm.h>", "            long get_user_pages(unsigned long start,", "                                unsigned long nr_pages,"]
trace:         New best score: 0.663 (ratio 0.663 [l:0.000,w:0.000]) at index 2995 (window len 7)
trace:         New best score: 0.765 (ratio 0.765 [l:0.414,w:0.765]) at index 2995 (window len 22)
trace:         New best score: 0.771 (ratio 0.771 [l:0.429,w:0.771]) at index 2996 (window len 21)
trace:         New best score: 0.778 (ratio 0.778 [l:0.444,w:0.778]) at index 2997 (window len 20)
trace:         New best score: 0.784 (ratio 0.784 [l:0.462,w:0.784]) at index 2998 (window len 19)
trace:         New best score: 0.790 (ratio 0.790 [l:0.480,w:0.790]) at index 2999 (window len 18)
trace:         New best score: 0.796 (ratio 0.796 [l:0.500,w:0.796]) at index 3000 (window len 17)
trace:         New best score: 0.802 (ratio 0.802 [l:0.522,w:0.802]) at index 3001 (window len 16)
trace:         New best score: 0.808 (ratio 0.808 [l:0.545,w:0.808]) at index 3002 (window len 15)
trace:         New best score: 0.814 (ratio 0.814 [l:0.571,w:0.814]) at index 3003 (window len 14)
trace:         New best score: 0.820 (ratio 0.820 [l:0.600,w:0.820]) at index 3004 (window len 13)
trace:         New best score: 0.827 (ratio 0.827 [l:0.632,w:0.827]) at index 3005 (window len 12)
trace:         New best score: 0.833 (ratio 0.833 [l:0.667,w:0.833]) at index 3006 (window len 11)
trace:         New best score: 0.839 (ratio 0.839 [l:0.706,w:0.839]) at index 3007 (window len 10)
trace:         New best score: 0.845 (ratio 0.845 [l:0.750,w:0.845]) at index 3008 (window len 9)
trace:         New best score: 0.851 (ratio 0.851 [l:0.800,w:0.851]) at index 3009 (window len 8)
trace:         New best score: 0.857 (ratio 0.857 [l:0.857,w:0.857]) at index 3010 (window len 7)
debug:     Strategy 3 (Fuzzy): 293 window(s) met threshold 0.70
trace:       Top 3 passing candidates: [("0.857", 3011, 7), ("0.851", 3010, 8), ("0.851", 3011, 8)]
debug:     Top fuzzy candidate: start line 3011 (len=7, score=0.857)
trace:       Adding candidate location at line 3010 (len=8, score=0.851)
trace:       Adding candidate location at line 3011 (len=8, score=0.851)
trace:       Adding candidate location at line 3009 (len=9, score=0.845)
trace:       Adding candidate location at line 3010 (len=9, score=0.845)
trace:       Adding candidate location at line 3011 (len=9, score=0.845)
trace:       Adding candidate location at line 3008 (len=10, score=0.839)
trace:       Adding candidate location at line 3009 (len=10, score=0.839)
trace:       Adding candidate location at line 3010 (len=10, score=0.839)
trace:       Adding candidate location at line 3011 (len=10, score=0.839)
trace:       Adding candidate location at line 3007 (len=11, score=0.833)
trace:       Adding candidate location at line 3008 (len=11, score=0.833)
trace:       Adding candidate location at line 3009 (len=11, score=0.833)
trace:       Adding candidate location at line 3010 (len=11, score=0.833)
trace:       Adding candidate location at line 3011 (len=11, score=0.833)
trace:       Adding candidate location at line 3006 (len=12, score=0.827)
trace:       Adding candidate location at line 3007 (len=12, score=0.827)
trace:       Adding candidate location at line 3008 (len=12, score=0.827)
trace:       Adding candidate location at line 3009 (len=12, score=0.827)
trace:       Adding candidate location at line 3010 (len=12, score=0.827)
trace:       Reached maximum candidate limit (20), stopping candidate collection
debug:     Strategy 3 (Fuzzy): selected 20 candidate location(s)
trace:   Pruned candidates by min_span 1: 20 -> 20 candidate(s)
trace: DefaultHunkFinder::find_candidate_locations: returning 20 candidate(s)
debug:   Found 20 candidate location(s) for hunk. Testing sequentially...
trace:   Evaluating candidate 1/20 at location HunkLocation { start_index: 3010, length: 7 } (match_type: Fuzzy { score: 0.8571428656578064 })
debug:   Found location HunkLocation { start_index: 3010, length: 7 } with match type Fuzzy { score: 0.8571428656578064 }. Applying changes.
debug:   try_apply_hunk_at_location: target line 3011 (length 7), match_type=Fuzzy { score: 0.8571428656578064 }, total target lines=5168.
trace: Hunk::get_match_block: extracted 7 match line(s)
trace:     Match block lines: 7 | Total hunk lines: 8
trace:     Target slice to replace: ["            # Conftest #1: Check if get_user_pages accepts 6 arguments.", "            # Return if true.", "            # Fall through to conftest #2 on failure.", "            #", "            echo \"$CONFTEST_PREAMBLE", "            #include <linux/mm.h>", "            long get_user_pages(unsigned long start,"]
trace:     Ellipsis flags: has_ellipsis=false, is_literal_match=false, is_wildcard_gap_match=false
debug:     Applying hunk via robust reconstruction logic (preserving file context & adjusting indent).
trace:       Fuzzy match location: start=3010, len=7
trace:       File content in matched range (7 line(s)): ["            # Conftest #1: Check if get_user_pages accepts 6 arguments.", "            # Return if true.", "            # Fall through to conftest #2 on failure.", "            #", "            echo \"$CONFTEST_PREAMBLE", "            #include <linux/mm.h>", "            long get_user_pages(unsigned long start,"]
trace:       Parsed hunk: 7 match line(s), 0 initial addition(s).
trace: Hunk::get_match_block: extracted 7 match line(s)
trace:       Computed diff between match block and file slice: 3 operation(s), similarity ratio=0.857
trace:       Initial Indentation Context: Hunk='            ', Target='            '
trace:       Active baseline indentation: hunk='            ', target='            '
trace:       DiffOp::Equal: 3 line(s) aligned (hunk old_idx=0, file new_idx=0)
trace:         Equal: preserving target line: '            # Conftest #1: Check if get_user_pages accepts 6 arguments.'
trace:         Equal: preserving target line: '            # Return if true.'
trace:         Equal: preserving target line: '            # Fall through to conftest #2 on failure.'
trace:       DiffOp::Replace: hunk lines 3..4 (len=1) vs file lines 3..4 (len=1)
trace:         1-to-1 length replacement. Validating similarity of modified lines...
trace:         1-to-1 replacement line validation [line 3]: is_removal=true, word_sim=0.000, char_sim=0.000
warning:     Fuzzy match rejected: Removal line "" differs from target line "            #" (sim_words=0.000, sim_chars=0.000, required=0.500).
debug:   Candidate 1/20 at HunkLocation { start_index: 3010, length: 7 } failed with ContextNotFound. Backtracking...
trace:   Evaluating candidate 2/20 at location HunkLocation { start_index: 3009, length: 8 } (match_type: Fuzzy { score: 0.8510204208444575 })
debug:   Found location HunkLocation { start_index: 3009, length: 8 } with match type Fuzzy { score: 0.8510204208444575 }. Applying changes.
debug:   try_apply_hunk_at_location: target line 3010 (length 8), match_type=Fuzzy { score: 0.8510204208444575 }, total target lines=5168.
trace: Hunk::get_match_block: extracted 7 match line(s)
trace:     Match block lines: 7 | Total hunk lines: 8
trace:     Target slice to replace: ["            #", "            # Conftest #1: Check if get_user_pages accepts 6 arguments.", "            # Return if true.", "            # Fall through to conftest #2 on failure.", "            #", "            echo \"$CONFTEST_PREAMBLE", "            #include <linux/mm.h>", "            long get_user_pages(unsigned long start,"]
trace:     Ellipsis flags: has_ellipsis=false, is_literal_match=false, is_wildcard_gap_match=false
debug:     Applying hunk via robust reconstruction logic (preserving file context & adjusting indent).
trace:       Fuzzy match location: start=3009, len=8
trace:       File content in matched range (8 line(s)): ["            #", "            # Conftest #1: Check if get_user_pages accepts 6 arguments.", "            # Return if true.", "            # Fall through to conftest #2 on failure.", "            #", "            echo \"$CONFTEST_PREAMBLE", "            #include <linux/mm.h>", "            long get_user_pages(unsigned long start,"]
trace:       Parsed hunk: 7 match line(s), 0 initial addition(s).
trace: Hunk::get_match_block: extracted 7 match line(s)
trace:       Computed diff between match block and file slice: 4 operation(s), similarity ratio=0.800
trace:       Initial Indentation Context: Hunk='            ', Target='            '
trace:       Active baseline indentation: hunk='            ', target='            '
trace:       DiffOp::Insert: preserving 1 local insertion line(s) from target file (new_idx=0)
trace:         Preserving inserted line: '            #'
trace:       DiffOp::Equal: 3 line(s) aligned (hunk old_idx=0, file new_idx=1)
trace:         Equal: preserving target line: '            # Conftest #1: Check if get_user_pages accepts 6 arguments.'
trace:         Equal: preserving target line: '            # Return if true.'
trace:         Equal: preserving target line: '            # Fall through to conftest #2 on failure.'
trace:       DiffOp::Replace: hunk lines 3..4 (len=1) vs file lines 4..5 (len=1)
trace:         1-to-1 length replacement. Validating similarity of modified lines...
trace:         1-to-1 replacement line validation [line 3]: is_removal=true, word_sim=0.000, char_sim=0.000
warning:     Fuzzy match rejected: Removal line "" differs from target line "            #" (sim_words=0.000, sim_chars=0.000, required=0.500).
debug:   Candidate 2/20 at HunkLocation { start_index: 3009, length: 8 } failed with ContextNotFound. Backtracking...
trace:   Evaluating candidate 3/20 at location HunkLocation { start_index: 3010, length: 8 } (match_type: Fuzzy { score: 0.8510204208444575 })
debug:   Found location HunkLocation { start_index: 3010, length: 8 } with match type Fuzzy { score: 0.8510204208444575 }. Applying changes.
debug:   try_apply_hunk_at_location: target line 3011 (length 8), match_type=Fuzzy { score: 0.8510204208444575 }, total target lines=5168.
trace: Hunk::get_match_block: extracted 7 match line(s)
trace:     Match block lines: 7 | Total hunk lines: 8
trace:     Target slice to replace: ["            # Conftest #1: Check if get_user_pages accepts 6 arguments.", "            # Return if true.", "            # Fall through to conftest #2 on failure.", "            #", "            echo \"$CONFTEST_PREAMBLE", "            #include <linux/mm.h>", "            long get_user_pages(unsigned long start,", "                                unsigned long nr_pages,"]
trace:     Ellipsis flags: has_ellipsis=false, is_literal_match=false, is_wildcard_gap_match=false
debug:     Applying hunk via robust reconstruction logic (preserving file context & adjusting indent).
trace:       Fuzzy match location: start=3010, len=8
trace:       File content in matched range (8 line(s)): ["            # Conftest #1: Check if get_user_pages accepts 6 arguments.", "            # Return if true.", "            # Fall through to conftest #2 on failure.", "            #", "            echo \"$CONFTEST_PREAMBLE", "            #include <linux/mm.h>", "            long get_user_pages(unsigned long start,", "                                unsigned long nr_pages,"]
trace:       Parsed hunk: 7 match line(s), 0 initial addition(s).
trace: Hunk::get_match_block: extracted 7 match line(s)
trace:       Computed diff between match block and file slice: 4 operation(s), similarity ratio=0.800
trace:       Initial Indentation Context: Hunk='            ', Target='            '
trace:       Active baseline indentation: hunk='            ', target='            '
trace:       DiffOp::Equal: 3 line(s) aligned (hunk old_idx=0, file new_idx=0)
trace:         Equal: preserving target line: '            # Conftest #1: Check if get_user_pages accepts 6 arguments.'
trace:         Equal: preserving target line: '            # Return if true.'
trace:         Equal: preserving target line: '            # Fall through to conftest #2 on failure.'
trace:       DiffOp::Replace: hunk lines 3..4 (len=1) vs file lines 3..4 (len=1)
trace:         1-to-1 length replacement. Validating similarity of modified lines...
trace:         1-to-1 replacement line validation [line 3]: is_removal=true, word_sim=0.000, char_sim=0.000
warning:     Fuzzy match rejected: Removal line "" differs from target line "            #" (sim_words=0.000, sim_chars=0.000, required=0.500).
debug:   Candidate 3/20 at HunkLocation { start_index: 3010, length: 8 } failed with ContextNotFound. Backtracking...
trace:   Evaluating candidate 4/20 at location HunkLocation { start_index: 3008, length: 9 } (match_type: Fuzzy { score: 0.8448979591836734 })
debug:   Found location HunkLocation { start_index: 3008, length: 9 } with match type Fuzzy { score: 0.8448979591836734 }. Applying changes.
debug:   try_apply_hunk_at_location: target line 3009 (length 9), match_type=Fuzzy { score: 0.8448979591836734 }, total target lines=5168.
trace: Hunk::get_match_block: extracted 7 match line(s)
trace:     Match block lines: 7 | Total hunk lines: 8
trace:     Target slice to replace: ["            # c12d2da56d0e which is covered in Conftest #3.", "            #", "            # Conftest #1: Check if get_user_pages accepts 6 arguments.", "            # Return if true.", "            # Fall through to conftest #2 on failure.", "            #", "            echo \"$CONFTEST_PREAMBLE", "            #include <linux/mm.h>", "            long get_user_pages(unsigned long start,"]
trace:     Ellipsis flags: has_ellipsis=false, is_literal_match=false, is_wildcard_gap_match=false
debug:     Applying hunk via robust reconstruction logic (preserving file context & adjusting indent).
trace:       Fuzzy match location: start=3008, len=9
trace:       File content in matched range (9 line(s)): ["            # c12d2da56d0e which is covered in Conftest #3.", "            #", "            # Conftest #1: Check if get_user_pages accepts 6 arguments.", "            # Return if true.", "            # Fall through to conftest #2 on failure.", "            #", "            echo \"$CONFTEST_PREAMBLE", "            #include <linux/mm.h>", "            long get_user_pages(unsigned long start,"]
trace:       Parsed hunk: 7 match line(s), 0 initial addition(s).
trace: Hunk::get_match_block: extracted 7 match line(s)
trace:       Computed diff between match block and file slice: 4 operation(s), similarity ratio=0.750
trace:       Initial Indentation Context: Hunk='            ', Target='            '
trace:       Active baseline indentation: hunk='            ', target='            '
trace:       DiffOp::Insert: preserving 2 local insertion line(s) from target file (new_idx=0)
trace:         Preserving inserted line: '            # c12d2da56d0e which is covered in Conftest #3.'
trace:         Preserving inserted line: '            #'
trace:       DiffOp::Equal: 3 line(s) aligned (hunk old_idx=0, file new_idx=2)
trace:         Equal: preserving target line: '            # Conftest #1: Check if get_user_pages accepts 6 arguments.'
trace:         Equal: preserving target line: '            # Return if true.'
trace:         Equal: preserving target line: '            # Fall through to conftest #2 on failure.'
trace:       DiffOp::Replace: hunk lines 3..4 (len=1) vs file lines 5..6 (len=1)
trace:         1-to-1 length replacement. Validating similarity of modified lines...
trace:         1-to-1 replacement line validation [line 3]: is_removal=true, word_sim=0.000, char_sim=0.000
warning:     Fuzzy match rejected: Removal line "" differs from target line "            #" (sim_words=0.000, sim_chars=0.000, required=0.500).
debug:   Candidate 4/20 at HunkLocation { start_index: 3008, length: 9 } failed with ContextNotFound. Backtracking...
trace:   Evaluating candidate 5/20 at location HunkLocation { start_index: 3009, length: 9 } (match_type: Fuzzy { score: 0.8448979591836734 })
debug:   Found location HunkLocation { start_index: 3009, length: 9 } with match type Fuzzy { score: 0.8448979591836734 }. Applying changes.
debug:   try_apply_hunk_at_location: target line 3010 (length 9), match_type=Fuzzy { score: 0.8448979591836734 }, total target lines=5168.
trace: Hunk::get_match_block: extracted 7 match line(s)
trace:     Match block lines: 7 | Total hunk lines: 8
trace:     Target slice to replace: ["            #", "            # Conftest #1: Check if get_user_pages accepts 6 arguments.", "            # Return if true.", "            # Fall through to conftest #2 on failure.", "            #", "            echo \"$CONFTEST_PREAMBLE", "            #include <linux/mm.h>", "            long get_user_pages(unsigned long start,", "                                unsigned long nr_pages,"]
trace:     Ellipsis flags: has_ellipsis=false, is_literal_match=false, is_wildcard_gap_match=false
debug:     Applying hunk via robust reconstruction logic (preserving file context & adjusting indent).
trace:       Fuzzy match location: start=3009, len=9
trace:       File content in matched range (9 line(s)): ["            #", "            # Conftest #1: Check if get_user_pages accepts 6 arguments.", "            # Return if true.", "            # Fall through to conftest #2 on failure.", "            #", "            echo \"$CONFTEST_PREAMBLE", "            #include <linux/mm.h>", "            long get_user_pages(unsigned long start,", "                                unsigned long nr_pages,"]
trace:       Parsed hunk: 7 match line(s), 0 initial addition(s).
trace: Hunk::get_match_block: extracted 7 match line(s)
trace:       Computed diff between match block and file slice: 5 operation(s), similarity ratio=0.750
trace:       Initial Indentation Context: Hunk='            ', Target='            '
trace:       Active baseline indentation: hunk='            ', target='            '
trace:       DiffOp::Insert: preserving 1 local insertion line(s) from target file (new_idx=0)
trace:         Preserving inserted line: '            #'
trace:       DiffOp::Equal: 3 line(s) aligned (hunk old_idx=0, file new_idx=1)
trace:         Equal: preserving target line: '            # Conftest #1: Check if get_user_pages accepts 6 arguments.'
trace:         Equal: preserving target line: '            # Return if true.'
trace:         Equal: preserving target line: '            # Fall through to conftest #2 on failure.'
trace:       DiffOp::Replace: hunk lines 3..4 (len=1) vs file lines 4..5 (len=1)
trace:         1-to-1 length replacement. Validating similarity of modified lines...
trace:         1-to-1 replacement line validation [line 3]: is_removal=true, word_sim=0.000, char_sim=0.000
warning:     Fuzzy match rejected: Removal line "" differs from target line "            #" (sim_words=0.000, sim_chars=0.000, required=0.500).
debug:   Candidate 5/20 at HunkLocation { start_index: 3009, length: 9 } failed with ContextNotFound. Backtracking...
trace:   Evaluating candidate 6/20 at location HunkLocation { start_index: 3010, length: 9 } (match_type: Fuzzy { score: 0.8448979591836734 })
debug:   Found location HunkLocation { start_index: 3010, length: 9 } with match type Fuzzy { score: 0.8448979591836734 }. Applying changes.
debug:   try_apply_hunk_at_location: target line 3011 (length 9), match_type=Fuzzy { score: 0.8448979591836734 }, total target lines=5168.
trace: Hunk::get_match_block: extracted 7 match line(s)
trace:     Match block lines: 7 | Total hunk lines: 8
trace:     Target slice to replace: ["            # Conftest #1: Check if get_user_pages accepts 6 arguments.", "            # Return if true.", "            # Fall through to conftest #2 on failure.", "            #", "            echo \"$CONFTEST_PREAMBLE", "            #include <linux/mm.h>", "            long get_user_pages(unsigned long start,", "                                unsigned long nr_pages,", "                                int write,"]
trace:     Ellipsis flags: has_ellipsis=false, is_literal_match=false, is_wildcard_gap_match=false
debug:     Applying hunk via robust reconstruction logic (preserving file context & adjusting indent).
trace:       Fuzzy match location: start=3010, len=9
trace:       File content in matched range (9 line(s)): ["            # Conftest #1: Check if get_user_pages accepts 6 arguments.", "            # Return if true.", "            # Fall through to conftest #2 on failure.", "            #", "            echo \"$CONFTEST_PREAMBLE", "            #include <linux/mm.h>", "            long get_user_pages(unsigned long start,", "                                unsigned long nr_pages,", "                                int write,"]
trace:       Parsed hunk: 7 match line(s), 0 initial addition(s).
trace: Hunk::get_match_block: extracted 7 match line(s)
trace:       Computed diff between match block and file slice: 4 operation(s), similarity ratio=0.750
trace:       Initial Indentation Context: Hunk='            ', Target='            '
trace:       Active baseline indentation: hunk='            ', target='            '
trace:       DiffOp::Equal: 3 line(s) aligned (hunk old_idx=0, file new_idx=0)
trace:         Equal: preserving target line: '            # Conftest #1: Check if get_user_pages accepts 6 arguments.'
trace:         Equal: preserving target line: '            # Return if true.'
trace:         Equal: preserving target line: '            # Fall through to conftest #2 on failure.'
trace:       DiffOp::Replace: hunk lines 3..4 (len=1) vs file lines 3..4 (len=1)
trace:         1-to-1 length replacement. Validating similarity of modified lines...
trace:         1-to-1 replacement line validation [line 3]: is_removal=true, word_sim=0.000, char_sim=0.000
warning:     Fuzzy match rejected: Removal line "" differs from target line "            #" (sim_words=0.000, sim_chars=0.000, required=0.500).
debug:   Candidate 6/20 at HunkLocation { start_index: 3010, length: 9 } failed with ContextNotFound. Backtracking...
trace:   Evaluating candidate 7/20 at location HunkLocation { start_index: 3007, length: 10 } (match_type: Fuzzy { score: 0.8387755310352967 })
debug:   Found location HunkLocation { start_index: 3007, length: 10 } with match type Fuzzy { score: 0.8387755310352967 }. Applying changes.
debug:   try_apply_hunk_at_location: target line 3008 (length 10), match_type=Fuzzy { score: 0.8387755310352967 }, total target lines=5168.
trace: Hunk::get_match_block: extracted 7 match line(s)
trace:     Match block lines: 7 | Total hunk lines: 8
trace:     Target slice to replace: ["            # linux-4.4.168 cherry-picked commit 768ae309a961 without", "            # c12d2da56d0e which is covered in Conftest #3.", "            #", "            # Conftest #1: Check if get_user_pages accepts 6 arguments.", "            # Return if true.", "            # Fall through to conftest #2 on failure.", "            #", "            echo \"$CONFTEST_PREAMBLE", "            #include <linux/mm.h>", "            long get_user_pages(unsigned long start,"]
trace:     Ellipsis flags: has_ellipsis=false, is_literal_match=false, is_wildcard_gap_match=false
debug:     Applying hunk via robust reconstruction logic (preserving file context & adjusting indent).
trace:       Fuzzy match location: start=3007, len=10
trace:       File content in matched range (10 line(s)): ["            # linux-4.4.168 cherry-picked commit 768ae309a961 without", "            # c12d2da56d0e which is covered in Conftest #3.", "            #", "            # Conftest #1: Check if get_user_pages accepts 6 arguments.", "            # Return if true.", "            # Fall through to conftest #2 on failure.", "            #", "            echo \"$CONFTEST_PREAMBLE", "            #include <linux/mm.h>", "            long get_user_pages(unsigned long start,"]
trace:       Parsed hunk: 7 match line(s), 0 initial addition(s).
trace: Hunk::get_match_block: extracted 7 match line(s)
trace:       Computed diff between match block and file slice: 4 operation(s), similarity ratio=0.706
trace:       Initial Indentation Context: Hunk='            ', Target='            '
trace:       Active baseline indentation: hunk='            ', target='            '
trace:       DiffOp::Insert: preserving 3 local insertion line(s) from target file (new_idx=0)
trace:         Preserving inserted line: '            # linux-4.4.168 cherry-picked commit 768ae309a961 without'
trace:         Preserving inserted line: '            # c12d2da56d0e which is covered in Conftest #3.'
trace:         Preserving inserted line: '            #'
trace:       DiffOp::Equal: 3 line(s) aligned (hunk old_idx=0, file new_idx=3)
trace:         Equal: preserving target line: '            # Conftest #1: Check if get_user_pages accepts 6 arguments.'
trace:         Equal: preserving target line: '            # Return if true.'
trace:         Equal: preserving target line: '            # Fall through to conftest #2 on failure.'
trace:       DiffOp::Replace: hunk lines 3..4 (len=1) vs file lines 6..7 (len=1)
trace:         1-to-1 length replacement. Validating similarity of modified lines...
trace:         1-to-1 replacement line validation [line 3]: is_removal=true, word_sim=0.000, char_sim=0.000
warning:     Fuzzy match rejected: Removal line "" differs from target line "            #" (sim_words=0.000, sim_chars=0.000, required=0.500).
debug:   Candidate 7/20 at HunkLocation { start_index: 3007, length: 10 } failed with ContextNotFound. Backtracking...
trace:   Evaluating candidate 8/20 at location HunkLocation { start_index: 3008, length: 10 } (match_type: Fuzzy { score: 0.8387755310352967 })
debug:   Found location HunkLocation { start_index: 3008, length: 10 } with match type Fuzzy { score: 0.8387755310352967 }. Applying changes.
debug:   try_apply_hunk_at_location: target line 3009 (length 10), match_type=Fuzzy { score: 0.8387755310352967 }, total target lines=5168.
trace: Hunk::get_match_block: extracted 7 match line(s)
trace:     Match block lines: 7 | Total hunk lines: 8
trace:     Target slice to replace: ["            # c12d2da56d0e which is covered in Conftest #3.", "            #", "            # Conftest #1: Check if get_user_pages accepts 6 arguments.", "            # Return if true.", "            # Fall through to conftest #2 on failure.", "            #", "            echo \"$CONFTEST_PREAMBLE", "            #include <linux/mm.h>", "            long get_user_pages(unsigned long start,", "                                unsigned long nr_pages,"]
trace:     Ellipsis flags: has_ellipsis=false, is_literal_match=false, is_wildcard_gap_match=false
debug:     Applying hunk via robust reconstruction logic (preserving file context & adjusting indent).
trace:       Fuzzy match location: start=3008, len=10
trace:       File content in matched range (10 line(s)): ["            # c12d2da56d0e which is covered in Conftest #3.", "            #", "            # Conftest #1: Check if get_user_pages accepts 6 arguments.", "            # Return if true.", "            # Fall through to conftest #2 on failure.", "            #", "            echo \"$CONFTEST_PREAMBLE", "            #include <linux/mm.h>", "            long get_user_pages(unsigned long start,", "                                unsigned long nr_pages,"]
trace:       Parsed hunk: 7 match line(s), 0 initial addition(s).
trace: Hunk::get_match_block: extracted 7 match line(s)
trace:       Computed diff between match block and file slice: 5 operation(s), similarity ratio=0.706
trace:       Initial Indentation Context: Hunk='            ', Target='            '
trace:       Active baseline indentation: hunk='            ', target='            '
trace:       DiffOp::Insert: preserving 2 local insertion line(s) from target file (new_idx=0)
trace:         Preserving inserted line: '            # c12d2da56d0e which is covered in Conftest #3.'
trace:         Preserving inserted line: '            #'
trace:       DiffOp::Equal: 3 line(s) aligned (hunk old_idx=0, file new_idx=2)
trace:         Equal: preserving target line: '            # Conftest #1: Check if get_user_pages accepts 6 arguments.'
trace:         Equal: preserving target line: '            # Return if true.'
trace:         Equal: preserving target line: '            # Fall through to conftest #2 on failure.'
trace:       DiffOp::Replace: hunk lines 3..4 (len=1) vs file lines 5..6 (len=1)
trace:         1-to-1 length replacement. Validating similarity of modified lines...
trace:         1-to-1 replacement line validation [line 3]: is_removal=true, word_sim=0.000, char_sim=0.000
warning:     Fuzzy match rejected: Removal line "" differs from target line "            #" (sim_words=0.000, sim_chars=0.000, required=0.500).
debug:   Candidate 8/20 at HunkLocation { start_index: 3008, length: 10 } failed with ContextNotFound. Backtracking...
trace:   Evaluating candidate 9/20 at location HunkLocation { start_index: 3009, length: 10 } (match_type: Fuzzy { score: 0.8387755310352967 })
debug:   Found location HunkLocation { start_index: 3009, length: 10 } with match type Fuzzy { score: 0.8387755310352967 }. Applying changes.
debug:   try_apply_hunk_at_location: target line 3010 (length 10), match_type=Fuzzy { score: 0.8387755310352967 }, total target lines=5168.
trace: Hunk::get_match_block: extracted 7 match line(s)
trace:     Match block lines: 7 | Total hunk lines: 8
trace:     Target slice to replace: ["            #", "            # Conftest #1: Check if get_user_pages accepts 6 arguments.", "            # Return if true.", "            # Fall through to conftest #2 on failure.", "            #", "            echo \"$CONFTEST_PREAMBLE", "            #include <linux/mm.h>", "            long get_user_pages(unsigned long start,", "                                unsigned long nr_pages,", "                                int write,"]
trace:     Ellipsis flags: has_ellipsis=false, is_literal_match=false, is_wildcard_gap_match=false
debug:     Applying hunk via robust reconstruction logic (preserving file context & adjusting indent).
trace:       Fuzzy match location: start=3009, len=10
trace:       File content in matched range (10 line(s)): ["            #", "            # Conftest #1: Check if get_user_pages accepts 6 arguments.", "            # Return if true.", "            # Fall through to conftest #2 on failure.", "            #", "            echo \"$CONFTEST_PREAMBLE", "            #include <linux/mm.h>", "            long get_user_pages(unsigned long start,", "                                unsigned long nr_pages,", "                                int write,"]
trace:       Parsed hunk: 7 match line(s), 0 initial addition(s).
trace: Hunk::get_match_block: extracted 7 match line(s)
trace:       Computed diff between match block and file slice: 5 operation(s), similarity ratio=0.706
trace:       Initial Indentation Context: Hunk='            ', Target='            '
trace:       Active baseline indentation: hunk='            ', target='            '
trace:       DiffOp::Insert: preserving 1 local insertion line(s) from target file (new_idx=0)
trace:         Preserving inserted line: '            #'
trace:       DiffOp::Equal: 3 line(s) aligned (hunk old_idx=0, file new_idx=1)
trace:         Equal: preserving target line: '            # Conftest #1: Check if get_user_pages accepts 6 arguments.'
trace:         Equal: preserving target line: '            # Return if true.'
trace:         Equal: preserving target line: '            # Fall through to conftest #2 on failure.'
trace:       DiffOp::Replace: hunk lines 3..4 (len=1) vs file lines 4..5 (len=1)
trace:         1-to-1 length replacement. Validating similarity of modified lines...
trace:         1-to-1 replacement line validation [line 3]: is_removal=true, word_sim=0.000, char_sim=0.000
warning:     Fuzzy match rejected: Removal line "" differs from target line "            #" (sim_words=0.000, sim_chars=0.000, required=0.500).
debug:   Candidate 9/20 at HunkLocation { start_index: 3009, length: 10 } failed with ContextNotFound. Backtracking...
trace:   Evaluating candidate 10/20 at location HunkLocation { start_index: 3010, length: 10 } (match_type: Fuzzy { score: 0.8387755310352967 })
debug:   Found location HunkLocation { start_index: 3010, length: 10 } with match type Fuzzy { score: 0.8387755310352967 }. Applying changes.
debug:   try_apply_hunk_at_location: target line 3011 (length 10), match_type=Fuzzy { score: 0.8387755310352967 }, total target lines=5168.
trace: Hunk::get_match_block: extracted 7 match line(s)
trace:     Match block lines: 7 | Total hunk lines: 8
trace:     Target slice to replace: ["            # Conftest #1: Check if get_user_pages accepts 6 arguments.", "            # Return if true.", "            # Fall through to conftest #2 on failure.", "            #", "            echo \"$CONFTEST_PREAMBLE", "            #include <linux/mm.h>", "            long get_user_pages(unsigned long start,", "                                unsigned long nr_pages,", "                                int write,", "                                int force,"]
trace:     Ellipsis flags: has_ellipsis=false, is_literal_match=false, is_wildcard_gap_match=false
debug:     Applying hunk via robust reconstruction logic (preserving file context & adjusting indent).
trace:       Fuzzy match location: start=3010, len=10
trace:       File content in matched range (10 line(s)): ["            # Conftest #1: Check if get_user_pages accepts 6 arguments.", "            # Return if true.", "            # Fall through to conftest #2 on failure.", "            #", "            echo \"$CONFTEST_PREAMBLE", "            #include <linux/mm.h>", "            long get_user_pages(unsigned long start,", "                                unsigned long nr_pages,", "                                int write,", "                                int force,"]
trace:       Parsed hunk: 7 match line(s), 0 initial addition(s).
trace: Hunk::get_match_block: extracted 7 match line(s)
trace:       Computed diff between match block and file slice: 4 operation(s), similarity ratio=0.706
trace:       Initial Indentation Context: Hunk='            ', Target='            '
trace:       Active baseline indentation: hunk='            ', target='            '
trace:       DiffOp::Equal: 3 line(s) aligned (hunk old_idx=0, file new_idx=0)
trace:         Equal: preserving target line: '            # Conftest #1: Check if get_user_pages accepts 6 arguments.'
trace:         Equal: preserving target line: '            # Return if true.'
trace:         Equal: preserving target line: '            # Fall through to conftest #2 on failure.'
trace:       DiffOp::Replace: hunk lines 3..4 (len=1) vs file lines 3..4 (len=1)
trace:         1-to-1 length replacement. Validating similarity of modified lines...
trace:         1-to-1 replacement line validation [line 3]: is_removal=true, word_sim=0.000, char_sim=0.000
warning:     Fuzzy match rejected: Removal line "" differs from target line "            #" (sim_words=0.000, sim_chars=0.000, required=0.500).
debug:   Candidate 10/20 at HunkLocation { start_index: 3010, length: 10 } failed with ContextNotFound. Backtracking...
trace:   Evaluating candidate 11/20 at location HunkLocation { start_index: 3006, length: 11 } (match_type: Fuzzy { score: 0.8326530860394848 })
debug:   Found location HunkLocation { start_index: 3006, length: 11 } with match type Fuzzy { score: 0.8326530860394848 }. Applying changes.
debug:   try_apply_hunk_at_location: target line 3007 (length 11), match_type=Fuzzy { score: 0.8326530860394848 }, total target lines=5168.
trace: Hunk::get_match_block: extracted 7 match line(s)
trace:     Match block lines: 7 | Total hunk lines: 8
trace:     Target slice to replace: ["            #", "            # linux-4.4.168 cherry-picked commit 768ae309a961 without", "            # c12d2da56d0e which is covered in Conftest #3.", "            #", "            # Conftest #1: Check if get_user_pages accepts 6 arguments.", "            # Return if true.", "            # Fall through to conftest #2 on failure.", "            #", "            echo \"$CONFTEST_PREAMBLE", "            #include <linux/mm.h>", "            long get_user_pages(unsigned long start,"]
trace:     Ellipsis flags: has_ellipsis=false, is_literal_match=false, is_wildcard_gap_match=false
debug:     Applying hunk via robust reconstruction logic (preserving file context & adjusting indent).
trace:       Fuzzy match location: start=3006, len=11
trace:       File content in matched range (11 line(s)): ["            #", "            # linux-4.4.168 cherry-picked commit 768ae309a961 without", "            # c12d2da56d0e which is covered in Conftest #3.", "            #", "            # Conftest #1: Check if get_user_pages accepts 6 arguments.", "            # Return if true.", "            # Fall through to conftest #2 on failure.", "            #", "            echo \"$CONFTEST_PREAMBLE", "            #include <linux/mm.h>", "            long get_user_pages(unsigned long start,"]
trace:       Parsed hunk: 7 match line(s), 0 initial addition(s).
trace: Hunk::get_match_block: extracted 7 match line(s)
trace:       Computed diff between match block and file slice: 4 operation(s), similarity ratio=0.667
trace:       Initial Indentation Context: Hunk='            ', Target='            '
trace:       Active baseline indentation: hunk='            ', target='            '
trace:       DiffOp::Insert: preserving 4 local insertion line(s) from target file (new_idx=0)
trace:         Preserving inserted line: '            #'
trace:         Preserving inserted line: '            # linux-4.4.168 cherry-picked commit 768ae309a961 without'
trace:         Preserving inserted line: '            # c12d2da56d0e which is covered in Conftest #3.'
trace:         Preserving inserted line: '            #'
trace:       DiffOp::Equal: 3 line(s) aligned (hunk old_idx=0, file new_idx=4)
trace:         Equal: preserving target line: '            # Conftest #1: Check if get_user_pages accepts 6 arguments.'
trace:         Equal: preserving target line: '            # Return if true.'
trace:         Equal: preserving target line: '            # Fall through to conftest #2 on failure.'
trace:       DiffOp::Replace: hunk lines 3..4 (len=1) vs file lines 7..8 (len=1)
trace:         1-to-1 length replacement. Validating similarity of modified lines...
trace:         1-to-1 replacement line validation [line 3]: is_removal=true, word_sim=0.000, char_sim=0.000
warning:     Fuzzy match rejected: Removal line "" differs from target line "            #" (sim_words=0.000, sim_chars=0.000, required=0.500).
debug:   Candidate 11/20 at HunkLocation { start_index: 3006, length: 11 } failed with ContextNotFound. Backtracking...
trace:   Evaluating candidate 12/20 at location HunkLocation { start_index: 3007, length: 11 } (match_type: Fuzzy { score: 0.8326530860394848 })
debug:   Found location HunkLocation { start_index: 3007, length: 11 } with match type Fuzzy { score: 0.8326530860394848 }. Applying changes.
debug:   try_apply_hunk_at_location: target line 3008 (length 11), match_type=Fuzzy { score: 0.8326530860394848 }, total target lines=5168.
trace: Hunk::get_match_block: extracted 7 match line(s)
trace:     Match block lines: 7 | Total hunk lines: 8
trace:     Target slice to replace: ["            # linux-4.4.168 cherry-picked commit 768ae309a961 without", "            # c12d2da56d0e which is covered in Conftest #3.", "            #", "            # Conftest #1: Check if get_user_pages accepts 6 arguments.", "            # Return if true.", "            # Fall through to conftest #2 on failure.", "            #", "            echo \"$CONFTEST_PREAMBLE", "            #include <linux/mm.h>", "            long get_user_pages(unsigned long start,", "                                unsigned long nr_pages,"]
trace:     Ellipsis flags: has_ellipsis=false, is_literal_match=false, is_wildcard_gap_match=false
debug:     Applying hunk via robust reconstruction logic (preserving file context & adjusting indent).
trace:       Fuzzy match location: start=3007, len=11
trace:       File content in matched range (11 line(s)): ["            # linux-4.4.168 cherry-picked commit 768ae309a961 without", "            # c12d2da56d0e which is covered in Conftest #3.", "            #", "            # Conftest #1: Check if get_user_pages accepts 6 arguments.", "            # Return if true.", "            # Fall through to conftest #2 on failure.", "            #", "            echo \"$CONFTEST_PREAMBLE", "            #include <linux/mm.h>", "            long get_user_pages(unsigned long start,", "                                unsigned long nr_pages,"]
trace:       Parsed hunk: 7 match line(s), 0 initial addition(s).
trace: Hunk::get_match_block: extracted 7 match line(s)
trace:       Computed diff between match block and file slice: 5 operation(s), similarity ratio=0.667
trace:       Initial Indentation Context: Hunk='            ', Target='            '
trace:       Active baseline indentation: hunk='            ', target='            '
trace:       DiffOp::Insert: preserving 3 local insertion line(s) from target file (new_idx=0)
trace:         Preserving inserted line: '            # linux-4.4.168 cherry-picked commit 768ae309a961 without'
trace:         Preserving inserted line: '            # c12d2da56d0e which is covered in Conftest #3.'
trace:         Preserving inserted line: '            #'
trace:       DiffOp::Equal: 3 line(s) aligned (hunk old_idx=0, file new_idx=3)
trace:         Equal: preserving target line: '            # Conftest #1: Check if get_user_pages accepts 6 arguments.'
trace:         Equal: preserving target line: '            # Return if true.'
trace:         Equal: preserving target line: '            # Fall through to conftest #2 on failure.'
trace:       DiffOp::Replace: hunk lines 3..4 (len=1) vs file lines 6..7 (len=1)
trace:         1-to-1 length replacement. Validating similarity of modified lines...
trace:         1-to-1 replacement line validation [line 3]: is_removal=true, word_sim=0.000, char_sim=0.000
warning:     Fuzzy match rejected: Removal line "" differs from target line "            #" (sim_words=0.000, sim_chars=0.000, required=0.500).
debug:   Candidate 12/20 at HunkLocation { start_index: 3007, length: 11 } failed with ContextNotFound. Backtracking...
trace:   Evaluating candidate 13/20 at location HunkLocation { start_index: 3008, length: 11 } (match_type: Fuzzy { score: 0.8326530860394848 })
debug:   Found location HunkLocation { start_index: 3008, length: 11 } with match type Fuzzy { score: 0.8326530860394848 }. Applying changes.
debug:   try_apply_hunk_at_location: target line 3009 (length 11), match_type=Fuzzy { score: 0.8326530860394848 }, total target lines=5168.
trace: Hunk::get_match_block: extracted 7 match line(s)
trace:     Match block lines: 7 | Total hunk lines: 8
trace:     Target slice to replace: ["            # c12d2da56d0e which is covered in Conftest #3.", "            #", "            # Conftest #1: Check if get_user_pages accepts 6 arguments.", "            # Return if true.", "            # Fall through to conftest #2 on failure.", "            #", "            echo \"$CONFTEST_PREAMBLE", "            #include <linux/mm.h>", "            long get_user_pages(unsigned long start,", "                                unsigned long nr_pages,", "                                int write,"]
trace:     Ellipsis flags: has_ellipsis=false, is_literal_match=false, is_wildcard_gap_match=false
debug:     Applying hunk via robust reconstruction logic (preserving file context & adjusting indent).
trace:       Fuzzy match location: start=3008, len=11
trace:       File content in matched range (11 line(s)): ["            # c12d2da56d0e which is covered in Conftest #3.", "            #", "            # Conftest #1: Check if get_user_pages accepts 6 arguments.", "            # Return if true.", "            # Fall through to conftest #2 on failure.", "            #", "            echo \"$CONFTEST_PREAMBLE", "            #include <linux/mm.h>", "            long get_user_pages(unsigned long start,", "                                unsigned long nr_pages,", "                                int write,"]
trace:       Parsed hunk: 7 match line(s), 0 initial addition(s).
trace: Hunk::get_match_block: extracted 7 match line(s)
trace:       Computed diff between match block and file slice: 5 operation(s), similarity ratio=0.667
trace:       Initial Indentation Context: Hunk='            ', Target='            '
trace:       Active baseline indentation: hunk='            ', target='            '
trace:       DiffOp::Insert: preserving 2 local insertion line(s) from target file (new_idx=0)
trace:         Preserving inserted line: '            # c12d2da56d0e which is covered in Conftest #3.'
trace:         Preserving inserted line: '            #'
trace:       DiffOp::Equal: 3 line(s) aligned (hunk old_idx=0, file new_idx=2)
trace:         Equal: preserving target line: '            # Conftest #1: Check if get_user_pages accepts 6 arguments.'
trace:         Equal: preserving target line: '            # Return if true.'
trace:         Equal: preserving target line: '            # Fall through to conftest #2 on failure.'
trace:       DiffOp::Replace: hunk lines 3..4 (len=1) vs file lines 5..6 (len=1)
trace:         1-to-1 length replacement. Validating similarity of modified lines...
trace:         1-to-1 replacement line validation [line 3]: is_removal=true, word_sim=0.000, char_sim=0.000
warning:     Fuzzy match rejected: Removal line "" differs from target line "            #" (sim_words=0.000, sim_chars=0.000, required=0.500).
debug:   Candidate 13/20 at HunkLocation { start_index: 3008, length: 11 } failed with ContextNotFound. Backtracking...
trace:   Evaluating candidate 14/20 at location HunkLocation { start_index: 3009, length: 11 } (match_type: Fuzzy { score: 0.8326530860394848 })
debug:   Found location HunkLocation { start_index: 3009, length: 11 } with match type Fuzzy { score: 0.8326530860394848 }. Applying changes.
debug:   try_apply_hunk_at_location: target line 3010 (length 11), match_type=Fuzzy { score: 0.8326530860394848 }, total target lines=5168.
trace: Hunk::get_match_block: extracted 7 match line(s)
trace:     Match block lines: 7 | Total hunk lines: 8
trace:     Target slice to replace: ["            #", "            # Conftest #1: Check if get_user_pages accepts 6 arguments.", "            # Return if true.", "            # Fall through to conftest #2 on failure.", "            #", "            echo \"$CONFTEST_PREAMBLE", "            #include <linux/mm.h>", "            long get_user_pages(unsigned long start,", "                                unsigned long nr_pages,", "                                int write,", "                                int force,"]
trace:     Ellipsis flags: has_ellipsis=false, is_literal_match=false, is_wildcard_gap_match=false
debug:     Applying hunk via robust reconstruction logic (preserving file context & adjusting indent).
trace:       Fuzzy match location: start=3009, len=11
trace:       File content in matched range (11 line(s)): ["            #", "            # Conftest #1: Check if get_user_pages accepts 6 arguments.", "            # Return if true.", "            # Fall through to conftest #2 on failure.", "            #", "            echo \"$CONFTEST_PREAMBLE", "            #include <linux/mm.h>", "            long get_user_pages(unsigned long start,", "                                unsigned long nr_pages,", "                                int write,", "                                int force,"]
trace:       Parsed hunk: 7 match line(s), 0 initial addition(s).
trace: Hunk::get_match_block: extracted 7 match line(s)
trace:       Computed diff between match block and file slice: 5 operation(s), similarity ratio=0.667
trace:       Initial Indentation Context: Hunk='            ', Target='            '
trace:       Active baseline indentation: hunk='            ', target='            '
trace:       DiffOp::Insert: preserving 1 local insertion line(s) from target file (new_idx=0)
trace:         Preserving inserted line: '            #'
trace:       DiffOp::Equal: 3 line(s) aligned (hunk old_idx=0, file new_idx=1)
trace:         Equal: preserving target line: '            # Conftest #1: Check if get_user_pages accepts 6 arguments.'
trace:         Equal: preserving target line: '            # Return if true.'
trace:         Equal: preserving target line: '            # Fall through to conftest #2 on failure.'
trace:       DiffOp::Replace: hunk lines 3..4 (len=1) vs file lines 4..5 (len=1)
trace:         1-to-1 length replacement. Validating similarity of modified lines...
trace:         1-to-1 replacement line validation [line 3]: is_removal=true, word_sim=0.000, char_sim=0.000
warning:     Fuzzy match rejected: Removal line "" differs from target line "            #" (sim_words=0.000, sim_chars=0.000, required=0.500).
debug:   Candidate 14/20 at HunkLocation { start_index: 3009, length: 11 } failed with ContextNotFound. Backtracking...
trace:   Evaluating candidate 15/20 at location HunkLocation { start_index: 3010, length: 11 } (match_type: Fuzzy { score: 0.8326530860394848 })
debug:   Found location HunkLocation { start_index: 3010, length: 11 } with match type Fuzzy { score: 0.8326530860394848 }. Applying changes.
debug:   try_apply_hunk_at_location: target line 3011 (length 11), match_type=Fuzzy { score: 0.8326530860394848 }, total target lines=5168.
trace: Hunk::get_match_block: extracted 7 match line(s)
trace:     Match block lines: 7 | Total hunk lines: 8
trace:     Target slice to replace: ["            # Conftest #1: Check if get_user_pages accepts 6 arguments.", "            # Return if true.", "            # Fall through to conftest #2 on failure.", "            #", "            echo \"$CONFTEST_PREAMBLE", "            #include <linux/mm.h>", "            long get_user_pages(unsigned long start,", "                                unsigned long nr_pages,", "                                int write,", "                                int force,", "                                struct page **pages,"]
trace:     Ellipsis flags: has_ellipsis=false, is_literal_match=false, is_wildcard_gap_match=false
debug:     Applying hunk via robust reconstruction logic (preserving file context & adjusting indent).
trace:       Fuzzy match location: start=3010, len=11
trace:       File content in matched range (11 line(s)): ["            # Conftest #1: Check if get_user_pages accepts 6 arguments.", "            # Return if true.", "            # Fall through to conftest #2 on failure.", "            #", "            echo \"$CONFTEST_PREAMBLE", "            #include <linux/mm.h>", "            long get_user_pages(unsigned long start,", "                                unsigned long nr_pages,", "                                int write,", "                                int force,", "                                struct page **pages,"]
trace:       Parsed hunk: 7 match line(s), 0 initial addition(s).
trace: Hunk::get_match_block: extracted 7 match line(s)
trace:       Computed diff between match block and file slice: 4 operation(s), similarity ratio=0.667
trace:       Initial Indentation Context: Hunk='            ', Target='            '
trace:       Active baseline indentation: hunk='            ', target='            '
trace:       DiffOp::Equal: 3 line(s) aligned (hunk old_idx=0, file new_idx=0)
trace:         Equal: preserving target line: '            # Conftest #1: Check if get_user_pages accepts 6 arguments.'
trace:         Equal: preserving target line: '            # Return if true.'
trace:         Equal: preserving target line: '            # Fall through to conftest #2 on failure.'
trace:       DiffOp::Replace: hunk lines 3..4 (len=1) vs file lines 3..4 (len=1)
trace:         1-to-1 length replacement. Validating similarity of modified lines...
trace:         1-to-1 replacement line validation [line 3]: is_removal=true, word_sim=0.000, char_sim=0.000
warning:     Fuzzy match rejected: Removal line "" differs from target line "            #" (sim_words=0.000, sim_chars=0.000, required=0.500).
debug:   Candidate 15/20 at HunkLocation { start_index: 3010, length: 11 } failed with ContextNotFound. Backtracking...
trace:   Evaluating candidate 16/20 at location HunkLocation { start_index: 3005, length: 12 } (match_type: Fuzzy { score: 0.8265305794015223 })
debug:   Found location HunkLocation { start_index: 3005, length: 12 } with match type Fuzzy { score: 0.8265305794015223 }. Applying changes.
debug:   try_apply_hunk_at_location: target line 3006 (length 12), match_type=Fuzzy { score: 0.8265305794015223 }, total target lines=5168.
trace: Hunk::get_match_block: extracted 7 match line(s)
trace:     Match block lines: 7 | Total hunk lines: 8
trace:     Target slice to replace: ["            # parameters with gup_flags\") in v4.9 (2016-10-13)", "            #", "            # linux-4.4.168 cherry-picked commit 768ae309a961 without", "            # c12d2da56d0e which is covered in Conftest #3.", "            #", "            # Conftest #1: Check if get_user_pages accepts 6 arguments.", "            # Return if true.", "            # Fall through to conftest #2 on failure.", "            #", "            echo \"$CONFTEST_PREAMBLE", "            #include <linux/mm.h>", "            long get_user_pages(unsigned long start,"]
trace:     Ellipsis flags: has_ellipsis=false, is_literal_match=false, is_wildcard_gap_match=false
debug:     Applying hunk via robust reconstruction logic (preserving file context & adjusting indent).
trace:       Fuzzy match location: start=3005, len=12
trace:       File content in matched range (12 line(s)): ["            # parameters with gup_flags\") in v4.9 (2016-10-13)", "            #", "            # linux-4.4.168 cherry-picked commit 768ae309a961 without", "            # c12d2da56d0e which is covered in Conftest #3.", "            #", "            # Conftest #1: Check if get_user_pages accepts 6 arguments.", "            # Return if true.", "            # Fall through to conftest #2 on failure.", "            #", "            echo \"$CONFTEST_PREAMBLE", "            #include <linux/mm.h>", "            long get_user_pages(unsigned long start,"]
trace:       Parsed hunk: 7 match line(s), 0 initial addition(s).
trace: Hunk::get_match_block: extracted 7 match line(s)
trace:       Computed diff between match block and file slice: 4 operation(s), similarity ratio=0.632
trace:       Initial Indentation Context: Hunk='            ', Target='            '
trace:       Active baseline indentation: hunk='            ', target='            '
trace:       DiffOp::Insert: preserving 5 local insertion line(s) from target file (new_idx=0)
trace:         Preserving inserted line: '            # parameters with gup_flags\") in v4.9 (2016-10-13)'
trace:         Preserving inserted line: '            #'
trace:         Preserving inserted line: '            # linux-4.4.168 cherry-picked commit 768ae309a961 without'
trace:         Preserving inserted line: '            # c12d2da56d0e which is covered in Conftest #3.'
trace:         Preserving inserted line: '            #'
trace:       DiffOp::Equal: 3 line(s) aligned (hunk old_idx=0, file new_idx=5)
trace:         Equal: preserving target line: '            # Conftest #1: Check if get_user_pages accepts 6 arguments.'
trace:         Equal: preserving target line: '            # Return if true.'
trace:         Equal: preserving target line: '            # Fall through to conftest #2 on failure.'
trace:       DiffOp::Replace: hunk lines 3..4 (len=1) vs file lines 8..9 (len=1)
trace:         1-to-1 length replacement. Validating similarity of modified lines...
trace:         1-to-1 replacement line validation [line 3]: is_removal=true, word_sim=0.000, char_sim=0.000
warning:     Fuzzy match rejected: Removal line "" differs from target line "            #" (sim_words=0.000, sim_chars=0.000, required=0.500).
debug:   Candidate 16/20 at HunkLocation { start_index: 3005, length: 12 } failed with ContextNotFound. Backtracking...
trace:   Evaluating candidate 17/20 at location HunkLocation { start_index: 3006, length: 12 } (match_type: Fuzzy { score: 0.8265305794015223 })
debug:   Found location HunkLocation { start_index: 3006, length: 12 } with match type Fuzzy { score: 0.8265305794015223 }. Applying changes.
debug:   try_apply_hunk_at_location: target line 3007 (length 12), match_type=Fuzzy { score: 0.8265305794015223 }, total target lines=5168.
trace: Hunk::get_match_block: extracted 7 match line(s)
trace:     Match block lines: 7 | Total hunk lines: 8
trace:     Target slice to replace: ["            #", "            # linux-4.4.168 cherry-picked commit 768ae309a961 without", "            # c12d2da56d0e which is covered in Conftest #3.", "            #", "            # Conftest #1: Check if get_user_pages accepts 6 arguments.", "            # Return if true.", "            # Fall through to conftest #2 on failure.", "            #", "            echo \"$CONFTEST_PREAMBLE", "            #include <linux/mm.h>", "            long get_user_pages(unsigned long start,", "                                unsigned long nr_pages,"]
trace:     Ellipsis flags: has_ellipsis=false, is_literal_match=false, is_wildcard_gap_match=false
debug:     Applying hunk via robust reconstruction logic (preserving file context & adjusting indent).
trace:       Fuzzy match location: start=3006, len=12
trace:       File content in matched range (12 line(s)): ["            #", "            # linux-4.4.168 cherry-picked commit 768ae309a961 without", "            # c12d2da56d0e which is covered in Conftest #3.", "            #", "            # Conftest #1: Check if get_user_pages accepts 6 arguments.", "            # Return if true.", "            # Fall through to conftest #2 on failure.", "            #", "            echo \"$CONFTEST_PREAMBLE", "            #include <linux/mm.h>", "            long get_user_pages(unsigned long start,", "                                unsigned long nr_pages,"]
trace:       Parsed hunk: 7 match line(s), 0 initial addition(s).
trace: Hunk::get_match_block: extracted 7 match line(s)
trace:       Computed diff between match block and file slice: 5 operation(s), similarity ratio=0.632
trace:       Initial Indentation Context: Hunk='            ', Target='            '
trace:       Active baseline indentation: hunk='            ', target='            '
trace:       DiffOp::Insert: preserving 4 local insertion line(s) from target file (new_idx=0)
trace:         Preserving inserted line: '            #'
trace:         Preserving inserted line: '            # linux-4.4.168 cherry-picked commit 768ae309a961 without'
trace:         Preserving inserted line: '            # c12d2da56d0e which is covered in Conftest #3.'
trace:         Preserving inserted line: '            #'
trace:       DiffOp::Equal: 3 line(s) aligned (hunk old_idx=0, file new_idx=4)
trace:         Equal: preserving target line: '            # Conftest #1: Check if get_user_pages accepts 6 arguments.'
trace:         Equal: preserving target line: '            # Return if true.'
trace:         Equal: preserving target line: '            # Fall through to conftest #2 on failure.'
trace:       DiffOp::Replace: hunk lines 3..4 (len=1) vs file lines 7..8 (len=1)
trace:         1-to-1 length replacement. Validating similarity of modified lines...
trace:         1-to-1 replacement line validation [line 3]: is_removal=true, word_sim=0.000, char_sim=0.000
warning:     Fuzzy match rejected: Removal line "" differs from target line "            #" (sim_words=0.000, sim_chars=0.000, required=0.500).
debug:   Candidate 17/20 at HunkLocation { start_index: 3006, length: 12 } failed with ContextNotFound. Backtracking...
trace:   Evaluating candidate 18/20 at location HunkLocation { start_index: 3007, length: 12 } (match_type: Fuzzy { score: 0.8265305794015223 })
debug:   Found location HunkLocation { start_index: 3007, length: 12 } with match type Fuzzy { score: 0.8265305794015223 }. Applying changes.
debug:   try_apply_hunk_at_location: target line 3008 (length 12), match_type=Fuzzy { score: 0.8265305794015223 }, total target lines=5168.
trace: Hunk::get_match_block: extracted 7 match line(s)
trace:     Match block lines: 7 | Total hunk lines: 8
trace:     Target slice to replace: ["            # linux-4.4.168 cherry-picked commit 768ae309a961 without", "            # c12d2da56d0e which is covered in Conftest #3.", "            #", "            # Conftest #1: Check if get_user_pages accepts 6 arguments.", "            # Return if true.", "            # Fall through to conftest #2 on failure.", "            #", "            echo \"$CONFTEST_PREAMBLE", "            #include <linux/mm.h>", "            long get_user_pages(unsigned long start,", "                                unsigned long nr_pages,", "                                int write,"]
trace:     Ellipsis flags: has_ellipsis=false, is_literal_match=false, is_wildcard_gap_match=false
debug:     Applying hunk via robust reconstruction logic (preserving file context & adjusting indent).
trace:       Fuzzy match location: start=3007, len=12
trace:       File content in matched range (12 line(s)): ["            # linux-4.4.168 cherry-picked commit 768ae309a961 without", "            # c12d2da56d0e which is covered in Conftest #3.", "            #", "            # Conftest #1: Check if get_user_pages accepts 6 arguments.", "            # Return if true.", "            # Fall through to conftest #2 on failure.", "            #", "            echo \"$CONFTEST_PREAMBLE", "            #include <linux/mm.h>", "            long get_user_pages(unsigned long start,", "                                unsigned long nr_pages,", "                                int write,"]
trace:       Parsed hunk: 7 match line(s), 0 initial addition(s).
trace: Hunk::get_match_block: extracted 7 match line(s)
trace:       Computed diff between match block and file slice: 5 operation(s), similarity ratio=0.632
trace:       Initial Indentation Context: Hunk='            ', Target='            '
trace:       Active baseline indentation: hunk='            ', target='            '
trace:       DiffOp::Insert: preserving 3 local insertion line(s) from target file (new_idx=0)
trace:         Preserving inserted line: '            # linux-4.4.168 cherry-picked commit 768ae309a961 without'
trace:         Preserving inserted line: '            # c12d2da56d0e which is covered in Conftest #3.'
trace:         Preserving inserted line: '            #'
trace:       DiffOp::Equal: 3 line(s) aligned (hunk old_idx=0, file new_idx=3)
trace:         Equal: preserving target line: '            # Conftest #1: Check if get_user_pages accepts 6 arguments.'
trace:         Equal: preserving target line: '            # Return if true.'
trace:         Equal: preserving target line: '            # Fall through to conftest #2 on failure.'
trace:       DiffOp::Replace: hunk lines 3..4 (len=1) vs file lines 6..7 (len=1)
trace:         1-to-1 length replacement. Validating similarity of modified lines...
trace:         1-to-1 replacement line validation [line 3]: is_removal=true, word_sim=0.000, char_sim=0.000
warning:     Fuzzy match rejected: Removal line "" differs from target line "            #" (sim_words=0.000, sim_chars=0.000, required=0.500).
debug:   Candidate 18/20 at HunkLocation { start_index: 3007, length: 12 } failed with ContextNotFound. Backtracking...
trace:   Evaluating candidate 19/20 at location HunkLocation { start_index: 3008, length: 12 } (match_type: Fuzzy { score: 0.8265305794015223 })
debug:   Found location HunkLocation { start_index: 3008, length: 12 } with match type Fuzzy { score: 0.8265305794015223 }. Applying changes.
debug:   try_apply_hunk_at_location: target line 3009 (length 12), match_type=Fuzzy { score: 0.8265305794015223 }, total target lines=5168.
trace: Hunk::get_match_block: extracted 7 match line(s)
trace:     Match block lines: 7 | Total hunk lines: 8
trace:     Target slice to replace: ["            # c12d2da56d0e which is covered in Conftest #3.", "            #", "            # Conftest #1: Check if get_user_pages accepts 6 arguments.", "            # Return if true.", "            # Fall through to conftest #2 on failure.", "            #", "            echo \"$CONFTEST_PREAMBLE", "            #include <linux/mm.h>", "            long get_user_pages(unsigned long start,", "                                unsigned long nr_pages,", "                                int write,", "                                int force,"]
trace:     Ellipsis flags: has_ellipsis=false, is_literal_match=false, is_wildcard_gap_match=false
debug:     Applying hunk via robust reconstruction logic (preserving file context & adjusting indent).
trace:       Fuzzy match location: start=3008, len=12
trace:       File content in matched range (12 line(s)): ["            # c12d2da56d0e which is covered in Conftest #3.", "            #", "            # Conftest #1: Check if get_user_pages accepts 6 arguments.", "            # Return if true.", "            # Fall through to conftest #2 on failure.", "            #", "            echo \"$CONFTEST_PREAMBLE", "            #include <linux/mm.h>", "            long get_user_pages(unsigned long start,", "                                unsigned long nr_pages,", "                                int write,", "                                int force,"]
trace:       Parsed hunk: 7 match line(s), 0 initial addition(s).
trace: Hunk::get_match_block: extracted 7 match line(s)
trace:       Computed diff between match block and file slice: 5 operation(s), similarity ratio=0.632
trace:       Initial Indentation Context: Hunk='            ', Target='            '
trace:       Active baseline indentation: hunk='            ', target='            '
trace:       DiffOp::Insert: preserving 2 local insertion line(s) from target file (new_idx=0)
trace:         Preserving inserted line: '            # c12d2da56d0e which is covered in Conftest #3.'
trace:         Preserving inserted line: '            #'
trace:       DiffOp::Equal: 3 line(s) aligned (hunk old_idx=0, file new_idx=2)
trace:         Equal: preserving target line: '            # Conftest #1: Check if get_user_pages accepts 6 arguments.'
trace:         Equal: preserving target line: '            # Return if true.'
trace:         Equal: preserving target line: '            # Fall through to conftest #2 on failure.'
trace:       DiffOp::Replace: hunk lines 3..4 (len=1) vs file lines 5..6 (len=1)
trace:         1-to-1 length replacement. Validating similarity of modified lines...
trace:         1-to-1 replacement line validation [line 3]: is_removal=true, word_sim=0.000, char_sim=0.000
warning:     Fuzzy match rejected: Removal line "" differs from target line "            #" (sim_words=0.000, sim_chars=0.000, required=0.500).
debug:   Candidate 19/20 at HunkLocation { start_index: 3008, length: 12 } failed with ContextNotFound. Backtracking...
trace:   Evaluating candidate 20/20 at location HunkLocation { start_index: 3009, length: 12 } (match_type: Fuzzy { score: 0.8265305794015223 })
debug:   Found location HunkLocation { start_index: 3009, length: 12 } with match type Fuzzy { score: 0.8265305794015223 }. Applying changes.
debug:   try_apply_hunk_at_location: target line 3010 (length 12), match_type=Fuzzy { score: 0.8265305794015223 }, total target lines=5168.
trace: Hunk::get_match_block: extracted 7 match line(s)
trace:     Match block lines: 7 | Total hunk lines: 8
trace:     Target slice to replace: ["            #", "            # Conftest #1: Check if get_user_pages accepts 6 arguments.", "            # Return if true.", "            # Fall through to conftest #2 on failure.", "            #", "            echo \"$CONFTEST_PREAMBLE", "            #include <linux/mm.h>", "            long get_user_pages(unsigned long start,", "                                unsigned long nr_pages,", "                                int write,", "                                int force,", "                                struct page **pages,"]
trace:     Ellipsis flags: has_ellipsis=false, is_literal_match=false, is_wildcard_gap_match=false
debug:     Applying hunk via robust reconstruction logic (preserving file context & adjusting indent).
trace:       Fuzzy match location: start=3009, len=12
trace:       File content in matched range (12 line(s)): ["            #", "            # Conftest #1: Check if get_user_pages accepts 6 arguments.", "            # Return if true.", "            # Fall through to conftest #2 on failure.", "            #", "            echo \"$CONFTEST_PREAMBLE", "            #include <linux/mm.h>", "            long get_user_pages(unsigned long start,", "                                unsigned long nr_pages,", "                                int write,", "                                int force,", "                                struct page **pages,"]
trace:       Parsed hunk: 7 match line(s), 0 initial addition(s).
trace: Hunk::get_match_block: extracted 7 match line(s)
trace:       Computed diff between match block and file slice: 5 operation(s), similarity ratio=0.632
trace:       Initial Indentation Context: Hunk='            ', Target='            '
trace:       Active baseline indentation: hunk='            ', target='            '
trace:       DiffOp::Insert: preserving 1 local insertion line(s) from target file (new_idx=0)
trace:         Preserving inserted line: '            #'
trace:       DiffOp::Equal: 3 line(s) aligned (hunk old_idx=0, file new_idx=1)
trace:         Equal: preserving target line: '            # Conftest #1: Check if get_user_pages accepts 6 arguments.'
trace:         Equal: preserving target line: '            # Return if true.'
trace:         Equal: preserving target line: '            # Fall through to conftest #2 on failure.'
trace:       DiffOp::Replace: hunk lines 3..4 (len=1) vs file lines 4..5 (len=1)
trace:         1-to-1 length replacement. Validating similarity of modified lines...
trace:         1-to-1 replacement line validation [line 3]: is_removal=true, word_sim=0.000, char_sim=0.000
warning:     Fuzzy match rejected: Removal line "" differs from target line "            #" (sim_words=0.000, sim_chars=0.000, required=0.500).
debug:   Candidate 20/20 at HunkLocation { start_index: 3009, length: 12 } failed with ContextNotFound. Backtracking...
debug:   Strict application failed for all 20 candidate(s). Retrying with fallback context reconciliation...
trace:   Evaluating candidate 1/20 with lenient reconciliation at location HunkLocation { start_index: 3010, length: 7 }
debug:   Found location HunkLocation { start_index: 3010, length: 7 } with match type Fuzzy { score: 0.8571428656578064 }. Applying changes.
debug:   try_apply_hunk_at_location: target line 3011 (length 7), match_type=Fuzzy { score: 0.8571428656578064 }, total target lines=5168.
trace: Hunk::get_match_block: extracted 7 match line(s)
trace:     Match block lines: 7 | Total hunk lines: 8
trace:     Target slice to replace: ["            # Conftest #1: Check if get_user_pages accepts 6 arguments.", "            # Return if true.", "            # Fall through to conftest #2 on failure.", "            #", "            echo \"$CONFTEST_PREAMBLE", "            #include <linux/mm.h>", "            long get_user_pages(unsigned long start,"]
trace:     Ellipsis flags: has_ellipsis=false, is_literal_match=false, is_wildcard_gap_match=false
debug:     Applying hunk via robust reconstruction logic (preserving file context & adjusting indent).
trace:       Fuzzy match location: start=3010, len=7
trace:       File content in matched range (7 line(s)): ["            # Conftest #1: Check if get_user_pages accepts 6 arguments.", "            # Return if true.", "            # Fall through to conftest #2 on failure.", "            #", "            echo \"$CONFTEST_PREAMBLE", "            #include <linux/mm.h>", "            long get_user_pages(unsigned long start,"]
trace:       Parsed hunk: 7 match line(s), 0 initial addition(s).
trace: Hunk::get_match_block: extracted 7 match line(s)
trace: normalize_line_delimiters: '            # Conftest #1: Check if get_user_pages accepts 6 arguments.' -> '# Conftest'
trace: normalize_line_delimiters: '            # Return if true.' -> '# Return if true.'
trace: normalize_line_delimiters: '            # Fall through to conftest #2 on failure.' -> '# Fall through to conftest'
trace: normalize_line_delimiters: '' -> ''
trace: normalize_line_delimiters: '            echo "$CONFTEST_PREAMBLE' -> 'echo "$CONFTEST_PREAMBLE'
trace: normalize_line_delimiters: '            #include <linux/mm.h>' -> '#include <linux/mm.h>'
trace: normalize_line_delimiters: '            long get_user_pages(unsigned long start,' -> 'long get_user_pages(unsigned long start'
trace: normalize_line_delimiters: '            # Conftest #1: Check if get_user_pages accepts 6 arguments.' -> '# Conftest'
trace: normalize_line_delimiters: '            # Return if true.' -> '# Return if true.'
trace: normalize_line_delimiters: '            # Fall through to conftest #2 on failure.' -> '# Fall through to conftest'
trace: normalize_line_delimiters: '            #' -> '#'
trace: normalize_line_delimiters: '            echo "$CONFTEST_PREAMBLE' -> 'echo "$CONFTEST_PREAMBLE'
trace: normalize_line_delimiters: '            #include <linux/mm.h>' -> '#include <linux/mm.h>'
trace: normalize_line_delimiters: '            long get_user_pages(unsigned long start,' -> 'long get_user_pages(unsigned long start'
trace:       Computed diff between match block and file slice: 3 operation(s), similarity ratio=0.857
trace:       Initial Indentation Context: Hunk='            ', Target='            '
trace:       Active baseline indentation: hunk='            ', target='            '
trace:       DiffOp::Equal: 3 line(s) aligned (hunk old_idx=0, file new_idx=0)
trace:         Equal: preserving target line: '            # Conftest #1: Check if get_user_pages accepts 6 arguments.'
trace:         Equal: preserving target line: '            # Return if true.'
trace:         Equal: preserving target line: '            # Fall through to conftest #2 on failure.'
trace:       DiffOp::Replace: hunk lines 3..4 (len=1) vs file lines 3..4 (len=1)
trace:         1-to-1 length replacement. Validating similarity of modified lines...
trace:         1-to-1 replacement line validation [line 3]: is_removal=true, word_sim=0.000, char_sim=0.000
trace: normalize_line_delimiters: '' -> ''
trace: normalize_line_delimiters: '#' -> '#'
warning:     Fuzzy match rejected: Removal line "" differs from target line "            #" (sim_words=0.000, sim_chars=0.000, required=0.350).
trace:   Evaluating candidate 2/20 with lenient reconciliation at location HunkLocation { start_index: 3009, length: 8 }
debug:   Found location HunkLocation { start_index: 3009, length: 8 } with match type Fuzzy { score: 0.8510204208444575 }. Applying changes.
debug:   try_apply_hunk_at_location: target line 3010 (length 8), match_type=Fuzzy { score: 0.8510204208444575 }, total target lines=5168.
trace: Hunk::get_match_block: extracted 7 match line(s)
trace:     Match block lines: 7 | Total hunk lines: 8
trace:     Target slice to replace: ["            #", "            # Conftest #1: Check if get_user_pages accepts 6 arguments.", "            # Return if true.", "            # Fall through to conftest #2 on failure.", "            #", "            echo \"$CONFTEST_PREAMBLE", "            #include <linux/mm.h>", "            long get_user_pages(unsigned long start,"]
trace:     Ellipsis flags: has_ellipsis=false, is_literal_match=false, is_wildcard_gap_match=false
debug:     Applying hunk via robust reconstruction logic (preserving file context & adjusting indent).
trace:       Fuzzy match location: start=3009, len=8
trace:       File content in matched range (8 line(s)): ["            #", "            # Conftest #1: Check if get_user_pages accepts 6 arguments.", "            # Return if true.", "            # Fall through to conftest #2 on failure.", "            #", "            echo \"$CONFTEST_PREAMBLE", "            #include <linux/mm.h>", "            long get_user_pages(unsigned long start,"]
trace:       Parsed hunk: 7 match line(s), 0 initial addition(s).
trace: Hunk::get_match_block: extracted 7 match line(s)
trace: normalize_line_delimiters: '            # Conftest #1: Check if get_user_pages accepts 6 arguments.' -> '# Conftest'
trace: normalize_line_delimiters: '            # Return if true.' -> '# Return if true.'
trace: normalize_line_delimiters: '            # Fall through to conftest #2 on failure.' -> '# Fall through to conftest'
trace: normalize_line_delimiters: '' -> ''
trace: normalize_line_delimiters: '            echo "$CONFTEST_PREAMBLE' -> 'echo "$CONFTEST_PREAMBLE'
trace: normalize_line_delimiters: '            #include <linux/mm.h>' -> '#include <linux/mm.h>'
trace: normalize_line_delimiters: '            long get_user_pages(unsigned long start,' -> 'long get_user_pages(unsigned long start'
trace: normalize_line_delimiters: '            #' -> '#'
trace: normalize_line_delimiters: '            # Conftest #1: Check if get_user_pages accepts 6 arguments.' -> '# Conftest'
trace: normalize_line_delimiters: '            # Return if true.' -> '# Return if true.'
trace: normalize_line_delimiters: '            # Fall through to conftest #2 on failure.' -> '# Fall through to conftest'
trace: normalize_line_delimiters: '            #' -> '#'
trace: normalize_line_delimiters: '            echo "$CONFTEST_PREAMBLE' -> 'echo "$CONFTEST_PREAMBLE'
trace: normalize_line_delimiters: '            #include <linux/mm.h>' -> '#include <linux/mm.h>'
trace: normalize_line_delimiters: '            long get_user_pages(unsigned long start,' -> 'long get_user_pages(unsigned long start'
trace:       Computed diff between match block and file slice: 4 operation(s), similarity ratio=0.800
trace:       Initial Indentation Context: Hunk='            ', Target='            '
trace:       Active baseline indentation: hunk='            ', target='            '
trace:       DiffOp::Insert: preserving 1 local insertion line(s) from target file (new_idx=0)
trace:         Preserving inserted line: '            #'
trace:       DiffOp::Equal: 3 line(s) aligned (hunk old_idx=0, file new_idx=1)
trace:         Equal: preserving target line: '            # Conftest #1: Check if get_user_pages accepts 6 arguments.'
trace:         Equal: preserving target line: '            # Return if true.'
trace:         Equal: preserving target line: '            # Fall through to conftest #2 on failure.'
trace:       DiffOp::Replace: hunk lines 3..4 (len=1) vs file lines 4..5 (len=1)
trace:         1-to-1 length replacement. Validating similarity of modified lines...
trace:         1-to-1 replacement line validation [line 3]: is_removal=true, word_sim=0.000, char_sim=0.000
trace: normalize_line_delimiters: '' -> ''
trace: normalize_line_delimiters: '#' -> '#'
warning:     Fuzzy match rejected: Removal line "" differs from target line "            #" (sim_words=0.000, sim_chars=0.000, required=0.350).
trace:   Evaluating candidate 3/20 with lenient reconciliation at location HunkLocation { start_index: 3010, length: 8 }
debug:   Found location HunkLocation { start_index: 3010, length: 8 } with match type Fuzzy { score: 0.8510204208444575 }. Applying changes.
debug:   try_apply_hunk_at_location: target line 3011 (length 8), match_type=Fuzzy { score: 0.8510204208444575 }, total target lines=5168.
trace: Hunk::get_match_block: extracted 7 match line(s)
trace:     Match block lines: 7 | Total hunk lines: 8
trace:     Target slice to replace: ["            # Conftest #1: Check if get_user_pages accepts 6 arguments.", "            # Return if true.", "            # Fall through to conftest #2 on failure.", "            #", "            echo \"$CONFTEST_PREAMBLE", "            #include <linux/mm.h>", "            long get_user_pages(unsigned long start,", "                                unsigned long nr_pages,"]
trace:     Ellipsis flags: has_ellipsis=false, is_literal_match=false, is_wildcard_gap_match=false
debug:     Applying hunk via robust reconstruction logic (preserving file context & adjusting indent).
trace:       Fuzzy match location: start=3010, len=8
trace:       File content in matched range (8 line(s)): ["            # Conftest #1: Check if get_user_pages accepts 6 arguments.", "            # Return if true.", "            # Fall through to conftest #2 on failure.", "            #", "            echo \"$CONFTEST_PREAMBLE", "            #include <linux/mm.h>", "            long get_user_pages(unsigned long start,", "                                unsigned long nr_pages,"]
trace:       Parsed hunk: 7 match line(s), 0 initial addition(s).
trace: Hunk::get_match_block: extracted 7 match line(s)
trace: normalize_line_delimiters: '            # Conftest #1: Check if get_user_pages accepts 6 arguments.' -> '# Conftest'
trace: normalize_line_delimiters: '            # Return if true.' -> '# Return if true.'
trace: normalize_line_delimiters: '            # Fall through to conftest #2 on failure.' -> '# Fall through to conftest'
trace: normalize_line_delimiters: '' -> ''
trace: normalize_line_delimiters: '            echo "$CONFTEST_PREAMBLE' -> 'echo "$CONFTEST_PREAMBLE'
trace: normalize_line_delimiters: '            #include <linux/mm.h>' -> '#include <linux/mm.h>'
trace: normalize_line_delimiters: '            long get_user_pages(unsigned long start,' -> 'long get_user_pages(unsigned long start'
trace: normalize_line_delimiters: '            # Conftest #1: Check if get_user_pages accepts 6 arguments.' -> '# Conftest'
trace: normalize_line_delimiters: '            # Return if true.' -> '# Return if true.'
trace: normalize_line_delimiters: '            # Fall through to conftest #2 on failure.' -> '# Fall through to conftest'
trace: normalize_line_delimiters: '            #' -> '#'
trace: normalize_line_delimiters: '            echo "$CONFTEST_PREAMBLE' -> 'echo "$CONFTEST_PREAMBLE'
trace: normalize_line_delimiters: '            #include <linux/mm.h>' -> '#include <linux/mm.h>'
trace: normalize_line_delimiters: '            long get_user_pages(unsigned long start,' -> 'long get_user_pages(unsigned long start'
trace: normalize_line_delimiters: '                                unsigned long nr_pages,' -> 'unsigned long nr_pages'
trace:       Computed diff between match block and file slice: 4 operation(s), similarity ratio=0.800
trace:       Initial Indentation Context: Hunk='            ', Target='            '
trace:       Active baseline indentation: hunk='            ', target='            '
trace:       DiffOp::Equal: 3 line(s) aligned (hunk old_idx=0, file new_idx=0)
trace:         Equal: preserving target line: '            # Conftest #1: Check if get_user_pages accepts 6 arguments.'
trace:         Equal: preserving target line: '            # Return if true.'
trace:         Equal: preserving target line: '            # Fall through to conftest #2 on failure.'
trace:       DiffOp::Replace: hunk lines 3..4 (len=1) vs file lines 3..4 (len=1)
trace:         1-to-1 length replacement. Validating similarity of modified lines...
trace:         1-to-1 replacement line validation [line 3]: is_removal=true, word_sim=0.000, char_sim=0.000
trace: normalize_line_delimiters: '' -> ''
trace: normalize_line_delimiters: '#' -> '#'
warning:     Fuzzy match rejected: Removal line "" differs from target line "            #" (sim_words=0.000, sim_chars=0.000, required=0.350).
trace:   Evaluating candidate 4/20 with lenient reconciliation at location HunkLocation { start_index: 3008, length: 9 }
debug:   Found location HunkLocation { start_index: 3008, length: 9 } with match type Fuzzy { score: 0.8448979591836734 }. Applying changes.
debug:   try_apply_hunk_at_location: target line 3009 (length 9), match_type=Fuzzy { score: 0.8448979591836734 }, total target lines=5168.
trace: Hunk::get_match_block: extracted 7 match line(s)
trace:     Match block lines: 7 | Total hunk lines: 8
trace:     Target slice to replace: ["            # c12d2da56d0e which is covered in Conftest #3.", "            #", "            # Conftest #1: Check if get_user_pages accepts 6 arguments.", "            # Return if true.", "            # Fall through to conftest #2 on failure.", "            #", "            echo \"$CONFTEST_PREAMBLE", "            #include <linux/mm.h>", "            long get_user_pages(unsigned long start,"]
trace:     Ellipsis flags: has_ellipsis=false, is_literal_match=false, is_wildcard_gap_match=false
debug:     Applying hunk via robust reconstruction logic (preserving file context & adjusting indent).
trace:       Fuzzy match location: start=3008, len=9
trace:       File content in matched range (9 line(s)): ["            # c12d2da56d0e which is covered in Conftest #3.", "            #", "            # Conftest #1: Check if get_user_pages accepts 6 arguments.", "            # Return if true.", "            # Fall through to conftest #2 on failure.", "            #", "            echo \"$CONFTEST_PREAMBLE", "            #include <linux/mm.h>", "            long get_user_pages(unsigned long start,"]
trace:       Parsed hunk: 7 match line(s), 0 initial addition(s).
trace: Hunk::get_match_block: extracted 7 match line(s)
trace: normalize_line_delimiters: '            # Conftest #1: Check if get_user_pages accepts 6 arguments.' -> '# Conftest'
trace: normalize_line_delimiters: '            # Return if true.' -> '# Return if true.'
trace: normalize_line_delimiters: '            # Fall through to conftest #2 on failure.' -> '# Fall through to conftest'
trace: normalize_line_delimiters: '' -> ''
trace: normalize_line_delimiters: '            echo "$CONFTEST_PREAMBLE' -> 'echo "$CONFTEST_PREAMBLE'
trace: normalize_line_delimiters: '            #include <linux/mm.h>' -> '#include <linux/mm.h>'
trace: normalize_line_delimiters: '            long get_user_pages(unsigned long start,' -> 'long get_user_pages(unsigned long start'
trace: normalize_line_delimiters: '            # c12d2da56d0e which is covered in Conftest #3.' -> '# c12d2da56d0e which is covered in Conftest'
trace: normalize_line_delimiters: '            #' -> '#'
trace: normalize_line_delimiters: '            # Conftest #1: Check if get_user_pages accepts 6 arguments.' -> '# Conftest'
trace: normalize_line_delimiters: '            # Return if true.' -> '# Return if true.'
trace: normalize_line_delimiters: '            # Fall through to conftest #2 on failure.' -> '# Fall through to conftest'
trace: normalize_line_delimiters: '            #' -> '#'
trace: normalize_line_delimiters: '            echo "$CONFTEST_PREAMBLE' -> 'echo "$CONFTEST_PREAMBLE'
trace: normalize_line_delimiters: '            #include <linux/mm.h>' -> '#include <linux/mm.h>'
trace: normalize_line_delimiters: '            long get_user_pages(unsigned long start,' -> 'long get_user_pages(unsigned long start'
trace:       Computed diff between match block and file slice: 4 operation(s), similarity ratio=0.750
trace:       Initial Indentation Context: Hunk='            ', Target='            '
trace:       Active baseline indentation: hunk='            ', target='            '
trace:       DiffOp::Insert: preserving 2 local insertion line(s) from target file (new_idx=0)
trace:         Preserving inserted line: '            # c12d2da56d0e which is covered in Conftest #3.'
trace:         Preserving inserted line: '            #'
trace:       DiffOp::Equal: 3 line(s) aligned (hunk old_idx=0, file new_idx=2)
trace:         Equal: preserving target line: '            # Conftest #1: Check if get_user_pages accepts 6 arguments.'
trace:         Equal: preserving target line: '            # Return if true.'
trace:         Equal: preserving target line: '            # Fall through to conftest #2 on failure.'
trace:       DiffOp::Replace: hunk lines 3..4 (len=1) vs file lines 5..6 (len=1)
trace:         1-to-1 length replacement. Validating similarity of modified lines...
trace:         1-to-1 replacement line validation [line 3]: is_removal=true, word_sim=0.000, char_sim=0.000
trace: normalize_line_delimiters: '' -> ''
trace: normalize_line_delimiters: '#' -> '#'
warning:     Fuzzy match rejected: Removal line "" differs from target line "            #" (sim_words=0.000, sim_chars=0.000, required=0.350).
trace:   Evaluating candidate 5/20 with lenient reconciliation at location HunkLocation { start_index: 3009, length: 9 }
debug:   Found location HunkLocation { start_index: 3009, length: 9 } with match type Fuzzy { score: 0.8448979591836734 }. Applying changes.
debug:   try_apply_hunk_at_location: target line 3010 (length 9), match_type=Fuzzy { score: 0.8448979591836734 }, total target lines=5168.
trace: Hunk::get_match_block: extracted 7 match line(s)
trace:     Match block lines: 7 | Total hunk lines: 8
trace:     Target slice to replace: ["            #", "            # Conftest #1: Check if get_user_pages accepts 6 arguments.", "            # Return if true.", "            # Fall through to conftest #2 on failure.", "            #", "            echo \"$CONFTEST_PREAMBLE", "            #include <linux/mm.h>", "            long get_user_pages(unsigned long start,", "                                unsigned long nr_pages,"]
trace:     Ellipsis flags: has_ellipsis=false, is_literal_match=false, is_wildcard_gap_match=false
debug:     Applying hunk via robust reconstruction logic (preserving file context & adjusting indent).
trace:       Fuzzy match location: start=3009, len=9
trace:       File content in matched range (9 line(s)): ["            #", "            # Conftest #1: Check if get_user_pages accepts 6 arguments.", "            # Return if true.", "            # Fall through to conftest #2 on failure.", "            #", "            echo \"$CONFTEST_PREAMBLE", "            #include <linux/mm.h>", "            long get_user_pages(unsigned long start,", "                                unsigned long nr_pages,"]
trace:       Parsed hunk: 7 match line(s), 0 initial addition(s).
trace: Hunk::get_match_block: extracted 7 match line(s)
trace: normalize_line_delimiters: '            # Conftest #1: Check if get_user_pages accepts 6 arguments.' -> '# Conftest'
trace: normalize_line_delimiters: '            # Return if true.' -> '# Return if true.'
trace: normalize_line_delimiters: '            # Fall through to conftest #2 on failure.' -> '# Fall through to conftest'
trace: normalize_line_delimiters: '' -> ''
trace: normalize_line_delimiters: '            echo "$CONFTEST_PREAMBLE' -> 'echo "$CONFTEST_PREAMBLE'
trace: normalize_line_delimiters: '            #include <linux/mm.h>' -> '#include <linux/mm.h>'
trace: normalize_line_delimiters: '            long get_user_pages(unsigned long start,' -> 'long get_user_pages(unsigned long start'
trace: normalize_line_delimiters: '            #' -> '#'
trace: normalize_line_delimiters: '            # Conftest #1: Check if get_user_pages accepts 6 arguments.' -> '# Conftest'
trace: normalize_line_delimiters: '            # Return if true.' -> '# Return if true.'
trace: normalize_line_delimiters: '            # Fall through to conftest #2 on failure.' -> '# Fall through to conftest'
trace: normalize_line_delimiters: '            #' -> '#'
trace: normalize_line_delimiters: '            echo "$CONFTEST_PREAMBLE' -> 'echo "$CONFTEST_PREAMBLE'
trace: normalize_line_delimiters: '            #include <linux/mm.h>' -> '#include <linux/mm.h>'
trace: normalize_line_delimiters: '            long get_user_pages(unsigned long start,' -> 'long get_user_pages(unsigned long start'
trace: normalize_line_delimiters: '                                unsigned long nr_pages,' -> 'unsigned long nr_pages'
trace:       Computed diff between match block and file slice: 5 operation(s), similarity ratio=0.750
trace:       Initial Indentation Context: Hunk='            ', Target='            '
trace:       Active baseline indentation: hunk='            ', target='            '
trace:       DiffOp::Insert: preserving 1 local insertion line(s) from target file (new_idx=0)
trace:         Preserving inserted line: '            #'
trace:       DiffOp::Equal: 3 line(s) aligned (hunk old_idx=0, file new_idx=1)
trace:         Equal: preserving target line: '            # Conftest #1: Check if get_user_pages accepts 6 arguments.'
trace:         Equal: preserving target line: '            # Return if true.'
trace:         Equal: preserving target line: '            # Fall through to conftest #2 on failure.'
trace:       DiffOp::Replace: hunk lines 3..4 (len=1) vs file lines 4..5 (len=1)
trace:         1-to-1 length replacement. Validating similarity of modified lines...
trace:         1-to-1 replacement line validation [line 3]: is_removal=true, word_sim=0.000, char_sim=0.000
trace: normalize_line_delimiters: '' -> ''
trace: normalize_line_delimiters: '#' -> '#'
warning:     Fuzzy match rejected: Removal line "" differs from target line "            #" (sim_words=0.000, sim_chars=0.000, required=0.350).
trace:   Evaluating candidate 6/20 with lenient reconciliation at location HunkLocation { start_index: 3010, length: 9 }
debug:   Found location HunkLocation { start_index: 3010, length: 9 } with match type Fuzzy { score: 0.8448979591836734 }. Applying changes.
debug:   try_apply_hunk_at_location: target line 3011 (length 9), match_type=Fuzzy { score: 0.8448979591836734 }, total target lines=5168.
trace: Hunk::get_match_block: extracted 7 match line(s)
trace:     Match block lines: 7 | Total hunk lines: 8
trace:     Target slice to replace: ["            # Conftest #1: Check if get_user_pages accepts 6 arguments.", "            # Return if true.", "            # Fall through to conftest #2 on failure.", "            #", "            echo \"$CONFTEST_PREAMBLE", "            #include <linux/mm.h>", "            long get_user_pages(unsigned long start,", "                                unsigned long nr_pages,", "                                int write,"]
trace:     Ellipsis flags: has_ellipsis=false, is_literal_match=false, is_wildcard_gap_match=false
debug:     Applying hunk via robust reconstruction logic (preserving file context & adjusting indent).
trace:       Fuzzy match location: start=3010, len=9
trace:       File content in matched range (9 line(s)): ["            # Conftest #1: Check if get_user_pages accepts 6 arguments.", "            # Return if true.", "            # Fall through to conftest #2 on failure.", "            #", "            echo \"$CONFTEST_PREAMBLE", "            #include <linux/mm.h>", "            long get_user_pages(unsigned long start,", "                                unsigned long nr_pages,", "                                int write,"]
trace:       Parsed hunk: 7 match line(s), 0 initial addition(s).
trace: Hunk::get_match_block: extracted 7 match line(s)
trace: normalize_line_delimiters: '            # Conftest #1: Check if get_user_pages accepts 6 arguments.' -> '# Conftest'
trace: normalize_line_delimiters: '            # Return if true.' -> '# Return if true.'
trace: normalize_line_delimiters: '            # Fall through to conftest #2 on failure.' -> '# Fall through to conftest'
trace: normalize_line_delimiters: '' -> ''
trace: normalize_line_delimiters: '            echo "$CONFTEST_PREAMBLE' -> 'echo "$CONFTEST_PREAMBLE'
trace: normalize_line_delimiters: '            #include <linux/mm.h>' -> '#include <linux/mm.h>'
trace: normalize_line_delimiters: '            long get_user_pages(unsigned long start,' -> 'long get_user_pages(unsigned long start'
trace: normalize_line_delimiters: '            # Conftest #1: Check if get_user_pages accepts 6 arguments.' -> '# Conftest'
trace: normalize_line_delimiters: '            # Return if true.' -> '# Return if true.'
trace: normalize_line_delimiters: '            # Fall through to conftest #2 on failure.' -> '# Fall through to conftest'
trace: normalize_line_delimiters: '            #' -> '#'
trace: normalize_line_delimiters: '            echo "$CONFTEST_PREAMBLE' -> 'echo "$CONFTEST_PREAMBLE'
trace: normalize_line_delimiters: '            #include <linux/mm.h>' -> '#include <linux/mm.h>'
trace: normalize_line_delimiters: '            long get_user_pages(unsigned long start,' -> 'long get_user_pages(unsigned long start'
trace: normalize_line_delimiters: '                                unsigned long nr_pages,' -> 'unsigned long nr_pages'
trace: normalize_line_delimiters: '                                int write,' -> 'int write'
trace:       Computed diff between match block and file slice: 4 operation(s), similarity ratio=0.750
trace:       Initial Indentation Context: Hunk='            ', Target='            '
trace:       Active baseline indentation: hunk='            ', target='            '
trace:       DiffOp::Equal: 3 line(s) aligned (hunk old_idx=0, file new_idx=0)
trace:         Equal: preserving target line: '            # Conftest #1: Check if get_user_pages accepts 6 arguments.'
trace:         Equal: preserving target line: '            # Return if true.'
trace:         Equal: preserving target line: '            # Fall through to conftest #2 on failure.'
trace:       DiffOp::Replace: hunk lines 3..4 (len=1) vs file lines 3..4 (len=1)
trace:         1-to-1 length replacement. Validating similarity of modified lines...
trace:         1-to-1 replacement line validation [line 3]: is_removal=true, word_sim=0.000, char_sim=0.000
trace: normalize_line_delimiters: '' -> ''
trace: normalize_line_delimiters: '#' -> '#'
warning:     Fuzzy match rejected: Removal line "" differs from target line "            #" (sim_words=0.000, sim_chars=0.000, required=0.350).
trace:   Evaluating candidate 7/20 with lenient reconciliation at location HunkLocation { start_index: 3007, length: 10 }
debug:   Found location HunkLocation { start_index: 3007, length: 10 } with match type Fuzzy { score: 0.8387755310352967 }. Applying changes.
debug:   try_apply_hunk_at_location: target line 3008 (length 10), match_type=Fuzzy { score: 0.8387755310352967 }, total target lines=5168.
trace: Hunk::get_match_block: extracted 7 match line(s)
trace:     Match block lines: 7 | Total hunk lines: 8
trace:     Target slice to replace: ["            # linux-4.4.168 cherry-picked commit 768ae309a961 without", "            # c12d2da56d0e which is covered in Conftest #3.", "            #", "            # Conftest #1: Check if get_user_pages accepts 6 arguments.", "            # Return if true.", "            # Fall through to conftest #2 on failure.", "            #", "            echo \"$CONFTEST_PREAMBLE", "            #include <linux/mm.h>", "            long get_user_pages(unsigned long start,"]
trace:     Ellipsis flags: has_ellipsis=false, is_literal_match=false, is_wildcard_gap_match=false
debug:     Applying hunk via robust reconstruction logic (preserving file context & adjusting indent).
trace:       Fuzzy match location: start=3007, len=10
trace:       File content in matched range (10 line(s)): ["            # linux-4.4.168 cherry-picked commit 768ae309a961 without", "            # c12d2da56d0e which is covered in Conftest #3.", "            #", "            # Conftest #1: Check if get_user_pages accepts 6 arguments.", "            # Return if true.", "            # Fall through to conftest #2 on failure.", "            #", "            echo \"$CONFTEST_PREAMBLE", "            #include <linux/mm.h>", "            long get_user_pages(unsigned long start,"]
trace:       Parsed hunk: 7 match line(s), 0 initial addition(s).
trace: Hunk::get_match_block: extracted 7 match line(s)
trace: normalize_line_delimiters: '            # Conftest #1: Check if get_user_pages accepts 6 arguments.' -> '# Conftest'
trace: normalize_line_delimiters: '            # Return if true.' -> '# Return if true.'
trace: normalize_line_delimiters: '            # Fall through to conftest #2 on failure.' -> '# Fall through to conftest'
trace: normalize_line_delimiters: '' -> ''
trace: normalize_line_delimiters: '            echo "$CONFTEST_PREAMBLE' -> 'echo "$CONFTEST_PREAMBLE'
trace: normalize_line_delimiters: '            #include <linux/mm.h>' -> '#include <linux/mm.h>'
trace: normalize_line_delimiters: '            long get_user_pages(unsigned long start,' -> 'long get_user_pages(unsigned long start'
trace: normalize_line_delimiters: '            # linux-4.4.168 cherry-picked commit 768ae309a961 without' -> '# linux-4.4.168 cherry-picked commit 768ae309a961 without'
trace: normalize_line_delimiters: '            # c12d2da56d0e which is covered in Conftest #3.' -> '# c12d2da56d0e which is covered in Conftest'
trace: normalize_line_delimiters: '            #' -> '#'
trace: normalize_line_delimiters: '            # Conftest #1: Check if get_user_pages accepts 6 arguments.' -> '# Conftest'
trace: normalize_line_delimiters: '            # Return if true.' -> '# Return if true.'
trace: normalize_line_delimiters: '            # Fall through to conftest #2 on failure.' -> '# Fall through to conftest'
trace: normalize_line_delimiters: '            #' -> '#'
trace: normalize_line_delimiters: '            echo "$CONFTEST_PREAMBLE' -> 'echo "$CONFTEST_PREAMBLE'
trace: normalize_line_delimiters: '            #include <linux/mm.h>' -> '#include <linux/mm.h>'
trace: normalize_line_delimiters: '            long get_user_pages(unsigned long start,' -> 'long get_user_pages(unsigned long start'
trace:       Computed diff between match block and file slice: 4 operation(s), similarity ratio=0.706
trace:       Initial Indentation Context: Hunk='            ', Target='            '
trace:       Active baseline indentation: hunk='            ', target='            '
trace:       DiffOp::Insert: preserving 3 local insertion line(s) from target file (new_idx=0)
trace:         Preserving inserted line: '            # linux-4.4.168 cherry-picked commit 768ae309a961 without'
trace:         Preserving inserted line: '            # c12d2da56d0e which is covered in Conftest #3.'
trace:         Preserving inserted line: '            #'
trace:       DiffOp::Equal: 3 line(s) aligned (hunk old_idx=0, file new_idx=3)
trace:         Equal: preserving target line: '            # Conftest #1: Check if get_user_pages accepts 6 arguments.'
trace:         Equal: preserving target line: '            # Return if true.'
trace:         Equal: preserving target line: '            # Fall through to conftest #2 on failure.'
trace:       DiffOp::Replace: hunk lines 3..4 (len=1) vs file lines 6..7 (len=1)
trace:         1-to-1 length replacement. Validating similarity of modified lines...
trace:         1-to-1 replacement line validation [line 3]: is_removal=true, word_sim=0.000, char_sim=0.000
trace: normalize_line_delimiters: '' -> ''
trace: normalize_line_delimiters: '#' -> '#'
warning:     Fuzzy match rejected: Removal line "" differs from target line "            #" (sim_words=0.000, sim_chars=0.000, required=0.350).
trace:   Evaluating candidate 8/20 with lenient reconciliation at location HunkLocation { start_index: 3008, length: 10 }
debug:   Found location HunkLocation { start_index: 3008, length: 10 } with match type Fuzzy { score: 0.8387755310352967 }. Applying changes.
debug:   try_apply_hunk_at_location: target line 3009 (length 10), match_type=Fuzzy { score: 0.8387755310352967 }, total target lines=5168.
trace: Hunk::get_match_block: extracted 7 match line(s)
trace:     Match block lines: 7 | Total hunk lines: 8
trace:     Target slice to replace: ["            # c12d2da56d0e which is covered in Conftest #3.", "            #", "            # Conftest #1: Check if get_user_pages accepts 6 arguments.", "            # Return if true.", "            # Fall through to conftest #2 on failure.", "            #", "            echo \"$CONFTEST_PREAMBLE", "            #include <linux/mm.h>", "            long get_user_pages(unsigned long start,", "                                unsigned long nr_pages,"]
trace:     Ellipsis flags: has_ellipsis=false, is_literal_match=false, is_wildcard_gap_match=false
debug:     Applying hunk via robust reconstruction logic (preserving file context & adjusting indent).
trace:       Fuzzy match location: start=3008, len=10
trace:       File content in matched range (10 line(s)): ["            # c12d2da56d0e which is covered in Conftest #3.", "            #", "            # Conftest #1: Check if get_user_pages accepts 6 arguments.", "            # Return if true.", "            # Fall through to conftest #2 on failure.", "            #", "            echo \"$CONFTEST_PREAMBLE", "            #include <linux/mm.h>", "            long get_user_pages(unsigned long start,", "                                unsigned long nr_pages,"]
trace:       Parsed hunk: 7 match line(s), 0 initial addition(s).
trace: Hunk::get_match_block: extracted 7 match line(s)
trace: normalize_line_delimiters: '            # Conftest #1: Check if get_user_pages accepts 6 arguments.' -> '# Conftest'
trace: normalize_line_delimiters: '            # Return if true.' -> '# Return if true.'
trace: normalize_line_delimiters: '            # Fall through to conftest #2 on failure.' -> '# Fall through to conftest'
trace: normalize_line_delimiters: '' -> ''
trace: normalize_line_delimiters: '            echo "$CONFTEST_PREAMBLE' -> 'echo "$CONFTEST_PREAMBLE'
trace: normalize_line_delimiters: '            #include <linux/mm.h>' -> '#include <linux/mm.h>'
trace: normalize_line_delimiters: '            long get_user_pages(unsigned long start,' -> 'long get_user_pages(unsigned long start'
trace: normalize_line_delimiters: '            # c12d2da56d0e which is covered in Conftest #3.' -> '# c12d2da56d0e which is covered in Conftest'
trace: normalize_line_delimiters: '            #' -> '#'
trace: normalize_line_delimiters: '            # Conftest #1: Check if get_user_pages accepts 6 arguments.' -> '# Conftest'
trace: normalize_line_delimiters: '            # Return if true.' -> '# Return if true.'
trace: normalize_line_delimiters: '            # Fall through to conftest #2 on failure.' -> '# Fall through to conftest'
trace: normalize_line_delimiters: '            #' -> '#'
trace: normalize_line_delimiters: '            echo "$CONFTEST_PREAMBLE' -> 'echo "$CONFTEST_PREAMBLE'
trace: normalize_line_delimiters: '            #include <linux/mm.h>' -> '#include <linux/mm.h>'
trace: normalize_line_delimiters: '            long get_user_pages(unsigned long start,' -> 'long get_user_pages(unsigned long start'
trace: normalize_line_delimiters: '                                unsigned long nr_pages,' -> 'unsigned long nr_pages'
trace:       Computed diff between match block and file slice: 5 operation(s), similarity ratio=0.706
trace:       Initial Indentation Context: Hunk='            ', Target='            '
trace:       Active baseline indentation: hunk='            ', target='            '
trace:       DiffOp::Insert: preserving 2 local insertion line(s) from target file (new_idx=0)
trace:         Preserving inserted line: '            # c12d2da56d0e which is covered in Conftest #3.'
trace:         Preserving inserted line: '            #'
trace:       DiffOp::Equal: 3 line(s) aligned (hunk old_idx=0, file new_idx=2)
trace:         Equal: preserving target line: '            # Conftest #1: Check if get_user_pages accepts 6 arguments.'
trace:         Equal: preserving target line: '            # Return if true.'
trace:         Equal: preserving target line: '            # Fall through to conftest #2 on failure.'
trace:       DiffOp::Replace: hunk lines 3..4 (len=1) vs file lines 5..6 (len=1)
trace:         1-to-1 length replacement. Validating similarity of modified lines...
trace:         1-to-1 replacement line validation [line 3]: is_removal=true, word_sim=0.000, char_sim=0.000
trace: normalize_line_delimiters: '' -> ''
trace: normalize_line_delimiters: '#' -> '#'
warning:     Fuzzy match rejected: Removal line "" differs from target line "            #" (sim_words=0.000, sim_chars=0.000, required=0.350).
trace:   Evaluating candidate 9/20 with lenient reconciliation at location HunkLocation { start_index: 3009, length: 10 }
debug:   Found location HunkLocation { start_index: 3009, length: 10 } with match type Fuzzy { score: 0.8387755310352967 }. Applying changes.
debug:   try_apply_hunk_at_location: target line 3010 (length 10), match_type=Fuzzy { score: 0.8387755310352967 }, total target lines=5168.
trace: Hunk::get_match_block: extracted 7 match line(s)
trace:     Match block lines: 7 | Total hunk lines: 8
trace:     Target slice to replace: ["            #", "            # Conftest #1: Check if get_user_pages accepts 6 arguments.", "            # Return if true.", "            # Fall through to conftest #2 on failure.", "            #", "            echo \"$CONFTEST_PREAMBLE", "            #include <linux/mm.h>", "            long get_user_pages(unsigned long start,", "                                unsigned long nr_pages,", "                                int write,"]
trace:     Ellipsis flags: has_ellipsis=false, is_literal_match=false, is_wildcard_gap_match=false
debug:     Applying hunk via robust reconstruction logic (preserving file context & adjusting indent).
trace:       Fuzzy match location: start=3009, len=10
trace:       File content in matched range (10 line(s)): ["            #", "            # Conftest #1: Check if get_user_pages accepts 6 arguments.", "            # Return if true.", "            # Fall through to conftest #2 on failure.", "            #", "            echo \"$CONFTEST_PREAMBLE", "            #include <linux/mm.h>", "            long get_user_pages(unsigned long start,", "                                unsigned long nr_pages,", "                                int write,"]
trace:       Parsed hunk: 7 match line(s), 0 initial addition(s).
trace: Hunk::get_match_block: extracted 7 match line(s)
trace: normalize_line_delimiters: '            # Conftest #1: Check if get_user_pages accepts 6 arguments.' -> '# Conftest'
trace: normalize_line_delimiters: '            # Return if true.' -> '# Return if true.'
trace: normalize_line_delimiters: '            # Fall through to conftest #2 on failure.' -> '# Fall through to conftest'
trace: normalize_line_delimiters: '' -> ''
trace: normalize_line_delimiters: '            echo "$CONFTEST_PREAMBLE' -> 'echo "$CONFTEST_PREAMBLE'
trace: normalize_line_delimiters: '            #include <linux/mm.h>' -> '#include <linux/mm.h>'
trace: normalize_line_delimiters: '            long get_user_pages(unsigned long start,' -> 'long get_user_pages(unsigned long start'
trace: normalize_line_delimiters: '            #' -> '#'
trace: normalize_line_delimiters: '            # Conftest #1: Check if get_user_pages accepts 6 arguments.' -> '# Conftest'
trace: normalize_line_delimiters: '            # Return if true.' -> '# Return if true.'
trace: normalize_line_delimiters: '            # Fall through to conftest #2 on failure.' -> '# Fall through to conftest'
trace: normalize_line_delimiters: '            #' -> '#'
trace: normalize_line_delimiters: '            echo "$CONFTEST_PREAMBLE' -> 'echo "$CONFTEST_PREAMBLE'
trace: normalize_line_delimiters: '            #include <linux/mm.h>' -> '#include <linux/mm.h>'
trace: normalize_line_delimiters: '            long get_user_pages(unsigned long start,' -> 'long get_user_pages(unsigned long start'
trace: normalize_line_delimiters: '                                unsigned long nr_pages,' -> 'unsigned long nr_pages'
trace: normalize_line_delimiters: '                                int write,' -> 'int write'
trace:       Computed diff between match block and file slice: 5 operation(s), similarity ratio=0.706
trace:       Initial Indentation Context: Hunk='            ', Target='            '
trace:       Active baseline indentation: hunk='            ', target='            '
trace:       DiffOp::Insert: preserving 1 local insertion line(s) from target file (new_idx=0)
trace:         Preserving inserted line: '            #'
trace:       DiffOp::Equal: 3 line(s) aligned (hunk old_idx=0, file new_idx=1)
trace:         Equal: preserving target line: '            # Conftest #1: Check if get_user_pages accepts 6 arguments.'
trace:         Equal: preserving target line: '            # Return if true.'
trace:         Equal: preserving target line: '            # Fall through to conftest #2 on failure.'
trace:       DiffOp::Replace: hunk lines 3..4 (len=1) vs file lines 4..5 (len=1)
trace:         1-to-1 length replacement. Validating similarity of modified lines...
trace:         1-to-1 replacement line validation [line 3]: is_removal=true, word_sim=0.000, char_sim=0.000
trace: normalize_line_delimiters: '' -> ''
trace: normalize_line_delimiters: '#' -> '#'
warning:     Fuzzy match rejected: Removal line "" differs from target line "            #" (sim_words=0.000, sim_chars=0.000, required=0.350).
trace:   Evaluating candidate 10/20 with lenient reconciliation at location HunkLocation { start_index: 3010, length: 10 }
debug:   Found location HunkLocation { start_index: 3010, length: 10 } with match type Fuzzy { score: 0.8387755310352967 }. Applying changes.
debug:   try_apply_hunk_at_location: target line 3011 (length 10), match_type=Fuzzy { score: 0.8387755310352967 }, total target lines=5168.
trace: Hunk::get_match_block: extracted 7 match line(s)
trace:     Match block lines: 7 | Total hunk lines: 8
trace:     Target slice to replace: ["            # Conftest #1: Check if get_user_pages accepts 6 arguments.", "            # Return if true.", "            # Fall through to conftest #2 on failure.", "            #", "            echo \"$CONFTEST_PREAMBLE", "            #include <linux/mm.h>", "            long get_user_pages(unsigned long start,", "                                unsigned long nr_pages,", "                                int write,", "                                int force,"]
trace:     Ellipsis flags: has_ellipsis=false, is_literal_match=false, is_wildcard_gap_match=false
debug:     Applying hunk via robust reconstruction logic (preserving file context & adjusting indent).
trace:       Fuzzy match location: start=3010, len=10
trace:       File content in matched range (10 line(s)): ["            # Conftest #1: Check if get_user_pages accepts 6 arguments.", "            # Return if true.", "            # Fall through to conftest #2 on failure.", "            #", "            echo \"$CONFTEST_PREAMBLE", "            #include <linux/mm.h>", "            long get_user_pages(unsigned long start,", "                                unsigned long nr_pages,", "                                int write,", "                                int force,"]
trace:       Parsed hunk: 7 match line(s), 0 initial addition(s).
trace: Hunk::get_match_block: extracted 7 match line(s)
trace: normalize_line_delimiters: '            # Conftest #1: Check if get_user_pages accepts 6 arguments.' -> '# Conftest'
trace: normalize_line_delimiters: '            # Return if true.' -> '# Return if true.'
trace: normalize_line_delimiters: '            # Fall through to conftest #2 on failure.' -> '# Fall through to conftest'
trace: normalize_line_delimiters: '' -> ''
trace: normalize_line_delimiters: '            echo "$CONFTEST_PREAMBLE' -> 'echo "$CONFTEST_PREAMBLE'
trace: normalize_line_delimiters: '            #include <linux/mm.h>' -> '#include <linux/mm.h>'
trace: normalize_line_delimiters: '            long get_user_pages(unsigned long start,' -> 'long get_user_pages(unsigned long start'
trace: normalize_line_delimiters: '            # Conftest #1: Check if get_user_pages accepts 6 arguments.' -> '# Conftest'
trace: normalize_line_delimiters: '            # Return if true.' -> '# Return if true.'
trace: normalize_line_delimiters: '            # Fall through to conftest #2 on failure.' -> '# Fall through to conftest'
trace: normalize_line_delimiters: '            #' -> '#'
trace: normalize_line_delimiters: '            echo "$CONFTEST_PREAMBLE' -> 'echo "$CONFTEST_PREAMBLE'
trace: normalize_line_delimiters: '            #include <linux/mm.h>' -> '#include <linux/mm.h>'
trace: normalize_line_delimiters: '            long get_user_pages(unsigned long start,' -> 'long get_user_pages(unsigned long start'
trace: normalize_line_delimiters: '                                unsigned long nr_pages,' -> 'unsigned long nr_pages'
trace: normalize_line_delimiters: '                                int write,' -> 'int write'
trace: normalize_line_delimiters: '                                int force,' -> 'int force'
trace:       Computed diff between match block and file slice: 4 operation(s), similarity ratio=0.706
trace:       Initial Indentation Context: Hunk='            ', Target='            '
trace:       Active baseline indentation: hunk='            ', target='            '
trace:       DiffOp::Equal: 3 line(s) aligned (hunk old_idx=0, file new_idx=0)
trace:         Equal: preserving target line: '            # Conftest #1: Check if get_user_pages accepts 6 arguments.'
trace:         Equal: preserving target line: '            # Return if true.'
trace:         Equal: preserving target line: '            # Fall through to conftest #2 on failure.'
trace:       DiffOp::Replace: hunk lines 3..4 (len=1) vs file lines 3..4 (len=1)
trace:         1-to-1 length replacement. Validating similarity of modified lines...
trace:         1-to-1 replacement line validation [line 3]: is_removal=true, word_sim=0.000, char_sim=0.000
trace: normalize_line_delimiters: '' -> ''
trace: normalize_line_delimiters: '#' -> '#'
warning:     Fuzzy match rejected: Removal line "" differs from target line "            #" (sim_words=0.000, sim_chars=0.000, required=0.350).
trace:   Evaluating candidate 11/20 with lenient reconciliation at location HunkLocation { start_index: 3006, length: 11 }
debug:   Found location HunkLocation { start_index: 3006, length: 11 } with match type Fuzzy { score: 0.8326530860394848 }. Applying changes.
debug:   try_apply_hunk_at_location: target line 3007 (length 11), match_type=Fuzzy { score: 0.8326530860394848 }, total target lines=5168.
trace: Hunk::get_match_block: extracted 7 match line(s)
trace:     Match block lines: 7 | Total hunk lines: 8
trace:     Target slice to replace: ["            #", "            # linux-4.4.168 cherry-picked commit 768ae309a961 without", "            # c12d2da56d0e which is covered in Conftest #3.", "            #", "            # Conftest #1: Check if get_user_pages accepts 6 arguments.", "            # Return if true.", "            # Fall through to conftest #2 on failure.", "            #", "            echo \"$CONFTEST_PREAMBLE", "            #include <linux/mm.h>", "            long get_user_pages(unsigned long start,"]
trace:     Ellipsis flags: has_ellipsis=false, is_literal_match=false, is_wildcard_gap_match=false
debug:     Applying hunk via robust reconstruction logic (preserving file context & adjusting indent).
trace:       Fuzzy match location: start=3006, len=11
trace:       File content in matched range (11 line(s)): ["            #", "            # linux-4.4.168 cherry-picked commit 768ae309a961 without", "            # c12d2da56d0e which is covered in Conftest #3.", "            #", "            # Conftest #1: Check if get_user_pages accepts 6 arguments.", "            # Return if true.", "            # Fall through to conftest #2 on failure.", "            #", "            echo \"$CONFTEST_PREAMBLE", "            #include <linux/mm.h>", "            long get_user_pages(unsigned long start,"]
trace:       Parsed hunk: 7 match line(s), 0 initial addition(s).
trace: Hunk::get_match_block: extracted 7 match line(s)
trace: normalize_line_delimiters: '            # Conftest #1: Check if get_user_pages accepts 6 arguments.' -> '# Conftest'
trace: normalize_line_delimiters: '            # Return if true.' -> '# Return if true.'
trace: normalize_line_delimiters: '            # Fall through to conftest #2 on failure.' -> '# Fall through to conftest'
trace: normalize_line_delimiters: '' -> ''
trace: normalize_line_delimiters: '            echo "$CONFTEST_PREAMBLE' -> 'echo "$CONFTEST_PREAMBLE'
trace: normalize_line_delimiters: '            #include <linux/mm.h>' -> '#include <linux/mm.h>'
trace: normalize_line_delimiters: '            long get_user_pages(unsigned long start,' -> 'long get_user_pages(unsigned long start'
trace: normalize_line_delimiters: '            #' -> '#'
trace: normalize_line_delimiters: '            # linux-4.4.168 cherry-picked commit 768ae309a961 without' -> '# linux-4.4.168 cherry-picked commit 768ae309a961 without'
trace: normalize_line_delimiters: '            # c12d2da56d0e which is covered in Conftest #3.' -> '# c12d2da56d0e which is covered in Conftest'
trace: normalize_line_delimiters: '            #' -> '#'
trace: normalize_line_delimiters: '            # Conftest #1: Check if get_user_pages accepts 6 arguments.' -> '# Conftest'
trace: normalize_line_delimiters: '            # Return if true.' -> '# Return if true.'
trace: normalize_line_delimiters: '            # Fall through to conftest #2 on failure.' -> '# Fall through to conftest'
trace: normalize_line_delimiters: '            #' -> '#'
trace: normalize_line_delimiters: '            echo "$CONFTEST_PREAMBLE' -> 'echo "$CONFTEST_PREAMBLE'
trace: normalize_line_delimiters: '            #include <linux/mm.h>' -> '#include <linux/mm.h>'
trace: normalize_line_delimiters: '            long get_user_pages(unsigned long start,' -> 'long get_user_pages(unsigned long start'
trace:       Computed diff between match block and file slice: 4 operation(s), similarity ratio=0.667
trace:       Initial Indentation Context: Hunk='            ', Target='            '
trace:       Active baseline indentation: hunk='            ', target='            '
trace:       DiffOp::Insert: preserving 4 local insertion line(s) from target file (new_idx=0)
trace:         Preserving inserted line: '            #'
trace:         Preserving inserted line: '            # linux-4.4.168 cherry-picked commit 768ae309a961 without'
trace:         Preserving inserted line: '            # c12d2da56d0e which is covered in Conftest #3.'
trace:         Preserving inserted line: '            #'
trace:       DiffOp::Equal: 3 line(s) aligned (hunk old_idx=0, file new_idx=4)
trace:         Equal: preserving target line: '            # Conftest #1: Check if get_user_pages accepts 6 arguments.'
trace:         Equal: preserving target line: '            # Return if true.'
trace:         Equal: preserving target line: '            # Fall through to conftest #2 on failure.'
trace:       DiffOp::Replace: hunk lines 3..4 (len=1) vs file lines 7..8 (len=1)
trace:         1-to-1 length replacement. Validating similarity of modified lines...
trace:         1-to-1 replacement line validation [line 3]: is_removal=true, word_sim=0.000, char_sim=0.000
trace: normalize_line_delimiters: '' -> ''
trace: normalize_line_delimiters: '#' -> '#'
warning:     Fuzzy match rejected: Removal line "" differs from target line "            #" (sim_words=0.000, sim_chars=0.000, required=0.350).
trace:   Evaluating candidate 12/20 with lenient reconciliation at location HunkLocation { start_index: 3007, length: 11 }
debug:   Found location HunkLocation { start_index: 3007, length: 11 } with match type Fuzzy { score: 0.8326530860394848 }. Applying changes.
debug:   try_apply_hunk_at_location: target line 3008 (length 11), match_type=Fuzzy { score: 0.8326530860394848 }, total target lines=5168.
trace: Hunk::get_match_block: extracted 7 match line(s)
trace:     Match block lines: 7 | Total hunk lines: 8
trace:     Target slice to replace: ["            # linux-4.4.168 cherry-picked commit 768ae309a961 without", "            # c12d2da56d0e which is covered in Conftest #3.", "            #", "            # Conftest #1: Check if get_user_pages accepts 6 arguments.", "            # Return if true.", "            # Fall through to conftest #2 on failure.", "            #", "            echo \"$CONFTEST_PREAMBLE", "            #include <linux/mm.h>", "            long get_user_pages(unsigned long start,", "                                unsigned long nr_pages,"]
trace:     Ellipsis flags: has_ellipsis=false, is_literal_match=false, is_wildcard_gap_match=false
debug:     Applying hunk via robust reconstruction logic (preserving file context & adjusting indent).
trace:       Fuzzy match location: start=3007, len=11
trace:       File content in matched range (11 line(s)): ["            # linux-4.4.168 cherry-picked commit 768ae309a961 without", "            # c12d2da56d0e which is covered in Conftest #3.", "            #", "            # Conftest #1: Check if get_user_pages accepts 6 arguments.", "            # Return if true.", "            # Fall through to conftest #2 on failure.", "            #", "            echo \"$CONFTEST_PREAMBLE", "            #include <linux/mm.h>", "            long get_user_pages(unsigned long start,", "                                unsigned long nr_pages,"]
trace:       Parsed hunk: 7 match line(s), 0 initial addition(s).
trace: Hunk::get_match_block: extracted 7 match line(s)
trace: normalize_line_delimiters: '            # Conftest #1: Check if get_user_pages accepts 6 arguments.' -> '# Conftest'
trace: normalize_line_delimiters: '            # Return if true.' -> '# Return if true.'
trace: normalize_line_delimiters: '            # Fall through to conftest #2 on failure.' -> '# Fall through to conftest'
trace: normalize_line_delimiters: '' -> ''
trace: normalize_line_delimiters: '            echo "$CONFTEST_PREAMBLE' -> 'echo "$CONFTEST_PREAMBLE'
trace: normalize_line_delimiters: '            #include <linux/mm.h>' -> '#include <linux/mm.h>'
trace: normalize_line_delimiters: '            long get_user_pages(unsigned long start,' -> 'long get_user_pages(unsigned long start'
trace: normalize_line_delimiters: '            # linux-4.4.168 cherry-picked commit 768ae309a961 without' -> '# linux-4.4.168 cherry-picked commit 768ae309a961 without'
trace: normalize_line_delimiters: '            # c12d2da56d0e which is covered in Conftest #3.' -> '# c12d2da56d0e which is covered in Conftest'
trace: normalize_line_delimiters: '            #' -> '#'
trace: normalize_line_delimiters: '            # Conftest #1: Check if get_user_pages accepts 6 arguments.' -> '# Conftest'
trace: normalize_line_delimiters: '            # Return if true.' -> '# Return if true.'
trace: normalize_line_delimiters: '            # Fall through to conftest #2 on failure.' -> '# Fall through to conftest'
trace: normalize_line_delimiters: '            #' -> '#'
trace: normalize_line_delimiters: '            echo "$CONFTEST_PREAMBLE' -> 'echo "$CONFTEST_PREAMBLE'
trace: normalize_line_delimiters: '            #include <linux/mm.h>' -> '#include <linux/mm.h>'
trace: normalize_line_delimiters: '            long get_user_pages(unsigned long start,' -> 'long get_user_pages(unsigned long start'
trace: normalize_line_delimiters: '                                unsigned long nr_pages,' -> 'unsigned long nr_pages'
trace:       Computed diff between match block and file slice: 5 operation(s), similarity ratio=0.667
trace:       Initial Indentation Context: Hunk='            ', Target='            '
trace:       Active baseline indentation: hunk='            ', target='            '
trace:       DiffOp::Insert: preserving 3 local insertion line(s) from target file (new_idx=0)
trace:         Preserving inserted line: '            # linux-4.4.168 cherry-picked commit 768ae309a961 without'
trace:         Preserving inserted line: '            # c12d2da56d0e which is covered in Conftest #3.'
trace:         Preserving inserted line: '            #'
trace:       DiffOp::Equal: 3 line(s) aligned (hunk old_idx=0, file new_idx=3)
trace:         Equal: preserving target line: '            # Conftest #1: Check if get_user_pages accepts 6 arguments.'
trace:         Equal: preserving target line: '            # Return if true.'
trace:         Equal: preserving target line: '            # Fall through to conftest #2 on failure.'
trace:       DiffOp::Replace: hunk lines 3..4 (len=1) vs file lines 6..7 (len=1)
trace:         1-to-1 length replacement. Validating similarity of modified lines...
trace:         1-to-1 replacement line validation [line 3]: is_removal=true, word_sim=0.000, char_sim=0.000
trace: normalize_line_delimiters: '' -> ''
trace: normalize_line_delimiters: '#' -> '#'
warning:     Fuzzy match rejected: Removal line "" differs from target line "            #" (sim_words=0.000, sim_chars=0.000, required=0.350).
trace:   Evaluating candidate 13/20 with lenient reconciliation at location HunkLocation { start_index: 3008, length: 11 }
debug:   Found location HunkLocation { start_index: 3008, length: 11 } with match type Fuzzy { score: 0.8326530860394848 }. Applying changes.
debug:   try_apply_hunk_at_location: target line 3009 (length 11), match_type=Fuzzy { score: 0.8326530860394848 }, total target lines=5168.
trace: Hunk::get_match_block: extracted 7 match line(s)
trace:     Match block lines: 7 | Total hunk lines: 8
trace:     Target slice to replace: ["            # c12d2da56d0e which is covered in Conftest #3.", "            #", "            # Conftest #1: Check if get_user_pages accepts 6 arguments.", "            # Return if true.", "            # Fall through to conftest #2 on failure.", "            #", "            echo \"$CONFTEST_PREAMBLE", "            #include <linux/mm.h>", "            long get_user_pages(unsigned long start,", "                                unsigned long nr_pages,", "                                int write,"]
trace:     Ellipsis flags: has_ellipsis=false, is_literal_match=false, is_wildcard_gap_match=false
debug:     Applying hunk via robust reconstruction logic (preserving file context & adjusting indent).
trace:       Fuzzy match location: start=3008, len=11
trace:       File content in matched range (11 line(s)): ["            # c12d2da56d0e which is covered in Conftest #3.", "            #", "            # Conftest #1: Check if get_user_pages accepts 6 arguments.", "            # Return if true.", "            # Fall through to conftest #2 on failure.", "            #", "            echo \"$CONFTEST_PREAMBLE", "            #include <linux/mm.h>", "            long get_user_pages(unsigned long start,", "                                unsigned long nr_pages,", "                                int write,"]
trace:       Parsed hunk: 7 match line(s), 0 initial addition(s).
trace: Hunk::get_match_block: extracted 7 match line(s)
trace: normalize_line_delimiters: '            # Conftest #1: Check if get_user_pages accepts 6 arguments.' -> '# Conftest'
trace: normalize_line_delimiters: '            # Return if true.' -> '# Return if true.'
trace: normalize_line_delimiters: '            # Fall through to conftest #2 on failure.' -> '# Fall through to conftest'
trace: normalize_line_delimiters: '' -> ''
trace: normalize_line_delimiters: '            echo "$CONFTEST_PREAMBLE' -> 'echo "$CONFTEST_PREAMBLE'
trace: normalize_line_delimiters: '            #include <linux/mm.h>' -> '#include <linux/mm.h>'
trace: normalize_line_delimiters: '            long get_user_pages(unsigned long start,' -> 'long get_user_pages(unsigned long start'
trace: normalize_line_delimiters: '            # c12d2da56d0e which is covered in Conftest #3.' -> '# c12d2da56d0e which is covered in Conftest'
trace: normalize_line_delimiters: '            #' -> '#'
trace: normalize_line_delimiters: '            # Conftest #1: Check if get_user_pages accepts 6 arguments.' -> '# Conftest'
trace: normalize_line_delimiters: '            # Return if true.' -> '# Return if true.'
trace: normalize_line_delimiters: '            # Fall through to conftest #2 on failure.' -> '# Fall through to conftest'
trace: normalize_line_delimiters: '            #' -> '#'
trace: normalize_line_delimiters: '            echo "$CONFTEST_PREAMBLE' -> 'echo "$CONFTEST_PREAMBLE'
trace: normalize_line_delimiters: '            #include <linux/mm.h>' -> '#include <linux/mm.h>'
trace: normalize_line_delimiters: '            long get_user_pages(unsigned long start,' -> 'long get_user_pages(unsigned long start'
trace: normalize_line_delimiters: '                                unsigned long nr_pages,' -> 'unsigned long nr_pages'
trace: normalize_line_delimiters: '                                int write,' -> 'int write'
trace:       Computed diff between match block and file slice: 5 operation(s), similarity ratio=0.667
trace:       Initial Indentation Context: Hunk='            ', Target='            '
trace:       Active baseline indentation: hunk='            ', target='            '
trace:       DiffOp::Insert: preserving 2 local insertion line(s) from target file (new_idx=0)
trace:         Preserving inserted line: '            # c12d2da56d0e which is covered in Conftest #3.'
trace:         Preserving inserted line: '            #'
trace:       DiffOp::Equal: 3 line(s) aligned (hunk old_idx=0, file new_idx=2)
trace:         Equal: preserving target line: '            # Conftest #1: Check if get_user_pages accepts 6 arguments.'
trace:         Equal: preserving target line: '            # Return if true.'
trace:         Equal: preserving target line: '            # Fall through to conftest #2 on failure.'
trace:       DiffOp::Replace: hunk lines 3..4 (len=1) vs file lines 5..6 (len=1)
trace:         1-to-1 length replacement. Validating similarity of modified lines...
trace:         1-to-1 replacement line validation [line 3]: is_removal=true, word_sim=0.000, char_sim=0.000
trace: normalize_line_delimiters: '' -> ''
trace: normalize_line_delimiters: '#' -> '#'
warning:     Fuzzy match rejected: Removal line "" differs from target line "            #" (sim_words=0.000, sim_chars=0.000, required=0.350).
trace:   Evaluating candidate 14/20 with lenient reconciliation at location HunkLocation { start_index: 3009, length: 11 }
debug:   Found location HunkLocation { start_index: 3009, length: 11 } with match type Fuzzy { score: 0.8326530860394848 }. Applying changes.
debug:   try_apply_hunk_at_location: target line 3010 (length 11), match_type=Fuzzy { score: 0.8326530860394848 }, total target lines=5168.
trace: Hunk::get_match_block: extracted 7 match line(s)
trace:     Match block lines: 7 | Total hunk lines: 8
trace:     Target slice to replace: ["            #", "            # Conftest #1: Check if get_user_pages accepts 6 arguments.", "            # Return if true.", "            # Fall through to conftest #2 on failure.", "            #", "            echo \"$CONFTEST_PREAMBLE", "            #include <linux/mm.h>", "            long get_user_pages(unsigned long start,", "                                unsigned long nr_pages,", "                                int write,", "                                int force,"]
trace:     Ellipsis flags: has_ellipsis=false, is_literal_match=false, is_wildcard_gap_match=false
debug:     Applying hunk via robust reconstruction logic (preserving file context & adjusting indent).
trace:       Fuzzy match location: start=3009, len=11
trace:       File content in matched range (11 line(s)): ["            #", "            # Conftest #1: Check if get_user_pages accepts 6 arguments.", "            # Return if true.", "            # Fall through to conftest #2 on failure.", "            #", "            echo \"$CONFTEST_PREAMBLE", "            #include <linux/mm.h>", "            long get_user_pages(unsigned long start,", "                                unsigned long nr_pages,", "                                int write,", "                                int force,"]
trace:       Parsed hunk: 7 match line(s), 0 initial addition(s).
trace: Hunk::get_match_block: extracted 7 match line(s)
trace: normalize_line_delimiters: '            # Conftest #1: Check if get_user_pages accepts 6 arguments.' -> '# Conftest'
trace: normalize_line_delimiters: '            # Return if true.' -> '# Return if true.'
trace: normalize_line_delimiters: '            # Fall through to conftest #2 on failure.' -> '# Fall through to conftest'
trace: normalize_line_delimiters: '' -> ''
trace: normalize_line_delimiters: '            echo "$CONFTEST_PREAMBLE' -> 'echo "$CONFTEST_PREAMBLE'
trace: normalize_line_delimiters: '            #include <linux/mm.h>' -> '#include <linux/mm.h>'
trace: normalize_line_delimiters: '            long get_user_pages(unsigned long start,' -> 'long get_user_pages(unsigned long start'
trace: normalize_line_delimiters: '            #' -> '#'
trace: normalize_line_delimiters: '            # Conftest #1: Check if get_user_pages accepts 6 arguments.' -> '# Conftest'
trace: normalize_line_delimiters: '            # Return if true.' -> '# Return if true.'
trace: normalize_line_delimiters: '            # Fall through to conftest #2 on failure.' -> '# Fall through to conftest'
trace: normalize_line_delimiters: '            #' -> '#'
trace: normalize_line_delimiters: '            echo "$CONFTEST_PREAMBLE' -> 'echo "$CONFTEST_PREAMBLE'
trace: normalize_line_delimiters: '            #include <linux/mm.h>' -> '#include <linux/mm.h>'
trace: normalize_line_delimiters: '            long get_user_pages(unsigned long start,' -> 'long get_user_pages(unsigned long start'
trace: normalize_line_delimiters: '                                unsigned long nr_pages,' -> 'unsigned long nr_pages'
trace: normalize_line_delimiters: '                                int write,' -> 'int write'
trace: normalize_line_delimiters: '                                int force,' -> 'int force'
trace:       Computed diff between match block and file slice: 5 operation(s), similarity ratio=0.667
trace:       Initial Indentation Context: Hunk='            ', Target='            '
trace:       Active baseline indentation: hunk='            ', target='            '
trace:       DiffOp::Insert: preserving 1 local insertion line(s) from target file (new_idx=0)
trace:         Preserving inserted line: '            #'
trace:       DiffOp::Equal: 3 line(s) aligned (hunk old_idx=0, file new_idx=1)
trace:         Equal: preserving target line: '            # Conftest #1: Check if get_user_pages accepts 6 arguments.'
trace:         Equal: preserving target line: '            # Return if true.'
trace:         Equal: preserving target line: '            # Fall through to conftest #2 on failure.'
trace:       DiffOp::Replace: hunk lines 3..4 (len=1) vs file lines 4..5 (len=1)
trace:         1-to-1 length replacement. Validating similarity of modified lines...
trace:         1-to-1 replacement line validation [line 3]: is_removal=true, word_sim=0.000, char_sim=0.000
trace: normalize_line_delimiters: '' -> ''
trace: normalize_line_delimiters: '#' -> '#'
warning:     Fuzzy match rejected: Removal line "" differs from target line "            #" (sim_words=0.000, sim_chars=0.000, required=0.350).
trace:   Evaluating candidate 15/20 with lenient reconciliation at location HunkLocation { start_index: 3010, length: 11 }
debug:   Found location HunkLocation { start_index: 3010, length: 11 } with match type Fuzzy { score: 0.8326530860394848 }. Applying changes.
debug:   try_apply_hunk_at_location: target line 3011 (length 11), match_type=Fuzzy { score: 0.8326530860394848 }, total target lines=5168.
trace: Hunk::get_match_block: extracted 7 match line(s)
trace:     Match block lines: 7 | Total hunk lines: 8
trace:     Target slice to replace: ["            # Conftest #1: Check if get_user_pages accepts 6 arguments.", "            # Return if true.", "            # Fall through to conftest #2 on failure.", "            #", "            echo \"$CONFTEST_PREAMBLE", "            #include <linux/mm.h>", "            long get_user_pages(unsigned long start,", "                                unsigned long nr_pages,", "                                int write,", "                                int force,", "                                struct page **pages,"]
trace:     Ellipsis flags: has_ellipsis=false, is_literal_match=false, is_wildcard_gap_match=false
debug:     Applying hunk via robust reconstruction logic (preserving file context & adjusting indent).
trace:       Fuzzy match location: start=3010, len=11
trace:       File content in matched range (11 line(s)): ["            # Conftest #1: Check if get_user_pages accepts 6 arguments.", "            # Return if true.", "            # Fall through to conftest #2 on failure.", "            #", "            echo \"$CONFTEST_PREAMBLE", "            #include <linux/mm.h>", "            long get_user_pages(unsigned long start,", "                                unsigned long nr_pages,", "                                int write,", "                                int force,", "                                struct page **pages,"]
trace:       Parsed hunk: 7 match line(s), 0 initial addition(s).
trace: Hunk::get_match_block: extracted 7 match line(s)
trace: normalize_line_delimiters: '            # Conftest #1: Check if get_user_pages accepts 6 arguments.' -> '# Conftest'
trace: normalize_line_delimiters: '            # Return if true.' -> '# Return if true.'
trace: normalize_line_delimiters: '            # Fall through to conftest #2 on failure.' -> '# Fall through to conftest'
trace: normalize_line_delimiters: '' -> ''
trace: normalize_line_delimiters: '            echo "$CONFTEST_PREAMBLE' -> 'echo "$CONFTEST_PREAMBLE'
trace: normalize_line_delimiters: '            #include <linux/mm.h>' -> '#include <linux/mm.h>'
trace: normalize_line_delimiters: '            long get_user_pages(unsigned long start,' -> 'long get_user_pages(unsigned long start'
trace: normalize_line_delimiters: '            # Conftest #1: Check if get_user_pages accepts 6 arguments.' -> '# Conftest'
trace: normalize_line_delimiters: '            # Return if true.' -> '# Return if true.'
trace: normalize_line_delimiters: '            # Fall through to conftest #2 on failure.' -> '# Fall through to conftest'
trace: normalize_line_delimiters: '            #' -> '#'
trace: normalize_line_delimiters: '            echo "$CONFTEST_PREAMBLE' -> 'echo "$CONFTEST_PREAMBLE'
trace: normalize_line_delimiters: '            #include <linux/mm.h>' -> '#include <linux/mm.h>'
trace: normalize_line_delimiters: '            long get_user_pages(unsigned long start,' -> 'long get_user_pages(unsigned long start'
trace: normalize_line_delimiters: '                                unsigned long nr_pages,' -> 'unsigned long nr_pages'
trace: normalize_line_delimiters: '                                int write,' -> 'int write'
trace: normalize_line_delimiters: '                                int force,' -> 'int force'
trace: normalize_line_delimiters: '                                struct page **pages,' -> 'struct page **pages'
trace:       Computed diff between match block and file slice: 4 operation(s), similarity ratio=0.667
trace:       Initial Indentation Context: Hunk='            ', Target='            '
trace:       Active baseline indentation: hunk='            ', target='            '
trace:       DiffOp::Equal: 3 line(s) aligned (hunk old_idx=0, file new_idx=0)
trace:         Equal: preserving target line: '            # Conftest #1: Check if get_user_pages accepts 6 arguments.'
trace:         Equal: preserving target line: '            # Return if true.'
trace:         Equal: preserving target line: '            # Fall through to conftest #2 on failure.'
trace:       DiffOp::Replace: hunk lines 3..4 (len=1) vs file lines 3..4 (len=1)
trace:         1-to-1 length replacement. Validating similarity of modified lines...
trace:         1-to-1 replacement line validation [line 3]: is_removal=true, word_sim=0.000, char_sim=0.000
trace: normalize_line_delimiters: '' -> ''
trace: normalize_line_delimiters: '#' -> '#'
warning:     Fuzzy match rejected: Removal line "" differs from target line "            #" (sim_words=0.000, sim_chars=0.000, required=0.350).
trace:   Evaluating candidate 16/20 with lenient reconciliation at location HunkLocation { start_index: 3005, length: 12 }
debug:   Found location HunkLocation { start_index: 3005, length: 12 } with match type Fuzzy { score: 0.8265305794015223 }. Applying changes.
debug:   try_apply_hunk_at_location: target line 3006 (length 12), match_type=Fuzzy { score: 0.8265305794015223 }, total target lines=5168.
trace: Hunk::get_match_block: extracted 7 match line(s)
trace:     Match block lines: 7 | Total hunk lines: 8
trace:     Target slice to replace: ["            # parameters with gup_flags\") in v4.9 (2016-10-13)", "            #", "            # linux-4.4.168 cherry-picked commit 768ae309a961 without", "            # c12d2da56d0e which is covered in Conftest #3.", "            #", "            # Conftest #1: Check if get_user_pages accepts 6 arguments.", "            # Return if true.", "            # Fall through to conftest #2 on failure.", "            #", "            echo \"$CONFTEST_PREAMBLE", "            #include <linux/mm.h>", "            long get_user_pages(unsigned long start,"]
trace:     Ellipsis flags: has_ellipsis=false, is_literal_match=false, is_wildcard_gap_match=false
debug:     Applying hunk via robust reconstruction logic (preserving file context & adjusting indent).
trace:       Fuzzy match location: start=3005, len=12
trace:       File content in matched range (12 line(s)): ["            # parameters with gup_flags\") in v4.9 (2016-10-13)", "            #", "            # linux-4.4.168 cherry-picked commit 768ae309a961 without", "            # c12d2da56d0e which is covered in Conftest #3.", "            #", "            # Conftest #1: Check if get_user_pages accepts 6 arguments.", "            # Return if true.", "            # Fall through to conftest #2 on failure.", "            #", "            echo \"$CONFTEST_PREAMBLE", "            #include <linux/mm.h>", "            long get_user_pages(unsigned long start,"]
trace:       Parsed hunk: 7 match line(s), 0 initial addition(s).
trace: Hunk::get_match_block: extracted 7 match line(s)
trace: normalize_line_delimiters: '            # Conftest #1: Check if get_user_pages accepts 6 arguments.' -> '# Conftest'
trace: normalize_line_delimiters: '            # Return if true.' -> '# Return if true.'
trace: normalize_line_delimiters: '            # Fall through to conftest #2 on failure.' -> '# Fall through to conftest'
trace: normalize_line_delimiters: '' -> ''
trace: normalize_line_delimiters: '            echo "$CONFTEST_PREAMBLE' -> 'echo "$CONFTEST_PREAMBLE'
trace: normalize_line_delimiters: '            #include <linux/mm.h>' -> '#include <linux/mm.h>'
trace: normalize_line_delimiters: '            long get_user_pages(unsigned long start,' -> 'long get_user_pages(unsigned long start'
trace: normalize_line_delimiters: '            # parameters with gup_flags") in v4.9 (2016-10-13)' -> '# parameters with gup_flags") in v4.9 (2016-10-13)'
trace: normalize_line_delimiters: '            #' -> '#'
trace: normalize_line_delimiters: '            # linux-4.4.168 cherry-picked commit 768ae309a961 without' -> '# linux-4.4.168 cherry-picked commit 768ae309a961 without'
trace: normalize_line_delimiters: '            # c12d2da56d0e which is covered in Conftest #3.' -> '# c12d2da56d0e which is covered in Conftest'
trace: normalize_line_delimiters: '            #' -> '#'
trace: normalize_line_delimiters: '            # Conftest #1: Check if get_user_pages accepts 6 arguments.' -> '# Conftest'
trace: normalize_line_delimiters: '            # Return if true.' -> '# Return if true.'
trace: normalize_line_delimiters: '            # Fall through to conftest #2 on failure.' -> '# Fall through to conftest'
trace: normalize_line_delimiters: '            #' -> '#'
trace: normalize_line_delimiters: '            echo "$CONFTEST_PREAMBLE' -> 'echo "$CONFTEST_PREAMBLE'
trace: normalize_line_delimiters: '            #include <linux/mm.h>' -> '#include <linux/mm.h>'
trace: normalize_line_delimiters: '            long get_user_pages(unsigned long start,' -> 'long get_user_pages(unsigned long start'
trace:       Computed diff between match block and file slice: 4 operation(s), similarity ratio=0.632
trace:       Initial Indentation Context: Hunk='            ', Target='            '
trace:       Active baseline indentation: hunk='            ', target='            '
trace:       DiffOp::Insert: preserving 5 local insertion line(s) from target file (new_idx=0)
trace:         Preserving inserted line: '            # parameters with gup_flags\") in v4.9 (2016-10-13)'
trace:         Preserving inserted line: '            #'
trace:         Preserving inserted line: '            # linux-4.4.168 cherry-picked commit 768ae309a961 without'
trace:         Preserving inserted line: '            # c12d2da56d0e which is covered in Conftest #3.'
trace:         Preserving inserted line: '            #'
trace:       DiffOp::Equal: 3 line(s) aligned (hunk old_idx=0, file new_idx=5)
trace:         Equal: preserving target line: '            # Conftest #1: Check if get_user_pages accepts 6 arguments.'
trace:         Equal: preserving target line: '            # Return if true.'
trace:         Equal: preserving target line: '            # Fall through to conftest #2 on failure.'
trace:       DiffOp::Replace: hunk lines 3..4 (len=1) vs file lines 8..9 (len=1)
trace:         1-to-1 length replacement. Validating similarity of modified lines...
trace:         1-to-1 replacement line validation [line 3]: is_removal=true, word_sim=0.000, char_sim=0.000
trace: normalize_line_delimiters: '' -> ''
trace: normalize_line_delimiters: '#' -> '#'
warning:     Fuzzy match rejected: Removal line "" differs from target line "            #" (sim_words=0.000, sim_chars=0.000, required=0.350).
trace:   Evaluating candidate 17/20 with lenient reconciliation at location HunkLocation { start_index: 3006, length: 12 }
debug:   Found location HunkLocation { start_index: 3006, length: 12 } with match type Fuzzy { score: 0.8265305794015223 }. Applying changes.
debug:   try_apply_hunk_at_location: target line 3007 (length 12), match_type=Fuzzy { score: 0.8265305794015223 }, total target lines=5168.
trace: Hunk::get_match_block: extracted 7 match line(s)
trace:     Match block lines: 7 | Total hunk lines: 8
trace:     Target slice to replace: ["            #", "            # linux-4.4.168 cherry-picked commit 768ae309a961 without", "            # c12d2da56d0e which is covered in Conftest #3.", "            #", "            # Conftest #1: Check if get_user_pages accepts 6 arguments.", "            # Return if true.", "            # Fall through to conftest #2 on failure.", "            #", "            echo \"$CONFTEST_PREAMBLE", "            #include <linux/mm.h>", "            long get_user_pages(unsigned long start,", "                                unsigned long nr_pages,"]
trace:     Ellipsis flags: has_ellipsis=false, is_literal_match=false, is_wildcard_gap_match=false
debug:     Applying hunk via robust reconstruction logic (preserving file context & adjusting indent).
trace:       Fuzzy match location: start=3006, len=12
trace:       File content in matched range (12 line(s)): ["            #", "            # linux-4.4.168 cherry-picked commit 768ae309a961 without", "            # c12d2da56d0e which is covered in Conftest #3.", "            #", "            # Conftest #1: Check if get_user_pages accepts 6 arguments.", "            # Return if true.", "            # Fall through to conftest #2 on failure.", "            #", "            echo \"$CONFTEST_PREAMBLE", "            #include <linux/mm.h>", "            long get_user_pages(unsigned long start,", "                                unsigned long nr_pages,"]
trace:       Parsed hunk: 7 match line(s), 0 initial addition(s).
trace: Hunk::get_match_block: extracted 7 match line(s)
trace: normalize_line_delimiters: '            # Conftest #1: Check if get_user_pages accepts 6 arguments.' -> '# Conftest'
trace: normalize_line_delimiters: '            # Return if true.' -> '# Return if true.'
trace: normalize_line_delimiters: '            # Fall through to conftest #2 on failure.' -> '# Fall through to conftest'
trace: normalize_line_delimiters: '' -> ''
trace: normalize_line_delimiters: '            echo "$CONFTEST_PREAMBLE' -> 'echo "$CONFTEST_PREAMBLE'
trace: normalize_line_delimiters: '            #include <linux/mm.h>' -> '#include <linux/mm.h>'
trace: normalize_line_delimiters: '            long get_user_pages(unsigned long start,' -> 'long get_user_pages(unsigned long start'
trace: normalize_line_delimiters: '            #' -> '#'
trace: normalize_line_delimiters: '            # linux-4.4.168 cherry-picked commit 768ae309a961 without' -> '# linux-4.4.168 cherry-picked commit 768ae309a961 without'
trace: normalize_line_delimiters: '            # c12d2da56d0e which is covered in Conftest #3.' -> '# c12d2da56d0e which is covered in Conftest'
trace: normalize_line_delimiters: '            #' -> '#'
trace: normalize_line_delimiters: '            # Conftest #1: Check if get_user_pages accepts 6 arguments.' -> '# Conftest'
trace: normalize_line_delimiters: '            # Return if true.' -> '# Return if true.'
trace: normalize_line_delimiters: '            # Fall through to conftest #2 on failure.' -> '# Fall through to conftest'
trace: normalize_line_delimiters: '            #' -> '#'
trace: normalize_line_delimiters: '            echo "$CONFTEST_PREAMBLE' -> 'echo "$CONFTEST_PREAMBLE'
trace: normalize_line_delimiters: '            #include <linux/mm.h>' -> '#include <linux/mm.h>'
trace: normalize_line_delimiters: '            long get_user_pages(unsigned long start,' -> 'long get_user_pages(unsigned long start'
trace: normalize_line_delimiters: '                                unsigned long nr_pages,' -> 'unsigned long nr_pages'
trace:       Computed diff between match block and file slice: 5 operation(s), similarity ratio=0.632
trace:       Initial Indentation Context: Hunk='            ', Target='            '
trace:       Active baseline indentation: hunk='            ', target='            '
trace:       DiffOp::Insert: preserving 4 local insertion line(s) from target file (new_idx=0)
trace:         Preserving inserted line: '            #'
trace:         Preserving inserted line: '            # linux-4.4.168 cherry-picked commit 768ae309a961 without'
trace:         Preserving inserted line: '            # c12d2da56d0e which is covered in Conftest #3.'
trace:         Preserving inserted line: '            #'
trace:       DiffOp::Equal: 3 line(s) aligned (hunk old_idx=0, file new_idx=4)
trace:         Equal: preserving target line: '            # Conftest #1: Check if get_user_pages accepts 6 arguments.'
trace:         Equal: preserving target line: '            # Return if true.'
trace:         Equal: preserving target line: '            # Fall through to conftest #2 on failure.'
trace:       DiffOp::Replace: hunk lines 3..4 (len=1) vs file lines 7..8 (len=1)
trace:         1-to-1 length replacement. Validating similarity of modified lines...
trace:         1-to-1 replacement line validation [line 3]: is_removal=true, word_sim=0.000, char_sim=0.000
trace: normalize_line_delimiters: '' -> ''
trace: normalize_line_delimiters: '#' -> '#'
warning:     Fuzzy match rejected: Removal line "" differs from target line "            #" (sim_words=0.000, sim_chars=0.000, required=0.350).
trace:   Evaluating candidate 18/20 with lenient reconciliation at location HunkLocation { start_index: 3007, length: 12 }
debug:   Found location HunkLocation { start_index: 3007, length: 12 } with match type Fuzzy { score: 0.8265305794015223 }. Applying changes.
debug:   try_apply_hunk_at_location: target line 3008 (length 12), match_type=Fuzzy { score: 0.8265305794015223 }, total target lines=5168.
trace: Hunk::get_match_block: extracted 7 match line(s)
trace:     Match block lines: 7 | Total hunk lines: 8
trace:     Target slice to replace: ["            # linux-4.4.168 cherry-picked commit 768ae309a961 without", "            # c12d2da56d0e which is covered in Conftest #3.", "            #", "            # Conftest #1: Check if get_user_pages accepts 6 arguments.", "            # Return if true.", "            # Fall through to conftest #2 on failure.", "            #", "            echo \"$CONFTEST_PREAMBLE", "            #include <linux/mm.h>", "            long get_user_pages(unsigned long start,", "                                unsigned long nr_pages,", "                                int write,"]
trace:     Ellipsis flags: has_ellipsis=false, is_literal_match=false, is_wildcard_gap_match=false
debug:     Applying hunk via robust reconstruction logic (preserving file context & adjusting indent).
trace:       Fuzzy match location: start=3007, len=12
trace:       File content in matched range (12 line(s)): ["            # linux-4.4.168 cherry-picked commit 768ae309a961 without", "            # c12d2da56d0e which is covered in Conftest #3.", "            #", "            # Conftest #1: Check if get_user_pages accepts 6 arguments.", "            # Return if true.", "            # Fall through to conftest #2 on failure.", "            #", "            echo \"$CONFTEST_PREAMBLE", "            #include <linux/mm.h>", "            long get_user_pages(unsigned long start,", "                                unsigned long nr_pages,", "                                int write,"]
trace:       Parsed hunk: 7 match line(s), 0 initial addition(s).
trace: Hunk::get_match_block: extracted 7 match line(s)
trace: normalize_line_delimiters: '            # Conftest #1: Check if get_user_pages accepts 6 arguments.' -> '# Conftest'
trace: normalize_line_delimiters: '            # Return if true.' -> '# Return if true.'
trace: normalize_line_delimiters: '            # Fall through to conftest #2 on failure.' -> '# Fall through to conftest'
trace: normalize_line_delimiters: '' -> ''
trace: normalize_line_delimiters: '            echo "$CONFTEST_PREAMBLE' -> 'echo "$CONFTEST_PREAMBLE'
trace: normalize_line_delimiters: '            #include <linux/mm.h>' -> '#include <linux/mm.h>'
trace: normalize_line_delimiters: '            long get_user_pages(unsigned long start,' -> 'long get_user_pages(unsigned long start'
trace: normalize_line_delimiters: '            # linux-4.4.168 cherry-picked commit 768ae309a961 without' -> '# linux-4.4.168 cherry-picked commit 768ae309a961 without'
trace: normalize_line_delimiters: '            # c12d2da56d0e which is covered in Conftest #3.' -> '# c12d2da56d0e which is covered in Conftest'
trace: normalize_line_delimiters: '            #' -> '#'
trace: normalize_line_delimiters: '            # Conftest #1: Check if get_user_pages accepts 6 arguments.' -> '# Conftest'
trace: normalize_line_delimiters: '            # Return if true.' -> '# Return if true.'
trace: normalize_line_delimiters: '            # Fall through to conftest #2 on failure.' -> '# Fall through to conftest'
trace: normalize_line_delimiters: '            #' -> '#'
trace: normalize_line_delimiters: '            echo "$CONFTEST_PREAMBLE' -> 'echo "$CONFTEST_PREAMBLE'
trace: normalize_line_delimiters: '            #include <linux/mm.h>' -> '#include <linux/mm.h>'
trace: normalize_line_delimiters: '            long get_user_pages(unsigned long start,' -> 'long get_user_pages(unsigned long start'
trace: normalize_line_delimiters: '                                unsigned long nr_pages,' -> 'unsigned long nr_pages'
trace: normalize_line_delimiters: '                                int write,' -> 'int write'
trace:       Computed diff between match block and file slice: 5 operation(s), similarity ratio=0.632
trace:       Initial Indentation Context: Hunk='            ', Target='            '
trace:       Active baseline indentation: hunk='            ', target='            '
trace:       DiffOp::Insert: preserving 3 local insertion line(s) from target file (new_idx=0)
trace:         Preserving inserted line: '            # linux-4.4.168 cherry-picked commit 768ae309a961 without'
trace:         Preserving inserted line: '            # c12d2da56d0e which is covered in Conftest #3.'
trace:         Preserving inserted line: '            #'
trace:       DiffOp::Equal: 3 line(s) aligned (hunk old_idx=0, file new_idx=3)
trace:         Equal: preserving target line: '            # Conftest #1: Check if get_user_pages accepts 6 arguments.'
trace:         Equal: preserving target line: '            # Return if true.'
trace:         Equal: preserving target line: '            # Fall through to conftest #2 on failure.'
trace:       DiffOp::Replace: hunk lines 3..4 (len=1) vs file lines 6..7 (len=1)
trace:         1-to-1 length replacement. Validating similarity of modified lines...
trace:         1-to-1 replacement line validation [line 3]: is_removal=true, word_sim=0.000, char_sim=0.000
trace: normalize_line_delimiters: '' -> ''
trace: normalize_line_delimiters: '#' -> '#'
warning:     Fuzzy match rejected: Removal line "" differs from target line "            #" (sim_words=0.000, sim_chars=0.000, required=0.350).
trace:   Evaluating candidate 19/20 with lenient reconciliation at location HunkLocation { start_index: 3008, length: 12 }
debug:   Found location HunkLocation { start_index: 3008, length: 12 } with match type Fuzzy { score: 0.8265305794015223 }. Applying changes.
debug:   try_apply_hunk_at_location: target line 3009 (length 12), match_type=Fuzzy { score: 0.8265305794015223 }, total target lines=5168.
trace: Hunk::get_match_block: extracted 7 match line(s)
trace:     Match block lines: 7 | Total hunk lines: 8
trace:     Target slice to replace: ["            # c12d2da56d0e which is covered in Conftest #3.", "            #", "            # Conftest #1: Check if get_user_pages accepts 6 arguments.", "            # Return if true.", "            # Fall through to conftest #2 on failure.", "            #", "            echo \"$CONFTEST_PREAMBLE", "            #include <linux/mm.h>", "            long get_user_pages(unsigned long start,", "                                unsigned long nr_pages,", "                                int write,", "                                int force,"]
trace:     Ellipsis flags: has_ellipsis=false, is_literal_match=false, is_wildcard_gap_match=false
debug:     Applying hunk via robust reconstruction logic (preserving file context & adjusting indent).
trace:       Fuzzy match location: start=3008, len=12
trace:       File content in matched range (12 line(s)): ["            # c12d2da56d0e which is covered in Conftest #3.", "            #", "            # Conftest #1: Check if get_user_pages accepts 6 arguments.", "            # Return if true.", "            # Fall through to conftest #2 on failure.", "            #", "            echo \"$CONFTEST_PREAMBLE", "            #include <linux/mm.h>", "            long get_user_pages(unsigned long start,", "                                unsigned long nr_pages,", "                                int write,", "                                int force,"]
trace:       Parsed hunk: 7 match line(s), 0 initial addition(s).
trace: Hunk::get_match_block: extracted 7 match line(s)
trace: normalize_line_delimiters: '            # Conftest #1: Check if get_user_pages accepts 6 arguments.' -> '# Conftest'
trace: normalize_line_delimiters: '            # Return if true.' -> '# Return if true.'
trace: normalize_line_delimiters: '            # Fall through to conftest #2 on failure.' -> '# Fall through to conftest'
trace: normalize_line_delimiters: '' -> ''
trace: normalize_line_delimiters: '            echo "$CONFTEST_PREAMBLE' -> 'echo "$CONFTEST_PREAMBLE'
trace: normalize_line_delimiters: '            #include <linux/mm.h>' -> '#include <linux/mm.h>'
trace: normalize_line_delimiters: '            long get_user_pages(unsigned long start,' -> 'long get_user_pages(unsigned long start'
trace: normalize_line_delimiters: '            # c12d2da56d0e which is covered in Conftest #3.' -> '# c12d2da56d0e which is covered in Conftest'
trace: normalize_line_delimiters: '            #' -> '#'
trace: normalize_line_delimiters: '            # Conftest #1: Check if get_user_pages accepts 6 arguments.' -> '# Conftest'
trace: normalize_line_delimiters: '            # Return if true.' -> '# Return if true.'
trace: normalize_line_delimiters: '            # Fall through to conftest #2 on failure.' -> '# Fall through to conftest'
trace: normalize_line_delimiters: '            #' -> '#'
trace: normalize_line_delimiters: '            echo "$CONFTEST_PREAMBLE' -> 'echo "$CONFTEST_PREAMBLE'
trace: normalize_line_delimiters: '            #include <linux/mm.h>' -> '#include <linux/mm.h>'
trace: normalize_line_delimiters: '            long get_user_pages(unsigned long start,' -> 'long get_user_pages(unsigned long start'
trace: normalize_line_delimiters: '                                unsigned long nr_pages,' -> 'unsigned long nr_pages'
trace: normalize_line_delimiters: '                                int write,' -> 'int write'
trace: normalize_line_delimiters: '                                int force,' -> 'int force'
trace:       Computed diff between match block and file slice: 5 operation(s), similarity ratio=0.632
trace:       Initial Indentation Context: Hunk='            ', Target='            '
trace:       Active baseline indentation: hunk='            ', target='            '
trace:       DiffOp::Insert: preserving 2 local insertion line(s) from target file (new_idx=0)
trace:         Preserving inserted line: '            # c12d2da56d0e which is covered in Conftest #3.'
trace:         Preserving inserted line: '            #'
trace:       DiffOp::Equal: 3 line(s) aligned (hunk old_idx=0, file new_idx=2)
trace:         Equal: preserving target line: '            # Conftest #1: Check if get_user_pages accepts 6 arguments.'
trace:         Equal: preserving target line: '            # Return if true.'
trace:         Equal: preserving target line: '            # Fall through to conftest #2 on failure.'
trace:       DiffOp::Replace: hunk lines 3..4 (len=1) vs file lines 5..6 (len=1)
trace:         1-to-1 length replacement. Validating similarity of modified lines...
trace:         1-to-1 replacement line validation [line 3]: is_removal=true, word_sim=0.000, char_sim=0.000
trace: normalize_line_delimiters: '' -> ''
trace: normalize_line_delimiters: '#' -> '#'
warning:     Fuzzy match rejected: Removal line "" differs from target line "            #" (sim_words=0.000, sim_chars=0.000, required=0.350).
trace:   Evaluating candidate 20/20 with lenient reconciliation at location HunkLocation { start_index: 3009, length: 12 }
debug:   Found location HunkLocation { start_index: 3009, length: 12 } with match type Fuzzy { score: 0.8265305794015223 }. Applying changes.
debug:   try_apply_hunk_at_location: target line 3010 (length 12), match_type=Fuzzy { score: 0.8265305794015223 }, total target lines=5168.
trace: Hunk::get_match_block: extracted 7 match line(s)
trace:     Match block lines: 7 | Total hunk lines: 8
trace:     Target slice to replace: ["            #", "            # Conftest #1: Check if get_user_pages accepts 6 arguments.", "            # Return if true.", "            # Fall through to conftest #2 on failure.", "            #", "            echo \"$CONFTEST_PREAMBLE", "            #include <linux/mm.h>", "            long get_user_pages(unsigned long start,", "                                unsigned long nr_pages,", "                                int write,", "                                int force,", "                                struct page **pages,"]
trace:     Ellipsis flags: has_ellipsis=false, is_literal_match=false, is_wildcard_gap_match=false
debug:     Applying hunk via robust reconstruction logic (preserving file context & adjusting indent).
trace:       Fuzzy match location: start=3009, len=12
trace:       File content in matched range (12 line(s)): ["            #", "            # Conftest #1: Check if get_user_pages accepts 6 arguments.", "            # Return if true.", "            # Fall through to conftest #2 on failure.", "            #", "            echo \"$CONFTEST_PREAMBLE", "            #include <linux/mm.h>", "            long get_user_pages(unsigned long start,", "                                unsigned long nr_pages,", "                                int write,", "                                int force,", "                                struct page **pages,"]
trace:       Parsed hunk: 7 match line(s), 0 initial addition(s).
trace: Hunk::get_match_block: extracted 7 match line(s)
trace: normalize_line_delimiters: '            # Conftest #1: Check if get_user_pages accepts 6 arguments.' -> '# Conftest'
trace: normalize_line_delimiters: '            # Return if true.' -> '# Return if true.'
trace: normalize_line_delimiters: '            # Fall through to conftest #2 on failure.' -> '# Fall through to conftest'
trace: normalize_line_delimiters: '' -> ''
trace: normalize_line_delimiters: '            echo "$CONFTEST_PREAMBLE' -> 'echo "$CONFTEST_PREAMBLE'
trace: normalize_line_delimiters: '            #include <linux/mm.h>' -> '#include <linux/mm.h>'
trace: normalize_line_delimiters: '            long get_user_pages(unsigned long start,' -> 'long get_user_pages(unsigned long start'
trace: normalize_line_delimiters: '            #' -> '#'
trace: normalize_line_delimiters: '            # Conftest #1: Check if get_user_pages accepts 6 arguments.' -> '# Conftest'
trace: normalize_line_delimiters: '            # Return if true.' -> '# Return if true.'
trace: normalize_line_delimiters: '            # Fall through to conftest #2 on failure.' -> '# Fall through to conftest'
trace: normalize_line_delimiters: '            #' -> '#'
trace: normalize_line_delimiters: '            echo "$CONFTEST_PREAMBLE' -> 'echo "$CONFTEST_PREAMBLE'
trace: normalize_line_delimiters: '            #include <linux/mm.h>' -> '#include <linux/mm.h>'
trace: normalize_line_delimiters: '            long get_user_pages(unsigned long start,' -> 'long get_user_pages(unsigned long start'
trace: normalize_line_delimiters: '                                unsigned long nr_pages,' -> 'unsigned long nr_pages'
trace: normalize_line_delimiters: '                                int write,' -> 'int write'
trace: normalize_line_delimiters: '                                int force,' -> 'int force'
trace: normalize_line_delimiters: '                                struct page **pages,' -> 'struct page **pages'
trace:       Computed diff between match block and file slice: 5 operation(s), similarity ratio=0.632
trace:       Initial Indentation Context: Hunk='            ', Target='            '
trace:       Active baseline indentation: hunk='            ', target='            '
trace:       DiffOp::Insert: preserving 1 local insertion line(s) from target file (new_idx=0)
trace:         Preserving inserted line: '            #'
trace:       DiffOp::Equal: 3 line(s) aligned (hunk old_idx=0, file new_idx=1)
trace:         Equal: preserving target line: '            # Conftest #1: Check if get_user_pages accepts 6 arguments.'
trace:         Equal: preserving target line: '            # Return if true.'
trace:         Equal: preserving target line: '            # Fall through to conftest #2 on failure.'
trace:       DiffOp::Replace: hunk lines 3..4 (len=1) vs file lines 4..5 (len=1)
trace:         1-to-1 length replacement. Validating similarity of modified lines...
trace:         1-to-1 replacement line validation [line 3]: is_removal=true, word_sim=0.000, char_sim=0.000
trace: normalize_line_delimiters: '' -> ''
trace: normalize_line_delimiters: '#' -> '#'
warning:     Fuzzy match rejected: Removal line "" differs from target line "            #" (sim_words=0.000, sim_chars=0.000, required=0.350).
warning:   All 20 candidate location(s) exhausted. Hunk application failed with: Context not found
debug:   HunkApplier: hunk 2 application outcome: Failed(ContextNotFound)
  Applying Hunk 2/6...
warning:   Failed to apply Hunk 2. Context not found
debug: apply_hunk_to_lines: applying hunk with 16 line(s) against target with 5168 line(s)
trace: Hunk::get_match_block: extracted 14 match line(s)
trace:   Match block: ["            }\" > conftest$$.c", "", "            $CC $CFLAGS -c conftest$$.c > /dev/null 2>&1", "            rm -f conftest$$.c    ", "            if [ -f conftest$$.o ]; then", "                echo \"#define NV_GET_USER_PAGES_HAS_WRITE_AND_FORCE_ARGS\" | append_conftest \"functions\"", "                echo \"#undef NV_GET_USER_PAGES_HAS_TASK_STRUCT\" | append_conftest \"functions\"", "                rm -f conftest$$.o", "                return", "            fi", "            ", "            # Conftest #2: Check if get_user_pages has gup_flags instead of", "            # write and force parameters. And that gup doesn't accept a", "            # task_struct and mm_struct as its first arguments."]
trace: Hunk::get_replace_block: extracted 14 replacement line(s)
trace:   Replace block: ["            }\" > conftest$$.c", "", "            $CC $CFLAGS -c conftest$$.c > /dev/null 2>&1", "            rm -f conftest$$.c", "            if [ -f conftest$$.o ]; then", "                echo \"#define NV_GET_USER_PAGES_HAS_WRITE_AND_FORCE_ARGS\" | append_conftest \"functions\"", "                echo \"#undef NV_GET_USER_PAGES_HAS_TASK_STRUCT\" | append_conftest \"functions\"", "                rm -f conftest$$.o", "                return", "            fi", "", "            # Conftest #2: Check if get_user_pages has gup_flags instead of", "            # write and force parameters. And that gup doesn't accept a", "            # task_struct and mm_struct as its first arguments."]
trace: Hunk::has_changes: true
trace: Hunk::get_match_block: extracted 14 match line(s)
trace: Hunk::required_match_span: calculated required match span as 8 line(s) (first_match_idx=Some(3), last_match_idx=Some(10))
trace: DefaultHunkFinder::find_candidate_locations: match block len=14, required_match_span=8, target lines=5168
trace:   find_hunk_location_internal: match_block has 14 lines (entropy=true), target has 5168 lines
trace:   find_hunk_location_internal called for a hunk with 14 lines to match against 5168 target lines.
trace:     Attempting exact match for hunk (match block has 14 line(s))...
trace: tie_break_with_line_number: strategy='exact', hint=Some(3021), entropy=true
trace:       No exact matches found.
trace:     Strategy 1 (Exact): no exact match found.
trace:     Attempting exact match (ignoring trailing whitespace) for hunk (match block has 14 line(s))...
trace: tie_break_with_line_number: strategy='exact (ignoring whitespace)', hint=Some(3021), entropy=true
trace:       Found 1 exact (ignoring whitespace) match candidate at index: 3023
trace:     tie_break: Only one match found for 'exact (ignoring whitespace)' match at index 3023. No tie-break needed.
debug:     Found unique whitespace-insensitive match at index 3023.
trace:   Pruned candidates by min_span 8: 1 -> 1 candidate(s)
trace: DefaultHunkFinder::find_candidate_locations: returning 1 candidate(s)
debug:   Found 1 candidate location(s) for hunk. Testing sequentially...
trace:   Evaluating candidate 1/1 at location HunkLocation { start_index: 3023, length: 14 } (match_type: ExactIgnoringWhitespace)
debug:   Found location HunkLocation { start_index: 3023, length: 14 } with match type ExactIgnoringWhitespace. Applying changes.
debug:   try_apply_hunk_at_location: target line 3024 (length 14), match_type=ExactIgnoringWhitespace, total target lines=5168.
trace: Hunk::get_match_block: extracted 14 match line(s)
trace:     Match block lines: 14 | Total hunk lines: 16
trace:     Target slice to replace: ["            }\" > conftest$$.c", "", "            $CC $CFLAGS -c conftest$$.c > /dev/null 2>&1", "            rm -f conftest$$.c", "            if [ -f conftest$$.o ]; then", "                echo \"#define NV_GET_USER_PAGES_HAS_WRITE_AND_FORCE_ARGS\" | append_conftest \"functions\"", "                echo \"#undef NV_GET_USER_PAGES_HAS_TASK_STRUCT\" | append_conftest \"functions\"", "                rm -f conftest$$.o", "                return", "            fi", "", "            # Conftest #2: Check if get_user_pages has gup_flags instead of", "            # write and force parameters. And that gup doesn't accept a", "            # task_struct and mm_struct as its first arguments."]
trace:     Ellipsis flags: has_ellipsis=false, is_literal_match=false, is_wildcard_gap_match=false
debug:     Applying hunk via robust reconstruction logic (preserving file context & adjusting indent).
trace:       Fuzzy match location: start=3023, len=14
trace:       File content in matched range (14 line(s)): ["            }\" > conftest$$.c", "", "            $CC $CFLAGS -c conftest$$.c > /dev/null 2>&1", "            rm -f conftest$$.c", "            if [ -f conftest$$.o ]; then", "                echo \"#define NV_GET_USER_PAGES_HAS_WRITE_AND_FORCE_ARGS\" | append_conftest \"functions\"", "                echo \"#undef NV_GET_USER_PAGES_HAS_TASK_STRUCT\" | append_conftest \"functions\"", "                rm -f conftest$$.o", "                return", "            fi", "", "            # Conftest #2: Check if get_user_pages has gup_flags instead of", "            # write and force parameters. And that gup doesn't accept a", "            # task_struct and mm_struct as its first arguments."]
trace:       Parsed hunk: 14 match line(s), 0 initial addition(s).
trace: Hunk::get_match_block: extracted 14 match line(s)
trace:       Computed diff between match block and file slice: 1 operation(s), similarity ratio=1.000
trace:       Initial Indentation Context: Hunk='            ', Target='            '
trace:       Active baseline indentation: hunk='            ', target='            '
trace:       DiffOp::Equal: 14 line(s) aligned (hunk old_idx=0, file new_idx=0)
trace:         Equal: preserving target line: '            }\" > conftest$$.c'
trace:         Equal: preserving target line: ''
trace:         Equal: preserving target line: '            $CC $CFLAGS -c conftest$$.c > /dev/null 2>&1'
trace:         Equal: removing target line: '            rm -f conftest$$.c    '
trace:         Appended 1 addition(s) after line 3
trace:         Equal: applying addition: '            rm -f conftest$$.c'
trace:         Equal: preserving target line: '            if [ -f conftest$$.o ]; then'
trace:       Dynamic Indentation Update (Equal): Hunk='                ', Target='                '
trace:         Equal: preserving target line: '                echo \"#define NV_GET_USER_PAGES_HAS_WRITE_AND_FORCE_ARGS\" | append_conftest \"functions\"'
trace:         Equal: preserving target line: '                echo \"#undef NV_GET_USER_PAGES_HAS_TASK_STRUCT\" | append_conftest \"functions\"'
trace:         Equal: preserving target line: '                rm -f conftest$$.o'
trace:         Equal: preserving target line: '                return'
trace:       Dynamic Indentation Update (Equal): Hunk='            ', Target='            '
trace:         Equal: preserving target line: '            fi'
trace:         Equal: removing target line: '            '
trace:         Appended 1 addition(s) after line 10
trace:         Equal: applying addition: ''
trace:         Equal: preserving target line: '            # Conftest #2: Check if get_user_pages has gup_flags instead of'
trace:         Equal: preserving target line: '            # write and force parameters. And that gup doesn\'t accept a'
trace:         Equal: preserving target line: '            # task_struct and mm_struct as its first arguments.'
debug:     Robust reconstruction complete: produced 14 replacement line(s) for 14 target line(s).
trace:   Splicing final replacement block into target lines: range [3023..3037], replacement line count=14
  try_apply_hunk_at_location: successfully spliced hunk at line 3024 (replaced 14 line(s), resulting target lines=5168)
trace:     Replaced lines: ["            }\" > conftest$$.c", "", "            $CC $CFLAGS -c conftest$$.c > /dev/null 2>&1", "            rm -f conftest$$.c", "            if [ -f conftest$$.o ]; then", "                echo \"#define NV_GET_USER_PAGES_HAS_WRITE_AND_FORCE_ARGS\" | append_conftest \"functions\"", "                echo \"#undef NV_GET_USER_PAGES_HAS_TASK_STRUCT\" | append_conftest \"functions\"", "                rm -f conftest$$.o", "                return", "            fi", "", "            # Conftest #2: Check if get_user_pages has gup_flags instead of", "            # write and force parameters. And that gup doesn't accept a", "            # task_struct and mm_struct as its first arguments."]
debug:   Candidate 1/1 at HunkLocation { start_index: 3023, length: 14 } succeeded! Hunk applied cleanly.
debug:   HunkApplier: hunk 3 application outcome: Applied { location: HunkLocation { start_index: 3023, length: 14 }, match_type: ExactIgnoringWhitespace, replaced_lines: ["            }\" > conftest$$.c", "", "            $CC $CFLAGS -c conftest$$.c > /dev/null 2>&1", "            rm -f conftest$$.c", "            if [ -f conftest$$.o ]; then", "                echo \"#define NV_GET_USER_PAGES_HAS_WRITE_AND_FORCE_ARGS\" | append_conftest \"functions\"", "                echo \"#undef NV_GET_USER_PAGES_HAS_TASK_STRUCT\" | append_conftest \"functions\"", "                rm -f conftest$$.o", "                return", "            fi", "", "            # Conftest #2: Check if get_user_pages has gup_flags instead of", "            # write and force parameters. And that gup doesn't accept a", "            # task_struct and mm_struct as its first arguments."] }
trace:   HunkApplier: hunk 3 applied at line 3024 (len=14), delta=0, target lines now=5168
  Applying Hunk 3/6...
debug:     Successfully applied Hunk 3 at line 3024 via ExactIgnoringWhitespace
trace:     Replaced lines:
trace:       -             }" > conftest$$.c
trace:       - 
trace:       -             $CC $CFLAGS -c conftest$$.c > /dev/null 2>&1
trace:       -             rm -f conftest$$.c
trace:       -             if [ -f conftest$$.o ]; then
trace:       -                 echo "#define NV_GET_USER_PAGES_HAS_WRITE_AND_FORCE_ARGS" | append_conftest "functions"
trace:       -                 echo "#undef NV_GET_USER_PAGES_HAS_TASK_STRUCT" | append_conftest "functions"
trace:       -                 rm -f conftest$$.o
trace:       -                 return
trace:       -             fi
trace:       - 
trace:       -             # Conftest #2: Check if get_user_pages has gup_flags instead of
trace:       -             # write and force parameters. And that gup doesn't accept a
trace:       -             # task_struct and mm_struct as its first arguments.
debug: apply_hunk_to_lines: applying hunk with 25 line(s) against target with 5168 line(s)
trace: Hunk::get_match_block: extracted 16 match line(s)
trace:   Match block: ["            # Determine if the function get_user_pages_remote() is", "            # present and has write/force/locked/tsk parameters.", "            #", "            # get_user_pages_remote() was added by:", "            #   2016 Feb 12: 1e9877902dc7e11d2be038371c6fbf2dfcd469d7", "            #", "            # get_user_pages[_remote]() write/force parameters", "            # replaced with gup_flags:", "            #   2016 Oct 12: 768ae309a96103ed02eb1e111e838c87854d8b51", "            #   2016 Oct 12: 9beae1ea89305a9667ceaab6d0bf46a045ad71e7", "            #", "            # get_user_pages_remote() added 'locked' parameter", "            #   2016 Dec 14:5b56d49fc31dbb0487e14ead790fc81ca9fb2c99", "            #", "            # get_user_pages_remote() removed 'tsk' parameter by", "            # commit 64019a2e467a (\"mm/gup: remove task_struct pointer for"]
trace: Hunk::get_replace_block: extracted 18 replacement line(s)
trace:   Replace block: ["            # Determine if the function get_user_pages_remote() is", "            # present and has write/force/locked/tsk parameters.", "            #", "            # get_user_pages_remote() was added by commit 1e9877902dc7", "            # (\"mm/gup: Introduce get_user_pages_remote()\") in v4.6 (2016-02-12)", "            #", "            # get_user_pages[_remote]() write/force parameters", "            # replaced with gup_flags by commits 768ae309a961 (\"mm: replace", "            # get_user_pages() write/force parameters with gup_flags\") and", "            # commit 9beae1ea8930 (\"mm: replace get_user_pages_remote()", "            # write/force parameters with gup_flags\") in v4.9 (2016-10-13)", "            #", "            # get_user_pages_remote() added 'locked' parameter by", "            # commit 5b56d49fc31d (\"mm: add locked parameter to", "            # get_user_pages_remote()\") in v4.10 (2016-12-14)", "            #", "            # get_user_pages_remote() removed 'tsk' parameter by", "            # commit 64019a2e467a (\"mm/gup: remove task_struct pointer for"]
trace: Hunk::has_changes: true
trace: Hunk::get_match_block: extracted 16 match line(s)
trace: Hunk::required_match_span: calculated required match span as 10 line(s) (first_match_idx=Some(3), last_match_idx=Some(12))
trace: DefaultHunkFinder::find_candidate_locations: match block len=16, required_match_span=10, target lines=5168
trace:   find_hunk_location_internal: match_block has 16 lines (entropy=true), target has 5168 lines
trace:   find_hunk_location_internal called for a hunk with 16 lines to match against 5168 target lines.
trace:     Attempting exact match for hunk (match block has 16 line(s))...
trace: tie_break_with_line_number: strategy='exact', hint=Some(3094), entropy=true
trace:       No exact matches found.
trace:     Strategy 1 (Exact): no exact match found.
trace:     Attempting exact match (ignoring trailing whitespace) for hunk (match block has 16 line(s))...
trace: tie_break_with_line_number: strategy='exact (ignoring whitespace)', hint=Some(3094), entropy=true
trace:       No exact (ignoring whitespace) matches found.
trace:     Strategy 2 (Whitespace-insensitive): no match found.
debug:     Strategy 3 (Fuzzy): beginning flexible window fuzzy search (threshold=0.70, match block len=0.7)
trace:       Hunk match block (16 lines): ["            # Determine if the function get_user_pages_remote() is", "            # present and has write/force/locked/tsk parameters.", "            #", "            # get_user_pages_remote() was added by:", "            #   2016 Feb 12: 1e9877902dc7e11d2be038371c6fbf2dfcd469d7", "            #", "            # get_user_pages[_remote]() write/force parameters", "            # replaced with gup_flags:", "            #   2016 Oct 12: 768ae309a96103ed02eb1e111e838c87854d8b51", "            #   2016 Oct 12: 9beae1ea89305a9667ceaab6d0bf46a045ad71e7", "            #", "            # get_user_pages_remote() added 'locked' parameter", "            #   2016 Dec 14:5b56d49fc31dbb0487e14ead790fc81ca9fb2c99", "            #", "            # get_user_pages_remote() removed 'tsk' parameter by", "            # commit 64019a2e467a (\"mm/gup: remove task_struct pointer for"]
trace:       Searching with window sizes from 10 to 44 (hunk size: 16, fuzz distance: 28)
debug:       find_search_ranges: analyzing 16 match line(s) against 5168 target line(s).
trace:         Identified 12 high-entropy candidate anchor line(s) (search_radius=32, max candidates to test=100)
debug:         Spatial consensus: 5 anchor(s) agree on start near line 3088
debug:       Found anchor line (hunk line 16) with 1 occurrences.
trace:         Anchor text: '# commit 64019a2e467a ("mm/gup: remove task_struct pointer for'
trace:         Occurrence at target line 3114: window estimated [3067..3174] (search radius +/-32)
trace:         Raw ranges before merging: [(3066, 3174)]
trace: merge_ranges: merging 1 input range(s): [(3066, 3174)]
trace: merge_ranges: result 1 disjoint range(s): [(3066, 3174)]
debug:       Search ranges merged: 1 disjoint range(s) covering 108/5168 line(s) (97.9% pruned): [(3066, 3174)]
trace:     Using search ranges: [(3066, 3174)]
debug:       compute_scored_windows (parallel): evaluating 2870 candidate window(s) across 1 range(s) (window lengths 10..=44)
trace:         Match block length: 16, Target line count: 5168, Search ranges: [(3066, 3174)]
trace:         score_window: window_len=18, match_len=16, line_score=0.559, ratio_lines=0.529, final_score=0.644
debug:       compute_scored_windows (parallel) complete: scored 1680 window(s). Best candidate score=0.699 at line 3097 (len=26).
debug:     Anchored search range yielded no passing window. Falling back to full file search.
debug:       compute_scored_windows (parallel): evaluating 179970 candidate window(s) across 1 range(s) (window lengths 10..=44)
trace:         Match block length: 16, Target line count: 5168, Search ranges: [(0, 5168)]
trace:         score_window: window_len=18, match_len=16, line_score=0.559, ratio_lines=0.529, final_score=0.644
debug:       compute_scored_windows (parallel) complete: scored 147594 window(s). Best candidate score=0.699 at line 3097 (len=26).
trace:       Top fuzzy match candidates:
trace:         - Index 3090, Len 26: Score 0.699 (Ratio 0.699) | Content: ["", "            return", "        ;;", "", "        get_user_pages_remote)", "            #", "            # Determine if the function get_user_pages_remote() is", "            # present and has write/force/locked/tsk parameters.", "            #", "            # get_user_pages_remote() was added by commit 1e9877902dc7", "            # (\"mm/gup: Introduce get_user_pages_remote()\") in v4.6 (2016-02-12)", "            #", "            # get_user_pages[_remote]() write/force parameters", "            # replaced with gup_flags by commits 768ae309a961 (\"mm: replace", "            # get_user_pages() write/force parameters with gup_flags\") and", "            # commit 9beae1ea8930 (\"mm: replace get_user_pages_remote()", "            # write/force parameters with gup_flags\") in v4.9 (2016-10-13)", "            #", "            # get_user_pages_remote() added 'locked' parameter by", "            # commit 5b56d49fc31d (\"mm: add locked parameter to", "            # get_user_pages_remote()\") in v4.10 (2016-12-14)", "            #", "            # get_user_pages_remote() removed 'tsk' parameter by", "            # commit 64019a2e467a (\"mm/gup: remove task_struct pointer for", "            # all gup code\") in v5.9-rc1 (2020-08-11).", "            #"]
trace:         - Index 3091, Len 26: Score 0.699 (Ratio 0.699) | Content: ["            return", "        ;;", "", "        get_user_pages_remote)", "            #", "            # Determine if the function get_user_pages_remote() is", "            # present and has write/force/locked/tsk parameters.", "            #", "            # get_user_pages_remote() was added by commit 1e9877902dc7", "            # (\"mm/gup: Introduce get_user_pages_remote()\") in v4.6 (2016-02-12)", "            #", "            # get_user_pages[_remote]() write/force parameters", "            # replaced with gup_flags by commits 768ae309a961 (\"mm: replace", "            # get_user_pages() write/force parameters with gup_flags\") and", "            # commit 9beae1ea8930 (\"mm: replace get_user_pages_remote()", "            # write/force parameters with gup_flags\") in v4.9 (2016-10-13)", "            #", "            # get_user_pages_remote() added 'locked' parameter by", "            # commit 5b56d49fc31d (\"mm: add locked parameter to", "            # get_user_pages_remote()\") in v4.10 (2016-12-14)", "            #", "            # get_user_pages_remote() removed 'tsk' parameter by", "            # commit 64019a2e467a (\"mm/gup: remove task_struct pointer for", "            # all gup code\") in v5.9-rc1 (2020-08-11).", "            #", "            # conftest #1: check if get_user_pages_remote() is available"]
trace:         - Index 3092, Len 26: Score 0.699 (Ratio 0.699) | Content: ["        ;;", "", "        get_user_pages_remote)", "            #", "            # Determine if the function get_user_pages_remote() is", "            # present and has write/force/locked/tsk parameters.", "            #", "            # get_user_pages_remote() was added by commit 1e9877902dc7", "            # (\"mm/gup: Introduce get_user_pages_remote()\") in v4.6 (2016-02-12)", "            #", "            # get_user_pages[_remote]() write/force parameters", "            # replaced with gup_flags by commits 768ae309a961 (\"mm: replace", "            # get_user_pages() write/force parameters with gup_flags\") and", "            # commit 9beae1ea8930 (\"mm: replace get_user_pages_remote()", "            # write/force parameters with gup_flags\") in v4.9 (2016-10-13)", "            #", "            # get_user_pages_remote() added 'locked' parameter by", "            # commit 5b56d49fc31d (\"mm: add locked parameter to", "            # get_user_pages_remote()\") in v4.10 (2016-12-14)", "            #", "            # get_user_pages_remote() removed 'tsk' parameter by", "            # commit 64019a2e467a (\"mm/gup: remove task_struct pointer for", "            # all gup code\") in v5.9-rc1 (2020-08-11).", "            #", "            # conftest #1: check if get_user_pages_remote() is available", "            # return if not available."]
trace:         - Index 3093, Len 26: Score 0.699 (Ratio 0.699) | Content: ["", "        get_user_pages_remote)", "            #", "            # Determine if the function get_user_pages_remote() is", "            # present and has write/force/locked/tsk parameters.", "            #", "            # get_user_pages_remote() was added by commit 1e9877902dc7", "            # (\"mm/gup: Introduce get_user_pages_remote()\") in v4.6 (2016-02-12)", "            #", "            # get_user_pages[_remote]() write/force parameters", "            # replaced with gup_flags by commits 768ae309a961 (\"mm: replace", "            # get_user_pages() write/force parameters with gup_flags\") and", "            # commit 9beae1ea8930 (\"mm: replace get_user_pages_remote()", "            # write/force parameters with gup_flags\") in v4.9 (2016-10-13)", "            #", "            # get_user_pages_remote() added 'locked' parameter by", "            # commit 5b56d49fc31d (\"mm: add locked parameter to", "            # get_user_pages_remote()\") in v4.10 (2016-12-14)", "            #", "            # get_user_pages_remote() removed 'tsk' parameter by", "            # commit 64019a2e467a (\"mm/gup: remove task_struct pointer for", "            # all gup code\") in v5.9-rc1 (2020-08-11).", "            #", "            # conftest #1: check if get_user_pages_remote() is available", "            # return if not available.", "            # Fall through to conftest #2 if it is present"]
trace:         - Index 3096, Len 26: Score 0.699 (Ratio 0.699) | Content: ["            # Determine if the function get_user_pages_remote() is", "            # present and has write/force/locked/tsk parameters.", "            #", "            # get_user_pages_remote() was added by commit 1e9877902dc7", "            # (\"mm/gup: Introduce get_user_pages_remote()\") in v4.6 (2016-02-12)", "            #", "            # get_user_pages[_remote]() write/force parameters", "            # replaced with gup_flags by commits 768ae309a961 (\"mm: replace", "            # get_user_pages() write/force parameters with gup_flags\") and", "            # commit 9beae1ea8930 (\"mm: replace get_user_pages_remote()", "            # write/force parameters with gup_flags\") in v4.9 (2016-10-13)", "            #", "            # get_user_pages_remote() added 'locked' parameter by", "            # commit 5b56d49fc31d (\"mm: add locked parameter to", "            # get_user_pages_remote()\") in v4.10 (2016-12-14)", "            #", "            # get_user_pages_remote() removed 'tsk' parameter by", "            # commit 64019a2e467a (\"mm/gup: remove task_struct pointer for", "            # all gup code\") in v5.9-rc1 (2020-08-11).", "            #", "            # conftest #1: check if get_user_pages_remote() is available", "            # return if not available.", "            # Fall through to conftest #2 if it is present", "            #", "            echo \"$CONFTEST_PREAMBLE", "            #include <linux/mm.h>"]
trace:         New best score: 0.237 (ratio 0.237 [l:0.000,w:0.000]) at index 0 (window len 16)
trace:         New best score: 0.240 (ratio 0.240 [l:0.000,w:0.000]) at index 0 (window len 15)
trace:         New best score: 0.296 (ratio 0.296 [l:0.000,w:0.000]) at index 0 (window len 17)
trace:         New best score: 0.300 (ratio 0.300 [l:0.000,w:0.000]) at index 1 (window len 16)
trace:         Tie in score (0.300) and ratio (0.300). Adding candidate: index 2, len 16
trace:         New best score: 0.304 (ratio 0.304 [l:0.000,w:0.000]) at index 2 (window len 15)
trace:         Tie in score (0.304) and ratio (0.304). Adding candidate: index 3, len 15
trace:         New best score: 0.308 (ratio 0.308 [l:0.000,w:0.000]) at index 3 (window len 14)
trace:         Tie in score (0.308) and ratio (0.308). Adding candidate: index 4, len 14
trace:         New best score: 0.313 (ratio 0.313 [l:0.000,w:0.000]) at index 4 (window len 13)
trace:         Tie in score (0.313) and ratio (0.313). Adding candidate: index 5, len 13
trace:         New best score: 0.318 (ratio 0.318 [l:0.000,w:0.000]) at index 5 (window len 12)
trace:         Tie in score (0.318) and ratio (0.318). Adding candidate: index 6, len 12
trace:         New best score: 0.323 (ratio 0.323 [l:0.000,w:0.000]) at index 6 (window len 11)
trace:         Tie in score (0.323) and ratio (0.323). Adding candidate: index 7, len 11
trace:         New best score: 0.329 (ratio 0.329 [l:0.000,w:0.000]) at index 7 (window len 10)
trace:         Tie in score (0.329) and ratio (0.329). Adding candidate: index 8, len 10
trace:         Tie in score (0.329) and ratio (0.329). Adding candidate: index 26, len 36
trace:         New best score: 0.332 (ratio 0.332 [l:0.000,w:0.000]) at index 27 (window len 35)
trace:         New best score: 0.335 (ratio 0.335 [l:0.000,w:0.000]) at index 28 (window len 34)
trace:         New best score: 0.338 (ratio 0.338 [l:0.000,w:0.000]) at index 29 (window len 33)
trace:         New best score: 0.342 (ratio 0.342 [l:0.000,w:0.000]) at index 29 (window len 44)
trace:         Tie in score (0.342) and ratio (0.342). Adding candidate: index 30, len 32
trace:         New best score: 0.344 (ratio 0.344 [l:0.000,w:0.000]) at index 30 (window len 43)
trace:         New best score: 0.345 (ratio 0.345 [l:0.000,w:0.000]) at index 31 (window len 31)
trace:         New best score: 0.347 (ratio 0.347 [l:0.000,w:0.000]) at index 31 (window len 42)
trace:         New best score: 0.349 (ratio 0.349 [l:0.000,w:0.000]) at index 32 (window len 30)
trace:         New best score: 0.350 (ratio 0.350 [l:0.000,w:0.000]) at index 32 (window len 41)
trace:         New best score: 0.353 (ratio 0.353 [l:0.000,w:0.000]) at index 33 (window len 29)
trace:         New best score: 0.354 (ratio 0.354 [l:0.000,w:0.000]) at index 33 (window len 40)
trace:         New best score: 0.357 (ratio 0.357 [l:0.000,w:0.000]) at index 34 (window len 28)
trace:         Tie in score (0.357) and ratio (0.357). Adding candidate: index 34, len 39
trace:         New best score: 0.361 (ratio 0.361 [l:0.000,w:0.000]) at index 35 (window len 27)
trace:         New best score: 0.365 (ratio 0.365 [l:0.000,w:0.000]) at index 36 (window len 26)
trace:         New best score: 0.370 (ratio 0.370 [l:0.000,w:0.000]) at index 37 (window len 25)
trace:         New best score: 0.375 (ratio 0.375 [l:0.000,w:0.000]) at index 38 (window len 24)
trace:         New best score: 0.380 (ratio 0.380 [l:0.000,w:0.000]) at index 39 (window len 23)
trace:         New best score: 0.386 (ratio 0.386 [l:0.000,w:0.000]) at index 40 (window len 22)
trace:         New best score: 0.391 (ratio 0.391 [l:0.000,w:0.000]) at index 41 (window len 21)
trace:         New best score: 0.397 (ratio 0.397 [l:0.000,w:0.000]) at index 233 (window len 11)
trace:         Tie in score (0.397) and ratio (0.397). Adding candidate: index 234, len 11
trace:         New best score: 0.406 (ratio 0.406 [l:0.000,w:0.000]) at index 234 (window len 10)
trace:         Tie in score (0.406) and ratio (0.406). Adding candidate: index 235, len 10
trace:         Tie in score (0.406) and ratio (0.406). Adding candidate: index 236, len 10
trace:         New best score: 0.410 (ratio 0.410 [l:0.000,w:0.000]) at index 270 (window len 18)
trace:         New best score: 0.417 (ratio 0.417 [l:0.000,w:0.000]) at index 271 (window len 17)
trace:         New best score: 0.425 (ratio 0.425 [l:0.000,w:0.000]) at index 272 (window len 16)
trace:         Tie in score (0.425) and ratio (0.425). Adding candidate: index 273, len 16
trace:         New best score: 0.433 (ratio 0.433 [l:0.000,w:0.000]) at index 273 (window len 15)
trace:         Tie in score (0.433) and ratio (0.433). Adding candidate: index 274, len 15
trace:         New best score: 0.442 (ratio 0.442 [l:0.000,w:0.000]) at index 274 (window len 14)
trace:         New best score: 0.456 (ratio 0.456 [l:0.267,w:0.000]) at index 449 (window len 44)
trace:         New best score: 0.458 (ratio 0.458 [l:0.271,w:0.000]) at index 450 (window len 43)
trace:         New best score: 0.461 (ratio 0.461 [l:0.286,w:0.000]) at index 463 (window len 33)
trace:         New best score: 0.467 (ratio 0.467 [l:0.292,w:0.000]) at index 464 (window len 32)
trace:         New best score: 0.473 (ratio 0.473 [l:0.298,w:0.000]) at index 465 (window len 31)
trace:         New best score: 0.513 (ratio 0.513 [l:0.300,w:0.000]) at index 465 (window len 44)
trace:         New best score: 0.515 (ratio 0.515 [l:0.305,w:0.000]) at index 466 (window len 43)
trace:         New best score: 0.517 (ratio 0.517 [l:0.310,w:0.000]) at index 467 (window len 42)
trace:         New best score: 0.519 (ratio 0.519 [l:0.316,w:0.000]) at index 468 (window len 41)
trace:         New best score: 0.520 (ratio 0.520 [l:0.321,w:0.000]) at index 469 (window len 40)
trace:         New best score: 0.522 (ratio 0.522 [l:0.327,w:0.000]) at index 470 (window len 39)
trace:         New best score: 0.524 (ratio 0.524 [l:0.333,w:0.000]) at index 471 (window len 38)
trace:         New best score: 0.531 (ratio 0.531 [l:0.356,w:0.000]) at index 2985 (window len 29)
trace:         New best score: 0.539 (ratio 0.539 [l:0.364,w:0.000]) at index 2986 (window len 28)
trace:         New best score: 0.547 (ratio 0.547 [l:0.372,w:0.000]) at index 2987 (window len 27)
trace:         New best score: 0.556 (ratio 0.556 [l:0.381,w:0.000]) at index 2988 (window len 26)
trace:         New best score: 0.570 (ratio 0.570 [l:0.333,w:0.000]) at index 3070 (window len 44)
trace:         New best score: 0.572 (ratio 0.572 [l:0.339,w:0.000]) at index 3071 (window len 43)
trace:         New best score: 0.574 (ratio 0.574 [l:0.345,w:0.000]) at index 3072 (window len 42)
trace:         New best score: 0.627 (ratio 0.627 [l:0.367,w:0.000]) at index 3072 (window len 44)
trace:         New best score: 0.629 (ratio 0.629 [l:0.373,w:0.000]) at index 3073 (window len 43)
trace:         New best score: 0.632 (ratio 0.632 [l:0.379,w:0.000]) at index 3074 (window len 42)
trace:         New best score: 0.634 (ratio 0.634 [l:0.386,w:0.000]) at index 3075 (window len 41)
trace:         New best score: 0.636 (ratio 0.636 [l:0.393,w:0.000]) at index 3076 (window len 40)
trace:         New best score: 0.684 (ratio 0.684 [l:0.400,w:0.000]) at index 3076 (window len 44)
trace:         New best score: 0.687 (ratio 0.687 [l:0.407,w:0.000]) at index 3077 (window len 43)
trace:         New best score: 0.689 (ratio 0.689 [l:0.414,w:0.000]) at index 3078 (window len 42)
trace:         New best score: 0.691 (ratio 0.691 [l:0.421,w:0.000]) at index 3079 (window len 41)
trace:         New best score: 0.694 (ratio 0.694 [l:0.429,w:0.000]) at index 3080 (window len 40)
trace:         New best score: 0.696 (ratio 0.696 [l:0.436,w:0.000]) at index 3081 (window len 39)
trace:         New best score: 0.698 (ratio 0.698 [l:0.444,w:0.000]) at index 3082 (window len 38)
trace:         Tie in score (0.698) and ratio (0.698). Adding candidate: index 3083, len 38
trace:         Tie in score (0.698) and ratio (0.698). Adding candidate: index 3084, len 38
trace:         Tie in score (0.698) and ratio (0.698). Adding candidate: index 3085, len 38
trace:         Tie in score (0.698) and ratio (0.698). Adding candidate: index 3086, len 38
trace:         Tie in score (0.698) and ratio (0.698). Adding candidate: index 3087, len 38
trace:         Tie in score (0.698) and ratio (0.698). Adding candidate: index 3088, len 38
trace:         Tie in score (0.698) and ratio (0.698). Adding candidate: index 3089, len 38
trace:         New best score: 0.699 (ratio 0.699 [l:0.524,w:0.000]) at index 3090 (window len 26)
trace:         Tie in score (0.699) and ratio (0.699). Adding candidate: index 3091, len 26
trace:         Tie in score (0.699) and ratio (0.699). Adding candidate: index 3092, len 26
trace:         Tie in score (0.699) and ratio (0.699). Adding candidate: index 3093, len 26
trace:         Tie in score (0.699) and ratio (0.699). Adding candidate: index 3096, len 26
debug:     Strategy 3 (Fuzzy): 0 window(s) met threshold 0.70
trace:       Top 3 passing candidates: []
warning:     Fuzzy match failed: best score was below threshold
debug:     Fuzzy match failed: Best location (index 3090, len 26) had similarity 0.699, which is below the threshold of 0.700.
warning:   Hunk location search failed: Best fuzzy match at line 3091 (score: 0.699) was below threshold (0.700)
debug:   HunkApplier: hunk 4 application outcome: Failed(FuzzyMatchBelowThreshold { best_score: 0.6988095238095238, threshold: 0.7, location: HunkLocation { start_index: 3090, length: 26 } })
  Applying Hunk 4/6...
warning:   Failed to apply Hunk 4. Best fuzzy match at line 3091 (score: 0.699) was below threshold (0.700)
debug: apply_hunk_to_lines: applying hunk with 8 line(s) against target with 5168 line(s)
trace: Hunk::get_match_block: extracted 7 match line(s)
trace:   Match block: ["            # conftest #1: check if get_user_pages_remote() is available", "            # return if not available.", "            # Fall through to conftest #2 if it is present", "", "            echo \"$CONFTEST_PREAMBLE", "            #include <linux/mm.h>", "            void conftest_get_user_pages_remote(void) {"]
trace: Hunk::get_replace_block: extracted 7 replacement line(s)
trace:   Replace block: ["            # conftest #1: check if get_user_pages_remote() is available", "            # return if not available.", "            # Fall through to conftest #2 if it is present", "            #", "            echo \"$CONFTEST_PREAMBLE", "            #include <linux/mm.h>", "            void conftest_get_user_pages_remote(void) {"]
trace: Hunk::has_changes: true
trace: Hunk::get_match_block: extracted 7 match line(s)
trace: Hunk::required_match_span: calculated required match span as 1 line(s) (first_match_idx=Some(3), last_match_idx=Some(3))
trace: DefaultHunkFinder::find_candidate_locations: match block len=7, required_match_span=1, target lines=5168
trace:   find_hunk_location_internal: match_block has 7 lines (entropy=true), target has 5168 lines
trace:   find_hunk_location_internal called for a hunk with 7 lines to match against 5168 target lines.
trace:     Attempting exact match for hunk (match block has 7 line(s))...
trace: tie_break_with_line_number: strategy='exact', hint=Some(3112), entropy=true
trace:       No exact matches found.
trace:     Strategy 1 (Exact): no exact match found.
trace:     Attempting exact match (ignoring trailing whitespace) for hunk (match block has 7 line(s))...
trace: tie_break_with_line_number: strategy='exact (ignoring whitespace)', hint=Some(3112), entropy=true
trace:       No exact (ignoring whitespace) matches found.
trace:     Strategy 2 (Whitespace-insensitive): no match found.
debug:     Strategy 3 (Fuzzy): beginning flexible window fuzzy search (threshold=0.70, match block len=0.7)
trace:       Hunk match block (7 lines): ["            # conftest #1: check if get_user_pages_remote() is available", "            # return if not available.", "            # Fall through to conftest #2 if it is present", "", "            echo \"$CONFTEST_PREAMBLE", "            #include <linux/mm.h>", "            void conftest_get_user_pages_remote(void) {"]
trace:       Searching with window sizes from 2 to 30 (hunk size: 7, fuzz distance: 23)
debug:       find_search_ranges: analyzing 7 match line(s) against 5168 target line(s).
trace:         Identified 6 high-entropy candidate anchor line(s) (search_radius=15, max candidates to test=100)
debug:         Spatial consensus: 4 anchor(s) agree on start near line 3113
debug:       Found anchor line (hunk line 1) with 1 occurrences.
trace:         Anchor text: '# conftest #1: check if get_user_pages_remote() is available'
trace:         Occurrence at target line 3117: window estimated [3102..3161] (search radius +/-15)
trace:         Raw ranges before merging: [(3101, 3161)]
trace: merge_ranges: merging 1 input range(s): [(3101, 3161)]
trace: merge_ranges: result 1 disjoint range(s): [(3101, 3161)]
debug:       Search ranges merged: 1 disjoint range(s) covering 60/5168 line(s) (98.8% pruned): [(3101, 3161)]
trace:     Using search ranges: [(3101, 3161)]
debug:       compute_scored_windows (parallel): evaluating 1305 candidate window(s) across 1 range(s) (window lengths 2..=30)
trace:         Match block length: 7, Target line count: 5168, Search ranges: [(3101, 3161)]
trace:         score_window: window_len=3, match_len=7, line_score=0.000, ratio_lines=0.000, final_score=0.243
trace:         score_window: window_len=7, match_len=7, line_score=0.000, ratio_lines=0.000, final_score=0.233
trace:         score_window: window_len=2, match_len=7, line_score=0.000, ratio_lines=0.000, final_score=0.174
trace:         score_window: window_len=14, match_len=7, line_score=0.407, ratio_lines=0.286, final_score=0.407
trace:         score_window: window_len=6, match_len=7, line_score=0.000, ratio_lines=0.000, final_score=0.237
trace:         score_window: window_len=15, match_len=7, line_score=0.404, ratio_lines=0.273, final_score=0.404
trace:         score_window: window_len=5, match_len=7, line_score=0.000, ratio_lines=0.000, final_score=0.270
trace:         score_window: window_len=16, match_len=7, line_score=0.401, ratio_lines=0.261, final_score=0.401
trace:         score_window: window_len=17, match_len=7, line_score=0.398, ratio_lines=0.250, final_score=0.398
trace:         score_window: window_len=4, match_len=7, line_score=0.000, ratio_lines=0.000, final_score=0.340
trace:         score_window: window_len=18, match_len=7, line_score=0.395, ratio_lines=0.240, final_score=0.395
trace:         score_window: window_len=19, match_len=7, line_score=0.392, ratio_lines=0.231, final_score=0.392
trace:         score_window: window_len=18, match_len=7, line_score=0.395, ratio_lines=0.240, final_score=0.395
trace:         score_window: window_len=20, match_len=7, line_score=0.518, ratio_lines=0.296, final_score=0.518
trace:         score_window: window_len=21, match_len=7, line_score=0.643, ratio_lines=0.357, final_score=0.643
trace:         score_window: window_len=19, match_len=7, line_score=0.392, ratio_lines=0.231, final_score=0.392
trace:         score_window: window_len=20, match_len=7, line_score=0.389, ratio_lines=0.222, final_score=0.389
trace:         score_window: window_len=21, match_len=7, line_score=0.386, ratio_lines=0.214, final_score=0.386
trace:         score_window: window_len=6, match_len=7, line_score=0.000, ratio_lines=0.000, final_score=0.258
trace:         score_window: window_len=7, match_len=7, line_score=0.143, ratio_lines=0.143, final_score=0.268
trace:         score_window: window_len=5, match_len=7, line_score=0.000, ratio_lines=0.000, final_score=0.262
trace:         score_window: window_len=4, match_len=7, line_score=0.000, ratio_lines=0.000, final_score=0.288
trace:         score_window: window_len=6, match_len=7, line_score=0.000, ratio_lines=0.000, final_score=0.254
trace:         score_window: window_len=5, match_len=7, line_score=0.000, ratio_lines=0.000, final_score=0.251
trace:         score_window: window_len=3, match_len=7, line_score=0.000, ratio_lines=0.000, final_score=0.336
trace:         score_window: window_len=17, match_len=7, line_score=0.398, ratio_lines=0.250, final_score=0.398
trace:         score_window: window_len=18, match_len=7, line_score=0.395, ratio_lines=0.240, final_score=0.395
trace:         score_window: window_len=19, match_len=7, line_score=0.522, ratio_lines=0.308, final_score=0.522
trace:         score_window: window_len=20, match_len=7, line_score=0.648, ratio_lines=0.370, final_score=0.648
trace:         score_window: window_len=4, match_len=7, line_score=0.000, ratio_lines=0.000, final_score=0.254
trace:         score_window: window_len=3, match_len=7, line_score=0.000, ratio_lines=0.000, final_score=0.243
trace:         score_window: window_len=6, match_len=7, line_score=0.000, ratio_lines=0.000, final_score=0.267
trace:         score_window: window_len=2, match_len=7, line_score=0.000, ratio_lines=0.000, final_score=0.165
trace:         score_window: window_len=5, match_len=7, line_score=0.000, ratio_lines=0.000, final_score=0.287
trace:         score_window: window_len=12, match_len=7, line_score=0.276, ratio_lines=0.211, final_score=0.362
trace:         score_window: window_len=13, match_len=7, line_score=0.410, ratio_lines=0.300, final_score=0.413
trace:         score_window: window_len=4, match_len=7, line_score=0.000, ratio_lines=0.000, final_score=0.303
trace:         score_window: window_len=14, match_len=7, line_score=0.407, ratio_lines=0.286, final_score=0.417
trace:         score_window: window_len=3, match_len=7, line_score=0.000, ratio_lines=0.000, final_score=0.296
trace:         score_window: window_len=16, match_len=7, line_score=0.401, ratio_lines=0.261, final_score=0.401
trace:         score_window: window_len=17, match_len=7, line_score=0.398, ratio_lines=0.250, final_score=0.398
trace:         score_window: window_len=15, match_len=7, line_score=0.404, ratio_lines=0.273, final_score=0.404
trace:         score_window: window_len=18, match_len=7, line_score=0.527, ratio_lines=0.320, final_score=0.527
trace:         score_window: window_len=19, match_len=7, line_score=0.653, ratio_lines=0.385, final_score=0.653
trace:         score_window: window_len=16, match_len=7, line_score=0.401, ratio_lines=0.261, final_score=0.401
trace:         score_window: window_len=17, match_len=7, line_score=0.398, ratio_lines=0.250, final_score=0.398
trace:         score_window: window_len=7, match_len=7, line_score=0.000, ratio_lines=0.000, final_score=0.231
trace:         score_window: window_len=18, match_len=7, line_score=0.395, ratio_lines=0.240, final_score=0.395
trace:         score_window: window_len=6, match_len=7, line_score=0.000, ratio_lines=0.000, final_score=0.250
trace:         score_window: window_len=19, match_len=7, line_score=0.392, ratio_lines=0.231, final_score=0.392
trace:         score_window: window_len=20, match_len=7, line_score=0.389, ratio_lines=0.222, final_score=0.389
trace:         score_window: window_len=21, match_len=7, line_score=0.386, ratio_lines=0.214, final_score=0.386
trace:         score_window: window_len=8, match_len=7, line_score=0.000, ratio_lines=0.000, final_score=0.230
trace:         score_window: window_len=7, match_len=7, line_score=0.143, ratio_lines=0.143, final_score=0.211
trace:         score_window: window_len=5, match_len=7, line_score=0.000, ratio_lines=0.000, final_score=0.277
trace:         score_window: window_len=6, match_len=7, line_score=0.154, ratio_lines=0.154, final_score=0.216
trace:         score_window: window_len=4, match_len=7, line_score=0.000, ratio_lines=0.000, final_score=0.323
trace:         score_window: window_len=8, match_len=7, line_score=0.142, ratio_lines=0.133, final_score=0.281
trace:         score_window: window_len=3, match_len=7, line_score=0.000, ratio_lines=0.000, final_score=0.316
trace:         score_window: window_len=15, match_len=7, line_score=0.404, ratio_lines=0.273, final_score=0.404
trace:         score_window: window_len=16, match_len=7, line_score=0.401, ratio_lines=0.261, final_score=0.401
trace:         score_window: window_len=17, match_len=7, line_score=0.531, ratio_lines=0.333, final_score=0.531
trace:         score_window: window_len=5, match_len=7, line_score=0.000, ratio_lines=0.000, final_score=0.201
trace:         score_window: window_len=18, match_len=7, line_score=0.658, ratio_lines=0.400, final_score=0.658
trace:         score_window: window_len=4, match_len=7, line_score=0.000, ratio_lines=0.000, final_score=0.197
trace:         score_window: window_len=3, match_len=7, line_score=0.000, ratio_lines=0.000, final_score=0.190
trace:         score_window: window_len=7, match_len=7, line_score=0.000, ratio_lines=0.000, final_score=0.259
trace:         score_window: window_len=11, match_len=7, line_score=0.278, ratio_lines=0.222, final_score=0.387
trace:         score_window: window_len=2, match_len=7, line_score=0.000, ratio_lines=0.000, final_score=0.164
trace:         score_window: window_len=6, match_len=7, line_score=0.000, ratio_lines=0.000, final_score=0.260
trace:         score_window: window_len=12, match_len=7, line_score=0.413, ratio_lines=0.316, final_score=0.441
trace:         score_window: window_len=13, match_len=7, line_score=0.410, ratio_lines=0.300, final_score=0.444
trace:         score_window: window_len=8, match_len=7, line_score=0.000, ratio_lines=0.000, final_score=0.256
trace:         score_window: window_len=14, match_len=7, line_score=0.407, ratio_lines=0.286, final_score=0.428
trace:         score_window: window_len=5, match_len=7, line_score=0.000, ratio_lines=0.000, final_score=0.285
trace:         score_window: window_len=15, match_len=7, line_score=0.404, ratio_lines=0.273, final_score=0.413
trace:         score_window: window_len=4, match_len=7, line_score=0.000, ratio_lines=0.000, final_score=0.320
trace:         score_window: window_len=14, match_len=7, line_score=0.407, ratio_lines=0.286, final_score=0.407
trace:         score_window: window_len=16, match_len=7, line_score=0.401, ratio_lines=0.261, final_score=0.401
trace:         score_window: window_len=15, match_len=7, line_score=0.404, ratio_lines=0.273, final_score=0.404
trace:         score_window: window_len=16, match_len=7, line_score=0.535, ratio_lines=0.348, final_score=0.535
trace:         score_window: window_len=17, match_len=7, line_score=0.663, ratio_lines=0.417, final_score=0.663
trace:         score_window: window_len=17, match_len=7, line_score=0.398, ratio_lines=0.250, final_score=0.398
trace:         score_window: window_len=18, match_len=7, line_score=0.395, ratio_lines=0.240, final_score=0.395
trace:         score_window: window_len=7, match_len=7, line_score=0.000, ratio_lines=0.000, final_score=0.292
trace:         score_window: window_len=19, match_len=7, line_score=0.392, ratio_lines=0.231, final_score=0.392
trace:         score_window: window_len=6, match_len=7, line_score=0.000, ratio_lines=0.000, final_score=0.328
trace:         score_window: window_len=20, match_len=7, line_score=0.389, ratio_lines=0.222, final_score=0.389
trace:         score_window: window_len=21, match_len=7, line_score=0.386, ratio_lines=0.214, final_score=0.386
trace:         score_window: window_len=8, match_len=7, line_score=0.000, ratio_lines=0.000, final_score=0.263
trace:         score_window: window_len=7, match_len=7, line_score=0.143, ratio_lines=0.143, final_score=0.308
trace:         score_window: window_len=5, match_len=7, line_score=0.000, ratio_lines=0.000, final_score=0.329
trace:         score_window: window_len=4, match_len=7, line_score=0.000, ratio_lines=0.000, final_score=0.288
trace:         score_window: window_len=6, match_len=7, line_score=0.154, ratio_lines=0.154, final_score=0.262
trace:         score_window: window_len=12, match_len=7, line_score=0.276, ratio_lines=0.211, final_score=0.276
trace:         score_window: window_len=13, match_len=7, line_score=0.410, ratio_lines=0.300, final_score=0.410
trace:         score_window: window_len=8, match_len=7, line_score=0.142, ratio_lines=0.133, final_score=0.405
trace:         score_window: window_len=14, match_len=7, line_score=0.407, ratio_lines=0.286, final_score=0.407
trace:         score_window: window_len=10, match_len=7, line_score=0.280, ratio_lines=0.235, final_score=0.416
trace:         score_window: window_len=15, match_len=7, line_score=0.539, ratio_lines=0.364, final_score=0.539
trace:         score_window: window_len=11, match_len=7, line_score=0.416, ratio_lines=0.333, final_score=0.472
trace:         score_window: window_len=16, match_len=7, line_score=0.668, ratio_lines=0.435, final_score=0.668
trace:         score_window: window_len=12, match_len=7, line_score=0.413, ratio_lines=0.316, final_score=0.474
trace:         score_window: window_len=13, match_len=7, line_score=0.410, ratio_lines=0.300, final_score=0.456
trace:         score_window: window_len=7, match_len=7, line_score=0.000, ratio_lines=0.000, final_score=0.280
trace:         score_window: window_len=14, match_len=7, line_score=0.407, ratio_lines=0.286, final_score=0.440
trace:         score_window: window_len=15, match_len=7, line_score=0.404, ratio_lines=0.273, final_score=0.424
trace:         score_window: window_len=6, match_len=7, line_score=0.000, ratio_lines=0.000, final_score=0.316
trace:         score_window: window_len=16, match_len=7, line_score=0.401, ratio_lines=0.261, final_score=0.413
trace:         score_window: window_len=17, match_len=7, line_score=0.398, ratio_lines=0.250, final_score=0.403
trace:         score_window: window_len=8, match_len=7, line_score=0.000, ratio_lines=0.000, final_score=0.266
trace:         score_window: window_len=18, match_len=7, line_score=0.395, ratio_lines=0.240, final_score=0.395
trace:         score_window: window_len=5, match_len=7, line_score=0.000, ratio_lines=0.000, final_score=0.360
trace:         score_window: window_len=19, match_len=7, line_score=0.392, ratio_lines=0.231, final_score=0.392
trace:         score_window: window_len=20, match_len=7, line_score=0.389, ratio_lines=0.222, final_score=0.389
trace:         score_window: window_len=9, match_len=7, line_score=0.000, ratio_lines=0.000, final_score=0.266
trace:         score_window: window_len=21, match_len=7, line_score=0.386, ratio_lines=0.214, final_score=0.386
trace:         score_window: window_len=4, match_len=7, line_score=0.000, ratio_lines=0.000, final_score=0.361
trace:         score_window: window_len=11, match_len=7, line_score=0.278, ratio_lines=0.222, final_score=0.278
trace:         score_window: window_len=12, match_len=7, line_score=0.413, ratio_lines=0.316, final_score=0.430
trace:         score_window: window_len=7, match_len=7, line_score=0.143, ratio_lines=0.143, final_score=0.457
trace:         score_window: window_len=13, match_len=7, line_score=0.410, ratio_lines=0.300, final_score=0.429
trace:         score_window: window_len=6, match_len=7, line_score=0.154, ratio_lines=0.154, final_score=0.380
trace:         score_window: window_len=14, match_len=7, line_score=0.543, ratio_lines=0.381, final_score=0.543
trace:         score_window: window_len=15, match_len=7, line_score=0.673, ratio_lines=0.455, final_score=0.673
trace:         score_window: window_len=8, match_len=7, line_score=0.142, ratio_lines=0.133, final_score=0.498
trace:         score_window: window_len=9, match_len=7, line_score=0.282, ratio_lines=0.250, final_score=0.462
trace:         score_window: window_len=7, match_len=7, line_score=0.000, ratio_lines=0.000, final_score=0.263
trace:         score_window: window_len=10, match_len=7, line_score=0.419, ratio_lines=0.353, final_score=0.529
trace:         score_window: window_len=6, match_len=7, line_score=0.000, ratio_lines=0.000, final_score=0.277
trace:         score_window: window_len=8, match_len=7, line_score=0.000, ratio_lines=0.000, final_score=0.263
trace:         score_window: window_len=11, match_len=7, line_score=0.416, ratio_lines=0.333, final_score=0.564
trace:         score_window: window_len=12, match_len=7, line_score=0.413, ratio_lines=0.316, final_score=0.488
trace:         score_window: window_len=5, match_len=7, line_score=0.000, ratio_lines=0.000, final_score=0.312
trace:         score_window: window_len=13, match_len=7, line_score=0.410, ratio_lines=0.300, final_score=0.470
trace:         score_window: window_len=4, match_len=7, line_score=0.000, ratio_lines=0.000, final_score=0.356
trace:         score_window: window_len=14, match_len=7, line_score=0.407, ratio_lines=0.286, final_score=0.452
trace:         score_window: window_len=10, match_len=7, line_score=0.280, ratio_lines=0.235, final_score=0.285
trace:         score_window: window_len=15, match_len=7, line_score=0.404, ratio_lines=0.273, final_score=0.440
trace:         score_window: window_len=3, match_len=7, line_score=0.000, ratio_lines=0.000, final_score=0.357
trace:         score_window: window_len=11, match_len=7, line_score=0.416, ratio_lines=0.333, final_score=0.439
trace:         score_window: window_len=16, match_len=7, line_score=0.401, ratio_lines=0.261, final_score=0.428
trace:         score_window: window_len=12, match_len=7, line_score=0.413, ratio_lines=0.316, final_score=0.437
trace:         score_window: window_len=17, match_len=7, line_score=0.398, ratio_lines=0.250, final_score=0.414
trace:         score_window: window_len=13, match_len=7, line_score=0.547, ratio_lines=0.400, final_score=0.547
trace:         score_window: window_len=14, match_len=7, line_score=0.679, ratio_lines=0.476, final_score=0.679
trace:         score_window: window_len=18, match_len=7, line_score=0.395, ratio_lines=0.240, final_score=0.404
trace:         score_window: window_len=19, match_len=7, line_score=0.392, ratio_lines=0.231, final_score=0.394
trace:         score_window: window_len=7, match_len=7, line_score=0.000, ratio_lines=0.000, final_score=0.265
trace:         score_window: window_len=20, match_len=7, line_score=0.389, ratio_lines=0.222, final_score=0.389
trace:         score_window: window_len=6, match_len=7, line_score=0.000, ratio_lines=0.000, final_score=0.259
trace:         score_window: window_len=21, match_len=7, line_score=0.386, ratio_lines=0.214, final_score=0.386
trace:         score_window: window_len=8, match_len=7, line_score=0.142, ratio_lines=0.133, final_score=0.213
trace:         score_window: window_len=7, match_len=7, line_score=0.143, ratio_lines=0.143, final_score=0.518
trace:         score_window: window_len=5, match_len=7, line_score=0.000, ratio_lines=0.000, final_score=0.274
trace:         score_window: window_len=9, match_len=7, line_score=0.282, ratio_lines=0.250, final_score=0.305
trace:         score_window: window_len=6, match_len=7, line_score=0.154, ratio_lines=0.154, final_score=0.478
trace:         score_window: window_len=4, match_len=7, line_score=0.000, ratio_lines=0.000, final_score=0.308
trace:         score_window: window_len=10, match_len=7, line_score=0.419, ratio_lines=0.353, final_score=0.468
trace:         score_window: window_len=11, match_len=7, line_score=0.416, ratio_lines=0.333, final_score=0.466
trace:         score_window: window_len=12, match_len=7, line_score=0.551, ratio_lines=0.421, final_score=0.551
trace:         score_window: window_len=8, match_len=7, line_score=0.284, ratio_lines=0.267, final_score=0.480
trace:         score_window: window_len=13, match_len=7, line_score=0.684, ratio_lines=0.500, final_score=0.684
trace:         score_window: window_len=7, match_len=7, line_score=0.143, ratio_lines=0.143, final_score=0.234
trace:         score_window: window_len=9, match_len=7, line_score=0.422, ratio_lines=0.375, final_score=0.548
trace:         score_window: window_len=6, match_len=7, line_score=0.000, ratio_lines=0.000, final_score=0.302
trace:         score_window: window_len=8, match_len=7, line_score=0.284, ratio_lines=0.267, final_score=0.336
trace:         score_window: window_len=10, match_len=7, line_score=0.419, ratio_lines=0.353, final_score=0.583
trace:         score_window: window_len=11, match_len=7, line_score=0.416, ratio_lines=0.333, final_score=0.509
trace:         score_window: window_len=5, match_len=7, line_score=0.000, ratio_lines=0.000, final_score=0.295
trace:         score_window: window_len=12, match_len=7, line_score=0.413, ratio_lines=0.316, final_score=0.488
trace:         score_window: window_len=9, match_len=7, line_score=0.422, ratio_lines=0.375, final_score=0.510
trace:         score_window: window_len=13, match_len=7, line_score=0.410, ratio_lines=0.300, final_score=0.470
trace:         score_window: window_len=4, match_len=7, line_score=0.000, ratio_lines=0.000, final_score=0.277
trace:         score_window: window_len=14, match_len=7, line_score=0.407, ratio_lines=0.286, final_score=0.456
trace:         score_window: window_len=10, match_len=7, line_score=0.419, ratio_lines=0.353, final_score=0.507
trace:         score_window: window_len=15, match_len=7, line_score=0.404, ratio_lines=0.273, final_score=0.444
trace:         score_window: window_len=11, match_len=7, line_score=0.555, ratio_lines=0.444, final_score=0.555
trace:         score_window: window_len=16, match_len=7, line_score=0.401, ratio_lines=0.261, final_score=0.428
trace:         score_window: window_len=17, match_len=7, line_score=0.398, ratio_lines=0.250, final_score=0.418
trace:         score_window: window_len=12, match_len=7, line_score=0.689, ratio_lines=0.526, final_score=0.689
trace:         score_window: window_len=18, match_len=7, line_score=0.395, ratio_lines=0.240, final_score=0.407
trace:         score_window: window_len=7, match_len=7, line_score=0.286, ratio_lines=0.286, final_score=0.361
trace:         score_window: window_len=19, match_len=7, line_score=0.392, ratio_lines=0.231, final_score=0.394
trace:         score_window: window_len=6, match_len=7, line_score=0.154, ratio_lines=0.154, final_score=0.261
trace:         score_window: window_len=8, match_len=7, line_score=0.426, ratio_lines=0.400, final_score=0.544
trace:         score_window: window_len=20, match_len=7, line_score=0.389, ratio_lines=0.222, final_score=0.390
trace:         score_window: window_len=5, match_len=7, line_score=0.000, ratio_lines=0.000, final_score=0.277
trace:         score_window: window_len=21, match_len=7, line_score=0.386, ratio_lines=0.214, final_score=0.386
trace:         score_window: window_len=9, match_len=7, line_score=0.422, ratio_lines=0.375, final_score=0.540
trace:         score_window: window_len=7, match_len=7, line_score=0.286, ratio_lines=0.286, final_score=0.488
trace:         score_window: window_len=4, match_len=7, line_score=0.000, ratio_lines=0.000, final_score=0.269
trace:         score_window: window_len=10, match_len=7, line_score=0.559, ratio_lines=0.471, final_score=0.575
trace:         score_window: window_len=6, match_len=7, line_score=0.154, ratio_lines=0.154, final_score=0.526
trace:         score_window: window_len=11, match_len=7, line_score=0.694, ratio_lines=0.556, final_score=0.694
trace:         score_window: window_len=8, match_len=7, line_score=0.426, ratio_lines=0.400, final_score=0.558
trace:         score_window: window_len=7, match_len=7, line_score=0.429, ratio_lines=0.429, final_score=0.558
trace:         score_window: window_len=5, match_len=7, line_score=0.167, ratio_lines=0.167, final_score=0.488
trace:         score_window: window_len=6, match_len=7, line_score=0.308, ratio_lines=0.308, final_score=0.372
trace:         score_window: window_len=8, match_len=7, line_score=0.426, ratio_lines=0.400, final_score=0.553
trace:         score_window: window_len=9, match_len=7, line_score=0.422, ratio_lines=0.375, final_score=0.591
trace:         score_window: window_len=5, match_len=7, line_score=0.167, ratio_lines=0.167, final_score=0.263
trace:         score_window: window_len=10, match_len=7, line_score=0.419, ratio_lines=0.353, final_score=0.569
trace:         score_window: window_len=9, match_len=7, line_score=0.563, ratio_lines=0.500, final_score=0.590
trace:         score_window: window_len=11, match_len=7, line_score=0.416, ratio_lines=0.333, final_score=0.502
trace:         score_window: window_len=2, match_len=7, line_score=0.222, ratio_lines=0.222, final_score=0.222
trace:         score_window: window_len=4, match_len=7, line_score=0.000, ratio_lines=0.000, final_score=0.283
trace:         score_window: window_len=12, match_len=7, line_score=0.413, ratio_lines=0.316, final_score=0.483
trace:         score_window: window_len=10, match_len=7, line_score=0.699, ratio_lines=0.588, final_score=0.699
trace:         score_window: window_len=13, match_len=7, line_score=0.410, ratio_lines=0.300, final_score=0.469
trace:         score_window: window_len=3, match_len=7, line_score=0.000, ratio_lines=0.000, final_score=0.275
trace:         score_window: window_len=14, match_len=7, line_score=0.407, ratio_lines=0.286, final_score=0.456
trace:         score_window: window_len=7, match_len=7, line_score=0.429, ratio_lines=0.429, final_score=0.599
trace:         score_window: window_len=15, match_len=7, line_score=0.404, ratio_lines=0.273, final_score=0.440
trace:         score_window: window_len=6, match_len=7, line_score=0.462, ratio_lines=0.462, final_score=0.605
trace:         score_window: window_len=16, match_len=7, line_score=0.401, ratio_lines=0.261, final_score=0.428
trace:         score_window: window_len=8, match_len=7, line_score=0.567, ratio_lines=0.533, final_score=0.636
trace:         score_window: window_len=17, match_len=7, line_score=0.398, ratio_lines=0.250, final_score=0.418
trace:         score_window: window_len=5, match_len=7, line_score=0.333, ratio_lines=0.333, final_score=0.408
trace:         score_window: window_len=4, match_len=7, line_score=0.182, ratio_lines=0.182, final_score=0.298
trace:         score_window: window_len=18, match_len=7, line_score=0.395, ratio_lines=0.240, final_score=0.404
trace:         score_window: window_len=7, match_len=7, line_score=0.571, ratio_lines=0.571, final_score=0.707
trace:         score_window: window_len=19, match_len=7, line_score=0.392, ratio_lines=0.231, final_score=0.400
trace:         score_window: window_len=6, match_len=7, line_score=0.462, ratio_lines=0.462, final_score=0.669
trace:         score_window: window_len=5, match_len=7, line_score=0.500, ratio_lines=0.500, final_score=0.678
trace:         score_window: window_len=20, match_len=7, line_score=0.389, ratio_lines=0.222, final_score=0.389
trace:         score_window: window_len=4, match_len=7, line_score=0.364, ratio_lines=0.364, final_score=0.466
trace:         score_window: window_len=6, match_len=7, line_score=0.615, ratio_lines=0.615, final_score=0.786
trace:         score_window: window_len=5, match_len=7, line_score=0.500, ratio_lines=0.500, final_score=0.748
trace:         score_window: window_len=21, match_len=7, line_score=0.386, ratio_lines=0.214, final_score=0.386
trace:         score_window: window_len=4, match_len=7, line_score=0.545, ratio_lines=0.545, final_score=0.760
trace:         score_window: window_len=3, match_len=7, line_score=0.400, ratio_lines=0.400, final_score=0.534
trace:         score_window: window_len=2, match_len=7, line_score=0.222, ratio_lines=0.222, final_score=0.354
trace:         score_window: window_len=5, match_len=7, line_score=0.667, ratio_lines=0.667, final_score=0.813
trace:         score_window: window_len=4, match_len=7, line_score=0.545, ratio_lines=0.545, final_score=0.773
trace:         score_window: window_len=3, match_len=7, line_score=0.600, ratio_lines=0.600, final_score=0.788
trace:         score_window: window_len=2, match_len=7, line_score=0.444, ratio_lines=0.444, final_score=0.557
trace:         score_window: window_len=7, match_len=7, line_score=0.429, ratio_lines=0.429, final_score=0.563
trace:         score_window: window_len=5, match_len=7, line_score=0.667, ratio_lines=0.667, final_score=0.718
trace:         score_window: window_len=4, match_len=7, line_score=0.545, ratio_lines=0.545, final_score=0.645
trace:         score_window: window_len=10, match_len=7, line_score=0.699, ratio_lines=0.588, final_score=0.699
trace:         score_window: window_len=3, match_len=7, line_score=0.400, ratio_lines=0.400, final_score=0.592
trace:         score_window: window_len=6, match_len=7, line_score=0.308, ratio_lines=0.308, final_score=0.492
trace:         score_window: window_len=11, match_len=7, line_score=0.694, ratio_lines=0.556, final_score=0.694
trace:         score_window: window_len=2, match_len=7, line_score=0.444, ratio_lines=0.444, final_score=0.600
trace:         score_window: window_len=8, match_len=7, line_score=0.426, ratio_lines=0.400, final_score=0.596
trace:         score_window: window_len=12, match_len=7, line_score=0.689, ratio_lines=0.526, final_score=0.689
trace:         score_window: window_len=13, match_len=7, line_score=0.684, ratio_lines=0.500, final_score=0.684
trace:         score_window: window_len=5, match_len=7, line_score=0.167, ratio_lines=0.167, final_score=0.530
trace:         score_window: window_len=14, match_len=7, line_score=0.679, ratio_lines=0.476, final_score=0.679
trace:         score_window: window_len=15, match_len=7, line_score=0.673, ratio_lines=0.455, final_score=0.673
trace:         score_window: window_len=9, match_len=7, line_score=0.422, ratio_lines=0.375, final_score=0.573
trace:         score_window: window_len=16, match_len=7, line_score=0.668, ratio_lines=0.435, final_score=0.668
trace:         score_window: window_len=17, match_len=7, line_score=0.663, ratio_lines=0.417, final_score=0.663
trace:         score_window: window_len=4, match_len=7, line_score=0.182, ratio_lines=0.182, final_score=0.492
trace:         score_window: window_len=18, match_len=7, line_score=0.658, ratio_lines=0.400, final_score=0.658
trace:         score_window: window_len=10, match_len=7, line_score=0.419, ratio_lines=0.353, final_score=0.507
trace:         score_window: window_len=19, match_len=7, line_score=0.653, ratio_lines=0.385, final_score=0.653
trace:         score_window: window_len=11, match_len=7, line_score=0.416, ratio_lines=0.333, final_score=0.487
trace:         score_window: window_len=2, match_len=7, line_score=0.222, ratio_lines=0.222, final_score=0.303
trace:         score_window: window_len=20, match_len=7, line_score=0.648, ratio_lines=0.370, final_score=0.648
trace:         score_window: window_len=21, match_len=7, line_score=0.643, ratio_lines=0.357, final_score=0.643
trace:         score_window: window_len=12, match_len=7, line_score=0.413, ratio_lines=0.316, final_score=0.472
trace:         score_window: window_len=22, match_len=7, line_score=0.638, ratio_lines=0.345, final_score=0.638
trace:         score_window: window_len=13, match_len=7, line_score=0.410, ratio_lines=0.300, final_score=0.458
trace:         score_window: window_len=23, match_len=7, line_score=0.633, ratio_lines=0.333, final_score=0.633
trace:         score_window: window_len=24, match_len=7, line_score=0.628, ratio_lines=0.323, final_score=0.628
trace:         score_window: window_len=14, match_len=7, line_score=0.407, ratio_lines=0.286, final_score=0.442
trace:         score_window: window_len=25, match_len=7, line_score=0.622, ratio_lines=0.312, final_score=0.622
trace:         score_window: window_len=26, match_len=7, line_score=0.617, ratio_lines=0.303, final_score=0.617
trace:         score_window: window_len=27, match_len=7, line_score=0.612, ratio_lines=0.294, final_score=0.612
trace:         score_window: window_len=15, match_len=7, line_score=0.404, ratio_lines=0.273, final_score=0.430
trace:         score_window: window_len=28, match_len=7, line_score=0.607, ratio_lines=0.286, final_score=0.607
trace:         score_window: window_len=29, match_len=7, line_score=0.602, ratio_lines=0.278, final_score=0.602
trace:         score_window: window_len=16, match_len=7, line_score=0.401, ratio_lines=0.261, final_score=0.419
trace:         score_window: window_len=30, match_len=7, line_score=0.597, ratio_lines=0.270, final_score=0.597
trace:         score_window: window_len=7, match_len=7, line_score=0.571, ratio_lines=0.571, final_score=0.667
trace:         score_window: window_len=17, match_len=7, line_score=0.398, ratio_lines=0.250, final_score=0.405
trace:         score_window: window_len=6, match_len=7, line_score=0.615, ratio_lines=0.615, final_score=0.698
trace:         score_window: window_len=18, match_len=7, line_score=0.395, ratio_lines=0.240, final_score=0.401
trace:         score_window: window_len=8, match_len=7, line_score=0.567, ratio_lines=0.533, final_score=0.663
trace:         score_window: window_len=5, match_len=7, line_score=0.667, ratio_lines=0.667, final_score=0.752
trace:         score_window: window_len=9, match_len=7, line_score=0.563, ratio_lines=0.500, final_score=0.601
trace:         score_window: window_len=4, match_len=7, line_score=0.545, ratio_lines=0.545, final_score=0.584
trace:         score_window: window_len=19, match_len=7, line_score=0.392, ratio_lines=0.231, final_score=0.392
trace:         score_window: window_len=10, match_len=7, line_score=0.559, ratio_lines=0.471, final_score=0.577
trace:         score_window: window_len=3, match_len=7, line_score=0.400, ratio_lines=0.400, final_score=0.494
trace:         score_window: window_len=20, match_len=7, line_score=0.389, ratio_lines=0.222, final_score=0.389
trace:         score_window: window_len=11, match_len=7, line_score=0.555, ratio_lines=0.444, final_score=0.574
trace:         score_window: window_len=2, match_len=7, line_score=0.222, ratio_lines=0.222, final_score=0.425
trace:         score_window: window_len=21, match_len=7, line_score=0.386, ratio_lines=0.214, final_score=0.386
trace:         score_window: window_len=12, match_len=7, line_score=0.551, ratio_lines=0.421, final_score=0.551
trace:         score_window: window_len=13, match_len=7, line_score=0.547, ratio_lines=0.400, final_score=0.547
trace:         score_window: window_len=7, match_len=7, line_score=0.286, ratio_lines=0.286, final_score=0.585
trace:         score_window: window_len=14, match_len=7, line_score=0.543, ratio_lines=0.381, final_score=0.543
trace:         score_window: window_len=15, match_len=7, line_score=0.539, ratio_lines=0.364, final_score=0.539
trace:         score_window: window_len=16, match_len=7, line_score=0.535, ratio_lines=0.348, final_score=0.535
trace:         score_window: window_len=6, match_len=7, line_score=0.308, ratio_lines=0.308, final_score=0.551
trace:         score_window: window_len=17, match_len=7, line_score=0.531, ratio_lines=0.333, final_score=0.531
trace:         score_window: window_len=8, match_len=7, line_score=0.284, ratio_lines=0.267, final_score=0.504
trace:         score_window: window_len=18, match_len=7, line_score=0.527, ratio_lines=0.320, final_score=0.527
trace:         score_window: window_len=19, match_len=7, line_score=0.522, ratio_lines=0.308, final_score=0.522
trace:         score_window: window_len=5, match_len=7, line_score=0.167, ratio_lines=0.167, final_score=0.478
trace:         score_window: window_len=20, match_len=7, line_score=0.518, ratio_lines=0.296, final_score=0.518
trace:         score_window: window_len=9, match_len=7, line_score=0.282, ratio_lines=0.250, final_score=0.483
trace:         score_window: window_len=21, match_len=7, line_score=0.514, ratio_lines=0.286, final_score=0.514
trace:         score_window: window_len=22, match_len=7, line_score=0.510, ratio_lines=0.276, final_score=0.510
trace:         score_window: window_len=23, match_len=7, line_score=0.506, ratio_lines=0.267, final_score=0.506
trace:         score_window: window_len=4, match_len=7, line_score=0.000, ratio_lines=0.000, final_score=0.513
trace:         score_window: window_len=24, match_len=7, line_score=0.502, ratio_lines=0.258, final_score=0.502
trace:         score_window: window_len=25, match_len=7, line_score=0.498, ratio_lines=0.250, final_score=0.498
trace:         score_window: window_len=10, match_len=7, line_score=0.280, ratio_lines=0.235, final_score=0.463
trace:         score_window: window_len=26, match_len=7, line_score=0.494, ratio_lines=0.242, final_score=0.494
trace:         score_window: window_len=27, match_len=7, line_score=0.490, ratio_lines=0.235, final_score=0.490
trace:         score_window: window_len=28, match_len=7, line_score=0.486, ratio_lines=0.229, final_score=0.486
trace:         score_window: window_len=3, match_len=7, line_score=0.000, ratio_lines=0.000, final_score=0.474
trace:         score_window: window_len=29, match_len=7, line_score=0.482, ratio_lines=0.222, final_score=0.482
trace:         score_window: window_len=30, match_len=7, line_score=0.478, ratio_lines=0.216, final_score=0.478
trace:         score_window: window_len=11, match_len=7, line_score=0.278, ratio_lines=0.222, final_score=0.450
trace:         score_window: window_len=7, match_len=7, line_score=0.429, ratio_lines=0.429, final_score=0.521
trace:         score_window: window_len=6, match_len=7, line_score=0.462, ratio_lines=0.462, final_score=0.524
trace:         score_window: window_len=12, match_len=7, line_score=0.276, ratio_lines=0.211, final_score=0.438
trace:         score_window: window_len=8, match_len=7, line_score=0.426, ratio_lines=0.400, final_score=0.467
trace:         score_window: window_len=5, match_len=7, line_score=0.500, ratio_lines=0.500, final_score=0.500
trace:         score_window: window_len=9, match_len=7, line_score=0.422, ratio_lines=0.375, final_score=0.447
trace:         score_window: window_len=4, match_len=7, line_score=0.545, ratio_lines=0.545, final_score=0.545
trace:         score_window: window_len=7, match_len=7, line_score=0.286, ratio_lines=0.286, final_score=0.476
trace:         score_window: window_len=10, match_len=7, line_score=0.419, ratio_lines=0.353, final_score=0.444
trace:         score_window: window_len=3, match_len=7, line_score=0.400, ratio_lines=0.400, final_score=0.400
trace:         score_window: window_len=11, match_len=7, line_score=0.416, ratio_lines=0.333, final_score=0.419
trace:         score_window: window_len=2, match_len=7, line_score=0.222, ratio_lines=0.222, final_score=0.222
trace:         score_window: window_len=6, match_len=7, line_score=0.308, ratio_lines=0.308, final_score=0.497
trace:         score_window: window_len=12, match_len=7, line_score=0.413, ratio_lines=0.316, final_score=0.413
trace:         score_window: window_len=13, match_len=7, line_score=0.410, ratio_lines=0.300, final_score=0.410
trace:         score_window: window_len=14, match_len=7, line_score=0.407, ratio_lines=0.286, final_score=0.407
trace:         score_window: window_len=15, match_len=7, line_score=0.404, ratio_lines=0.273, final_score=0.404
trace:         score_window: window_len=8, match_len=7, line_score=0.284, ratio_lines=0.267, final_score=0.465
trace:         score_window: window_len=16, match_len=7, line_score=0.401, ratio_lines=0.261, final_score=0.401
trace:         score_window: window_len=17, match_len=7, line_score=0.398, ratio_lines=0.250, final_score=0.398
trace:         score_window: window_len=5, match_len=7, line_score=0.333, ratio_lines=0.333, final_score=0.497
trace:         score_window: window_len=18, match_len=7, line_score=0.395, ratio_lines=0.240, final_score=0.395
trace:         score_window: window_len=19, match_len=7, line_score=0.392, ratio_lines=0.231, final_score=0.392
trace:         score_window: window_len=20, match_len=7, line_score=0.389, ratio_lines=0.222, final_score=0.389
trace:         score_window: window_len=21, match_len=7, line_score=0.386, ratio_lines=0.214, final_score=0.386
trace:         score_window: window_len=9, match_len=7, line_score=0.282, ratio_lines=0.250, final_score=0.445
trace:         score_window: window_len=7, match_len=7, line_score=0.429, ratio_lines=0.429, final_score=0.466
trace:         score_window: window_len=4, match_len=7, line_score=0.182, ratio_lines=0.182, final_score=0.417
trace:         score_window: window_len=6, match_len=7, line_score=0.462, ratio_lines=0.462, final_score=0.520
trace:         score_window: window_len=8, match_len=7, line_score=0.426, ratio_lines=0.400, final_score=0.445
trace:         score_window: window_len=5, match_len=7, line_score=0.500, ratio_lines=0.500, final_score=0.524
trace:         score_window: window_len=9, match_len=7, line_score=0.422, ratio_lines=0.375, final_score=0.443
trace:         score_window: window_len=4, match_len=7, line_score=0.545, ratio_lines=0.545, final_score=0.545
trace:         score_window: window_len=10, match_len=7, line_score=0.280, ratio_lines=0.235, final_score=0.436
trace:         score_window: window_len=10, match_len=7, line_score=0.419, ratio_lines=0.353, final_score=0.419
trace:         score_window: window_len=3, match_len=7, line_score=0.600, ratio_lines=0.600, final_score=0.600
trace:         score_window: window_len=3, match_len=7, line_score=0.000, ratio_lines=0.000, final_score=0.400
trace:         score_window: window_len=11, match_len=7, line_score=0.416, ratio_lines=0.333, final_score=0.416
trace:         score_window: window_len=2, match_len=7, line_score=0.444, ratio_lines=0.444, final_score=0.444
trace:         score_window: window_len=11, match_len=7, line_score=0.278, ratio_lines=0.222, final_score=0.403
trace:         score_window: window_len=12, match_len=7, line_score=0.413, ratio_lines=0.316, final_score=0.413
trace:         score_window: window_len=13, match_len=7, line_score=0.410, ratio_lines=0.300, final_score=0.410
trace:         score_window: window_len=12, match_len=7, line_score=0.276, ratio_lines=0.211, final_score=0.387
trace:         score_window: window_len=14, match_len=7, line_score=0.407, ratio_lines=0.286, final_score=0.407
trace:         score_window: window_len=15, match_len=7, line_score=0.404, ratio_lines=0.273, final_score=0.404
trace:         score_window: window_len=16, match_len=7, line_score=0.401, ratio_lines=0.261, final_score=0.401
trace:         score_window: window_len=7, match_len=7, line_score=0.286, ratio_lines=0.286, final_score=0.445
trace:         score_window: window_len=17, match_len=7, line_score=0.398, ratio_lines=0.250, final_score=0.398
trace:         score_window: window_len=18, match_len=7, line_score=0.395, ratio_lines=0.240, final_score=0.395
trace:         score_window: window_len=6, match_len=7, line_score=0.308, ratio_lines=0.308, final_score=0.456
trace:         score_window: window_len=19, match_len=7, line_score=0.392, ratio_lines=0.231, final_score=0.392
trace:         score_window: window_len=20, match_len=7, line_score=0.389, ratio_lines=0.222, final_score=0.389
trace:         score_window: window_len=21, match_len=7, line_score=0.386, ratio_lines=0.214, final_score=0.386
trace:         score_window: window_len=8, match_len=7, line_score=0.284, ratio_lines=0.267, final_score=0.424
trace:         score_window: window_len=7, match_len=7, line_score=0.286, ratio_lines=0.286, final_score=0.342
trace:         score_window: window_len=5, match_len=7, line_score=0.333, ratio_lines=0.333, final_score=0.479
trace:         score_window: window_len=6, match_len=7, line_score=0.308, ratio_lines=0.308, final_score=0.360
trace:         score_window: window_len=8, match_len=7, line_score=0.284, ratio_lines=0.267, final_score=0.340
trace:         score_window: window_len=5, match_len=7, line_score=0.333, ratio_lines=0.333, final_score=0.333
trace:         score_window: window_len=9, match_len=7, line_score=0.282, ratio_lines=0.250, final_score=0.415
trace:         score_window: window_len=9, match_len=7, line_score=0.282, ratio_lines=0.250, final_score=0.319
trace:         score_window: window_len=4, match_len=7, line_score=0.364, ratio_lines=0.364, final_score=0.364
trace:         score_window: window_len=4, match_len=7, line_score=0.364, ratio_lines=0.364, final_score=0.425
trace:         score_window: window_len=10, match_len=7, line_score=0.280, ratio_lines=0.235, final_score=0.280
trace:         score_window: window_len=3, match_len=7, line_score=0.400, ratio_lines=0.400, final_score=0.400
trace:         score_window: window_len=11, match_len=7, line_score=0.278, ratio_lines=0.222, final_score=0.278
trace:         score_window: window_len=2, match_len=7, line_score=0.444, ratio_lines=0.444, final_score=0.444
trace:         score_window: window_len=10, match_len=7, line_score=0.280, ratio_lines=0.235, final_score=0.406
trace:         score_window: window_len=12, match_len=7, line_score=0.276, ratio_lines=0.211, final_score=0.276
trace:         score_window: window_len=3, match_len=7, line_score=0.200, ratio_lines=0.200, final_score=0.331
trace:         score_window: window_len=7, match_len=7, line_score=0.143, ratio_lines=0.143, final_score=0.238
trace:         score_window: window_len=6, match_len=7, line_score=0.154, ratio_lines=0.154, final_score=0.239
trace:         score_window: window_len=11, match_len=7, line_score=0.278, ratio_lines=0.222, final_score=0.391
trace:         score_window: window_len=8, match_len=7, line_score=0.142, ratio_lines=0.133, final_score=0.222
trace:         score_window: window_len=12, match_len=7, line_score=0.276, ratio_lines=0.211, final_score=0.315
trace:         score_window: window_len=9, match_len=7, line_score=0.141, ratio_lines=0.125, final_score=0.187
trace:         score_window: window_len=10, match_len=7, line_score=0.140, ratio_lines=0.118, final_score=0.160
trace:         score_window: window_len=7, match_len=7, line_score=0.286, ratio_lines=0.286, final_score=0.395
trace:         score_window: window_len=2, match_len=7, line_score=0.222, ratio_lines=0.222, final_score=0.222
trace:         score_window: window_len=6, match_len=7, line_score=0.308, ratio_lines=0.308, final_score=0.417
trace:         score_window: window_len=8, match_len=7, line_score=0.284, ratio_lines=0.267, final_score=0.386
trace:         score_window: window_len=8, match_len=7, line_score=0.142, ratio_lines=0.133, final_score=0.272
trace:         score_window: window_len=5, match_len=7, line_score=0.333, ratio_lines=0.333, final_score=0.429
trace:         score_window: window_len=9, match_len=7, line_score=0.141, ratio_lines=0.125, final_score=0.233
trace:         score_window: window_len=9, match_len=7, line_score=0.282, ratio_lines=0.250, final_score=0.377
trace:         score_window: window_len=4, match_len=7, line_score=0.364, ratio_lines=0.364, final_score=0.453
trace:         score_window: window_len=21, match_len=7, line_score=0.386, ratio_lines=0.214, final_score=0.386
trace:         score_window: window_len=10, match_len=7, line_score=0.280, ratio_lines=0.235, final_score=0.361
trace:         score_window: window_len=3, match_len=7, line_score=0.400, ratio_lines=0.400, final_score=0.400
trace:         score_window: window_len=7, match_len=7, line_score=0.143, ratio_lines=0.143, final_score=0.246
trace:         score_window: window_len=11, match_len=7, line_score=0.278, ratio_lines=0.222, final_score=0.348
trace:         score_window: window_len=2, match_len=7, line_score=0.222, ratio_lines=0.222, final_score=0.251
trace:         score_window: window_len=8, match_len=7, line_score=0.142, ratio_lines=0.133, final_score=0.224
trace:         score_window: window_len=2, match_len=7, line_score=0.222, ratio_lines=0.222, final_score=0.222
trace:         score_window: window_len=12, match_len=7, line_score=0.276, ratio_lines=0.211, final_score=0.341
trace:         score_window: window_len=20, match_len=7, line_score=0.389, ratio_lines=0.222, final_score=0.389
trace:         score_window: window_len=21, match_len=7, line_score=0.386, ratio_lines=0.214, final_score=0.386
trace:         score_window: window_len=13, match_len=7, line_score=0.273, ratio_lines=0.200, final_score=0.331
trace:         score_window: window_len=14, match_len=7, line_score=0.271, ratio_lines=0.190, final_score=0.330
trace:         score_window: window_len=7, match_len=7, line_score=0.143, ratio_lines=0.143, final_score=0.225
trace:         score_window: window_len=7, match_len=7, line_score=0.286, ratio_lines=0.286, final_score=0.379
trace:         score_window: window_len=6, match_len=7, line_score=0.154, ratio_lines=0.154, final_score=0.248
trace:         score_window: window_len=6, match_len=7, line_score=0.308, ratio_lines=0.308, final_score=0.391
trace:         score_window: window_len=8, match_len=7, line_score=0.284, ratio_lines=0.267, final_score=0.369
trace:         score_window: window_len=5, match_len=7, line_score=0.333, ratio_lines=0.333, final_score=0.417
trace:         score_window: window_len=8, match_len=7, line_score=0.142, ratio_lines=0.133, final_score=0.216
trace:         score_window: window_len=9, match_len=7, line_score=0.282, ratio_lines=0.250, final_score=0.351
trace:         score_window: window_len=4, match_len=7, line_score=0.364, ratio_lines=0.364, final_score=0.364
trace:         score_window: window_len=2, match_len=7, line_score=0.222, ratio_lines=0.222, final_score=0.222
trace:         score_window: window_len=10, match_len=7, line_score=0.280, ratio_lines=0.235, final_score=0.336
trace:         score_window: window_len=3, match_len=7, line_score=0.400, ratio_lines=0.400, final_score=0.400
trace:         score_window: window_len=19, match_len=7, line_score=0.392, ratio_lines=0.231, final_score=0.392
trace:         score_window: window_len=20, match_len=7, line_score=0.389, ratio_lines=0.222, final_score=0.389
trace:         score_window: window_len=11, match_len=7, line_score=0.278, ratio_lines=0.222, final_score=0.329
trace:         score_window: window_len=2, match_len=7, line_score=0.444, ratio_lines=0.444, final_score=0.444
trace:         score_window: window_len=21, match_len=7, line_score=0.386, ratio_lines=0.214, final_score=0.386
trace:         score_window: window_len=12, match_len=7, line_score=0.276, ratio_lines=0.211, final_score=0.317
trace:         score_window: window_len=13, match_len=7, line_score=0.273, ratio_lines=0.200, final_score=0.316
trace:         score_window: window_len=7, match_len=7, line_score=0.143, ratio_lines=0.143, final_score=0.221
trace:         score_window: window_len=14, match_len=7, line_score=0.271, ratio_lines=0.190, final_score=0.291
trace:         score_window: window_len=15, match_len=7, line_score=0.269, ratio_lines=0.182, final_score=0.281
trace:         score_window: window_len=6, match_len=7, line_score=0.154, ratio_lines=0.154, final_score=0.239
trace:         score_window: window_len=16, match_len=7, line_score=0.267, ratio_lines=0.174, final_score=0.280
trace:         score_window: window_len=5, match_len=7, line_score=0.167, ratio_lines=0.167, final_score=0.265
trace:         score_window: window_len=18, match_len=7, line_score=0.395, ratio_lines=0.240, final_score=0.395
trace:         score_window: window_len=17, match_len=7, line_score=0.265, ratio_lines=0.167, final_score=0.268
trace:         score_window: window_len=19, match_len=7, line_score=0.392, ratio_lines=0.231, final_score=0.392
trace:         score_window: window_len=7, match_len=7, line_score=0.143, ratio_lines=0.143, final_score=0.316
trace:         score_window: window_len=20, match_len=7, line_score=0.389, ratio_lines=0.222, final_score=0.389
trace:         score_window: window_len=21, match_len=7, line_score=0.386, ratio_lines=0.214, final_score=0.386
trace:         score_window: window_len=6, match_len=7, line_score=0.154, ratio_lines=0.154, final_score=0.320
trace:         score_window: window_len=8, match_len=7, line_score=0.142, ratio_lines=0.133, final_score=0.300
trace:         score_window: window_len=6, match_len=7, line_score=0.154, ratio_lines=0.154, final_score=0.246
trace:         score_window: window_len=5, match_len=7, line_score=0.167, ratio_lines=0.167, final_score=0.313
trace:         score_window: window_len=9, match_len=7, line_score=0.141, ratio_lines=0.125, final_score=0.288
trace:         score_window: window_len=5, match_len=7, line_score=0.167, ratio_lines=0.167, final_score=0.291
trace:         score_window: window_len=2, match_len=7, line_score=0.222, ratio_lines=0.222, final_score=0.222
trace:         score_window: window_len=10, match_len=7, line_score=0.140, ratio_lines=0.118, final_score=0.281
trace:         score_window: window_len=17, match_len=7, line_score=0.398, ratio_lines=0.250, final_score=0.398
trace:         score_window: window_len=18, match_len=7, line_score=0.395, ratio_lines=0.240, final_score=0.395
trace:         score_window: window_len=11, match_len=7, line_score=0.139, ratio_lines=0.111, final_score=0.205
trace:         score_window: window_len=2, match_len=7, line_score=0.222, ratio_lines=0.222, final_score=0.222
trace:         score_window: window_len=19, match_len=7, line_score=0.392, ratio_lines=0.231, final_score=0.392
trace:         score_window: window_len=20, match_len=7, line_score=0.389, ratio_lines=0.222, final_score=0.389
trace:         score_window: window_len=12, match_len=7, line_score=0.138, ratio_lines=0.105, final_score=0.204
trace:         score_window: window_len=21, match_len=7, line_score=0.386, ratio_lines=0.214, final_score=0.386
trace:         score_window: window_len=13, match_len=7, line_score=0.137, ratio_lines=0.100, final_score=0.236
trace:         score_window: window_len=5, match_len=7, line_score=0.167, ratio_lines=0.167, final_score=0.251
trace:         score_window: window_len=14, match_len=7, line_score=0.136, ratio_lines=0.095, final_score=0.247
trace:         score_window: window_len=4, match_len=7, line_score=0.182, ratio_lines=0.182, final_score=0.280
trace:         score_window: window_len=2, match_len=7, line_score=0.222, ratio_lines=0.222, final_score=0.222
trace:         score_window: window_len=15, match_len=7, line_score=0.135, ratio_lines=0.091, final_score=0.246
trace:         score_window: window_len=16, match_len=7, line_score=0.401, ratio_lines=0.261, final_score=0.401
trace:         score_window: window_len=16, match_len=7, line_score=0.134, ratio_lines=0.087, final_score=0.246
trace:         score_window: window_len=17, match_len=7, line_score=0.398, ratio_lines=0.250, final_score=0.398
trace:         score_window: window_len=18, match_len=7, line_score=0.395, ratio_lines=0.240, final_score=0.395
trace:         score_window: window_len=7, match_len=7, line_score=0.000, ratio_lines=0.000, final_score=0.293
trace:         score_window: window_len=19, match_len=7, line_score=0.392, ratio_lines=0.231, final_score=0.392
trace:         score_window: window_len=20, match_len=7, line_score=0.389, ratio_lines=0.222, final_score=0.389
trace:         score_window: window_len=8, match_len=7, line_score=0.000, ratio_lines=0.000, final_score=0.280
trace:         score_window: window_len=21, match_len=7, line_score=0.386, ratio_lines=0.214, final_score=0.386
trace:         score_window: window_len=9, match_len=7, line_score=0.000, ratio_lines=0.000, final_score=0.274
trace:         score_window: window_len=4, match_len=7, line_score=0.000, ratio_lines=0.000, final_score=0.234
trace:         score_window: window_len=3, match_len=7, line_score=0.000, ratio_lines=0.000, final_score=0.261
trace:         score_window: window_len=10, match_len=7, line_score=0.000, ratio_lines=0.000, final_score=0.214
trace:         score_window: window_len=15, match_len=7, line_score=0.404, ratio_lines=0.273, final_score=0.404
trace:         score_window: window_len=11, match_len=7, line_score=0.139, ratio_lines=0.111, final_score=0.245
trace:         score_window: window_len=16, match_len=7, line_score=0.401, ratio_lines=0.261, final_score=0.401
trace:         score_window: window_len=17, match_len=7, line_score=0.398, ratio_lines=0.250, final_score=0.398
trace:         score_window: window_len=18, match_len=7, line_score=0.395, ratio_lines=0.240, final_score=0.395
trace:         score_window: window_len=12, match_len=7, line_score=0.138, ratio_lines=0.105, final_score=0.238
trace:         score_window: window_len=19, match_len=7, line_score=0.392, ratio_lines=0.231, final_score=0.392
trace:         score_window: window_len=20, match_len=7, line_score=0.389, ratio_lines=0.222, final_score=0.389
trace:         score_window: window_len=13, match_len=7, line_score=0.137, ratio_lines=0.100, final_score=0.250
trace:         score_window: window_len=21, match_len=7, line_score=0.386, ratio_lines=0.214, final_score=0.386
trace:         score_window: window_len=8, match_len=7, line_score=0.000, ratio_lines=0.000, final_score=0.192
trace:         score_window: window_len=14, match_len=7, line_score=0.136, ratio_lines=0.095, final_score=0.249
trace:         score_window: window_len=9, match_len=7, line_score=0.000, ratio_lines=0.000, final_score=0.181
trace:         score_window: window_len=10, match_len=7, line_score=0.140, ratio_lines=0.118, final_score=0.215
trace:         score_window: window_len=15, match_len=7, line_score=0.135, ratio_lines=0.091, final_score=0.249
trace:         score_window: window_len=11, match_len=7, line_score=0.139, ratio_lines=0.111, final_score=0.194
trace:         score_window: window_len=8, match_len=7, line_score=0.142, ratio_lines=0.133, final_score=0.202
trace:         score_window: window_len=12, match_len=7, line_score=0.138, ratio_lines=0.105, final_score=0.185
trace:         score_window: window_len=9, match_len=7, line_score=0.141, ratio_lines=0.125, final_score=0.182
trace:         score_window: window_len=13, match_len=7, line_score=0.137, ratio_lines=0.100, final_score=0.182
trace:         score_window: window_len=7, match_len=7, line_score=0.143, ratio_lines=0.143, final_score=0.246
trace:         score_window: window_len=14, match_len=7, line_score=0.136, ratio_lines=0.095, final_score=0.173
trace:         score_window: window_len=8, match_len=7, line_score=0.142, ratio_lines=0.133, final_score=0.224
trace:         score_window: window_len=2, match_len=7, line_score=0.222, ratio_lines=0.222, final_score=0.222
trace:         score_window: window_len=15, match_len=7, line_score=0.135, ratio_lines=0.091, final_score=0.156
trace:         score_window: window_len=7, match_len=7, line_score=0.143, ratio_lines=0.143, final_score=0.225
trace:         score_window: window_len=8, match_len=7, line_score=0.000, ratio_lines=0.000, final_score=0.178
trace:         score_window: window_len=6, match_len=7, line_score=0.154, ratio_lines=0.154, final_score=0.248
trace:         score_window: window_len=9, match_len=7, line_score=0.141, ratio_lines=0.125, final_score=0.214
trace:         score_window: window_len=2, match_len=7, line_score=0.222, ratio_lines=0.222, final_score=0.222
trace:         score_window: window_len=10, match_len=7, line_score=0.140, ratio_lines=0.118, final_score=0.192
trace:         score_window: window_len=6, match_len=7, line_score=0.154, ratio_lines=0.154, final_score=0.239
trace:         score_window: window_len=11, match_len=7, line_score=0.139, ratio_lines=0.111, final_score=0.183
trace:         score_window: window_len=5, match_len=7, line_score=0.167, ratio_lines=0.167, final_score=0.265
trace:         score_window: window_len=12, match_len=7, line_score=0.138, ratio_lines=0.105, final_score=0.180
trace:         score_window: window_len=5, match_len=7, line_score=0.167, ratio_lines=0.167, final_score=0.246
trace:         score_window: window_len=2, match_len=7, line_score=0.222, ratio_lines=0.222, final_score=0.222
trace:         score_window: window_len=13, match_len=7, line_score=0.137, ratio_lines=0.100, final_score=0.181
trace:         score_window: window_len=4, match_len=7, line_score=0.182, ratio_lines=0.182, final_score=0.238
trace:         score_window: window_len=2, match_len=7, line_score=0.222, ratio_lines=0.222, final_score=0.222
trace:         score_window: window_len=14, match_len=7, line_score=0.136, ratio_lines=0.095, final_score=0.157
trace:         score_window: window_len=3, match_len=7, line_score=0.000, ratio_lines=0.000, final_score=0.220
trace:         score_window: window_len=9, match_len=7, line_score=0.141, ratio_lines=0.125, final_score=0.190
trace:         score_window: window_len=2, match_len=7, line_score=0.000, ratio_lines=0.000, final_score=0.170
trace:         score_window: window_len=10, match_len=7, line_score=0.140, ratio_lines=0.118, final_score=0.180
trace:         score_window: window_len=8, match_len=7, line_score=0.142, ratio_lines=0.133, final_score=0.188
trace:         score_window: window_len=11, match_len=7, line_score=0.139, ratio_lines=0.111, final_score=0.177
trace:         score_window: window_len=9, match_len=7, line_score=0.141, ratio_lines=0.125, final_score=0.183
trace:         score_window: window_len=10, match_len=7, line_score=0.140, ratio_lines=0.118, final_score=0.183
trace:         score_window: window_len=12, match_len=7, line_score=0.138, ratio_lines=0.105, final_score=0.190
trace:         score_window: window_len=11, match_len=7, line_score=0.139, ratio_lines=0.111, final_score=0.201
trace:         score_window: window_len=13, match_len=7, line_score=0.137, ratio_lines=0.100, final_score=0.164
trace:         score_window: window_len=7, match_len=7, line_score=0.143, ratio_lines=0.143, final_score=0.195
trace:         score_window: window_len=12, match_len=7, line_score=0.138, ratio_lines=0.105, final_score=0.172
trace:         score_window: window_len=8, match_len=7, line_score=0.142, ratio_lines=0.133, final_score=0.194
trace:         score_window: window_len=8, match_len=7, line_score=0.142, ratio_lines=0.133, final_score=0.189
trace:         score_window: window_len=9, match_len=7, line_score=0.141, ratio_lines=0.125, final_score=0.213
trace:         score_window: window_len=9, match_len=7, line_score=0.141, ratio_lines=0.125, final_score=0.188
trace:         score_window: window_len=10, match_len=7, line_score=0.140, ratio_lines=0.118, final_score=0.207
trace:         score_window: window_len=10, match_len=7, line_score=0.140, ratio_lines=0.118, final_score=0.180
trace:         score_window: window_len=11, match_len=7, line_score=0.139, ratio_lines=0.111, final_score=0.176
trace:         score_window: window_len=11, match_len=7, line_score=0.139, ratio_lines=0.111, final_score=0.153
trace:         score_window: window_len=8, match_len=7, line_score=0.142, ratio_lines=0.133, final_score=0.224
trace:         score_window: window_len=9, match_len=7, line_score=0.141, ratio_lines=0.125, final_score=0.188
trace:         score_window: window_len=10, match_len=7, line_score=0.140, ratio_lines=0.118, final_score=0.159
debug:       compute_scored_windows (parallel) complete: scored 1305 window(s). Best candidate score=0.857 at line 3117 (len=7).
trace:       Top fuzzy match candidates:
trace:         - Index 3116, Len 7: Score 0.857 (Ratio 0.857) | Content: ["            # conftest #1: check if get_user_pages_remote() is available", "            # return if not available.", "            # Fall through to conftest #2 if it is present", "            #", "            echo \"$CONFTEST_PREAMBLE", "            #include <linux/mm.h>", "            void conftest_get_user_pages_remote(void) {"]
trace:         - Index 3115, Len 8: Score 0.851 (Ratio 0.851) | Content: ["            #", "            # conftest #1: check if get_user_pages_remote() is available", "            # return if not available.", "            # Fall through to conftest #2 if it is present", "            #", "            echo \"$CONFTEST_PREAMBLE", "            #include <linux/mm.h>", "            void conftest_get_user_pages_remote(void) {"]
trace:         - Index 3116, Len 8: Score 0.851 (Ratio 0.851) | Content: ["            # conftest #1: check if get_user_pages_remote() is available", "            # return if not available.", "            # Fall through to conftest #2 if it is present", "            #", "            echo \"$CONFTEST_PREAMBLE", "            #include <linux/mm.h>", "            void conftest_get_user_pages_remote(void) {", "                get_user_pages_remote();"]
trace:         - Index 3114, Len 9: Score 0.845 (Ratio 0.845) | Content: ["            # all gup code\") in v5.9-rc1 (2020-08-11).", "            #", "            # conftest #1: check if get_user_pages_remote() is available", "            # return if not available.", "            # Fall through to conftest #2 if it is present", "            #", "            echo \"$CONFTEST_PREAMBLE", "            #include <linux/mm.h>", "            void conftest_get_user_pages_remote(void) {"]
trace:         - Index 3115, Len 9: Score 0.845 (Ratio 0.845) | Content: ["            #", "            # conftest #1: check if get_user_pages_remote() is available", "            # return if not available.", "            # Fall through to conftest #2 if it is present", "            #", "            echo \"$CONFTEST_PREAMBLE", "            #include <linux/mm.h>", "            void conftest_get_user_pages_remote(void) {", "                get_user_pages_remote();"]
trace:         New best score: 0.233 (ratio 0.233 [l:0.000,w:0.333]) at index 3101 (window len 7)
trace:         New best score: 0.237 (ratio 0.237 [l:0.000,w:0.338]) at index 3101 (window len 6)
trace:         New best score: 0.688 (ratio 0.688 [l:0.000,w:0.000]) at index 3101 (window len 8)
trace:         New best score: 0.765 (ratio 0.765 [l:0.414,w:0.765]) at index 3101 (window len 22)
trace:         New best score: 0.771 (ratio 0.771 [l:0.429,w:0.771]) at index 3102 (window len 21)
trace:         New best score: 0.778 (ratio 0.778 [l:0.444,w:0.778]) at index 3103 (window len 20)
trace:         New best score: 0.784 (ratio 0.784 [l:0.462,w:0.784]) at index 3104 (window len 19)
trace:         New best score: 0.790 (ratio 0.790 [l:0.480,w:0.790]) at index 3105 (window len 18)
trace:         New best score: 0.796 (ratio 0.796 [l:0.500,w:0.796]) at index 3106 (window len 17)
trace:         New best score: 0.802 (ratio 0.802 [l:0.522,w:0.802]) at index 3107 (window len 16)
trace:         New best score: 0.808 (ratio 0.808 [l:0.545,w:0.808]) at index 3108 (window len 15)
trace:         New best score: 0.814 (ratio 0.814 [l:0.571,w:0.814]) at index 3109 (window len 14)
trace:         New best score: 0.820 (ratio 0.820 [l:0.600,w:0.820]) at index 3110 (window len 13)
trace:         New best score: 0.827 (ratio 0.827 [l:0.632,w:0.827]) at index 3111 (window len 12)
trace:         New best score: 0.833 (ratio 0.833 [l:0.667,w:0.833]) at index 3112 (window len 11)
trace:         New best score: 0.839 (ratio 0.839 [l:0.706,w:0.839]) at index 3113 (window len 10)
trace:         New best score: 0.845 (ratio 0.845 [l:0.750,w:0.845]) at index 3114 (window len 9)
trace:         New best score: 0.851 (ratio 0.851 [l:0.800,w:0.851]) at index 3115 (window len 8)
trace:         New best score: 0.857 (ratio 0.857 [l:0.857,w:0.857]) at index 3116 (window len 7)
debug:     Strategy 3 (Fuzzy): 281 window(s) met threshold 0.70
trace:       Top 3 passing candidates: [("0.857", 3117, 7), ("0.851", 3116, 8), ("0.851", 3117, 8)]
debug:     Top fuzzy candidate: start line 3117 (len=7, score=0.857)
trace:       Adding candidate location at line 3116 (len=8, score=0.851)
trace:       Adding candidate location at line 3117 (len=8, score=0.851)
trace:       Adding candidate location at line 3115 (len=9, score=0.845)
trace:       Adding candidate location at line 3116 (len=9, score=0.845)
trace:       Adding candidate location at line 3117 (len=9, score=0.845)
trace:       Adding candidate location at line 3114 (len=10, score=0.839)
trace:       Adding candidate location at line 3115 (len=10, score=0.839)
trace:       Adding candidate location at line 3116 (len=10, score=0.839)
trace:       Adding candidate location at line 3117 (len=10, score=0.839)
trace:       Adding candidate location at line 3113 (len=11, score=0.833)
trace:       Adding candidate location at line 3114 (len=11, score=0.833)
trace:       Adding candidate location at line 3115 (len=11, score=0.833)
trace:       Adding candidate location at line 3116 (len=11, score=0.833)
trace:       Adding candidate location at line 3117 (len=11, score=0.833)
trace:       Adding candidate location at line 3112 (len=12, score=0.827)
trace:       Adding candidate location at line 3113 (len=12, score=0.827)
trace:       Adding candidate location at line 3114 (len=12, score=0.827)
trace:       Adding candidate location at line 3115 (len=12, score=0.827)
trace:       Adding candidate location at line 3116 (len=12, score=0.827)
trace:       Reached maximum candidate limit (20), stopping candidate collection
debug:     Strategy 3 (Fuzzy): selected 20 candidate location(s)
trace:   Pruned candidates by min_span 1: 20 -> 20 candidate(s)
trace: DefaultHunkFinder::find_candidate_locations: returning 20 candidate(s)
debug:   Found 20 candidate location(s) for hunk. Testing sequentially...
trace:   Evaluating candidate 1/20 at location HunkLocation { start_index: 3116, length: 7 } (match_type: Fuzzy { score: 0.8571428656578064 })
debug:   Found location HunkLocation { start_index: 3116, length: 7 } with match type Fuzzy { score: 0.8571428656578064 }. Applying changes.
debug:   try_apply_hunk_at_location: target line 3117 (length 7), match_type=Fuzzy { score: 0.8571428656578064 }, total target lines=5168.
trace: Hunk::get_match_block: extracted 7 match line(s)
trace:     Match block lines: 7 | Total hunk lines: 8
trace:     Target slice to replace: ["            # conftest #1: check if get_user_pages_remote() is available", "            # return if not available.", "            # Fall through to conftest #2 if it is present", "            #", "            echo \"$CONFTEST_PREAMBLE", "            #include <linux/mm.h>", "            void conftest_get_user_pages_remote(void) {"]
trace:     Ellipsis flags: has_ellipsis=false, is_literal_match=false, is_wildcard_gap_match=false
debug:     Applying hunk via robust reconstruction logic (preserving file context & adjusting indent).
trace:       Fuzzy match location: start=3116, len=7
trace:       File content in matched range (7 line(s)): ["            # conftest #1: check if get_user_pages_remote() is available", "            # return if not available.", "            # Fall through to conftest #2 if it is present", "            #", "            echo \"$CONFTEST_PREAMBLE", "            #include <linux/mm.h>", "            void conftest_get_user_pages_remote(void) {"]
trace:       Parsed hunk: 7 match line(s), 0 initial addition(s).
trace: Hunk::get_match_block: extracted 7 match line(s)
trace:       Computed diff between match block and file slice: 3 operation(s), similarity ratio=0.857
trace:       Initial Indentation Context: Hunk='            ', Target='            '
trace:       Active baseline indentation: hunk='            ', target='            '
trace:       DiffOp::Equal: 3 line(s) aligned (hunk old_idx=0, file new_idx=0)
trace:         Equal: preserving target line: '            # conftest #1: check if get_user_pages_remote() is available'
trace:         Equal: preserving target line: '            # return if not available.'
trace:         Equal: preserving target line: '            # Fall through to conftest #2 if it is present'
trace:       DiffOp::Replace: hunk lines 3..4 (len=1) vs file lines 3..4 (len=1)
trace:         1-to-1 length replacement. Validating similarity of modified lines...
trace:         1-to-1 replacement line validation [line 3]: is_removal=true, word_sim=0.000, char_sim=0.000
warning:     Fuzzy match rejected: Removal line "" differs from target line "            #" (sim_words=0.000, sim_chars=0.000, required=0.500).
debug:   Candidate 1/20 at HunkLocation { start_index: 3116, length: 7 } failed with ContextNotFound. Backtracking...
trace:   Evaluating candidate 2/20 at location HunkLocation { start_index: 3115, length: 8 } (match_type: Fuzzy { score: 0.8510204208444575 })
debug:   Found location HunkLocation { start_index: 3115, length: 8 } with match type Fuzzy { score: 0.8510204208444575 }. Applying changes.
debug:   try_apply_hunk_at_location: target line 3116 (length 8), match_type=Fuzzy { score: 0.8510204208444575 }, total target lines=5168.
trace: Hunk::get_match_block: extracted 7 match line(s)
trace:     Match block lines: 7 | Total hunk lines: 8
trace:     Target slice to replace: ["            #", "            # conftest #1: check if get_user_pages_remote() is available", "            # return if not available.", "            # Fall through to conftest #2 if it is present", "            #", "            echo \"$CONFTEST_PREAMBLE", "            #include <linux/mm.h>", "            void conftest_get_user_pages_remote(void) {"]
trace:     Ellipsis flags: has_ellipsis=false, is_literal_match=false, is_wildcard_gap_match=false
debug:     Applying hunk via robust reconstruction logic (preserving file context & adjusting indent).
trace:       Fuzzy match location: start=3115, len=8
trace:       File content in matched range (8 line(s)): ["            #", "            # conftest #1: check if get_user_pages_remote() is available", "            # return if not available.", "            # Fall through to conftest #2 if it is present", "            #", "            echo \"$CONFTEST_PREAMBLE", "            #include <linux/mm.h>", "            void conftest_get_user_pages_remote(void) {"]
trace:       Parsed hunk: 7 match line(s), 0 initial addition(s).
trace: Hunk::get_match_block: extracted 7 match line(s)
trace:       Computed diff between match block and file slice: 4 operation(s), similarity ratio=0.800
trace:       Initial Indentation Context: Hunk='            ', Target='            '
trace:       Active baseline indentation: hunk='            ', target='            '
trace:       DiffOp::Insert: preserving 1 local insertion line(s) from target file (new_idx=0)
trace:         Preserving inserted line: '            #'
trace:       DiffOp::Equal: 3 line(s) aligned (hunk old_idx=0, file new_idx=1)
trace:         Equal: preserving target line: '            # conftest #1: check if get_user_pages_remote() is available'
trace:         Equal: preserving target line: '            # return if not available.'
trace:         Equal: preserving target line: '            # Fall through to conftest #2 if it is present'
trace:       DiffOp::Replace: hunk lines 3..4 (len=1) vs file lines 4..5 (len=1)
trace:         1-to-1 length replacement. Validating similarity of modified lines...
trace:         1-to-1 replacement line validation [line 3]: is_removal=true, word_sim=0.000, char_sim=0.000
warning:     Fuzzy match rejected: Removal line "" differs from target line "            #" (sim_words=0.000, sim_chars=0.000, required=0.500).
debug:   Candidate 2/20 at HunkLocation { start_index: 3115, length: 8 } failed with ContextNotFound. Backtracking...
trace:   Evaluating candidate 3/20 at location HunkLocation { start_index: 3116, length: 8 } (match_type: Fuzzy { score: 0.8510204208444575 })
debug:   Found location HunkLocation { start_index: 3116, length: 8 } with match type Fuzzy { score: 0.8510204208444575 }. Applying changes.
debug:   try_apply_hunk_at_location: target line 3117 (length 8), match_type=Fuzzy { score: 0.8510204208444575 }, total target lines=5168.
trace: Hunk::get_match_block: extracted 7 match line(s)
trace:     Match block lines: 7 | Total hunk lines: 8
trace:     Target slice to replace: ["            # conftest #1: check if get_user_pages_remote() is available", "            # return if not available.", "            # Fall through to conftest #2 if it is present", "            #", "            echo \"$CONFTEST_PREAMBLE", "            #include <linux/mm.h>", "            void conftest_get_user_pages_remote(void) {", "                get_user_pages_remote();"]
trace:     Ellipsis flags: has_ellipsis=false, is_literal_match=false, is_wildcard_gap_match=false
debug:     Applying hunk via robust reconstruction logic (preserving file context & adjusting indent).
trace:       Fuzzy match location: start=3116, len=8
trace:       File content in matched range (8 line(s)): ["            # conftest #1: check if get_user_pages_remote() is available", "            # return if not available.", "            # Fall through to conftest #2 if it is present", "            #", "            echo \"$CONFTEST_PREAMBLE", "            #include <linux/mm.h>", "            void conftest_get_user_pages_remote(void) {", "                get_user_pages_remote();"]
trace:       Parsed hunk: 7 match line(s), 0 initial addition(s).
trace: Hunk::get_match_block: extracted 7 match line(s)
trace:       Computed diff between match block and file slice: 4 operation(s), similarity ratio=0.800
trace:       Initial Indentation Context: Hunk='            ', Target='            '
trace:       Active baseline indentation: hunk='            ', target='            '
trace:       DiffOp::Equal: 3 line(s) aligned (hunk old_idx=0, file new_idx=0)
trace:         Equal: preserving target line: '            # conftest #1: check if get_user_pages_remote() is available'
trace:         Equal: preserving target line: '            # return if not available.'
trace:         Equal: preserving target line: '            # Fall through to conftest #2 if it is present'
trace:       DiffOp::Replace: hunk lines 3..4 (len=1) vs file lines 3..4 (len=1)
trace:         1-to-1 length replacement. Validating similarity of modified lines...
trace:         1-to-1 replacement line validation [line 3]: is_removal=true, word_sim=0.000, char_sim=0.000
warning:     Fuzzy match rejected: Removal line "" differs from target line "            #" (sim_words=0.000, sim_chars=0.000, required=0.500).
debug:   Candidate 3/20 at HunkLocation { start_index: 3116, length: 8 } failed with ContextNotFound. Backtracking...
trace:   Evaluating candidate 4/20 at location HunkLocation { start_index: 3114, length: 9 } (match_type: Fuzzy { score: 0.8448979591836734 })
debug:   Found location HunkLocation { start_index: 3114, length: 9 } with match type Fuzzy { score: 0.8448979591836734 }. Applying changes.
debug:   try_apply_hunk_at_location: target line 3115 (length 9), match_type=Fuzzy { score: 0.8448979591836734 }, total target lines=5168.
trace: Hunk::get_match_block: extracted 7 match line(s)
trace:     Match block lines: 7 | Total hunk lines: 8
trace:     Target slice to replace: ["            # all gup code\") in v5.9-rc1 (2020-08-11).", "            #", "            # conftest #1: check if get_user_pages_remote() is available", "            # return if not available.", "            # Fall through to conftest #2 if it is present", "            #", "            echo \"$CONFTEST_PREAMBLE", "            #include <linux/mm.h>", "            void conftest_get_user_pages_remote(void) {"]
trace:     Ellipsis flags: has_ellipsis=false, is_literal_match=false, is_wildcard_gap_match=false
debug:     Applying hunk via robust reconstruction logic (preserving file context & adjusting indent).
trace:       Fuzzy match location: start=3114, len=9
trace:       File content in matched range (9 line(s)): ["            # all gup code\") in v5.9-rc1 (2020-08-11).", "            #", "            # conftest #1: check if get_user_pages_remote() is available", "            # return if not available.", "            # Fall through to conftest #2 if it is present", "            #", "            echo \"$CONFTEST_PREAMBLE", "            #include <linux/mm.h>", "            void conftest_get_user_pages_remote(void) {"]
trace:       Parsed hunk: 7 match line(s), 0 initial addition(s).
trace: Hunk::get_match_block: extracted 7 match line(s)
trace:       Computed diff between match block and file slice: 4 operation(s), similarity ratio=0.750
trace:       Initial Indentation Context: Hunk='            ', Target='            '
trace:       Active baseline indentation: hunk='            ', target='            '
trace:       DiffOp::Insert: preserving 2 local insertion line(s) from target file (new_idx=0)
trace:         Preserving inserted line: '            # all gup code\") in v5.9-rc1 (2020-08-11).'
trace:         Preserving inserted line: '            #'
trace:       DiffOp::Equal: 3 line(s) aligned (hunk old_idx=0, file new_idx=2)
trace:         Equal: preserving target line: '            # conftest #1: check if get_user_pages_remote() is available'
trace:         Equal: preserving target line: '            # return if not available.'
trace:         Equal: preserving target line: '            # Fall through to conftest #2 if it is present'
trace:       DiffOp::Replace: hunk lines 3..4 (len=1) vs file lines 5..6 (len=1)
trace:         1-to-1 length replacement. Validating similarity of modified lines...
trace:         1-to-1 replacement line validation [line 3]: is_removal=true, word_sim=0.000, char_sim=0.000
warning:     Fuzzy match rejected: Removal line "" differs from target line "            #" (sim_words=0.000, sim_chars=0.000, required=0.500).
debug:   Candidate 4/20 at HunkLocation { start_index: 3114, length: 9 } failed with ContextNotFound. Backtracking...
trace:   Evaluating candidate 5/20 at location HunkLocation { start_index: 3115, length: 9 } (match_type: Fuzzy { score: 0.8448979591836734 })
debug:   Found location HunkLocation { start_index: 3115, length: 9 } with match type Fuzzy { score: 0.8448979591836734 }. Applying changes.
debug:   try_apply_hunk_at_location: target line 3116 (length 9), match_type=Fuzzy { score: 0.8448979591836734 }, total target lines=5168.
trace: Hunk::get_match_block: extracted 7 match line(s)
trace:     Match block lines: 7 | Total hunk lines: 8
trace:     Target slice to replace: ["            #", "            # conftest #1: check if get_user_pages_remote() is available", "            # return if not available.", "            # Fall through to conftest #2 if it is present", "            #", "            echo \"$CONFTEST_PREAMBLE", "            #include <linux/mm.h>", "            void conftest_get_user_pages_remote(void) {", "                get_user_pages_remote();"]
trace:     Ellipsis flags: has_ellipsis=false, is_literal_match=false, is_wildcard_gap_match=false
debug:     Applying hunk via robust reconstruction logic (preserving file context & adjusting indent).
trace:       Fuzzy match location: start=3115, len=9
trace:       File content in matched range (9 line(s)): ["            #", "            # conftest #1: check if get_user_pages_remote() is available", "            # return if not available.", "            # Fall through to conftest #2 if it is present", "            #", "            echo \"$CONFTEST_PREAMBLE", "            #include <linux/mm.h>", "            void conftest_get_user_pages_remote(void) {", "                get_user_pages_remote();"]
trace:       Parsed hunk: 7 match line(s), 0 initial addition(s).
trace: Hunk::get_match_block: extracted 7 match line(s)
trace:       Computed diff between match block and file slice: 5 operation(s), similarity ratio=0.750
trace:       Initial Indentation Context: Hunk='            ', Target='            '
trace:       Active baseline indentation: hunk='            ', target='            '
trace:       DiffOp::Insert: preserving 1 local insertion line(s) from target file (new_idx=0)
trace:         Preserving inserted line: '            #'
trace:       DiffOp::Equal: 3 line(s) aligned (hunk old_idx=0, file new_idx=1)
trace:         Equal: preserving target line: '            # conftest #1: check if get_user_pages_remote() is available'
trace:         Equal: preserving target line: '            # return if not available.'
trace:         Equal: preserving target line: '            # Fall through to conftest #2 if it is present'
trace:       DiffOp::Replace: hunk lines 3..4 (len=1) vs file lines 4..5 (len=1)
trace:         1-to-1 length replacement. Validating similarity of modified lines...
trace:         1-to-1 replacement line validation [line 3]: is_removal=true, word_sim=0.000, char_sim=0.000
warning:     Fuzzy match rejected: Removal line "" differs from target line "            #" (sim_words=0.000, sim_chars=0.000, required=0.500).
debug:   Candidate 5/20 at HunkLocation { start_index: 3115, length: 9 } failed with ContextNotFound. Backtracking...
trace:   Evaluating candidate 6/20 at location HunkLocation { start_index: 3116, length: 9 } (match_type: Fuzzy { score: 0.8448979591836734 })
debug:   Found location HunkLocation { start_index: 3116, length: 9 } with match type Fuzzy { score: 0.8448979591836734 }. Applying changes.
debug:   try_apply_hunk_at_location: target line 3117 (length 9), match_type=Fuzzy { score: 0.8448979591836734 }, total target lines=5168.
trace: Hunk::get_match_block: extracted 7 match line(s)
trace:     Match block lines: 7 | Total hunk lines: 8
trace:     Target slice to replace: ["            # conftest #1: check if get_user_pages_remote() is available", "            # return if not available.", "            # Fall through to conftest #2 if it is present", "            #", "            echo \"$CONFTEST_PREAMBLE", "            #include <linux/mm.h>", "            void conftest_get_user_pages_remote(void) {", "                get_user_pages_remote();", "            }\" > conftest$$.c"]
trace:     Ellipsis flags: has_ellipsis=false, is_literal_match=false, is_wildcard_gap_match=false
debug:     Applying hunk via robust reconstruction logic (preserving file context & adjusting indent).
trace:       Fuzzy match location: start=3116, len=9
trace:       File content in matched range (9 line(s)): ["            # conftest #1: check if get_user_pages_remote() is available", "            # return if not available.", "            # Fall through to conftest #2 if it is present", "            #", "            echo \"$CONFTEST_PREAMBLE", "            #include <linux/mm.h>", "            void conftest_get_user_pages_remote(void) {", "                get_user_pages_remote();", "            }\" > conftest$$.c"]
trace:       Parsed hunk: 7 match line(s), 0 initial addition(s).
trace: Hunk::get_match_block: extracted 7 match line(s)
trace:       Computed diff between match block and file slice: 4 operation(s), similarity ratio=0.750
trace:       Initial Indentation Context: Hunk='            ', Target='            '
trace:       Active baseline indentation: hunk='            ', target='            '
trace:       DiffOp::Equal: 3 line(s) aligned (hunk old_idx=0, file new_idx=0)
trace:         Equal: preserving target line: '            # conftest #1: check if get_user_pages_remote() is available'
trace:         Equal: preserving target line: '            # return if not available.'
trace:         Equal: preserving target line: '            # Fall through to conftest #2 if it is present'
trace:       DiffOp::Replace: hunk lines 3..4 (len=1) vs file lines 3..4 (len=1)
trace:         1-to-1 length replacement. Validating similarity of modified lines...
trace:         1-to-1 replacement line validation [line 3]: is_removal=true, word_sim=0.000, char_sim=0.000
warning:     Fuzzy match rejected: Removal line "" differs from target line "            #" (sim_words=0.000, sim_chars=0.000, required=0.500).
debug:   Candidate 6/20 at HunkLocation { start_index: 3116, length: 9 } failed with ContextNotFound. Backtracking...
trace:   Evaluating candidate 7/20 at location HunkLocation { start_index: 3113, length: 10 } (match_type: Fuzzy { score: 0.8387755310352967 })
debug:   Found location HunkLocation { start_index: 3113, length: 10 } with match type Fuzzy { score: 0.8387755310352967 }. Applying changes.
debug:   try_apply_hunk_at_location: target line 3114 (length 10), match_type=Fuzzy { score: 0.8387755310352967 }, total target lines=5168.
trace: Hunk::get_match_block: extracted 7 match line(s)
trace:     Match block lines: 7 | Total hunk lines: 8
trace:     Target slice to replace: ["            # commit 64019a2e467a (\"mm/gup: remove task_struct pointer for", "            # all gup code\") in v5.9-rc1 (2020-08-11).", "            #", "            # conftest #1: check if get_user_pages_remote() is available", "            # return if not available.", "            # Fall through to conftest #2 if it is present", "            #", "            echo \"$CONFTEST_PREAMBLE", "            #include <linux/mm.h>", "            void conftest_get_user_pages_remote(void) {"]
trace:     Ellipsis flags: has_ellipsis=false, is_literal_match=false, is_wildcard_gap_match=false
debug:     Applying hunk via robust reconstruction logic (preserving file context & adjusting indent).
trace:       Fuzzy match location: start=3113, len=10
trace:       File content in matched range (10 line(s)): ["            # commit 64019a2e467a (\"mm/gup: remove task_struct pointer for", "            # all gup code\") in v5.9-rc1 (2020-08-11).", "            #", "            # conftest #1: check if get_user_pages_remote() is available", "            # return if not available.", "            # Fall through to conftest #2 if it is present", "            #", "            echo \"$CONFTEST_PREAMBLE", "            #include <linux/mm.h>", "            void conftest_get_user_pages_remote(void) {"]
trace:       Parsed hunk: 7 match line(s), 0 initial addition(s).
trace: Hunk::get_match_block: extracted 7 match line(s)
trace:       Computed diff between match block and file slice: 4 operation(s), similarity ratio=0.706
trace:       Initial Indentation Context: Hunk='            ', Target='            '
trace:       Active baseline indentation: hunk='            ', target='            '
trace:       DiffOp::Insert: preserving 3 local insertion line(s) from target file (new_idx=0)
trace:         Preserving inserted line: '            # commit 64019a2e467a (\"mm/gup: remove task_struct pointer for'
trace:         Preserving inserted line: '            # all gup code\") in v5.9-rc1 (2020-08-11).'
trace:         Preserving inserted line: '            #'
trace:       DiffOp::Equal: 3 line(s) aligned (hunk old_idx=0, file new_idx=3)
trace:         Equal: preserving target line: '            # conftest #1: check if get_user_pages_remote() is available'
trace:         Equal: preserving target line: '            # return if not available.'
trace:         Equal: preserving target line: '            # Fall through to conftest #2 if it is present'
trace:       DiffOp::Replace: hunk lines 3..4 (len=1) vs file lines 6..7 (len=1)
trace:         1-to-1 length replacement. Validating similarity of modified lines...
trace:         1-to-1 replacement line validation [line 3]: is_removal=true, word_sim=0.000, char_sim=0.000
warning:     Fuzzy match rejected: Removal line "" differs from target line "            #" (sim_words=0.000, sim_chars=0.000, required=0.500).
debug:   Candidate 7/20 at HunkLocation { start_index: 3113, length: 10 } failed with ContextNotFound. Backtracking...
trace:   Evaluating candidate 8/20 at location HunkLocation { start_index: 3114, length: 10 } (match_type: Fuzzy { score: 0.8387755310352967 })
debug:   Found location HunkLocation { start_index: 3114, length: 10 } with match type Fuzzy { score: 0.8387755310352967 }. Applying changes.
debug:   try_apply_hunk_at_location: target line 3115 (length 10), match_type=Fuzzy { score: 0.8387755310352967 }, total target lines=5168.
trace: Hunk::get_match_block: extracted 7 match line(s)
trace:     Match block lines: 7 | Total hunk lines: 8
trace:     Target slice to replace: ["            # all gup code\") in v5.9-rc1 (2020-08-11).", "            #", "            # conftest #1: check if get_user_pages_remote() is available", "            # return if not available.", "            # Fall through to conftest #2 if it is present", "            #", "            echo \"$CONFTEST_PREAMBLE", "            #include <linux/mm.h>", "            void conftest_get_user_pages_remote(void) {", "                get_user_pages_remote();"]
trace:     Ellipsis flags: has_ellipsis=false, is_literal_match=false, is_wildcard_gap_match=false
debug:     Applying hunk via robust reconstruction logic (preserving file context & adjusting indent).
trace:       Fuzzy match location: start=3114, len=10
trace:       File content in matched range (10 line(s)): ["            # all gup code\") in v5.9-rc1 (2020-08-11).", "            #", "            # conftest #1: check if get_user_pages_remote() is available", "            # return if not available.", "            # Fall through to conftest #2 if it is present", "            #", "            echo \"$CONFTEST_PREAMBLE", "            #include <linux/mm.h>", "            void conftest_get_user_pages_remote(void) {", "                get_user_pages_remote();"]
trace:       Parsed hunk: 7 match line(s), 0 initial addition(s).
trace: Hunk::get_match_block: extracted 7 match line(s)
trace:       Computed diff between match block and file slice: 5 operation(s), similarity ratio=0.706
trace:       Initial Indentation Context: Hunk='            ', Target='            '
trace:       Active baseline indentation: hunk='            ', target='            '
trace:       DiffOp::Insert: preserving 2 local insertion line(s) from target file (new_idx=0)
trace:         Preserving inserted line: '            # all gup code\") in v5.9-rc1 (2020-08-11).'
trace:         Preserving inserted line: '            #'
trace:       DiffOp::Equal: 3 line(s) aligned (hunk old_idx=0, file new_idx=2)
trace:         Equal: preserving target line: '            # conftest #1: check if get_user_pages_remote() is available'
trace:         Equal: preserving target line: '            # return if not available.'
trace:         Equal: preserving target line: '            # Fall through to conftest #2 if it is present'
trace:       DiffOp::Replace: hunk lines 3..4 (len=1) vs file lines 5..6 (len=1)
trace:         1-to-1 length replacement. Validating similarity of modified lines...
trace:         1-to-1 replacement line validation [line 3]: is_removal=true, word_sim=0.000, char_sim=0.000
warning:     Fuzzy match rejected: Removal line "" differs from target line "            #" (sim_words=0.000, sim_chars=0.000, required=0.500).
debug:   Candidate 8/20 at HunkLocation { start_index: 3114, length: 10 } failed with ContextNotFound. Backtracking...
trace:   Evaluating candidate 9/20 at location HunkLocation { start_index: 3115, length: 10 } (match_type: Fuzzy { score: 0.8387755310352967 })
debug:   Found location HunkLocation { start_index: 3115, length: 10 } with match type Fuzzy { score: 0.8387755310352967 }. Applying changes.
debug:   try_apply_hunk_at_location: target line 3116 (length 10), match_type=Fuzzy { score: 0.8387755310352967 }, total target lines=5168.
trace: Hunk::get_match_block: extracted 7 match line(s)
trace:     Match block lines: 7 | Total hunk lines: 8
trace:     Target slice to replace: ["            #", "            # conftest #1: check if get_user_pages_remote() is available", "            # return if not available.", "            # Fall through to conftest #2 if it is present", "            #", "            echo \"$CONFTEST_PREAMBLE", "            #include <linux/mm.h>", "            void conftest_get_user_pages_remote(void) {", "                get_user_pages_remote();", "            }\" > conftest$$.c"]
trace:     Ellipsis flags: has_ellipsis=false, is_literal_match=false, is_wildcard_gap_match=false
debug:     Applying hunk via robust reconstruction logic (preserving file context & adjusting indent).
trace:       Fuzzy match location: start=3115, len=10
trace:       File content in matched range (10 line(s)): ["            #", "            # conftest #1: check if get_user_pages_remote() is available", "            # return if not available.", "            # Fall through to conftest #2 if it is present", "            #", "            echo \"$CONFTEST_PREAMBLE", "            #include <linux/mm.h>", "            void conftest_get_user_pages_remote(void) {", "                get_user_pages_remote();", "            }\" > conftest$$.c"]
trace:       Parsed hunk: 7 match line(s), 0 initial addition(s).
trace: Hunk::get_match_block: extracted 7 match line(s)
trace:       Computed diff between match block and file slice: 5 operation(s), similarity ratio=0.706
trace:       Initial Indentation Context: Hunk='            ', Target='            '
trace:       Active baseline indentation: hunk='            ', target='            '
trace:       DiffOp::Insert: preserving 1 local insertion line(s) from target file (new_idx=0)
trace:         Preserving inserted line: '            #'
trace:       DiffOp::Equal: 3 line(s) aligned (hunk old_idx=0, file new_idx=1)
trace:         Equal: preserving target line: '            # conftest #1: check if get_user_pages_remote() is available'
trace:         Equal: preserving target line: '            # return if not available.'
trace:         Equal: preserving target line: '            # Fall through to conftest #2 if it is present'
trace:       DiffOp::Replace: hunk lines 3..4 (len=1) vs file lines 4..5 (len=1)
trace:         1-to-1 length replacement. Validating similarity of modified lines...
trace:         1-to-1 replacement line validation [line 3]: is_removal=true, word_sim=0.000, char_sim=0.000
warning:     Fuzzy match rejected: Removal line "" differs from target line "            #" (sim_words=0.000, sim_chars=0.000, required=0.500).
debug:   Candidate 9/20 at HunkLocation { start_index: 3115, length: 10 } failed with ContextNotFound. Backtracking...
trace:   Evaluating candidate 10/20 at location HunkLocation { start_index: 3116, length: 10 } (match_type: Fuzzy { score: 0.8387755310352967 })
debug:   Found location HunkLocation { start_index: 3116, length: 10 } with match type Fuzzy { score: 0.8387755310352967 }. Applying changes.
debug:   try_apply_hunk_at_location: target line 3117 (length 10), match_type=Fuzzy { score: 0.8387755310352967 }, total target lines=5168.
trace: Hunk::get_match_block: extracted 7 match line(s)
trace:     Match block lines: 7 | Total hunk lines: 8
trace:     Target slice to replace: ["            # conftest #1: check if get_user_pages_remote() is available", "            # return if not available.", "            # Fall through to conftest #2 if it is present", "            #", "            echo \"$CONFTEST_PREAMBLE", "            #include <linux/mm.h>", "            void conftest_get_user_pages_remote(void) {", "                get_user_pages_remote();", "            }\" > conftest$$.c", ""]
trace:     Ellipsis flags: has_ellipsis=false, is_literal_match=false, is_wildcard_gap_match=false
debug:     Applying hunk via robust reconstruction logic (preserving file context & adjusting indent).
trace:       Fuzzy match location: start=3116, len=10
trace:       File content in matched range (10 line(s)): ["            # conftest #1: check if get_user_pages_remote() is available", "            # return if not available.", "            # Fall through to conftest #2 if it is present", "            #", "            echo \"$CONFTEST_PREAMBLE", "            #include <linux/mm.h>", "            void conftest_get_user_pages_remote(void) {", "                get_user_pages_remote();", "            }\" > conftest$$.c", ""]
trace:       Parsed hunk: 7 match line(s), 0 initial addition(s).
trace: Hunk::get_match_block: extracted 7 match line(s)
trace:       Computed diff between match block and file slice: 4 operation(s), similarity ratio=0.706
trace:       Initial Indentation Context: Hunk='            ', Target='            '
trace:       Active baseline indentation: hunk='            ', target='            '
trace:       DiffOp::Equal: 3 line(s) aligned (hunk old_idx=0, file new_idx=0)
trace:         Equal: preserving target line: '            # conftest #1: check if get_user_pages_remote() is available'
trace:         Equal: preserving target line: '            # return if not available.'
trace:         Equal: preserving target line: '            # Fall through to conftest #2 if it is present'
trace:       DiffOp::Replace: hunk lines 3..4 (len=1) vs file lines 3..4 (len=1)
trace:         1-to-1 length replacement. Validating similarity of modified lines...
trace:         1-to-1 replacement line validation [line 3]: is_removal=true, word_sim=0.000, char_sim=0.000
warning:     Fuzzy match rejected: Removal line "" differs from target line "            #" (sim_words=0.000, sim_chars=0.000, required=0.500).
debug:   Candidate 10/20 at HunkLocation { start_index: 3116, length: 10 } failed with ContextNotFound. Backtracking...
trace:   Evaluating candidate 11/20 at location HunkLocation { start_index: 3112, length: 11 } (match_type: Fuzzy { score: 0.8326530860394848 })
debug:   Found location HunkLocation { start_index: 3112, length: 11 } with match type Fuzzy { score: 0.8326530860394848 }. Applying changes.
debug:   try_apply_hunk_at_location: target line 3113 (length 11), match_type=Fuzzy { score: 0.8326530860394848 }, total target lines=5168.
trace: Hunk::get_match_block: extracted 7 match line(s)
trace:     Match block lines: 7 | Total hunk lines: 8
trace:     Target slice to replace: ["            # get_user_pages_remote() removed 'tsk' parameter by", "            # commit 64019a2e467a (\"mm/gup: remove task_struct pointer for", "            # all gup code\") in v5.9-rc1 (2020-08-11).", "            #", "            # conftest #1: check if get_user_pages_remote() is available", "            # return if not available.", "            # Fall through to conftest #2 if it is present", "            #", "            echo \"$CONFTEST_PREAMBLE", "            #include <linux/mm.h>", "            void conftest_get_user_pages_remote(void) {"]
trace:     Ellipsis flags: has_ellipsis=false, is_literal_match=false, is_wildcard_gap_match=false
debug:     Applying hunk via robust reconstruction logic (preserving file context & adjusting indent).
trace:       Fuzzy match location: start=3112, len=11
trace:       File content in matched range (11 line(s)): ["            # get_user_pages_remote() removed 'tsk' parameter by", "            # commit 64019a2e467a (\"mm/gup: remove task_struct pointer for", "            # all gup code\") in v5.9-rc1 (2020-08-11).", "            #", "            # conftest #1: check if get_user_pages_remote() is available", "            # return if not available.", "            # Fall through to conftest #2 if it is present", "            #", "            echo \"$CONFTEST_PREAMBLE", "            #include <linux/mm.h>", "            void conftest_get_user_pages_remote(void) {"]
trace:       Parsed hunk: 7 match line(s), 0 initial addition(s).
trace: Hunk::get_match_block: extracted 7 match line(s)
trace:       Computed diff between match block and file slice: 4 operation(s), similarity ratio=0.667
trace:       Initial Indentation Context: Hunk='            ', Target='            '
trace:       Active baseline indentation: hunk='            ', target='            '
trace:       DiffOp::Insert: preserving 4 local insertion line(s) from target file (new_idx=0)
trace:         Preserving inserted line: '            # get_user_pages_remote() removed \'tsk\' parameter by'
trace:         Preserving inserted line: '            # commit 64019a2e467a (\"mm/gup: remove task_struct pointer for'
trace:         Preserving inserted line: '            # all gup code\") in v5.9-rc1 (2020-08-11).'
trace:         Preserving inserted line: '            #'
trace:       DiffOp::Equal: 3 line(s) aligned (hunk old_idx=0, file new_idx=4)
trace:         Equal: preserving target line: '            # conftest #1: check if get_user_pages_remote() is available'
trace:         Equal: preserving target line: '            # return if not available.'
trace:         Equal: preserving target line: '            # Fall through to conftest #2 if it is present'
trace:       DiffOp::Replace: hunk lines 3..4 (len=1) vs file lines 7..8 (len=1)
trace:         1-to-1 length replacement. Validating similarity of modified lines...
trace:         1-to-1 replacement line validation [line 3]: is_removal=true, word_sim=0.000, char_sim=0.000
warning:     Fuzzy match rejected: Removal line "" differs from target line "            #" (sim_words=0.000, sim_chars=0.000, required=0.500).
debug:   Candidate 11/20 at HunkLocation { start_index: 3112, length: 11 } failed with ContextNotFound. Backtracking...
trace:   Evaluating candidate 12/20 at location HunkLocation { start_index: 3113, length: 11 } (match_type: Fuzzy { score: 0.8326530860394848 })
debug:   Found location HunkLocation { start_index: 3113, length: 11 } with match type Fuzzy { score: 0.8326530860394848 }. Applying changes.
debug:   try_apply_hunk_at_location: target line 3114 (length 11), match_type=Fuzzy { score: 0.8326530860394848 }, total target lines=5168.
trace: Hunk::get_match_block: extracted 7 match line(s)
trace:     Match block lines: 7 | Total hunk lines: 8
trace:     Target slice to replace: ["            # commit 64019a2e467a (\"mm/gup: remove task_struct pointer for", "            # all gup code\") in v5.9-rc1 (2020-08-11).", "            #", "            # conftest #1: check if get_user_pages_remote() is available", "            # return if not available.", "            # Fall through to conftest #2 if it is present", "            #", "            echo \"$CONFTEST_PREAMBLE", "            #include <linux/mm.h>", "            void conftest_get_user_pages_remote(void) {", "                get_user_pages_remote();"]
trace:     Ellipsis flags: has_ellipsis=false, is_literal_match=false, is_wildcard_gap_match=false
debug:     Applying hunk via robust reconstruction logic (preserving file context & adjusting indent).
trace:       Fuzzy match location: start=3113, len=11
trace:       File content in matched range (11 line(s)): ["            # commit 64019a2e467a (\"mm/gup: remove task_struct pointer for", "            # all gup code\") in v5.9-rc1 (2020-08-11).", "            #", "            # conftest #1: check if get_user_pages_remote() is available", "            # return if not available.", "            # Fall through to conftest #2 if it is present", "            #", "            echo \"$CONFTEST_PREAMBLE", "            #include <linux/mm.h>", "            void conftest_get_user_pages_remote(void) {", "                get_user_pages_remote();"]
trace:       Parsed hunk: 7 match line(s), 0 initial addition(s).
trace: Hunk::get_match_block: extracted 7 match line(s)
trace:       Computed diff between match block and file slice: 5 operation(s), similarity ratio=0.667
trace:       Initial Indentation Context: Hunk='            ', Target='            '
trace:       Active baseline indentation: hunk='            ', target='            '
trace:       DiffOp::Insert: preserving 3 local insertion line(s) from target file (new_idx=0)
trace:         Preserving inserted line: '            # commit 64019a2e467a (\"mm/gup: remove task_struct pointer for'
trace:         Preserving inserted line: '            # all gup code\") in v5.9-rc1 (2020-08-11).'
trace:         Preserving inserted line: '            #'
trace:       DiffOp::Equal: 3 line(s) aligned (hunk old_idx=0, file new_idx=3)
trace:         Equal: preserving target line: '            # conftest #1: check if get_user_pages_remote() is available'
trace:         Equal: preserving target line: '            # return if not available.'
trace:         Equal: preserving target line: '            # Fall through to conftest #2 if it is present'
trace:       DiffOp::Replace: hunk lines 3..4 (len=1) vs file lines 6..7 (len=1)
trace:         1-to-1 length replacement. Validating similarity of modified lines...
trace:         1-to-1 replacement line validation [line 3]: is_removal=true, word_sim=0.000, char_sim=0.000
warning:     Fuzzy match rejected: Removal line "" differs from target line "            #" (sim_words=0.000, sim_chars=0.000, required=0.500).
debug:   Candidate 12/20 at HunkLocation { start_index: 3113, length: 11 } failed with ContextNotFound. Backtracking...
trace:   Evaluating candidate 13/20 at location HunkLocation { start_index: 3114, length: 11 } (match_type: Fuzzy { score: 0.8326530860394848 })
debug:   Found location HunkLocation { start_index: 3114, length: 11 } with match type Fuzzy { score: 0.8326530860394848 }. Applying changes.
debug:   try_apply_hunk_at_location: target line 3115 (length 11), match_type=Fuzzy { score: 0.8326530860394848 }, total target lines=5168.
trace: Hunk::get_match_block: extracted 7 match line(s)
trace:     Match block lines: 7 | Total hunk lines: 8
trace:     Target slice to replace: ["            # all gup code\") in v5.9-rc1 (2020-08-11).", "            #", "            # conftest #1: check if get_user_pages_remote() is available", "            # return if not available.", "            # Fall through to conftest #2 if it is present", "            #", "            echo \"$CONFTEST_PREAMBLE", "            #include <linux/mm.h>", "            void conftest_get_user_pages_remote(void) {", "                get_user_pages_remote();", "            }\" > conftest$$.c"]
trace:     Ellipsis flags: has_ellipsis=false, is_literal_match=false, is_wildcard_gap_match=false
debug:     Applying hunk via robust reconstruction logic (preserving file context & adjusting indent).
trace:       Fuzzy match location: start=3114, len=11
trace:       File content in matched range (11 line(s)): ["            # all gup code\") in v5.9-rc1 (2020-08-11).", "            #", "            # conftest #1: check if get_user_pages_remote() is available", "            # return if not available.", "            # Fall through to conftest #2 if it is present", "            #", "            echo \"$CONFTEST_PREAMBLE", "            #include <linux/mm.h>", "            void conftest_get_user_pages_remote(void) {", "                get_user_pages_remote();", "            }\" > conftest$$.c"]
trace:       Parsed hunk: 7 match line(s), 0 initial addition(s).
trace: Hunk::get_match_block: extracted 7 match line(s)
trace:       Computed diff between match block and file slice: 5 operation(s), similarity ratio=0.667
trace:       Initial Indentation Context: Hunk='            ', Target='            '
trace:       Active baseline indentation: hunk='            ', target='            '
trace:       DiffOp::Insert: preserving 2 local insertion line(s) from target file (new_idx=0)
trace:         Preserving inserted line: '            # all gup code\") in v5.9-rc1 (2020-08-11).'
trace:         Preserving inserted line: '            #'
trace:       DiffOp::Equal: 3 line(s) aligned (hunk old_idx=0, file new_idx=2)
trace:         Equal: preserving target line: '            # conftest #1: check if get_user_pages_remote() is available'
trace:         Equal: preserving target line: '            # return if not available.'
trace:         Equal: preserving target line: '            # Fall through to conftest #2 if it is present'
trace:       DiffOp::Replace: hunk lines 3..4 (len=1) vs file lines 5..6 (len=1)
trace:         1-to-1 length replacement. Validating similarity of modified lines...
trace:         1-to-1 replacement line validation [line 3]: is_removal=true, word_sim=0.000, char_sim=0.000
warning:     Fuzzy match rejected: Removal line "" differs from target line "            #" (sim_words=0.000, sim_chars=0.000, required=0.500).
debug:   Candidate 13/20 at HunkLocation { start_index: 3114, length: 11 } failed with ContextNotFound. Backtracking...
trace:   Evaluating candidate 14/20 at location HunkLocation { start_index: 3115, length: 11 } (match_type: Fuzzy { score: 0.8326530860394848 })
debug:   Found location HunkLocation { start_index: 3115, length: 11 } with match type Fuzzy { score: 0.8326530860394848 }. Applying changes.
debug:   try_apply_hunk_at_location: target line 3116 (length 11), match_type=Fuzzy { score: 0.8326530860394848 }, total target lines=5168.
trace: Hunk::get_match_block: extracted 7 match line(s)
trace:     Match block lines: 7 | Total hunk lines: 8
trace:     Target slice to replace: ["            #", "            # conftest #1: check if get_user_pages_remote() is available", "            # return if not available.", "            # Fall through to conftest #2 if it is present", "            #", "            echo \"$CONFTEST_PREAMBLE", "            #include <linux/mm.h>", "            void conftest_get_user_pages_remote(void) {", "                get_user_pages_remote();", "            }\" > conftest$$.c", ""]
trace:     Ellipsis flags: has_ellipsis=false, is_literal_match=false, is_wildcard_gap_match=false
debug:     Applying hunk via robust reconstruction logic (preserving file context & adjusting indent).
trace:       Fuzzy match location: start=3115, len=11
trace:       File content in matched range (11 line(s)): ["            #", "            # conftest #1: check if get_user_pages_remote() is available", "            # return if not available.", "            # Fall through to conftest #2 if it is present", "            #", "            echo \"$CONFTEST_PREAMBLE", "            #include <linux/mm.h>", "            void conftest_get_user_pages_remote(void) {", "                get_user_pages_remote();", "            }\" > conftest$$.c", ""]
trace:       Parsed hunk: 7 match line(s), 0 initial addition(s).
trace: Hunk::get_match_block: extracted 7 match line(s)
trace:       Computed diff between match block and file slice: 5 operation(s), similarity ratio=0.667
trace:       Initial Indentation Context: Hunk='            ', Target='            '
trace:       Active baseline indentation: hunk='            ', target='            '
trace:       DiffOp::Insert: preserving 1 local insertion line(s) from target file (new_idx=0)
trace:         Preserving inserted line: '            #'
trace:       DiffOp::Equal: 3 line(s) aligned (hunk old_idx=0, file new_idx=1)
trace:         Equal: preserving target line: '            # conftest #1: check if get_user_pages_remote() is available'
trace:         Equal: preserving target line: '            # return if not available.'
trace:         Equal: preserving target line: '            # Fall through to conftest #2 if it is present'
trace:       DiffOp::Replace: hunk lines 3..4 (len=1) vs file lines 4..5 (len=1)
trace:         1-to-1 length replacement. Validating similarity of modified lines...
trace:         1-to-1 replacement line validation [line 3]: is_removal=true, word_sim=0.000, char_sim=0.000
warning:     Fuzzy match rejected: Removal line "" differs from target line "            #" (sim_words=0.000, sim_chars=0.000, required=0.500).
debug:   Candidate 14/20 at HunkLocation { start_index: 3115, length: 11 } failed with ContextNotFound. Backtracking...
trace:   Evaluating candidate 15/20 at location HunkLocation { start_index: 3116, length: 11 } (match_type: Fuzzy { score: 0.8326530860394848 })
debug:   Found location HunkLocation { start_index: 3116, length: 11 } with match type Fuzzy { score: 0.8326530860394848 }. Applying changes.
debug:   try_apply_hunk_at_location: target line 3117 (length 11), match_type=Fuzzy { score: 0.8326530860394848 }, total target lines=5168.
trace: Hunk::get_match_block: extracted 7 match line(s)
trace:     Match block lines: 7 | Total hunk lines: 8
trace:     Target slice to replace: ["            # conftest #1: check if get_user_pages_remote() is available", "            # return if not available.", "            # Fall through to conftest #2 if it is present", "            #", "            echo \"$CONFTEST_PREAMBLE", "            #include <linux/mm.h>", "            void conftest_get_user_pages_remote(void) {", "                get_user_pages_remote();", "            }\" > conftest$$.c", "", "            $CC $CFLAGS -c conftest$$.c > /dev/null 2>&1"]
trace:     Ellipsis flags: has_ellipsis=false, is_literal_match=false, is_wildcard_gap_match=false
debug:     Applying hunk via robust reconstruction logic (preserving file context & adjusting indent).
trace:       Fuzzy match location: start=3116, len=11
trace:       File content in matched range (11 line(s)): ["            # conftest #1: check if get_user_pages_remote() is available", "            # return if not available.", "            # Fall through to conftest #2 if it is present", "            #", "            echo \"$CONFTEST_PREAMBLE", "            #include <linux/mm.h>", "            void conftest_get_user_pages_remote(void) {", "                get_user_pages_remote();", "            }\" > conftest$$.c", "", "            $CC $CFLAGS -c conftest$$.c > /dev/null 2>&1"]
trace:       Parsed hunk: 7 match line(s), 0 initial addition(s).
trace: Hunk::get_match_block: extracted 7 match line(s)
trace:       Computed diff between match block and file slice: 4 operation(s), similarity ratio=0.667
trace:       Initial Indentation Context: Hunk='            ', Target='            '
trace:       Active baseline indentation: hunk='            ', target='            '
trace:       DiffOp::Equal: 3 line(s) aligned (hunk old_idx=0, file new_idx=0)
trace:         Equal: preserving target line: '            # conftest #1: check if get_user_pages_remote() is available'
trace:         Equal: preserving target line: '            # return if not available.'
trace:         Equal: preserving target line: '            # Fall through to conftest #2 if it is present'
trace:       DiffOp::Replace: hunk lines 3..4 (len=1) vs file lines 3..4 (len=1)
trace:         1-to-1 length replacement. Validating similarity of modified lines...
trace:         1-to-1 replacement line validation [line 3]: is_removal=true, word_sim=0.000, char_sim=0.000
warning:     Fuzzy match rejected: Removal line "" differs from target line "            #" (sim_words=0.000, sim_chars=0.000, required=0.500).
debug:   Candidate 15/20 at HunkLocation { start_index: 3116, length: 11 } failed with ContextNotFound. Backtracking...
trace:   Evaluating candidate 16/20 at location HunkLocation { start_index: 3111, length: 12 } (match_type: Fuzzy { score: 0.8265305794015223 })
debug:   Found location HunkLocation { start_index: 3111, length: 12 } with match type Fuzzy { score: 0.8265305794015223 }. Applying changes.
debug:   try_apply_hunk_at_location: target line 3112 (length 12), match_type=Fuzzy { score: 0.8265305794015223 }, total target lines=5168.
trace: Hunk::get_match_block: extracted 7 match line(s)
trace:     Match block lines: 7 | Total hunk lines: 8
trace:     Target slice to replace: ["            #", "            # get_user_pages_remote() removed 'tsk' parameter by", "            # commit 64019a2e467a (\"mm/gup: remove task_struct pointer for", "            # all gup code\") in v5.9-rc1 (2020-08-11).", "            #", "            # conftest #1: check if get_user_pages_remote() is available", "            # return if not available.", "            # Fall through to conftest #2 if it is present", "            #", "            echo \"$CONFTEST_PREAMBLE", "            #include <linux/mm.h>", "            void conftest_get_user_pages_remote(void) {"]
trace:     Ellipsis flags: has_ellipsis=false, is_literal_match=false, is_wildcard_gap_match=false
debug:     Applying hunk via robust reconstruction logic (preserving file context & adjusting indent).
trace:       Fuzzy match location: start=3111, len=12
trace:       File content in matched range (12 line(s)): ["            #", "            # get_user_pages_remote() removed 'tsk' parameter by", "            # commit 64019a2e467a (\"mm/gup: remove task_struct pointer for", "            # all gup code\") in v5.9-rc1 (2020-08-11).", "            #", "            # conftest #1: check if get_user_pages_remote() is available", "            # return if not available.", "            # Fall through to conftest #2 if it is present", "            #", "            echo \"$CONFTEST_PREAMBLE", "            #include <linux/mm.h>", "            void conftest_get_user_pages_remote(void) {"]
trace:       Parsed hunk: 7 match line(s), 0 initial addition(s).
trace: Hunk::get_match_block: extracted 7 match line(s)
trace:       Computed diff between match block and file slice: 4 operation(s), similarity ratio=0.632
trace:       Initial Indentation Context: Hunk='            ', Target='            '
trace:       Active baseline indentation: hunk='            ', target='            '
trace:       DiffOp::Insert: preserving 5 local insertion line(s) from target file (new_idx=0)
trace:         Preserving inserted line: '            #'
trace:         Preserving inserted line: '            # get_user_pages_remote() removed \'tsk\' parameter by'
trace:         Preserving inserted line: '            # commit 64019a2e467a (\"mm/gup: remove task_struct pointer for'
trace:         Preserving inserted line: '            # all gup code\") in v5.9-rc1 (2020-08-11).'
trace:         Preserving inserted line: '            #'
trace:       DiffOp::Equal: 3 line(s) aligned (hunk old_idx=0, file new_idx=5)
trace:         Equal: preserving target line: '            # conftest #1: check if get_user_pages_remote() is available'
trace:         Equal: preserving target line: '            # return if not available.'
trace:         Equal: preserving target line: '            # Fall through to conftest #2 if it is present'
trace:       DiffOp::Replace: hunk lines 3..4 (len=1) vs file lines 8..9 (len=1)
trace:         1-to-1 length replacement. Validating similarity of modified lines...
trace:         1-to-1 replacement line validation [line 3]: is_removal=true, word_sim=0.000, char_sim=0.000
warning:     Fuzzy match rejected: Removal line "" differs from target line "            #" (sim_words=0.000, sim_chars=0.000, required=0.500).
debug:   Candidate 16/20 at HunkLocation { start_index: 3111, length: 12 } failed with ContextNotFound. Backtracking...
trace:   Evaluating candidate 17/20 at location HunkLocation { start_index: 3112, length: 12 } (match_type: Fuzzy { score: 0.8265305794015223 })
debug:   Found location HunkLocation { start_index: 3112, length: 12 } with match type Fuzzy { score: 0.8265305794015223 }. Applying changes.
debug:   try_apply_hunk_at_location: target line 3113 (length 12), match_type=Fuzzy { score: 0.8265305794015223 }, total target lines=5168.
trace: Hunk::get_match_block: extracted 7 match line(s)
trace:     Match block lines: 7 | Total hunk lines: 8
trace:     Target slice to replace: ["            # get_user_pages_remote() removed 'tsk' parameter by", "            # commit 64019a2e467a (\"mm/gup: remove task_struct pointer for", "            # all gup code\") in v5.9-rc1 (2020-08-11).", "            #", "            # conftest #1: check if get_user_pages_remote() is available", "            # return if not available.", "            # Fall through to conftest #2 if it is present", "            #", "            echo \"$CONFTEST_PREAMBLE", "            #include <linux/mm.h>", "            void conftest_get_user_pages_remote(void) {", "                get_user_pages_remote();"]
trace:     Ellipsis flags: has_ellipsis=false, is_literal_match=false, is_wildcard_gap_match=false
debug:     Applying hunk via robust reconstruction logic (preserving file context & adjusting indent).
trace:       Fuzzy match location: start=3112, len=12
trace:       File content in matched range (12 line(s)): ["            # get_user_pages_remote() removed 'tsk' parameter by", "            # commit 64019a2e467a (\"mm/gup: remove task_struct pointer for", "            # all gup code\") in v5.9-rc1 (2020-08-11).", "            #", "            # conftest #1: check if get_user_pages_remote() is available", "            # return if not available.", "            # Fall through to conftest #2 if it is present", "            #", "            echo \"$CONFTEST_PREAMBLE", "            #include <linux/mm.h>", "            void conftest_get_user_pages_remote(void) {", "                get_user_pages_remote();"]
trace:       Parsed hunk: 7 match line(s), 0 initial addition(s).
trace: Hunk::get_match_block: extracted 7 match line(s)
trace:       Computed diff between match block and file slice: 5 operation(s), similarity ratio=0.632
trace:       Initial Indentation Context: Hunk='            ', Target='            '
trace:       Active baseline indentation: hunk='            ', target='            '
trace:       DiffOp::Insert: preserving 4 local insertion line(s) from target file (new_idx=0)
trace:         Preserving inserted line: '            # get_user_pages_remote() removed \'tsk\' parameter by'
trace:         Preserving inserted line: '            # commit 64019a2e467a (\"mm/gup: remove task_struct pointer for'
trace:         Preserving inserted line: '            # all gup code\") in v5.9-rc1 (2020-08-11).'
trace:         Preserving inserted line: '            #'
trace:       DiffOp::Equal: 3 line(s) aligned (hunk old_idx=0, file new_idx=4)
trace:         Equal: preserving target line: '            # conftest #1: check if get_user_pages_remote() is available'
trace:         Equal: preserving target line: '            # return if not available.'
trace:         Equal: preserving target line: '            # Fall through to conftest #2 if it is present'
trace:       DiffOp::Replace: hunk lines 3..4 (len=1) vs file lines 7..8 (len=1)
trace:         1-to-1 length replacement. Validating similarity of modified lines...
trace:         1-to-1 replacement line validation [line 3]: is_removal=true, word_sim=0.000, char_sim=0.000
warning:     Fuzzy match rejected: Removal line "" differs from target line "            #" (sim_words=0.000, sim_chars=0.000, required=0.500).
debug:   Candidate 17/20 at HunkLocation { start_index: 3112, length: 12 } failed with ContextNotFound. Backtracking...
trace:   Evaluating candidate 18/20 at location HunkLocation { start_index: 3113, length: 12 } (match_type: Fuzzy { score: 0.8265305794015223 })
debug:   Found location HunkLocation { start_index: 3113, length: 12 } with match type Fuzzy { score: 0.8265305794015223 }. Applying changes.
debug:   try_apply_hunk_at_location: target line 3114 (length 12), match_type=Fuzzy { score: 0.8265305794015223 }, total target lines=5168.
trace: Hunk::get_match_block: extracted 7 match line(s)
trace:     Match block lines: 7 | Total hunk lines: 8
trace:     Target slice to replace: ["            # commit 64019a2e467a (\"mm/gup: remove task_struct pointer for", "            # all gup code\") in v5.9-rc1 (2020-08-11).", "            #", "            # conftest #1: check if get_user_pages_remote() is available", "            # return if not available.", "            # Fall through to conftest #2 if it is present", "            #", "            echo \"$CONFTEST_PREAMBLE", "            #include <linux/mm.h>", "            void conftest_get_user_pages_remote(void) {", "                get_user_pages_remote();", "            }\" > conftest$$.c"]
trace:     Ellipsis flags: has_ellipsis=false, is_literal_match=false, is_wildcard_gap_match=false
debug:     Applying hunk via robust reconstruction logic (preserving file context & adjusting indent).
trace:       Fuzzy match location: start=3113, len=12
trace:       File content in matched range (12 line(s)): ["            # commit 64019a2e467a (\"mm/gup: remove task_struct pointer for", "            # all gup code\") in v5.9-rc1 (2020-08-11).", "            #", "            # conftest #1: check if get_user_pages_remote() is available", "            # return if not available.", "            # Fall through to conftest #2 if it is present", "            #", "            echo \"$CONFTEST_PREAMBLE", "            #include <linux/mm.h>", "            void conftest_get_user_pages_remote(void) {", "                get_user_pages_remote();", "            }\" > conftest$$.c"]
trace:       Parsed hunk: 7 match line(s), 0 initial addition(s).
trace: Hunk::get_match_block: extracted 7 match line(s)
trace:       Computed diff between match block and file slice: 5 operation(s), similarity ratio=0.632
trace:       Initial Indentation Context: Hunk='            ', Target='            '
trace:       Active baseline indentation: hunk='            ', target='            '
trace:       DiffOp::Insert: preserving 3 local insertion line(s) from target file (new_idx=0)
trace:         Preserving inserted line: '            # commit 64019a2e467a (\"mm/gup: remove task_struct pointer for'
trace:         Preserving inserted line: '            # all gup code\") in v5.9-rc1 (2020-08-11).'
trace:         Preserving inserted line: '            #'
trace:       DiffOp::Equal: 3 line(s) aligned (hunk old_idx=0, file new_idx=3)
trace:         Equal: preserving target line: '            # conftest #1: check if get_user_pages_remote() is available'
trace:         Equal: preserving target line: '            # return if not available.'
trace:         Equal: preserving target line: '            # Fall through to conftest #2 if it is present'
trace:       DiffOp::Replace: hunk lines 3..4 (len=1) vs file lines 6..7 (len=1)
trace:         1-to-1 length replacement. Validating similarity of modified lines...
trace:         1-to-1 replacement line validation [line 3]: is_removal=true, word_sim=0.000, char_sim=0.000
warning:     Fuzzy match rejected: Removal line "" differs from target line "            #" (sim_words=0.000, sim_chars=0.000, required=0.500).
debug:   Candidate 18/20 at HunkLocation { start_index: 3113, length: 12 } failed with ContextNotFound. Backtracking...
trace:   Evaluating candidate 19/20 at location HunkLocation { start_index: 3114, length: 12 } (match_type: Fuzzy { score: 0.8265305794015223 })
debug:   Found location HunkLocation { start_index: 3114, length: 12 } with match type Fuzzy { score: 0.8265305794015223 }. Applying changes.
debug:   try_apply_hunk_at_location: target line 3115 (length 12), match_type=Fuzzy { score: 0.8265305794015223 }, total target lines=5168.
trace: Hunk::get_match_block: extracted 7 match line(s)
trace:     Match block lines: 7 | Total hunk lines: 8
trace:     Target slice to replace: ["            # all gup code\") in v5.9-rc1 (2020-08-11).", "            #", "            # conftest #1: check if get_user_pages_remote() is available", "            # return if not available.", "            # Fall through to conftest #2 if it is present", "            #", "            echo \"$CONFTEST_PREAMBLE", "            #include <linux/mm.h>", "            void conftest_get_user_pages_remote(void) {", "                get_user_pages_remote();", "            }\" > conftest$$.c", ""]
trace:     Ellipsis flags: has_ellipsis=false, is_literal_match=false, is_wildcard_gap_match=false
debug:     Applying hunk via robust reconstruction logic (preserving file context & adjusting indent).
trace:       Fuzzy match location: start=3114, len=12
trace:       File content in matched range (12 line(s)): ["            # all gup code\") in v5.9-rc1 (2020-08-11).", "            #", "            # conftest #1: check if get_user_pages_remote() is available", "            # return if not available.", "            # Fall through to conftest #2 if it is present", "            #", "            echo \"$CONFTEST_PREAMBLE", "            #include <linux/mm.h>", "            void conftest_get_user_pages_remote(void) {", "                get_user_pages_remote();", "            }\" > conftest$$.c", ""]
trace:       Parsed hunk: 7 match line(s), 0 initial addition(s).
trace: Hunk::get_match_block: extracted 7 match line(s)
trace:       Computed diff between match block and file slice: 5 operation(s), similarity ratio=0.632
trace:       Initial Indentation Context: Hunk='            ', Target='            '
trace:       Active baseline indentation: hunk='            ', target='            '
trace:       DiffOp::Insert: preserving 2 local insertion line(s) from target file (new_idx=0)
trace:         Preserving inserted line: '            # all gup code\") in v5.9-rc1 (2020-08-11).'
trace:         Preserving inserted line: '            #'
trace:       DiffOp::Equal: 3 line(s) aligned (hunk old_idx=0, file new_idx=2)
trace:         Equal: preserving target line: '            # conftest #1: check if get_user_pages_remote() is available'
trace:         Equal: preserving target line: '            # return if not available.'
trace:         Equal: preserving target line: '            # Fall through to conftest #2 if it is present'
trace:       DiffOp::Replace: hunk lines 3..4 (len=1) vs file lines 5..6 (len=1)
trace:         1-to-1 length replacement. Validating similarity of modified lines...
trace:         1-to-1 replacement line validation [line 3]: is_removal=true, word_sim=0.000, char_sim=0.000
warning:     Fuzzy match rejected: Removal line "" differs from target line "            #" (sim_words=0.000, sim_chars=0.000, required=0.500).
debug:   Candidate 19/20 at HunkLocation { start_index: 3114, length: 12 } failed with ContextNotFound. Backtracking...
trace:   Evaluating candidate 20/20 at location HunkLocation { start_index: 3115, length: 12 } (match_type: Fuzzy { score: 0.8265305794015223 })
debug:   Found location HunkLocation { start_index: 3115, length: 12 } with match type Fuzzy { score: 0.8265305794015223 }. Applying changes.
debug:   try_apply_hunk_at_location: target line 3116 (length 12), match_type=Fuzzy { score: 0.8265305794015223 }, total target lines=5168.
trace: Hunk::get_match_block: extracted 7 match line(s)
trace:     Match block lines: 7 | Total hunk lines: 8
trace:     Target slice to replace: ["            #", "            # conftest #1: check if get_user_pages_remote() is available", "            # return if not available.", "            # Fall through to conftest #2 if it is present", "            #", "            echo \"$CONFTEST_PREAMBLE", "            #include <linux/mm.h>", "            void conftest_get_user_pages_remote(void) {", "                get_user_pages_remote();", "            }\" > conftest$$.c", "", "            $CC $CFLAGS -c conftest$$.c > /dev/null 2>&1"]
trace:     Ellipsis flags: has_ellipsis=false, is_literal_match=false, is_wildcard_gap_match=false
debug:     Applying hunk via robust reconstruction logic (preserving file context & adjusting indent).
trace:       Fuzzy match location: start=3115, len=12
trace:       File content in matched range (12 line(s)): ["            #", "            # conftest #1: check if get_user_pages_remote() is available", "            # return if not available.", "            # Fall through to conftest #2 if it is present", "            #", "            echo \"$CONFTEST_PREAMBLE", "            #include <linux/mm.h>", "            void conftest_get_user_pages_remote(void) {", "                get_user_pages_remote();", "            }\" > conftest$$.c", "", "            $CC $CFLAGS -c conftest$$.c > /dev/null 2>&1"]
trace:       Parsed hunk: 7 match line(s), 0 initial addition(s).
trace: Hunk::get_match_block: extracted 7 match line(s)
trace:       Computed diff between match block and file slice: 5 operation(s), similarity ratio=0.632
trace:       Initial Indentation Context: Hunk='            ', Target='            '
trace:       Active baseline indentation: hunk='            ', target='            '
trace:       DiffOp::Insert: preserving 1 local insertion line(s) from target file (new_idx=0)
trace:         Preserving inserted line: '            #'
trace:       DiffOp::Equal: 3 line(s) aligned (hunk old_idx=0, file new_idx=1)
trace:         Equal: preserving target line: '            # conftest #1: check if get_user_pages_remote() is available'
trace:         Equal: preserving target line: '            # return if not available.'
trace:         Equal: preserving target line: '            # Fall through to conftest #2 if it is present'
trace:       DiffOp::Replace: hunk lines 3..4 (len=1) vs file lines 4..5 (len=1)
trace:         1-to-1 length replacement. Validating similarity of modified lines...
trace:         1-to-1 replacement line validation [line 3]: is_removal=true, word_sim=0.000, char_sim=0.000
warning:     Fuzzy match rejected: Removal line "" differs from target line "            #" (sim_words=0.000, sim_chars=0.000, required=0.500).
debug:   Candidate 20/20 at HunkLocation { start_index: 3115, length: 12 } failed with ContextNotFound. Backtracking...
debug:   Strict application failed for all 20 candidate(s). Retrying with fallback context reconciliation...
trace:   Evaluating candidate 1/20 with lenient reconciliation at location HunkLocation { start_index: 3116, length: 7 }
debug:   Found location HunkLocation { start_index: 3116, length: 7 } with match type Fuzzy { score: 0.8571428656578064 }. Applying changes.
debug:   try_apply_hunk_at_location: target line 3117 (length 7), match_type=Fuzzy { score: 0.8571428656578064 }, total target lines=5168.
trace: Hunk::get_match_block: extracted 7 match line(s)
trace:     Match block lines: 7 | Total hunk lines: 8
trace:     Target slice to replace: ["            # conftest #1: check if get_user_pages_remote() is available", "            # return if not available.", "            # Fall through to conftest #2 if it is present", "            #", "            echo \"$CONFTEST_PREAMBLE", "            #include <linux/mm.h>", "            void conftest_get_user_pages_remote(void) {"]
trace:     Ellipsis flags: has_ellipsis=false, is_literal_match=false, is_wildcard_gap_match=false
debug:     Applying hunk via robust reconstruction logic (preserving file context & adjusting indent).
trace:       Fuzzy match location: start=3116, len=7
trace:       File content in matched range (7 line(s)): ["            # conftest #1: check if get_user_pages_remote() is available", "            # return if not available.", "            # Fall through to conftest #2 if it is present", "            #", "            echo \"$CONFTEST_PREAMBLE", "            #include <linux/mm.h>", "            void conftest_get_user_pages_remote(void) {"]
trace:       Parsed hunk: 7 match line(s), 0 initial addition(s).
trace: Hunk::get_match_block: extracted 7 match line(s)
trace: normalize_line_delimiters: '            # conftest #1: check if get_user_pages_remote() is available' -> '# conftest'
trace: normalize_line_delimiters: '            # return if not available.' -> '# return if not available.'
trace: normalize_line_delimiters: '            # Fall through to conftest #2 if it is present' -> '# Fall through to conftest'
trace: normalize_line_delimiters: '' -> ''
trace: normalize_line_delimiters: '            echo "$CONFTEST_PREAMBLE' -> 'echo "$CONFTEST_PREAMBLE'
trace: normalize_line_delimiters: '            #include <linux/mm.h>' -> '#include <linux/mm.h>'
trace: normalize_line_delimiters: '            void conftest_get_user_pages_remote(void) {' -> 'void conftest_get_user_pages_remote(void) {'
trace: normalize_line_delimiters: '            # conftest #1: check if get_user_pages_remote() is available' -> '# conftest'
trace: normalize_line_delimiters: '            # return if not available.' -> '# return if not available.'
trace: normalize_line_delimiters: '            # Fall through to conftest #2 if it is present' -> '# Fall through to conftest'
trace: normalize_line_delimiters: '            #' -> '#'
trace: normalize_line_delimiters: '            echo "$CONFTEST_PREAMBLE' -> 'echo "$CONFTEST_PREAMBLE'
trace: normalize_line_delimiters: '            #include <linux/mm.h>' -> '#include <linux/mm.h>'
trace: normalize_line_delimiters: '            void conftest_get_user_pages_remote(void) {' -> 'void conftest_get_user_pages_remote(void) {'
trace:       Computed diff between match block and file slice: 3 operation(s), similarity ratio=0.857
trace:       Initial Indentation Context: Hunk='            ', Target='            '
trace:       Active baseline indentation: hunk='            ', target='            '
trace:       DiffOp::Equal: 3 line(s) aligned (hunk old_idx=0, file new_idx=0)
trace:         Equal: preserving target line: '            # conftest #1: check if get_user_pages_remote() is available'
trace:         Equal: preserving target line: '            # return if not available.'
trace:         Equal: preserving target line: '            # Fall through to conftest #2 if it is present'
trace:       DiffOp::Replace: hunk lines 3..4 (len=1) vs file lines 3..4 (len=1)
trace:         1-to-1 length replacement. Validating similarity of modified lines...
trace:         1-to-1 replacement line validation [line 3]: is_removal=true, word_sim=0.000, char_sim=0.000
trace: normalize_line_delimiters: '' -> ''
trace: normalize_line_delimiters: '#' -> '#'
warning:     Fuzzy match rejected: Removal line "" differs from target line "            #" (sim_words=0.000, sim_chars=0.000, required=0.350).
trace:   Evaluating candidate 2/20 with lenient reconciliation at location HunkLocation { start_index: 3115, length: 8 }
debug:   Found location HunkLocation { start_index: 3115, length: 8 } with match type Fuzzy { score: 0.8510204208444575 }. Applying changes.
debug:   try_apply_hunk_at_location: target line 3116 (length 8), match_type=Fuzzy { score: 0.8510204208444575 }, total target lines=5168.
trace: Hunk::get_match_block: extracted 7 match line(s)
trace:     Match block lines: 7 | Total hunk lines: 8
trace:     Target slice to replace: ["            #", "            # conftest #1: check if get_user_pages_remote() is available", "            # return if not available.", "            # Fall through to conftest #2 if it is present", "            #", "            echo \"$CONFTEST_PREAMBLE", "            #include <linux/mm.h>", "            void conftest_get_user_pages_remote(void) {"]
trace:     Ellipsis flags: has_ellipsis=false, is_literal_match=false, is_wildcard_gap_match=false
debug:     Applying hunk via robust reconstruction logic (preserving file context & adjusting indent).
trace:       Fuzzy match location: start=3115, len=8
trace:       File content in matched range (8 line(s)): ["            #", "            # conftest #1: check if get_user_pages_remote() is available", "            # return if not available.", "            # Fall through to conftest #2 if it is present", "            #", "            echo \"$CONFTEST_PREAMBLE", "            #include <linux/mm.h>", "            void conftest_get_user_pages_remote(void) {"]
trace:       Parsed hunk: 7 match line(s), 0 initial addition(s).
trace: Hunk::get_match_block: extracted 7 match line(s)
trace: normalize_line_delimiters: '            # conftest #1: check if get_user_pages_remote() is available' -> '# conftest'
trace: normalize_line_delimiters: '            # return if not available.' -> '# return if not available.'
trace: normalize_line_delimiters: '            # Fall through to conftest #2 if it is present' -> '# Fall through to conftest'
trace: normalize_line_delimiters: '' -> ''
trace: normalize_line_delimiters: '            echo "$CONFTEST_PREAMBLE' -> 'echo "$CONFTEST_PREAMBLE'
trace: normalize_line_delimiters: '            #include <linux/mm.h>' -> '#include <linux/mm.h>'
trace: normalize_line_delimiters: '            void conftest_get_user_pages_remote(void) {' -> 'void conftest_get_user_pages_remote(void) {'
trace: normalize_line_delimiters: '            #' -> '#'
trace: normalize_line_delimiters: '            # conftest #1: check if get_user_pages_remote() is available' -> '# conftest'
trace: normalize_line_delimiters: '            # return if not available.' -> '# return if not available.'
trace: normalize_line_delimiters: '            # Fall through to conftest #2 if it is present' -> '# Fall through to conftest'
trace: normalize_line_delimiters: '            #' -> '#'
trace: normalize_line_delimiters: '            echo "$CONFTEST_PREAMBLE' -> 'echo "$CONFTEST_PREAMBLE'
trace: normalize_line_delimiters: '            #include <linux/mm.h>' -> '#include <linux/mm.h>'
trace: normalize_line_delimiters: '            void conftest_get_user_pages_remote(void) {' -> 'void conftest_get_user_pages_remote(void) {'
trace:       Computed diff between match block and file slice: 4 operation(s), similarity ratio=0.800
trace:       Initial Indentation Context: Hunk='            ', Target='            '
trace:       Active baseline indentation: hunk='            ', target='            '
trace:       DiffOp::Insert: preserving 1 local insertion line(s) from target file (new_idx=0)
trace:         Preserving inserted line: '            #'
trace:       DiffOp::Equal: 3 line(s) aligned (hunk old_idx=0, file new_idx=1)
trace:         Equal: preserving target line: '            # conftest #1: check if get_user_pages_remote() is available'
trace:         Equal: preserving target line: '            # return if not available.'
trace:         Equal: preserving target line: '            # Fall through to conftest #2 if it is present'
trace:       DiffOp::Replace: hunk lines 3..4 (len=1) vs file lines 4..5 (len=1)
trace:         1-to-1 length replacement. Validating similarity of modified lines...
trace:         1-to-1 replacement line validation [line 3]: is_removal=true, word_sim=0.000, char_sim=0.000
trace: normalize_line_delimiters: '' -> ''
trace: normalize_line_delimiters: '#' -> '#'
warning:     Fuzzy match rejected: Removal line "" differs from target line "            #" (sim_words=0.000, sim_chars=0.000, required=0.350).
trace:   Evaluating candidate 3/20 with lenient reconciliation at location HunkLocation { start_index: 3116, length: 8 }
debug:   Found location HunkLocation { start_index: 3116, length: 8 } with match type Fuzzy { score: 0.8510204208444575 }. Applying changes.
debug:   try_apply_hunk_at_location: target line 3117 (length 8), match_type=Fuzzy { score: 0.8510204208444575 }, total target lines=5168.
trace: Hunk::get_match_block: extracted 7 match line(s)
trace:     Match block lines: 7 | Total hunk lines: 8
trace:     Target slice to replace: ["            # conftest #1: check if get_user_pages_remote() is available", "            # return if not available.", "            # Fall through to conftest #2 if it is present", "            #", "            echo \"$CONFTEST_PREAMBLE", "            #include <linux/mm.h>", "            void conftest_get_user_pages_remote(void) {", "                get_user_pages_remote();"]
trace:     Ellipsis flags: has_ellipsis=false, is_literal_match=false, is_wildcard_gap_match=false
debug:     Applying hunk via robust reconstruction logic (preserving file context & adjusting indent).
trace:       Fuzzy match location: start=3116, len=8
trace:       File content in matched range (8 line(s)): ["            # conftest #1: check if get_user_pages_remote() is available", "            # return if not available.", "            # Fall through to conftest #2 if it is present", "            #", "            echo \"$CONFTEST_PREAMBLE", "            #include <linux/mm.h>", "            void conftest_get_user_pages_remote(void) {", "                get_user_pages_remote();"]
trace:       Parsed hunk: 7 match line(s), 0 initial addition(s).
trace: Hunk::get_match_block: extracted 7 match line(s)
trace: normalize_line_delimiters: '            # conftest #1: check if get_user_pages_remote() is available' -> '# conftest'
trace: normalize_line_delimiters: '            # return if not available.' -> '# return if not available.'
trace: normalize_line_delimiters: '            # Fall through to conftest #2 if it is present' -> '# Fall through to conftest'
trace: normalize_line_delimiters: '' -> ''
trace: normalize_line_delimiters: '            echo "$CONFTEST_PREAMBLE' -> 'echo "$CONFTEST_PREAMBLE'
trace: normalize_line_delimiters: '            #include <linux/mm.h>' -> '#include <linux/mm.h>'
trace: normalize_line_delimiters: '            void conftest_get_user_pages_remote(void) {' -> 'void conftest_get_user_pages_remote(void) {'
trace: normalize_line_delimiters: '            # conftest #1: check if get_user_pages_remote() is available' -> '# conftest'
trace: normalize_line_delimiters: '            # return if not available.' -> '# return if not available.'
trace: normalize_line_delimiters: '            # Fall through to conftest #2 if it is present' -> '# Fall through to conftest'
trace: normalize_line_delimiters: '            #' -> '#'
trace: normalize_line_delimiters: '            echo "$CONFTEST_PREAMBLE' -> 'echo "$CONFTEST_PREAMBLE'
trace: normalize_line_delimiters: '            #include <linux/mm.h>' -> '#include <linux/mm.h>'
trace: normalize_line_delimiters: '            void conftest_get_user_pages_remote(void) {' -> 'void conftest_get_user_pages_remote(void) {'
trace: normalize_line_delimiters: '                get_user_pages_remote();' -> 'get_user_pages_remote()'
trace:       Computed diff between match block and file slice: 4 operation(s), similarity ratio=0.800
trace:       Initial Indentation Context: Hunk='            ', Target='            '
trace:       Active baseline indentation: hunk='            ', target='            '
trace:       DiffOp::Equal: 3 line(s) aligned (hunk old_idx=0, file new_idx=0)
trace:         Equal: preserving target line: '            # conftest #1: check if get_user_pages_remote() is available'
trace:         Equal: preserving target line: '            # return if not available.'
trace:         Equal: preserving target line: '            # Fall through to conftest #2 if it is present'
trace:       DiffOp::Replace: hunk lines 3..4 (len=1) vs file lines 3..4 (len=1)
trace:         1-to-1 length replacement. Validating similarity of modified lines...
trace:         1-to-1 replacement line validation [line 3]: is_removal=true, word_sim=0.000, char_sim=0.000
trace: normalize_line_delimiters: '' -> ''
trace: normalize_line_delimiters: '#' -> '#'
warning:     Fuzzy match rejected: Removal line "" differs from target line "            #" (sim_words=0.000, sim_chars=0.000, required=0.350).
trace:   Evaluating candidate 4/20 with lenient reconciliation at location HunkLocation { start_index: 3114, length: 9 }
debug:   Found location HunkLocation { start_index: 3114, length: 9 } with match type Fuzzy { score: 0.8448979591836734 }. Applying changes.
debug:   try_apply_hunk_at_location: target line 3115 (length 9), match_type=Fuzzy { score: 0.8448979591836734 }, total target lines=5168.
trace: Hunk::get_match_block: extracted 7 match line(s)
trace:     Match block lines: 7 | Total hunk lines: 8
trace:     Target slice to replace: ["            # all gup code\") in v5.9-rc1 (2020-08-11).", "            #", "            # conftest #1: check if get_user_pages_remote() is available", "            # return if not available.", "            # Fall through to conftest #2 if it is present", "            #", "            echo \"$CONFTEST_PREAMBLE", "            #include <linux/mm.h>", "            void conftest_get_user_pages_remote(void) {"]
trace:     Ellipsis flags: has_ellipsis=false, is_literal_match=false, is_wildcard_gap_match=false
debug:     Applying hunk via robust reconstruction logic (preserving file context & adjusting indent).
trace:       Fuzzy match location: start=3114, len=9
trace:       File content in matched range (9 line(s)): ["            # all gup code\") in v5.9-rc1 (2020-08-11).", "            #", "            # conftest #1: check if get_user_pages_remote() is available", "            # return if not available.", "            # Fall through to conftest #2 if it is present", "            #", "            echo \"$CONFTEST_PREAMBLE", "            #include <linux/mm.h>", "            void conftest_get_user_pages_remote(void) {"]
trace:       Parsed hunk: 7 match line(s), 0 initial addition(s).
trace: Hunk::get_match_block: extracted 7 match line(s)
trace: normalize_line_delimiters: '            # conftest #1: check if get_user_pages_remote() is available' -> '# conftest'
trace: normalize_line_delimiters: '            # return if not available.' -> '# return if not available.'
trace: normalize_line_delimiters: '            # Fall through to conftest #2 if it is present' -> '# Fall through to conftest'
trace: normalize_line_delimiters: '' -> ''
trace: normalize_line_delimiters: '            echo "$CONFTEST_PREAMBLE' -> 'echo "$CONFTEST_PREAMBLE'
trace: normalize_line_delimiters: '            #include <linux/mm.h>' -> '#include <linux/mm.h>'
trace: normalize_line_delimiters: '            void conftest_get_user_pages_remote(void) {' -> 'void conftest_get_user_pages_remote(void) {'
trace: normalize_line_delimiters: '            # all gup code") in v5.9-rc1 (2020-08-11).' -> '# all gup code") in v5.9-rc1 (2020-08-11).'
trace: normalize_line_delimiters: '            #' -> '#'
trace: normalize_line_delimiters: '            # conftest #1: check if get_user_pages_remote() is available' -> '# conftest'
trace: normalize_line_delimiters: '            # return if not available.' -> '# return if not available.'
trace: normalize_line_delimiters: '            # Fall through to conftest #2 if it is present' -> '# Fall through to conftest'
trace: normalize_line_delimiters: '            #' -> '#'
trace: normalize_line_delimiters: '            echo "$CONFTEST_PREAMBLE' -> 'echo "$CONFTEST_PREAMBLE'
trace: normalize_line_delimiters: '            #include <linux/mm.h>' -> '#include <linux/mm.h>'
trace: normalize_line_delimiters: '            void conftest_get_user_pages_remote(void) {' -> 'void conftest_get_user_pages_remote(void) {'
trace:       Computed diff between match block and file slice: 4 operation(s), similarity ratio=0.750
trace:       Initial Indentation Context: Hunk='            ', Target='            '
trace:       Active baseline indentation: hunk='            ', target='            '
trace:       DiffOp::Insert: preserving 2 local insertion line(s) from target file (new_idx=0)
trace:         Preserving inserted line: '            # all gup code\") in v5.9-rc1 (2020-08-11).'
trace:         Preserving inserted line: '            #'
trace:       DiffOp::Equal: 3 line(s) aligned (hunk old_idx=0, file new_idx=2)
trace:         Equal: preserving target line: '            # conftest #1: check if get_user_pages_remote() is available'
trace:         Equal: preserving target line: '            # return if not available.'
trace:         Equal: preserving target line: '            # Fall through to conftest #2 if it is present'
trace:       DiffOp::Replace: hunk lines 3..4 (len=1) vs file lines 5..6 (len=1)
trace:         1-to-1 length replacement. Validating similarity of modified lines...
trace:         1-to-1 replacement line validation [line 3]: is_removal=true, word_sim=0.000, char_sim=0.000
trace: normalize_line_delimiters: '' -> ''
trace: normalize_line_delimiters: '#' -> '#'
warning:     Fuzzy match rejected: Removal line "" differs from target line "            #" (sim_words=0.000, sim_chars=0.000, required=0.350).
trace:   Evaluating candidate 5/20 with lenient reconciliation at location HunkLocation { start_index: 3115, length: 9 }
debug:   Found location HunkLocation { start_index: 3115, length: 9 } with match type Fuzzy { score: 0.8448979591836734 }. Applying changes.
debug:   try_apply_hunk_at_location: target line 3116 (length 9), match_type=Fuzzy { score: 0.8448979591836734 }, total target lines=5168.
trace: Hunk::get_match_block: extracted 7 match line(s)
trace:     Match block lines: 7 | Total hunk lines: 8
trace:     Target slice to replace: ["            #", "            # conftest #1: check if get_user_pages_remote() is available", "            # return if not available.", "            # Fall through to conftest #2 if it is present", "            #", "            echo \"$CONFTEST_PREAMBLE", "            #include <linux/mm.h>", "            void conftest_get_user_pages_remote(void) {", "                get_user_pages_remote();"]
trace:     Ellipsis flags: has_ellipsis=false, is_literal_match=false, is_wildcard_gap_match=false
debug:     Applying hunk via robust reconstruction logic (preserving file context & adjusting indent).
trace:       Fuzzy match location: start=3115, len=9
trace:       File content in matched range (9 line(s)): ["            #", "            # conftest #1: check if get_user_pages_remote() is available", "            # return if not available.", "            # Fall through to conftest #2 if it is present", "            #", "            echo \"$CONFTEST_PREAMBLE", "            #include <linux/mm.h>", "            void conftest_get_user_pages_remote(void) {", "                get_user_pages_remote();"]
trace:       Parsed hunk: 7 match line(s), 0 initial addition(s).
trace: Hunk::get_match_block: extracted 7 match line(s)
trace: normalize_line_delimiters: '            # conftest #1: check if get_user_pages_remote() is available' -> '# conftest'
trace: normalize_line_delimiters: '            # return if not available.' -> '# return if not available.'
trace: normalize_line_delimiters: '            # Fall through to conftest #2 if it is present' -> '# Fall through to conftest'
trace: normalize_line_delimiters: '' -> ''
trace: normalize_line_delimiters: '            echo "$CONFTEST_PREAMBLE' -> 'echo "$CONFTEST_PREAMBLE'
trace: normalize_line_delimiters: '            #include <linux/mm.h>' -> '#include <linux/mm.h>'
trace: normalize_line_delimiters: '            void conftest_get_user_pages_remote(void) {' -> 'void conftest_get_user_pages_remote(void) {'
trace: normalize_line_delimiters: '            #' -> '#'
trace: normalize_line_delimiters: '            # conftest #1: check if get_user_pages_remote() is available' -> '# conftest'
trace: normalize_line_delimiters: '            # return if not available.' -> '# return if not available.'
trace: normalize_line_delimiters: '            # Fall through to conftest #2 if it is present' -> '# Fall through to conftest'
trace: normalize_line_delimiters: '            #' -> '#'
trace: normalize_line_delimiters: '            echo "$CONFTEST_PREAMBLE' -> 'echo "$CONFTEST_PREAMBLE'
trace: normalize_line_delimiters: '            #include <linux/mm.h>' -> '#include <linux/mm.h>'
trace: normalize_line_delimiters: '            void conftest_get_user_pages_remote(void) {' -> 'void conftest_get_user_pages_remote(void) {'
trace: normalize_line_delimiters: '                get_user_pages_remote();' -> 'get_user_pages_remote()'
trace:       Computed diff between match block and file slice: 5 operation(s), similarity ratio=0.750
trace:       Initial Indentation Context: Hunk='            ', Target='            '
trace:       Active baseline indentation: hunk='            ', target='            '
trace:       DiffOp::Insert: preserving 1 local insertion line(s) from target file (new_idx=0)
trace:         Preserving inserted line: '            #'
trace:       DiffOp::Equal: 3 line(s) aligned (hunk old_idx=0, file new_idx=1)
trace:         Equal: preserving target line: '            # conftest #1: check if get_user_pages_remote() is available'
trace:         Equal: preserving target line: '            # return if not available.'
trace:         Equal: preserving target line: '            # Fall through to conftest #2 if it is present'
trace:       DiffOp::Replace: hunk lines 3..4 (len=1) vs file lines 4..5 (len=1)
trace:         1-to-1 length replacement. Validating similarity of modified lines...
trace:         1-to-1 replacement line validation [line 3]: is_removal=true, word_sim=0.000, char_sim=0.000
trace: normalize_line_delimiters: '' -> ''
trace: normalize_line_delimiters: '#' -> '#'
warning:     Fuzzy match rejected: Removal line "" differs from target line "            #" (sim_words=0.000, sim_chars=0.000, required=0.350).
trace:   Evaluating candidate 6/20 with lenient reconciliation at location HunkLocation { start_index: 3116, length: 9 }
debug:   Found location HunkLocation { start_index: 3116, length: 9 } with match type Fuzzy { score: 0.8448979591836734 }. Applying changes.
debug:   try_apply_hunk_at_location: target line 3117 (length 9), match_type=Fuzzy { score: 0.8448979591836734 }, total target lines=5168.
trace: Hunk::get_match_block: extracted 7 match line(s)
trace:     Match block lines: 7 | Total hunk lines: 8
trace:     Target slice to replace: ["            # conftest #1: check if get_user_pages_remote() is available", "            # return if not available.", "            # Fall through to conftest #2 if it is present", "            #", "            echo \"$CONFTEST_PREAMBLE", "            #include <linux/mm.h>", "            void conftest_get_user_pages_remote(void) {", "                get_user_pages_remote();", "            }\" > conftest$$.c"]
trace:     Ellipsis flags: has_ellipsis=false, is_literal_match=false, is_wildcard_gap_match=false
debug:     Applying hunk via robust reconstruction logic (preserving file context & adjusting indent).
trace:       Fuzzy match location: start=3116, len=9
trace:       File content in matched range (9 line(s)): ["            # conftest #1: check if get_user_pages_remote() is available", "            # return if not available.", "            # Fall through to conftest #2 if it is present", "            #", "            echo \"$CONFTEST_PREAMBLE", "            #include <linux/mm.h>", "            void conftest_get_user_pages_remote(void) {", "                get_user_pages_remote();", "            }\" > conftest$$.c"]
trace:       Parsed hunk: 7 match line(s), 0 initial addition(s).
trace: Hunk::get_match_block: extracted 7 match line(s)
trace: normalize_line_delimiters: '            # conftest #1: check if get_user_pages_remote() is available' -> '# conftest'
trace: normalize_line_delimiters: '            # return if not available.' -> '# return if not available.'
trace: normalize_line_delimiters: '            # Fall through to conftest #2 if it is present' -> '# Fall through to conftest'
trace: normalize_line_delimiters: '' -> ''
trace: normalize_line_delimiters: '            echo "$CONFTEST_PREAMBLE' -> 'echo "$CONFTEST_PREAMBLE'
trace: normalize_line_delimiters: '            #include <linux/mm.h>' -> '#include <linux/mm.h>'
trace: normalize_line_delimiters: '            void conftest_get_user_pages_remote(void) {' -> 'void conftest_get_user_pages_remote(void) {'
trace: normalize_line_delimiters: '            # conftest #1: check if get_user_pages_remote() is available' -> '# conftest'
trace: normalize_line_delimiters: '            # return if not available.' -> '# return if not available.'
trace: normalize_line_delimiters: '            # Fall through to conftest #2 if it is present' -> '# Fall through to conftest'
trace: normalize_line_delimiters: '            #' -> '#'
trace: normalize_line_delimiters: '            echo "$CONFTEST_PREAMBLE' -> 'echo "$CONFTEST_PREAMBLE'
trace: normalize_line_delimiters: '            #include <linux/mm.h>' -> '#include <linux/mm.h>'
trace: normalize_line_delimiters: '            void conftest_get_user_pages_remote(void) {' -> 'void conftest_get_user_pages_remote(void) {'
trace: normalize_line_delimiters: '                get_user_pages_remote();' -> 'get_user_pages_remote()'
trace: normalize_line_delimiters: '            }" > conftest$$.c' -> '}" > conftest$$.c'
trace:       Computed diff between match block and file slice: 4 operation(s), similarity ratio=0.750
trace:       Initial Indentation Context: Hunk='            ', Target='            '
trace:       Active baseline indentation: hunk='            ', target='            '
trace:       DiffOp::Equal: 3 line(s) aligned (hunk old_idx=0, file new_idx=0)
trace:         Equal: preserving target line: '            # conftest #1: check if get_user_pages_remote() is available'
trace:         Equal: preserving target line: '            # return if not available.'
trace:         Equal: preserving target line: '            # Fall through to conftest #2 if it is present'
trace:       DiffOp::Replace: hunk lines 3..4 (len=1) vs file lines 3..4 (len=1)
trace:         1-to-1 length replacement. Validating similarity of modified lines...
trace:         1-to-1 replacement line validation [line 3]: is_removal=true, word_sim=0.000, char_sim=0.000
trace: normalize_line_delimiters: '' -> ''
trace: normalize_line_delimiters: '#' -> '#'
warning:     Fuzzy match rejected: Removal line "" differs from target line "            #" (sim_words=0.000, sim_chars=0.000, required=0.350).
trace:   Evaluating candidate 7/20 with lenient reconciliation at location HunkLocation { start_index: 3113, length: 10 }
debug:   Found location HunkLocation { start_index: 3113, length: 10 } with match type Fuzzy { score: 0.8387755310352967 }. Applying changes.
debug:   try_apply_hunk_at_location: target line 3114 (length 10), match_type=Fuzzy { score: 0.8387755310352967 }, total target lines=5168.
trace: Hunk::get_match_block: extracted 7 match line(s)
trace:     Match block lines: 7 | Total hunk lines: 8
trace:     Target slice to replace: ["            # commit 64019a2e467a (\"mm/gup: remove task_struct pointer for", "            # all gup code\") in v5.9-rc1 (2020-08-11).", "            #", "            # conftest #1: check if get_user_pages_remote() is available", "            # return if not available.", "            # Fall through to conftest #2 if it is present", "            #", "            echo \"$CONFTEST_PREAMBLE", "            #include <linux/mm.h>", "            void conftest_get_user_pages_remote(void) {"]
trace:     Ellipsis flags: has_ellipsis=false, is_literal_match=false, is_wildcard_gap_match=false
debug:     Applying hunk via robust reconstruction logic (preserving file context & adjusting indent).
trace:       Fuzzy match location: start=3113, len=10
trace:       File content in matched range (10 line(s)): ["            # commit 64019a2e467a (\"mm/gup: remove task_struct pointer for", "            # all gup code\") in v5.9-rc1 (2020-08-11).", "            #", "            # conftest #1: check if get_user_pages_remote() is available", "            # return if not available.", "            # Fall through to conftest #2 if it is present", "            #", "            echo \"$CONFTEST_PREAMBLE", "            #include <linux/mm.h>", "            void conftest_get_user_pages_remote(void) {"]
trace:       Parsed hunk: 7 match line(s), 0 initial addition(s).
trace: Hunk::get_match_block: extracted 7 match line(s)
trace: normalize_line_delimiters: '            # conftest #1: check if get_user_pages_remote() is available' -> '# conftest'
trace: normalize_line_delimiters: '            # return if not available.' -> '# return if not available.'
trace: normalize_line_delimiters: '            # Fall through to conftest #2 if it is present' -> '# Fall through to conftest'
trace: normalize_line_delimiters: '' -> ''
trace: normalize_line_delimiters: '            echo "$CONFTEST_PREAMBLE' -> 'echo "$CONFTEST_PREAMBLE'
trace: normalize_line_delimiters: '            #include <linux/mm.h>' -> '#include <linux/mm.h>'
trace: normalize_line_delimiters: '            void conftest_get_user_pages_remote(void) {' -> 'void conftest_get_user_pages_remote(void) {'
trace: normalize_line_delimiters: '            # commit 64019a2e467a ("mm/gup: remove task_struct pointer for' -> '# commit 64019a2e467a ("mm/gup: remove task_struct pointer for'
trace: normalize_line_delimiters: '            # all gup code") in v5.9-rc1 (2020-08-11).' -> '# all gup code") in v5.9-rc1 (2020-08-11).'
trace: normalize_line_delimiters: '            #' -> '#'
trace: normalize_line_delimiters: '            # conftest #1: check if get_user_pages_remote() is available' -> '# conftest'
trace: normalize_line_delimiters: '            # return if not available.' -> '# return if not available.'
trace: normalize_line_delimiters: '            # Fall through to conftest #2 if it is present' -> '# Fall through to conftest'
trace: normalize_line_delimiters: '            #' -> '#'
trace: normalize_line_delimiters: '            echo "$CONFTEST_PREAMBLE' -> 'echo "$CONFTEST_PREAMBLE'
trace: normalize_line_delimiters: '            #include <linux/mm.h>' -> '#include <linux/mm.h>'
trace: normalize_line_delimiters: '            void conftest_get_user_pages_remote(void) {' -> 'void conftest_get_user_pages_remote(void) {'
trace:       Computed diff between match block and file slice: 4 operation(s), similarity ratio=0.706
trace:       Initial Indentation Context: Hunk='            ', Target='            '
trace:       Active baseline indentation: hunk='            ', target='            '
trace:       DiffOp::Insert: preserving 3 local insertion line(s) from target file (new_idx=0)
trace:         Preserving inserted line: '            # commit 64019a2e467a (\"mm/gup: remove task_struct pointer for'
trace:         Preserving inserted line: '            # all gup code\") in v5.9-rc1 (2020-08-11).'
trace:         Preserving inserted line: '            #'
trace:       DiffOp::Equal: 3 line(s) aligned (hunk old_idx=0, file new_idx=3)
trace:         Equal: preserving target line: '            # conftest #1: check if get_user_pages_remote() is available'
trace:         Equal: preserving target line: '            # return if not available.'
trace:         Equal: preserving target line: '            # Fall through to conftest #2 if it is present'
trace:       DiffOp::Replace: hunk lines 3..4 (len=1) vs file lines 6..7 (len=1)
trace:         1-to-1 length replacement. Validating similarity of modified lines...
trace:         1-to-1 replacement line validation [line 3]: is_removal=true, word_sim=0.000, char_sim=0.000
trace: normalize_line_delimiters: '' -> ''
trace: normalize_line_delimiters: '#' -> '#'
warning:     Fuzzy match rejected: Removal line "" differs from target line "            #" (sim_words=0.000, sim_chars=0.000, required=0.350).
trace:   Evaluating candidate 8/20 with lenient reconciliation at location HunkLocation { start_index: 3114, length: 10 }
debug:   Found location HunkLocation { start_index: 3114, length: 10 } with match type Fuzzy { score: 0.8387755310352967 }. Applying changes.
debug:   try_apply_hunk_at_location: target line 3115 (length 10), match_type=Fuzzy { score: 0.8387755310352967 }, total target lines=5168.
trace: Hunk::get_match_block: extracted 7 match line(s)
trace:     Match block lines: 7 | Total hunk lines: 8
trace:     Target slice to replace: ["            # all gup code\") in v5.9-rc1 (2020-08-11).", "            #", "            # conftest #1: check if get_user_pages_remote() is available", "            # return if not available.", "            # Fall through to conftest #2 if it is present", "            #", "            echo \"$CONFTEST_PREAMBLE", "            #include <linux/mm.h>", "            void conftest_get_user_pages_remote(void) {", "                get_user_pages_remote();"]
trace:     Ellipsis flags: has_ellipsis=false, is_literal_match=false, is_wildcard_gap_match=false
debug:     Applying hunk via robust reconstruction logic (preserving file context & adjusting indent).
trace:       Fuzzy match location: start=3114, len=10
trace:       File content in matched range (10 line(s)): ["            # all gup code\") in v5.9-rc1 (2020-08-11).", "            #", "            # conftest #1: check if get_user_pages_remote() is available", "            # return if not available.", "            # Fall through to conftest #2 if it is present", "            #", "            echo \"$CONFTEST_PREAMBLE", "            #include <linux/mm.h>", "            void conftest_get_user_pages_remote(void) {", "                get_user_pages_remote();"]
trace:       Parsed hunk: 7 match line(s), 0 initial addition(s).
trace: Hunk::get_match_block: extracted 7 match line(s)
trace: normalize_line_delimiters: '            # conftest #1: check if get_user_pages_remote() is available' -> '# conftest'
trace: normalize_line_delimiters: '            # return if not available.' -> '# return if not available.'
trace: normalize_line_delimiters: '            # Fall through to conftest #2 if it is present' -> '# Fall through to conftest'
trace: normalize_line_delimiters: '' -> ''
trace: normalize_line_delimiters: '            echo "$CONFTEST_PREAMBLE' -> 'echo "$CONFTEST_PREAMBLE'
trace: normalize_line_delimiters: '            #include <linux/mm.h>' -> '#include <linux/mm.h>'
trace: normalize_line_delimiters: '            void conftest_get_user_pages_remote(void) {' -> 'void conftest_get_user_pages_remote(void) {'
trace: normalize_line_delimiters: '            # all gup code") in v5.9-rc1 (2020-08-11).' -> '# all gup code") in v5.9-rc1 (2020-08-11).'
trace: normalize_line_delimiters: '            #' -> '#'
trace: normalize_line_delimiters: '            # conftest #1: check if get_user_pages_remote() is available' -> '# conftest'
trace: normalize_line_delimiters: '            # return if not available.' -> '# return if not available.'
trace: normalize_line_delimiters: '            # Fall through to conftest #2 if it is present' -> '# Fall through to conftest'
trace: normalize_line_delimiters: '            #' -> '#'
trace: normalize_line_delimiters: '            echo "$CONFTEST_PREAMBLE' -> 'echo "$CONFTEST_PREAMBLE'
trace: normalize_line_delimiters: '            #include <linux/mm.h>' -> '#include <linux/mm.h>'
trace: normalize_line_delimiters: '            void conftest_get_user_pages_remote(void) {' -> 'void conftest_get_user_pages_remote(void) {'
trace: normalize_line_delimiters: '                get_user_pages_remote();' -> 'get_user_pages_remote()'
trace:       Computed diff between match block and file slice: 5 operation(s), similarity ratio=0.706
trace:       Initial Indentation Context: Hunk='            ', Target='            '
trace:       Active baseline indentation: hunk='            ', target='            '
trace:       DiffOp::Insert: preserving 2 local insertion line(s) from target file (new_idx=0)
trace:         Preserving inserted line: '            # all gup code\") in v5.9-rc1 (2020-08-11).'
trace:         Preserving inserted line: '            #'
trace:       DiffOp::Equal: 3 line(s) aligned (hunk old_idx=0, file new_idx=2)
trace:         Equal: preserving target line: '            # conftest #1: check if get_user_pages_remote() is available'
trace:         Equal: preserving target line: '            # return if not available.'
trace:         Equal: preserving target line: '            # Fall through to conftest #2 if it is present'
trace:       DiffOp::Replace: hunk lines 3..4 (len=1) vs file lines 5..6 (len=1)
trace:         1-to-1 length replacement. Validating similarity of modified lines...
trace:         1-to-1 replacement line validation [line 3]: is_removal=true, word_sim=0.000, char_sim=0.000
trace: normalize_line_delimiters: '' -> ''
trace: normalize_line_delimiters: '#' -> '#'
warning:     Fuzzy match rejected: Removal line "" differs from target line "            #" (sim_words=0.000, sim_chars=0.000, required=0.350).
trace:   Evaluating candidate 9/20 with lenient reconciliation at location HunkLocation { start_index: 3115, length: 10 }
debug:   Found location HunkLocation { start_index: 3115, length: 10 } with match type Fuzzy { score: 0.8387755310352967 }. Applying changes.
debug:   try_apply_hunk_at_location: target line 3116 (length 10), match_type=Fuzzy { score: 0.8387755310352967 }, total target lines=5168.
trace: Hunk::get_match_block: extracted 7 match line(s)
trace:     Match block lines: 7 | Total hunk lines: 8
trace:     Target slice to replace: ["            #", "            # conftest #1: check if get_user_pages_remote() is available", "            # return if not available.", "            # Fall through to conftest #2 if it is present", "            #", "            echo \"$CONFTEST_PREAMBLE", "            #include <linux/mm.h>", "            void conftest_get_user_pages_remote(void) {", "                get_user_pages_remote();", "            }\" > conftest$$.c"]
trace:     Ellipsis flags: has_ellipsis=false, is_literal_match=false, is_wildcard_gap_match=false
debug:     Applying hunk via robust reconstruction logic (preserving file context & adjusting indent).
trace:       Fuzzy match location: start=3115, len=10
trace:       File content in matched range (10 line(s)): ["            #", "            # conftest #1: check if get_user_pages_remote() is available", "            # return if not available.", "            # Fall through to conftest #2 if it is present", "            #", "            echo \"$CONFTEST_PREAMBLE", "            #include <linux/mm.h>", "            void conftest_get_user_pages_remote(void) {", "                get_user_pages_remote();", "            }\" > conftest$$.c"]
trace:       Parsed hunk: 7 match line(s), 0 initial addition(s).
trace: Hunk::get_match_block: extracted 7 match line(s)
trace: normalize_line_delimiters: '            # conftest #1: check if get_user_pages_remote() is available' -> '# conftest'
trace: normalize_line_delimiters: '            # return if not available.' -> '# return if not available.'
trace: normalize_line_delimiters: '            # Fall through to conftest #2 if it is present' -> '# Fall through to conftest'
trace: normalize_line_delimiters: '' -> ''
trace: normalize_line_delimiters: '            echo "$CONFTEST_PREAMBLE' -> 'echo "$CONFTEST_PREAMBLE'
trace: normalize_line_delimiters: '            #include <linux/mm.h>' -> '#include <linux/mm.h>'
trace: normalize_line_delimiters: '            void conftest_get_user_pages_remote(void) {' -> 'void conftest_get_user_pages_remote(void) {'
trace: normalize_line_delimiters: '            #' -> '#'
trace: normalize_line_delimiters: '            # conftest #1: check if get_user_pages_remote() is available' -> '# conftest'
trace: normalize_line_delimiters: '            # return if not available.' -> '# return if not available.'
trace: normalize_line_delimiters: '            # Fall through to conftest #2 if it is present' -> '# Fall through to conftest'
trace: normalize_line_delimiters: '            #' -> '#'
trace: normalize_line_delimiters: '            echo "$CONFTEST_PREAMBLE' -> 'echo "$CONFTEST_PREAMBLE'
trace: normalize_line_delimiters: '            #include <linux/mm.h>' -> '#include <linux/mm.h>'
trace: normalize_line_delimiters: '            void conftest_get_user_pages_remote(void) {' -> 'void conftest_get_user_pages_remote(void) {'
trace: normalize_line_delimiters: '                get_user_pages_remote();' -> 'get_user_pages_remote()'
trace: normalize_line_delimiters: '            }" > conftest$$.c' -> '}" > conftest$$.c'
trace:       Computed diff between match block and file slice: 5 operation(s), similarity ratio=0.706
trace:       Initial Indentation Context: Hunk='            ', Target='            '
trace:       Active baseline indentation: hunk='            ', target='            '
trace:       DiffOp::Insert: preserving 1 local insertion line(s) from target file (new_idx=0)
trace:         Preserving inserted line: '            #'
trace:       DiffOp::Equal: 3 line(s) aligned (hunk old_idx=0, file new_idx=1)
trace:         Equal: preserving target line: '            # conftest #1: check if get_user_pages_remote() is available'
trace:         Equal: preserving target line: '            # return if not available.'
trace:         Equal: preserving target line: '            # Fall through to conftest #2 if it is present'
trace:       DiffOp::Replace: hunk lines 3..4 (len=1) vs file lines 4..5 (len=1)
trace:         1-to-1 length replacement. Validating similarity of modified lines...
trace:         1-to-1 replacement line validation [line 3]: is_removal=true, word_sim=0.000, char_sim=0.000
trace: normalize_line_delimiters: '' -> ''
trace: normalize_line_delimiters: '#' -> '#'
warning:     Fuzzy match rejected: Removal line "" differs from target line "            #" (sim_words=0.000, sim_chars=0.000, required=0.350).
trace:   Evaluating candidate 10/20 with lenient reconciliation at location HunkLocation { start_index: 3116, length: 10 }
debug:   Found location HunkLocation { start_index: 3116, length: 10 } with match type Fuzzy { score: 0.8387755310352967 }. Applying changes.
debug:   try_apply_hunk_at_location: target line 3117 (length 10), match_type=Fuzzy { score: 0.8387755310352967 }, total target lines=5168.
trace: Hunk::get_match_block: extracted 7 match line(s)
trace:     Match block lines: 7 | Total hunk lines: 8
trace:     Target slice to replace: ["            # conftest #1: check if get_user_pages_remote() is available", "            # return if not available.", "            # Fall through to conftest #2 if it is present", "            #", "            echo \"$CONFTEST_PREAMBLE", "            #include <linux/mm.h>", "            void conftest_get_user_pages_remote(void) {", "                get_user_pages_remote();", "            }\" > conftest$$.c", ""]
trace:     Ellipsis flags: has_ellipsis=false, is_literal_match=false, is_wildcard_gap_match=false
debug:     Applying hunk via robust reconstruction logic (preserving file context & adjusting indent).
trace:       Fuzzy match location: start=3116, len=10
trace:       File content in matched range (10 line(s)): ["            # conftest #1: check if get_user_pages_remote() is available", "            # return if not available.", "            # Fall through to conftest #2 if it is present", "            #", "            echo \"$CONFTEST_PREAMBLE", "            #include <linux/mm.h>", "            void conftest_get_user_pages_remote(void) {", "                get_user_pages_remote();", "            }\" > conftest$$.c", ""]
trace:       Parsed hunk: 7 match line(s), 0 initial addition(s).
trace: Hunk::get_match_block: extracted 7 match line(s)
trace: normalize_line_delimiters: '            # conftest #1: check if get_user_pages_remote() is available' -> '# conftest'
trace: normalize_line_delimiters: '            # return if not available.' -> '# return if not available.'
trace: normalize_line_delimiters: '            # Fall through to conftest #2 if it is present' -> '# Fall through to conftest'
trace: normalize_line_delimiters: '' -> ''
trace: normalize_line_delimiters: '            echo "$CONFTEST_PREAMBLE' -> 'echo "$CONFTEST_PREAMBLE'
trace: normalize_line_delimiters: '            #include <linux/mm.h>' -> '#include <linux/mm.h>'
trace: normalize_line_delimiters: '            void conftest_get_user_pages_remote(void) {' -> 'void conftest_get_user_pages_remote(void) {'
trace: normalize_line_delimiters: '            # conftest #1: check if get_user_pages_remote() is available' -> '# conftest'
trace: normalize_line_delimiters: '            # return if not available.' -> '# return if not available.'
trace: normalize_line_delimiters: '            # Fall through to conftest #2 if it is present' -> '# Fall through to conftest'
trace: normalize_line_delimiters: '            #' -> '#'
trace: normalize_line_delimiters: '            echo "$CONFTEST_PREAMBLE' -> 'echo "$CONFTEST_PREAMBLE'
trace: normalize_line_delimiters: '            #include <linux/mm.h>' -> '#include <linux/mm.h>'
trace: normalize_line_delimiters: '            void conftest_get_user_pages_remote(void) {' -> 'void conftest_get_user_pages_remote(void) {'
trace: normalize_line_delimiters: '                get_user_pages_remote();' -> 'get_user_pages_remote()'
trace: normalize_line_delimiters: '            }" > conftest$$.c' -> '}" > conftest$$.c'
trace: normalize_line_delimiters: '' -> ''
trace:       Computed diff between match block and file slice: 4 operation(s), similarity ratio=0.706
trace:       Initial Indentation Context: Hunk='            ', Target='            '
trace:       Active baseline indentation: hunk='            ', target='            '
trace:       DiffOp::Equal: 3 line(s) aligned (hunk old_idx=0, file new_idx=0)
trace:         Equal: preserving target line: '            # conftest #1: check if get_user_pages_remote() is available'
trace:         Equal: preserving target line: '            # return if not available.'
trace:         Equal: preserving target line: '            # Fall through to conftest #2 if it is present'
trace:       DiffOp::Replace: hunk lines 3..4 (len=1) vs file lines 3..4 (len=1)
trace:         1-to-1 length replacement. Validating similarity of modified lines...
trace:         1-to-1 replacement line validation [line 3]: is_removal=true, word_sim=0.000, char_sim=0.000
trace: normalize_line_delimiters: '' -> ''
trace: normalize_line_delimiters: '#' -> '#'
warning:     Fuzzy match rejected: Removal line "" differs from target line "            #" (sim_words=0.000, sim_chars=0.000, required=0.350).
trace:   Evaluating candidate 11/20 with lenient reconciliation at location HunkLocation { start_index: 3112, length: 11 }
debug:   Found location HunkLocation { start_index: 3112, length: 11 } with match type Fuzzy { score: 0.8326530860394848 }. Applying changes.
debug:   try_apply_hunk_at_location: target line 3113 (length 11), match_type=Fuzzy { score: 0.8326530860394848 }, total target lines=5168.
trace: Hunk::get_match_block: extracted 7 match line(s)
trace:     Match block lines: 7 | Total hunk lines: 8
trace:     Target slice to replace: ["            # get_user_pages_remote() removed 'tsk' parameter by", "            # commit 64019a2e467a (\"mm/gup: remove task_struct pointer for", "            # all gup code\") in v5.9-rc1 (2020-08-11).", "            #", "            # conftest #1: check if get_user_pages_remote() is available", "            # return if not available.", "            # Fall through to conftest #2 if it is present", "            #", "            echo \"$CONFTEST_PREAMBLE", "            #include <linux/mm.h>", "            void conftest_get_user_pages_remote(void) {"]
trace:     Ellipsis flags: has_ellipsis=false, is_literal_match=false, is_wildcard_gap_match=false
debug:     Applying hunk via robust reconstruction logic (preserving file context & adjusting indent).
trace:       Fuzzy match location: start=3112, len=11
trace:       File content in matched range (11 line(s)): ["            # get_user_pages_remote() removed 'tsk' parameter by", "            # commit 64019a2e467a (\"mm/gup: remove task_struct pointer for", "            # all gup code\") in v5.9-rc1 (2020-08-11).", "            #", "            # conftest #1: check if get_user_pages_remote() is available", "            # return if not available.", "            # Fall through to conftest #2 if it is present", "            #", "            echo \"$CONFTEST_PREAMBLE", "            #include <linux/mm.h>", "            void conftest_get_user_pages_remote(void) {"]
trace:       Parsed hunk: 7 match line(s), 0 initial addition(s).
trace: Hunk::get_match_block: extracted 7 match line(s)
trace: normalize_line_delimiters: '            # conftest #1: check if get_user_pages_remote() is available' -> '# conftest'
trace: normalize_line_delimiters: '            # return if not available.' -> '# return if not available.'
trace: normalize_line_delimiters: '            # Fall through to conftest #2 if it is present' -> '# Fall through to conftest'
trace: normalize_line_delimiters: '' -> ''
trace: normalize_line_delimiters: '            echo "$CONFTEST_PREAMBLE' -> 'echo "$CONFTEST_PREAMBLE'
trace: normalize_line_delimiters: '            #include <linux/mm.h>' -> '#include <linux/mm.h>'
trace: normalize_line_delimiters: '            void conftest_get_user_pages_remote(void) {' -> 'void conftest_get_user_pages_remote(void) {'
trace: normalize_line_delimiters: '            # get_user_pages_remote() removed 'tsk' parameter by' -> '# get_user_pages_remote() removed 'tsk' parameter by'
trace: normalize_line_delimiters: '            # commit 64019a2e467a ("mm/gup: remove task_struct pointer for' -> '# commit 64019a2e467a ("mm/gup: remove task_struct pointer for'
trace: normalize_line_delimiters: '            # all gup code") in v5.9-rc1 (2020-08-11).' -> '# all gup code") in v5.9-rc1 (2020-08-11).'
trace: normalize_line_delimiters: '            #' -> '#'
trace: normalize_line_delimiters: '            # conftest #1: check if get_user_pages_remote() is available' -> '# conftest'
trace: normalize_line_delimiters: '            # return if not available.' -> '# return if not available.'
trace: normalize_line_delimiters: '            # Fall through to conftest #2 if it is present' -> '# Fall through to conftest'
trace: normalize_line_delimiters: '            #' -> '#'
trace: normalize_line_delimiters: '            echo "$CONFTEST_PREAMBLE' -> 'echo "$CONFTEST_PREAMBLE'
trace: normalize_line_delimiters: '            #include <linux/mm.h>' -> '#include <linux/mm.h>'
trace: normalize_line_delimiters: '            void conftest_get_user_pages_remote(void) {' -> 'void conftest_get_user_pages_remote(void) {'
trace:       Computed diff between match block and file slice: 4 operation(s), similarity ratio=0.667
trace:       Initial Indentation Context: Hunk='            ', Target='            '
trace:       Active baseline indentation: hunk='            ', target='            '
trace:       DiffOp::Insert: preserving 4 local insertion line(s) from target file (new_idx=0)
trace:         Preserving inserted line: '            # get_user_pages_remote() removed \'tsk\' parameter by'
trace:         Preserving inserted line: '            # commit 64019a2e467a (\"mm/gup: remove task_struct pointer for'
trace:         Preserving inserted line: '            # all gup code\") in v5.9-rc1 (2020-08-11).'
trace:         Preserving inserted line: '            #'
trace:       DiffOp::Equal: 3 line(s) aligned (hunk old_idx=0, file new_idx=4)
trace:         Equal: preserving target line: '            # conftest #1: check if get_user_pages_remote() is available'
trace:         Equal: preserving target line: '            # return if not available.'
trace:         Equal: preserving target line: '            # Fall through to conftest #2 if it is present'
trace:       DiffOp::Replace: hunk lines 3..4 (len=1) vs file lines 7..8 (len=1)
trace:         1-to-1 length replacement. Validating similarity of modified lines...
trace:         1-to-1 replacement line validation [line 3]: is_removal=true, word_sim=0.000, char_sim=0.000
trace: normalize_line_delimiters: '' -> ''
trace: normalize_line_delimiters: '#' -> '#'
warning:     Fuzzy match rejected: Removal line "" differs from target line "            #" (sim_words=0.000, sim_chars=0.000, required=0.350).
trace:   Evaluating candidate 12/20 with lenient reconciliation at location HunkLocation { start_index: 3113, length: 11 }
debug:   Found location HunkLocation { start_index: 3113, length: 11 } with match type Fuzzy { score: 0.8326530860394848 }. Applying changes.
debug:   try_apply_hunk_at_location: target line 3114 (length 11), match_type=Fuzzy { score: 0.8326530860394848 }, total target lines=5168.
trace: Hunk::get_match_block: extracted 7 match line(s)
trace:     Match block lines: 7 | Total hunk lines: 8
trace:     Target slice to replace: ["            # commit 64019a2e467a (\"mm/gup: remove task_struct pointer for", "            # all gup code\") in v5.9-rc1 (2020-08-11).", "            #", "            # conftest #1: check if get_user_pages_remote() is available", "            # return if not available.", "            # Fall through to conftest #2 if it is present", "            #", "            echo \"$CONFTEST_PREAMBLE", "            #include <linux/mm.h>", "            void conftest_get_user_pages_remote(void) {", "                get_user_pages_remote();"]
trace:     Ellipsis flags: has_ellipsis=false, is_literal_match=false, is_wildcard_gap_match=false
debug:     Applying hunk via robust reconstruction logic (preserving file context & adjusting indent).
trace:       Fuzzy match location: start=3113, len=11
trace:       File content in matched range (11 line(s)): ["            # commit 64019a2e467a (\"mm/gup: remove task_struct pointer for", "            # all gup code\") in v5.9-rc1 (2020-08-11).", "            #", "            # conftest #1: check if get_user_pages_remote() is available", "            # return if not available.", "            # Fall through to conftest #2 if it is present", "            #", "            echo \"$CONFTEST_PREAMBLE", "            #include <linux/mm.h>", "            void conftest_get_user_pages_remote(void) {", "                get_user_pages_remote();"]
trace:       Parsed hunk: 7 match line(s), 0 initial addition(s).
trace: Hunk::get_match_block: extracted 7 match line(s)
trace: normalize_line_delimiters: '            # conftest #1: check if get_user_pages_remote() is available' -> '# conftest'
trace: normalize_line_delimiters: '            # return if not available.' -> '# return if not available.'
trace: normalize_line_delimiters: '            # Fall through to conftest #2 if it is present' -> '# Fall through to conftest'
trace: normalize_line_delimiters: '' -> ''
trace: normalize_line_delimiters: '            echo "$CONFTEST_PREAMBLE' -> 'echo "$CONFTEST_PREAMBLE'
trace: normalize_line_delimiters: '            #include <linux/mm.h>' -> '#include <linux/mm.h>'
trace: normalize_line_delimiters: '            void conftest_get_user_pages_remote(void) {' -> 'void conftest_get_user_pages_remote(void) {'
trace: normalize_line_delimiters: '            # commit 64019a2e467a ("mm/gup: remove task_struct pointer for' -> '# commit 64019a2e467a ("mm/gup: remove task_struct pointer for'
trace: normalize_line_delimiters: '            # all gup code") in v5.9-rc1 (2020-08-11).' -> '# all gup code") in v5.9-rc1 (2020-08-11).'
trace: normalize_line_delimiters: '            #' -> '#'
trace: normalize_line_delimiters: '            # conftest #1: check if get_user_pages_remote() is available' -> '# conftest'
trace: normalize_line_delimiters: '            # return if not available.' -> '# return if not available.'
trace: normalize_line_delimiters: '            # Fall through to conftest #2 if it is present' -> '# Fall through to conftest'
trace: normalize_line_delimiters: '            #' -> '#'
trace: normalize_line_delimiters: '            echo "$CONFTEST_PREAMBLE' -> 'echo "$CONFTEST_PREAMBLE'
trace: normalize_line_delimiters: '            #include <linux/mm.h>' -> '#include <linux/mm.h>'
trace: normalize_line_delimiters: '            void conftest_get_user_pages_remote(void) {' -> 'void conftest_get_user_pages_remote(void) {'
trace: normalize_line_delimiters: '                get_user_pages_remote();' -> 'get_user_pages_remote()'
trace:       Computed diff between match block and file slice: 5 operation(s), similarity ratio=0.667
trace:       Initial Indentation Context: Hunk='            ', Target='            '
trace:       Active baseline indentation: hunk='            ', target='            '
trace:       DiffOp::Insert: preserving 3 local insertion line(s) from target file (new_idx=0)
trace:         Preserving inserted line: '            # commit 64019a2e467a (\"mm/gup: remove task_struct pointer for'
trace:         Preserving inserted line: '            # all gup code\") in v5.9-rc1 (2020-08-11).'
trace:         Preserving inserted line: '            #'
trace:       DiffOp::Equal: 3 line(s) aligned (hunk old_idx=0, file new_idx=3)
trace:         Equal: preserving target line: '            # conftest #1: check if get_user_pages_remote() is available'
trace:         Equal: preserving target line: '            # return if not available.'
trace:         Equal: preserving target line: '            # Fall through to conftest #2 if it is present'
trace:       DiffOp::Replace: hunk lines 3..4 (len=1) vs file lines 6..7 (len=1)
trace:         1-to-1 length replacement. Validating similarity of modified lines...
trace:         1-to-1 replacement line validation [line 3]: is_removal=true, word_sim=0.000, char_sim=0.000
trace: normalize_line_delimiters: '' -> ''
trace: normalize_line_delimiters: '#' -> '#'
warning:     Fuzzy match rejected: Removal line "" differs from target line "            #" (sim_words=0.000, sim_chars=0.000, required=0.350).
trace:   Evaluating candidate 13/20 with lenient reconciliation at location HunkLocation { start_index: 3114, length: 11 }
debug:   Found location HunkLocation { start_index: 3114, length: 11 } with match type Fuzzy { score: 0.8326530860394848 }. Applying changes.
debug:   try_apply_hunk_at_location: target line 3115 (length 11), match_type=Fuzzy { score: 0.8326530860394848 }, total target lines=5168.
trace: Hunk::get_match_block: extracted 7 match line(s)
trace:     Match block lines: 7 | Total hunk lines: 8
trace:     Target slice to replace: ["            # all gup code\") in v5.9-rc1 (2020-08-11).", "            #", "            # conftest #1: check if get_user_pages_remote() is available", "            # return if not available.", "            # Fall through to conftest #2 if it is present", "            #", "            echo \"$CONFTEST_PREAMBLE", "            #include <linux/mm.h>", "            void conftest_get_user_pages_remote(void) {", "                get_user_pages_remote();", "            }\" > conftest$$.c"]
trace:     Ellipsis flags: has_ellipsis=false, is_literal_match=false, is_wildcard_gap_match=false
debug:     Applying hunk via robust reconstruction logic (preserving file context & adjusting indent).
trace:       Fuzzy match location: start=3114, len=11
trace:       File content in matched range (11 line(s)): ["            # all gup code\") in v5.9-rc1 (2020-08-11).", "            #", "            # conftest #1: check if get_user_pages_remote() is available", "            # return if not available.", "            # Fall through to conftest #2 if it is present", "            #", "            echo \"$CONFTEST_PREAMBLE", "            #include <linux/mm.h>", "            void conftest_get_user_pages_remote(void) {", "                get_user_pages_remote();", "            }\" > conftest$$.c"]
trace:       Parsed hunk: 7 match line(s), 0 initial addition(s).
trace: Hunk::get_match_block: extracted 7 match line(s)
trace: normalize_line_delimiters: '            # conftest #1: check if get_user_pages_remote() is available' -> '# conftest'
trace: normalize_line_delimiters: '            # return if not available.' -> '# return if not available.'
trace: normalize_line_delimiters: '            # Fall through to conftest #2 if it is present' -> '# Fall through to conftest'
trace: normalize_line_delimiters: '' -> ''
trace: normalize_line_delimiters: '            echo "$CONFTEST_PREAMBLE' -> 'echo "$CONFTEST_PREAMBLE'
trace: normalize_line_delimiters: '            #include <linux/mm.h>' -> '#include <linux/mm.h>'
trace: normalize_line_delimiters: '            void conftest_get_user_pages_remote(void) {' -> 'void conftest_get_user_pages_remote(void) {'
trace: normalize_line_delimiters: '            # all gup code") in v5.9-rc1 (2020-08-11).' -> '# all gup code") in v5.9-rc1 (2020-08-11).'
trace: normalize_line_delimiters: '            #' -> '#'
trace: normalize_line_delimiters: '            # conftest #1: check if get_user_pages_remote() is available' -> '# conftest'
trace: normalize_line_delimiters: '            # return if not available.' -> '# return if not available.'
trace: normalize_line_delimiters: '            # Fall through to conftest #2 if it is present' -> '# Fall through to conftest'
trace: normalize_line_delimiters: '            #' -> '#'
trace: normalize_line_delimiters: '            echo "$CONFTEST_PREAMBLE' -> 'echo "$CONFTEST_PREAMBLE'
trace: normalize_line_delimiters: '            #include <linux/mm.h>' -> '#include <linux/mm.h>'
trace: normalize_line_delimiters: '            void conftest_get_user_pages_remote(void) {' -> 'void conftest_get_user_pages_remote(void) {'
trace: normalize_line_delimiters: '                get_user_pages_remote();' -> 'get_user_pages_remote()'
trace: normalize_line_delimiters: '            }" > conftest$$.c' -> '}" > conftest$$.c'
trace:       Computed diff between match block and file slice: 5 operation(s), similarity ratio=0.667
trace:       Initial Indentation Context: Hunk='            ', Target='            '
trace:       Active baseline indentation: hunk='            ', target='            '
trace:       DiffOp::Insert: preserving 2 local insertion line(s) from target file (new_idx=0)
trace:         Preserving inserted line: '            # all gup code\") in v5.9-rc1 (2020-08-11).'
trace:         Preserving inserted line: '            #'
trace:       DiffOp::Equal: 3 line(s) aligned (hunk old_idx=0, file new_idx=2)
trace:         Equal: preserving target line: '            # conftest #1: check if get_user_pages_remote() is available'
trace:         Equal: preserving target line: '            # return if not available.'
trace:         Equal: preserving target line: '            # Fall through to conftest #2 if it is present'
trace:       DiffOp::Replace: hunk lines 3..4 (len=1) vs file lines 5..6 (len=1)
trace:         1-to-1 length replacement. Validating similarity of modified lines...
trace:         1-to-1 replacement line validation [line 3]: is_removal=true, word_sim=0.000, char_sim=0.000
trace: normalize_line_delimiters: '' -> ''
trace: normalize_line_delimiters: '#' -> '#'
warning:     Fuzzy match rejected: Removal line "" differs from target line "            #" (sim_words=0.000, sim_chars=0.000, required=0.350).
trace:   Evaluating candidate 14/20 with lenient reconciliation at location HunkLocation { start_index: 3115, length: 11 }
debug:   Found location HunkLocation { start_index: 3115, length: 11 } with match type Fuzzy { score: 0.8326530860394848 }. Applying changes.
debug:   try_apply_hunk_at_location: target line 3116 (length 11), match_type=Fuzzy { score: 0.8326530860394848 }, total target lines=5168.
trace: Hunk::get_match_block: extracted 7 match line(s)
trace:     Match block lines: 7 | Total hunk lines: 8
trace:     Target slice to replace: ["            #", "            # conftest #1: check if get_user_pages_remote() is available", "            # return if not available.", "            # Fall through to conftest #2 if it is present", "            #", "            echo \"$CONFTEST_PREAMBLE", "            #include <linux/mm.h>", "            void conftest_get_user_pages_remote(void) {", "                get_user_pages_remote();", "            }\" > conftest$$.c", ""]
trace:     Ellipsis flags: has_ellipsis=false, is_literal_match=false, is_wildcard_gap_match=false
debug:     Applying hunk via robust reconstruction logic (preserving file context & adjusting indent).
trace:       Fuzzy match location: start=3115, len=11
trace:       File content in matched range (11 line(s)): ["            #", "            # conftest #1: check if get_user_pages_remote() is available", "            # return if not available.", "            # Fall through to conftest #2 if it is present", "            #", "            echo \"$CONFTEST_PREAMBLE", "            #include <linux/mm.h>", "            void conftest_get_user_pages_remote(void) {", "                get_user_pages_remote();", "            }\" > conftest$$.c", ""]
trace:       Parsed hunk: 7 match line(s), 0 initial addition(s).
trace: Hunk::get_match_block: extracted 7 match line(s)
trace: normalize_line_delimiters: '            # conftest #1: check if get_user_pages_remote() is available' -> '# conftest'
trace: normalize_line_delimiters: '            # return if not available.' -> '# return if not available.'
trace: normalize_line_delimiters: '            # Fall through to conftest #2 if it is present' -> '# Fall through to conftest'
trace: normalize_line_delimiters: '' -> ''
trace: normalize_line_delimiters: '            echo "$CONFTEST_PREAMBLE' -> 'echo "$CONFTEST_PREAMBLE'
trace: normalize_line_delimiters: '            #include <linux/mm.h>' -> '#include <linux/mm.h>'
trace: normalize_line_delimiters: '            void conftest_get_user_pages_remote(void) {' -> 'void conftest_get_user_pages_remote(void) {'
trace: normalize_line_delimiters: '            #' -> '#'
trace: normalize_line_delimiters: '            # conftest #1: check if get_user_pages_remote() is available' -> '# conftest'
trace: normalize_line_delimiters: '            # return if not available.' -> '# return if not available.'
trace: normalize_line_delimiters: '            # Fall through to conftest #2 if it is present' -> '# Fall through to conftest'
trace: normalize_line_delimiters: '            #' -> '#'
trace: normalize_line_delimiters: '            echo "$CONFTEST_PREAMBLE' -> 'echo "$CONFTEST_PREAMBLE'
trace: normalize_line_delimiters: '            #include <linux/mm.h>' -> '#include <linux/mm.h>'
trace: normalize_line_delimiters: '            void conftest_get_user_pages_remote(void) {' -> 'void conftest_get_user_pages_remote(void) {'
trace: normalize_line_delimiters: '                get_user_pages_remote();' -> 'get_user_pages_remote()'
trace: normalize_line_delimiters: '            }" > conftest$$.c' -> '}" > conftest$$.c'
trace: normalize_line_delimiters: '' -> ''
trace:       Computed diff between match block and file slice: 5 operation(s), similarity ratio=0.667
trace:       Initial Indentation Context: Hunk='            ', Target='            '
trace:       Active baseline indentation: hunk='            ', target='            '
trace:       DiffOp::Insert: preserving 1 local insertion line(s) from target file (new_idx=0)
trace:         Preserving inserted line: '            #'
trace:       DiffOp::Equal: 3 line(s) aligned (hunk old_idx=0, file new_idx=1)
trace:         Equal: preserving target line: '            # conftest #1: check if get_user_pages_remote() is available'
trace:         Equal: preserving target line: '            # return if not available.'
trace:         Equal: preserving target line: '            # Fall through to conftest #2 if it is present'
trace:       DiffOp::Replace: hunk lines 3..4 (len=1) vs file lines 4..5 (len=1)
trace:         1-to-1 length replacement. Validating similarity of modified lines...
trace:         1-to-1 replacement line validation [line 3]: is_removal=true, word_sim=0.000, char_sim=0.000
trace: normalize_line_delimiters: '' -> ''
trace: normalize_line_delimiters: '#' -> '#'
warning:     Fuzzy match rejected: Removal line "" differs from target line "            #" (sim_words=0.000, sim_chars=0.000, required=0.350).
trace:   Evaluating candidate 15/20 with lenient reconciliation at location HunkLocation { start_index: 3116, length: 11 }
debug:   Found location HunkLocation { start_index: 3116, length: 11 } with match type Fuzzy { score: 0.8326530860394848 }. Applying changes.
debug:   try_apply_hunk_at_location: target line 3117 (length 11), match_type=Fuzzy { score: 0.8326530860394848 }, total target lines=5168.
trace: Hunk::get_match_block: extracted 7 match line(s)
trace:     Match block lines: 7 | Total hunk lines: 8
trace:     Target slice to replace: ["            # conftest #1: check if get_user_pages_remote() is available", "            # return if not available.", "            # Fall through to conftest #2 if it is present", "            #", "            echo \"$CONFTEST_PREAMBLE", "            #include <linux/mm.h>", "            void conftest_get_user_pages_remote(void) {", "                get_user_pages_remote();", "            }\" > conftest$$.c", "", "            $CC $CFLAGS -c conftest$$.c > /dev/null 2>&1"]
trace:     Ellipsis flags: has_ellipsis=false, is_literal_match=false, is_wildcard_gap_match=false
debug:     Applying hunk via robust reconstruction logic (preserving file context & adjusting indent).
trace:       Fuzzy match location: start=3116, len=11
trace:       File content in matched range (11 line(s)): ["            # conftest #1: check if get_user_pages_remote() is available", "            # return if not available.", "            # Fall through to conftest #2 if it is present", "            #", "            echo \"$CONFTEST_PREAMBLE", "            #include <linux/mm.h>", "            void conftest_get_user_pages_remote(void) {", "                get_user_pages_remote();", "            }\" > conftest$$.c", "", "            $CC $CFLAGS -c conftest$$.c > /dev/null 2>&1"]
trace:       Parsed hunk: 7 match line(s), 0 initial addition(s).
trace: Hunk::get_match_block: extracted 7 match line(s)
trace: normalize_line_delimiters: '            # conftest #1: check if get_user_pages_remote() is available' -> '# conftest'
trace: normalize_line_delimiters: '            # return if not available.' -> '# return if not available.'
trace: normalize_line_delimiters: '            # Fall through to conftest #2 if it is present' -> '# Fall through to conftest'
trace: normalize_line_delimiters: '' -> ''
trace: normalize_line_delimiters: '            echo "$CONFTEST_PREAMBLE' -> 'echo "$CONFTEST_PREAMBLE'
trace: normalize_line_delimiters: '            #include <linux/mm.h>' -> '#include <linux/mm.h>'
trace: normalize_line_delimiters: '            void conftest_get_user_pages_remote(void) {' -> 'void conftest_get_user_pages_remote(void) {'
trace: normalize_line_delimiters: '            # conftest #1: check if get_user_pages_remote() is available' -> '# conftest'
trace: normalize_line_delimiters: '            # return if not available.' -> '# return if not available.'
trace: normalize_line_delimiters: '            # Fall through to conftest #2 if it is present' -> '# Fall through to conftest'
trace: normalize_line_delimiters: '            #' -> '#'
trace: normalize_line_delimiters: '            echo "$CONFTEST_PREAMBLE' -> 'echo "$CONFTEST_PREAMBLE'
trace: normalize_line_delimiters: '            #include <linux/mm.h>' -> '#include <linux/mm.h>'
trace: normalize_line_delimiters: '            void conftest_get_user_pages_remote(void) {' -> 'void conftest_get_user_pages_remote(void) {'
trace: normalize_line_delimiters: '                get_user_pages_remote();' -> 'get_user_pages_remote()'
trace: normalize_line_delimiters: '            }" > conftest$$.c' -> '}" > conftest$$.c'
trace: normalize_line_delimiters: '' -> ''
trace: normalize_line_delimiters: '            $CC $CFLAGS -c conftest$$.c > /dev/null 2>&1' -> '$CC $CFLAGS -c conftest$$.c > /dev/null 2>&1'
trace:       Computed diff between match block and file slice: 4 operation(s), similarity ratio=0.667
trace:       Initial Indentation Context: Hunk='            ', Target='            '
trace:       Active baseline indentation: hunk='            ', target='            '
trace:       DiffOp::Equal: 3 line(s) aligned (hunk old_idx=0, file new_idx=0)
trace:         Equal: preserving target line: '            # conftest #1: check if get_user_pages_remote() is available'
trace:         Equal: preserving target line: '            # return if not available.'
trace:         Equal: preserving target line: '            # Fall through to conftest #2 if it is present'
trace:       DiffOp::Replace: hunk lines 3..4 (len=1) vs file lines 3..4 (len=1)
trace:         1-to-1 length replacement. Validating similarity of modified lines...
trace:         1-to-1 replacement line validation [line 3]: is_removal=true, word_sim=0.000, char_sim=0.000
trace: normalize_line_delimiters: '' -> ''
trace: normalize_line_delimiters: '#' -> '#'
warning:     Fuzzy match rejected: Removal line "" differs from target line "            #" (sim_words=0.000, sim_chars=0.000, required=0.350).
trace:   Evaluating candidate 16/20 with lenient reconciliation at location HunkLocation { start_index: 3111, length: 12 }
debug:   Found location HunkLocation { start_index: 3111, length: 12 } with match type Fuzzy { score: 0.8265305794015223 }. Applying changes.
debug:   try_apply_hunk_at_location: target line 3112 (length 12), match_type=Fuzzy { score: 0.8265305794015223 }, total target lines=5168.
trace: Hunk::get_match_block: extracted 7 match line(s)
trace:     Match block lines: 7 | Total hunk lines: 8
trace:     Target slice to replace: ["            #", "            # get_user_pages_remote() removed 'tsk' parameter by", "            # commit 64019a2e467a (\"mm/gup: remove task_struct pointer for", "            # all gup code\") in v5.9-rc1 (2020-08-11).", "            #", "            # conftest #1: check if get_user_pages_remote() is available", "            # return if not available.", "            # Fall through to conftest #2 if it is present", "            #", "            echo \"$CONFTEST_PREAMBLE", "            #include <linux/mm.h>", "            void conftest_get_user_pages_remote(void) {"]
trace:     Ellipsis flags: has_ellipsis=false, is_literal_match=false, is_wildcard_gap_match=false
debug:     Applying hunk via robust reconstruction logic (preserving file context & adjusting indent).
trace:       Fuzzy match location: start=3111, len=12
trace:       File content in matched range (12 line(s)): ["            #", "            # get_user_pages_remote() removed 'tsk' parameter by", "            # commit 64019a2e467a (\"mm/gup: remove task_struct pointer for", "            # all gup code\") in v5.9-rc1 (2020-08-11).", "            #", "            # conftest #1: check if get_user_pages_remote() is available", "            # return if not available.", "            # Fall through to conftest #2 if it is present", "            #", "            echo \"$CONFTEST_PREAMBLE", "            #include <linux/mm.h>", "            void conftest_get_user_pages_remote(void) {"]
trace:       Parsed hunk: 7 match line(s), 0 initial addition(s).
trace: Hunk::get_match_block: extracted 7 match line(s)
trace: normalize_line_delimiters: '            # conftest #1: check if get_user_pages_remote() is available' -> '# conftest'
trace: normalize_line_delimiters: '            # return if not available.' -> '# return if not available.'
trace: normalize_line_delimiters: '            # Fall through to conftest #2 if it is present' -> '# Fall through to conftest'
trace: normalize_line_delimiters: '' -> ''
trace: normalize_line_delimiters: '            echo "$CONFTEST_PREAMBLE' -> 'echo "$CONFTEST_PREAMBLE'
trace: normalize_line_delimiters: '            #include <linux/mm.h>' -> '#include <linux/mm.h>'
trace: normalize_line_delimiters: '            void conftest_get_user_pages_remote(void) {' -> 'void conftest_get_user_pages_remote(void) {'
trace: normalize_line_delimiters: '            #' -> '#'
trace: normalize_line_delimiters: '            # get_user_pages_remote() removed 'tsk' parameter by' -> '# get_user_pages_remote() removed 'tsk' parameter by'
trace: normalize_line_delimiters: '            # commit 64019a2e467a ("mm/gup: remove task_struct pointer for' -> '# commit 64019a2e467a ("mm/gup: remove task_struct pointer for'
trace: normalize_line_delimiters: '            # all gup code") in v5.9-rc1 (2020-08-11).' -> '# all gup code") in v5.9-rc1 (2020-08-11).'
trace: normalize_line_delimiters: '            #' -> '#'
trace: normalize_line_delimiters: '            # conftest #1: check if get_user_pages_remote() is available' -> '# conftest'
trace: normalize_line_delimiters: '            # return if not available.' -> '# return if not available.'
trace: normalize_line_delimiters: '            # Fall through to conftest #2 if it is present' -> '# Fall through to conftest'
trace: normalize_line_delimiters: '            #' -> '#'
trace: normalize_line_delimiters: '            echo "$CONFTEST_PREAMBLE' -> 'echo "$CONFTEST_PREAMBLE'
trace: normalize_line_delimiters: '            #include <linux/mm.h>' -> '#include <linux/mm.h>'
trace: normalize_line_delimiters: '            void conftest_get_user_pages_remote(void) {' -> 'void conftest_get_user_pages_remote(void) {'
trace:       Computed diff between match block and file slice: 4 operation(s), similarity ratio=0.632
trace:       Initial Indentation Context: Hunk='            ', Target='            '
trace:       Active baseline indentation: hunk='            ', target='            '
trace:       DiffOp::Insert: preserving 5 local insertion line(s) from target file (new_idx=0)
trace:         Preserving inserted line: '            #'
trace:         Preserving inserted line: '            # get_user_pages_remote() removed \'tsk\' parameter by'
trace:         Preserving inserted line: '            # commit 64019a2e467a (\"mm/gup: remove task_struct pointer for'
trace:         Preserving inserted line: '            # all gup code\") in v5.9-rc1 (2020-08-11).'
trace:         Preserving inserted line: '            #'
trace:       DiffOp::Equal: 3 line(s) aligned (hunk old_idx=0, file new_idx=5)
trace:         Equal: preserving target line: '            # conftest #1: check if get_user_pages_remote() is available'
trace:         Equal: preserving target line: '            # return if not available.'
trace:         Equal: preserving target line: '            # Fall through to conftest #2 if it is present'
trace:       DiffOp::Replace: hunk lines 3..4 (len=1) vs file lines 8..9 (len=1)
trace:         1-to-1 length replacement. Validating similarity of modified lines...
trace:         1-to-1 replacement line validation [line 3]: is_removal=true, word_sim=0.000, char_sim=0.000
trace: normalize_line_delimiters: '' -> ''
trace: normalize_line_delimiters: '#' -> '#'
warning:     Fuzzy match rejected: Removal line "" differs from target line "            #" (sim_words=0.000, sim_chars=0.000, required=0.350).
trace:   Evaluating candidate 17/20 with lenient reconciliation at location HunkLocation { start_index: 3112, length: 12 }
debug:   Found location HunkLocation { start_index: 3112, length: 12 } with match type Fuzzy { score: 0.8265305794015223 }. Applying changes.
debug:   try_apply_hunk_at_location: target line 3113 (length 12), match_type=Fuzzy { score: 0.8265305794015223 }, total target lines=5168.
trace: Hunk::get_match_block: extracted 7 match line(s)
trace:     Match block lines: 7 | Total hunk lines: 8
trace:     Target slice to replace: ["            # get_user_pages_remote() removed 'tsk' parameter by", "            # commit 64019a2e467a (\"mm/gup: remove task_struct pointer for", "            # all gup code\") in v5.9-rc1 (2020-08-11).", "            #", "            # conftest #1: check if get_user_pages_remote() is available", "            # return if not available.", "            # Fall through to conftest #2 if it is present", "            #", "            echo \"$CONFTEST_PREAMBLE", "            #include <linux/mm.h>", "            void conftest_get_user_pages_remote(void) {", "                get_user_pages_remote();"]
trace:     Ellipsis flags: has_ellipsis=false, is_literal_match=false, is_wildcard_gap_match=false
debug:     Applying hunk via robust reconstruction logic (preserving file context & adjusting indent).
trace:       Fuzzy match location: start=3112, len=12
trace:       File content in matched range (12 line(s)): ["            # get_user_pages_remote() removed 'tsk' parameter by", "            # commit 64019a2e467a (\"mm/gup: remove task_struct pointer for", "            # all gup code\") in v5.9-rc1 (2020-08-11).", "            #", "            # conftest #1: check if get_user_pages_remote() is available", "            # return if not available.", "            # Fall through to conftest #2 if it is present", "            #", "            echo \"$CONFTEST_PREAMBLE", "            #include <linux/mm.h>", "            void conftest_get_user_pages_remote(void) {", "                get_user_pages_remote();"]
trace:       Parsed hunk: 7 match line(s), 0 initial addition(s).
trace: Hunk::get_match_block: extracted 7 match line(s)
trace: normalize_line_delimiters: '            # conftest #1: check if get_user_pages_remote() is available' -> '# conftest'
trace: normalize_line_delimiters: '            # return if not available.' -> '# return if not available.'
trace: normalize_line_delimiters: '            # Fall through to conftest #2 if it is present' -> '# Fall through to conftest'
trace: normalize_line_delimiters: '' -> ''
trace: normalize_line_delimiters: '            echo "$CONFTEST_PREAMBLE' -> 'echo "$CONFTEST_PREAMBLE'
trace: normalize_line_delimiters: '            #include <linux/mm.h>' -> '#include <linux/mm.h>'
trace: normalize_line_delimiters: '            void conftest_get_user_pages_remote(void) {' -> 'void conftest_get_user_pages_remote(void) {'
trace: normalize_line_delimiters: '            # get_user_pages_remote() removed 'tsk' parameter by' -> '# get_user_pages_remote() removed 'tsk' parameter by'
trace: normalize_line_delimiters: '            # commit 64019a2e467a ("mm/gup: remove task_struct pointer for' -> '# commit 64019a2e467a ("mm/gup: remove task_struct pointer for'
trace: normalize_line_delimiters: '            # all gup code") in v5.9-rc1 (2020-08-11).' -> '# all gup code") in v5.9-rc1 (2020-08-11).'
trace: normalize_line_delimiters: '            #' -> '#'
trace: normalize_line_delimiters: '            # conftest #1: check if get_user_pages_remote() is available' -> '# conftest'
trace: normalize_line_delimiters: '            # return if not available.' -> '# return if not available.'
trace: normalize_line_delimiters: '            # Fall through to conftest #2 if it is present' -> '# Fall through to conftest'
trace: normalize_line_delimiters: '            #' -> '#'
trace: normalize_line_delimiters: '            echo "$CONFTEST_PREAMBLE' -> 'echo "$CONFTEST_PREAMBLE'
trace: normalize_line_delimiters: '            #include <linux/mm.h>' -> '#include <linux/mm.h>'
trace: normalize_line_delimiters: '            void conftest_get_user_pages_remote(void) {' -> 'void conftest_get_user_pages_remote(void) {'
trace: normalize_line_delimiters: '                get_user_pages_remote();' -> 'get_user_pages_remote()'
trace:       Computed diff between match block and file slice: 5 operation(s), similarity ratio=0.632
trace:       Initial Indentation Context: Hunk='            ', Target='            '
trace:       Active baseline indentation: hunk='            ', target='            '
trace:       DiffOp::Insert: preserving 4 local insertion line(s) from target file (new_idx=0)
trace:         Preserving inserted line: '            # get_user_pages_remote() removed \'tsk\' parameter by'
trace:         Preserving inserted line: '            # commit 64019a2e467a (\"mm/gup: remove task_struct pointer for'
trace:         Preserving inserted line: '            # all gup code\") in v5.9-rc1 (2020-08-11).'
trace:         Preserving inserted line: '            #'
trace:       DiffOp::Equal: 3 line(s) aligned (hunk old_idx=0, file new_idx=4)
trace:         Equal: preserving target line: '            # conftest #1: check if get_user_pages_remote() is available'
trace:         Equal: preserving target line: '            # return if not available.'
trace:         Equal: preserving target line: '            # Fall through to conftest #2 if it is present'
trace:       DiffOp::Replace: hunk lines 3..4 (len=1) vs file lines 7..8 (len=1)
trace:         1-to-1 length replacement. Validating similarity of modified lines...
trace:         1-to-1 replacement line validation [line 3]: is_removal=true, word_sim=0.000, char_sim=0.000
trace: normalize_line_delimiters: '' -> ''
trace: normalize_line_delimiters: '#' -> '#'
warning:     Fuzzy match rejected: Removal line "" differs from target line "            #" (sim_words=0.000, sim_chars=0.000, required=0.350).
trace:   Evaluating candidate 18/20 with lenient reconciliation at location HunkLocation { start_index: 3113, length: 12 }
debug:   Found location HunkLocation { start_index: 3113, length: 12 } with match type Fuzzy { score: 0.8265305794015223 }. Applying changes.
debug:   try_apply_hunk_at_location: target line 3114 (length 12), match_type=Fuzzy { score: 0.8265305794015223 }, total target lines=5168.
trace: Hunk::get_match_block: extracted 7 match line(s)
trace:     Match block lines: 7 | Total hunk lines: 8
trace:     Target slice to replace: ["            # commit 64019a2e467a (\"mm/gup: remove task_struct pointer for", "            # all gup code\") in v5.9-rc1 (2020-08-11).", "            #", "            # conftest #1: check if get_user_pages_remote() is available", "            # return if not available.", "            # Fall through to conftest #2 if it is present", "            #", "            echo \"$CONFTEST_PREAMBLE", "            #include <linux/mm.h>", "            void conftest_get_user_pages_remote(void) {", "                get_user_pages_remote();", "            }\" > conftest$$.c"]
trace:     Ellipsis flags: has_ellipsis=false, is_literal_match=false, is_wildcard_gap_match=false
debug:     Applying hunk via robust reconstruction logic (preserving file context & adjusting indent).
trace:       Fuzzy match location: start=3113, len=12
trace:       File content in matched range (12 line(s)): ["            # commit 64019a2e467a (\"mm/gup: remove task_struct pointer for", "            # all gup code\") in v5.9-rc1 (2020-08-11).", "            #", "            # conftest #1: check if get_user_pages_remote() is available", "            # return if not available.", "            # Fall through to conftest #2 if it is present", "            #", "            echo \"$CONFTEST_PREAMBLE", "            #include <linux/mm.h>", "            void conftest_get_user_pages_remote(void) {", "                get_user_pages_remote();", "            }\" > conftest$$.c"]
trace:       Parsed hunk: 7 match line(s), 0 initial addition(s).
trace: Hunk::get_match_block: extracted 7 match line(s)
trace: normalize_line_delimiters: '            # conftest #1: check if get_user_pages_remote() is available' -> '# conftest'
trace: normalize_line_delimiters: '            # return if not available.' -> '# return if not available.'
trace: normalize_line_delimiters: '            # Fall through to conftest #2 if it is present' -> '# Fall through to conftest'
trace: normalize_line_delimiters: '' -> ''
trace: normalize_line_delimiters: '            echo "$CONFTEST_PREAMBLE' -> 'echo "$CONFTEST_PREAMBLE'
trace: normalize_line_delimiters: '            #include <linux/mm.h>' -> '#include <linux/mm.h>'
trace: normalize_line_delimiters: '            void conftest_get_user_pages_remote(void) {' -> 'void conftest_get_user_pages_remote(void) {'
trace: normalize_line_delimiters: '            # commit 64019a2e467a ("mm/gup: remove task_struct pointer for' -> '# commit 64019a2e467a ("mm/gup: remove task_struct pointer for'
trace: normalize_line_delimiters: '            # all gup code") in v5.9-rc1 (2020-08-11).' -> '# all gup code") in v5.9-rc1 (2020-08-11).'
trace: normalize_line_delimiters: '            #' -> '#'
trace: normalize_line_delimiters: '            # conftest #1: check if get_user_pages_remote() is available' -> '# conftest'
trace: normalize_line_delimiters: '            # return if not available.' -> '# return if not available.'
trace: normalize_line_delimiters: '            # Fall through to conftest #2 if it is present' -> '# Fall through to conftest'
trace: normalize_line_delimiters: '            #' -> '#'
trace: normalize_line_delimiters: '            echo "$CONFTEST_PREAMBLE' -> 'echo "$CONFTEST_PREAMBLE'
trace: normalize_line_delimiters: '            #include <linux/mm.h>' -> '#include <linux/mm.h>'
trace: normalize_line_delimiters: '            void conftest_get_user_pages_remote(void) {' -> 'void conftest_get_user_pages_remote(void) {'
trace: normalize_line_delimiters: '                get_user_pages_remote();' -> 'get_user_pages_remote()'
trace: normalize_line_delimiters: '            }" > conftest$$.c' -> '}" > conftest$$.c'
trace:       Computed diff between match block and file slice: 5 operation(s), similarity ratio=0.632
trace:       Initial Indentation Context: Hunk='            ', Target='            '
trace:       Active baseline indentation: hunk='            ', target='            '
trace:       DiffOp::Insert: preserving 3 local insertion line(s) from target file (new_idx=0)
trace:         Preserving inserted line: '            # commit 64019a2e467a (\"mm/gup: remove task_struct pointer for'
trace:         Preserving inserted line: '            # all gup code\") in v5.9-rc1 (2020-08-11).'
trace:         Preserving inserted line: '            #'
trace:       DiffOp::Equal: 3 line(s) aligned (hunk old_idx=0, file new_idx=3)
trace:         Equal: preserving target line: '            # conftest #1: check if get_user_pages_remote() is available'
trace:         Equal: preserving target line: '            # return if not available.'
trace:         Equal: preserving target line: '            # Fall through to conftest #2 if it is present'
trace:       DiffOp::Replace: hunk lines 3..4 (len=1) vs file lines 6..7 (len=1)
trace:         1-to-1 length replacement. Validating similarity of modified lines...
trace:         1-to-1 replacement line validation [line 3]: is_removal=true, word_sim=0.000, char_sim=0.000
trace: normalize_line_delimiters: '' -> ''
trace: normalize_line_delimiters: '#' -> '#'
warning:     Fuzzy match rejected: Removal line "" differs from target line "            #" (sim_words=0.000, sim_chars=0.000, required=0.350).
trace:   Evaluating candidate 19/20 with lenient reconciliation at location HunkLocation { start_index: 3114, length: 12 }
debug:   Found location HunkLocation { start_index: 3114, length: 12 } with match type Fuzzy { score: 0.8265305794015223 }. Applying changes.
debug:   try_apply_hunk_at_location: target line 3115 (length 12), match_type=Fuzzy { score: 0.8265305794015223 }, total target lines=5168.
trace: Hunk::get_match_block: extracted 7 match line(s)
trace:     Match block lines: 7 | Total hunk lines: 8
trace:     Target slice to replace: ["            # all gup code\") in v5.9-rc1 (2020-08-11).", "            #", "            # conftest #1: check if get_user_pages_remote() is available", "            # return if not available.", "            # Fall through to conftest #2 if it is present", "            #", "            echo \"$CONFTEST_PREAMBLE", "            #include <linux/mm.h>", "            void conftest_get_user_pages_remote(void) {", "                get_user_pages_remote();", "            }\" > conftest$$.c", ""]
trace:     Ellipsis flags: has_ellipsis=false, is_literal_match=false, is_wildcard_gap_match=false
debug:     Applying hunk via robust reconstruction logic (preserving file context & adjusting indent).
trace:       Fuzzy match location: start=3114, len=12
trace:       File content in matched range (12 line(s)): ["            # all gup code\") in v5.9-rc1 (2020-08-11).", "            #", "            # conftest #1: check if get_user_pages_remote() is available", "            # return if not available.", "            # Fall through to conftest #2 if it is present", "            #", "            echo \"$CONFTEST_PREAMBLE", "            #include <linux/mm.h>", "            void conftest_get_user_pages_remote(void) {", "                get_user_pages_remote();", "            }\" > conftest$$.c", ""]
trace:       Parsed hunk: 7 match line(s), 0 initial addition(s).
trace: Hunk::get_match_block: extracted 7 match line(s)
trace: normalize_line_delimiters: '            # conftest #1: check if get_user_pages_remote() is available' -> '# conftest'
trace: normalize_line_delimiters: '            # return if not available.' -> '# return if not available.'
trace: normalize_line_delimiters: '            # Fall through to conftest #2 if it is present' -> '# Fall through to conftest'
trace: normalize_line_delimiters: '' -> ''
trace: normalize_line_delimiters: '            echo "$CONFTEST_PREAMBLE' -> 'echo "$CONFTEST_PREAMBLE'
trace: normalize_line_delimiters: '            #include <linux/mm.h>' -> '#include <linux/mm.h>'
trace: normalize_line_delimiters: '            void conftest_get_user_pages_remote(void) {' -> 'void conftest_get_user_pages_remote(void) {'
trace: normalize_line_delimiters: '            # all gup code") in v5.9-rc1 (2020-08-11).' -> '# all gup code") in v5.9-rc1 (2020-08-11).'
trace: normalize_line_delimiters: '            #' -> '#'
trace: normalize_line_delimiters: '            # conftest #1: check if get_user_pages_remote() is available' -> '# conftest'
trace: normalize_line_delimiters: '            # return if not available.' -> '# return if not available.'
trace: normalize_line_delimiters: '            # Fall through to conftest #2 if it is present' -> '# Fall through to conftest'
trace: normalize_line_delimiters: '            #' -> '#'
trace: normalize_line_delimiters: '            echo "$CONFTEST_PREAMBLE' -> 'echo "$CONFTEST_PREAMBLE'
trace: normalize_line_delimiters: '            #include <linux/mm.h>' -> '#include <linux/mm.h>'
trace: normalize_line_delimiters: '            void conftest_get_user_pages_remote(void) {' -> 'void conftest_get_user_pages_remote(void) {'
trace: normalize_line_delimiters: '                get_user_pages_remote();' -> 'get_user_pages_remote()'
trace: normalize_line_delimiters: '            }" > conftest$$.c' -> '}" > conftest$$.c'
trace: normalize_line_delimiters: '' -> ''
trace:       Computed diff between match block and file slice: 5 operation(s), similarity ratio=0.632
trace:       Initial Indentation Context: Hunk='            ', Target='            '
trace:       Active baseline indentation: hunk='            ', target='            '
trace:       DiffOp::Insert: preserving 2 local insertion line(s) from target file (new_idx=0)
trace:         Preserving inserted line: '            # all gup code\") in v5.9-rc1 (2020-08-11).'
trace:         Preserving inserted line: '            #'
trace:       DiffOp::Equal: 3 line(s) aligned (hunk old_idx=0, file new_idx=2)
trace:         Equal: preserving target line: '            # conftest #1: check if get_user_pages_remote() is available'
trace:         Equal: preserving target line: '            # return if not available.'
trace:         Equal: preserving target line: '            # Fall through to conftest #2 if it is present'
trace:       DiffOp::Replace: hunk lines 3..4 (len=1) vs file lines 5..6 (len=1)
trace:         1-to-1 length replacement. Validating similarity of modified lines...
trace:         1-to-1 replacement line validation [line 3]: is_removal=true, word_sim=0.000, char_sim=0.000
trace: normalize_line_delimiters: '' -> ''
trace: normalize_line_delimiters: '#' -> '#'
warning:     Fuzzy match rejected: Removal line "" differs from target line "            #" (sim_words=0.000, sim_chars=0.000, required=0.350).
trace:   Evaluating candidate 20/20 with lenient reconciliation at location HunkLocation { start_index: 3115, length: 12 }
debug:   Found location HunkLocation { start_index: 3115, length: 12 } with match type Fuzzy { score: 0.8265305794015223 }. Applying changes.
debug:   try_apply_hunk_at_location: target line 3116 (length 12), match_type=Fuzzy { score: 0.8265305794015223 }, total target lines=5168.
trace: Hunk::get_match_block: extracted 7 match line(s)
trace:     Match block lines: 7 | Total hunk lines: 8
trace:     Target slice to replace: ["            #", "            # conftest #1: check if get_user_pages_remote() is available", "            # return if not available.", "            # Fall through to conftest #2 if it is present", "            #", "            echo \"$CONFTEST_PREAMBLE", "            #include <linux/mm.h>", "            void conftest_get_user_pages_remote(void) {", "                get_user_pages_remote();", "            }\" > conftest$$.c", "", "            $CC $CFLAGS -c conftest$$.c > /dev/null 2>&1"]
trace:     Ellipsis flags: has_ellipsis=false, is_literal_match=false, is_wildcard_gap_match=false
debug:     Applying hunk via robust reconstruction logic (preserving file context & adjusting indent).
trace:       Fuzzy match location: start=3115, len=12
trace:       File content in matched range (12 line(s)): ["            #", "            # conftest #1: check if get_user_pages_remote() is available", "            # return if not available.", "            # Fall through to conftest #2 if it is present", "            #", "            echo \"$CONFTEST_PREAMBLE", "            #include <linux/mm.h>", "            void conftest_get_user_pages_remote(void) {", "                get_user_pages_remote();", "            }\" > conftest$$.c", "", "            $CC $CFLAGS -c conftest$$.c > /dev/null 2>&1"]
trace:       Parsed hunk: 7 match line(s), 0 initial addition(s).
trace: Hunk::get_match_block: extracted 7 match line(s)
trace: normalize_line_delimiters: '            # conftest #1: check if get_user_pages_remote() is available' -> '# conftest'
trace: normalize_line_delimiters: '            # return if not available.' -> '# return if not available.'
trace: normalize_line_delimiters: '            # Fall through to conftest #2 if it is present' -> '# Fall through to conftest'
trace: normalize_line_delimiters: '' -> ''
trace: normalize_line_delimiters: '            echo "$CONFTEST_PREAMBLE' -> 'echo "$CONFTEST_PREAMBLE'
trace: normalize_line_delimiters: '            #include <linux/mm.h>' -> '#include <linux/mm.h>'
trace: normalize_line_delimiters: '            void conftest_get_user_pages_remote(void) {' -> 'void conftest_get_user_pages_remote(void) {'
trace: normalize_line_delimiters: '            #' -> '#'
trace: normalize_line_delimiters: '            # conftest #1: check if get_user_pages_remote() is available' -> '# conftest'
trace: normalize_line_delimiters: '            # return if not available.' -> '# return if not available.'
trace: normalize_line_delimiters: '            # Fall through to conftest #2 if it is present' -> '# Fall through to conftest'
trace: normalize_line_delimiters: '            #' -> '#'
trace: normalize_line_delimiters: '            echo "$CONFTEST_PREAMBLE' -> 'echo "$CONFTEST_PREAMBLE'
trace: normalize_line_delimiters: '            #include <linux/mm.h>' -> '#include <linux/mm.h>'
trace: normalize_line_delimiters: '            void conftest_get_user_pages_remote(void) {' -> 'void conftest_get_user_pages_remote(void) {'
trace: normalize_line_delimiters: '                get_user_pages_remote();' -> 'get_user_pages_remote()'
trace: normalize_line_delimiters: '            }" > conftest$$.c' -> '}" > conftest$$.c'
trace: normalize_line_delimiters: '' -> ''
trace: normalize_line_delimiters: '            $CC $CFLAGS -c conftest$$.c > /dev/null 2>&1' -> '$CC $CFLAGS -c conftest$$.c > /dev/null 2>&1'
trace:       Computed diff between match block and file slice: 5 operation(s), similarity ratio=0.632
trace:       Initial Indentation Context: Hunk='            ', Target='            '
trace:       Active baseline indentation: hunk='            ', target='            '
trace:       DiffOp::Insert: preserving 1 local insertion line(s) from target file (new_idx=0)
trace:         Preserving inserted line: '            #'
trace:       DiffOp::Equal: 3 line(s) aligned (hunk old_idx=0, file new_idx=1)
trace:         Equal: preserving target line: '            # conftest #1: check if get_user_pages_remote() is available'
trace:         Equal: preserving target line: '            # return if not available.'
trace:         Equal: preserving target line: '            # Fall through to conftest #2 if it is present'
trace:       DiffOp::Replace: hunk lines 3..4 (len=1) vs file lines 4..5 (len=1)
trace:         1-to-1 length replacement. Validating similarity of modified lines...
trace:         1-to-1 replacement line validation [line 3]: is_removal=true, word_sim=0.000, char_sim=0.000
trace: normalize_line_delimiters: '' -> ''
trace: normalize_line_delimiters: '#' -> '#'
warning:     Fuzzy match rejected: Removal line "" differs from target line "            #" (sim_words=0.000, sim_chars=0.000, required=0.350).
warning:   All 20 candidate location(s) exhausted. Hunk application failed with: Context not found
debug:   HunkApplier: hunk 5 application outcome: Failed(ContextNotFound)
  Applying Hunk 5/6...
warning:   Failed to apply Hunk 5. Context not found
debug: apply_hunk_to_lines: applying hunk with 13 line(s) against target with 5168 line(s)
trace: Hunk::get_match_block: extracted 11 match line(s)
trace:   Match block: ["                return", "            fi", "", "            # conftest #2: check if get_user_pages_remote() has write and", "            # force arguments. Return if these arguments are present", "            # Fall through to conftest #3 if these args are absent.", "            echo \"#define NV_GET_USER_PAGES_REMOTE_PRESENT\" | append_conftest \"functions\"", "            echo \"$CONFTEST_PREAMBLE", "            #include <linux/mm.h>", "- ", "2.20.1"]
trace: Hunk::get_replace_block: extracted 12 replacement line(s)
trace:   Replace block: ["                return", "            fi", "", "            #", "            # conftest #2: check if get_user_pages_remote() has write and", "            # force arguments. Return if these arguments are present", "            # Fall through to conftest #3 if these args are absent.", "            #", "            echo \"#define NV_GET_USER_PAGES_REMOTE_PRESENT\" | append_conftest \"functions\"", "            echo \"$CONFTEST_PREAMBLE", "            #include <linux/mm.h>", "2.20.1"]
trace: Hunk::has_changes: true
trace: Hunk::get_match_block: extracted 11 match line(s)
trace: Hunk::required_match_span: calculated required match span as 8 line(s) (first_match_idx=Some(2), last_match_idx=Some(9))
trace: DefaultHunkFinder::find_candidate_locations: match block len=11, required_match_span=8, target lines=5168
trace:   find_hunk_location_internal: match_block has 11 lines (entropy=true), target has 5168 lines
trace:   find_hunk_location_internal called for a hunk with 11 lines to match against 5168 target lines.
trace:     Attempting exact match for hunk (match block has 11 line(s))...
trace: tie_break_with_line_number: strategy='exact', hint=Some(3131), entropy=true
trace:       No exact matches found.
trace:     Strategy 1 (Exact): no exact match found.
trace:     Attempting exact match (ignoring trailing whitespace) for hunk (match block has 11 line(s))...
trace: tie_break_with_line_number: strategy='exact (ignoring whitespace)', hint=Some(3131), entropy=true
trace:       No exact (ignoring whitespace) matches found.
trace:     Strategy 2 (Whitespace-insensitive): no match found.
debug:     Strategy 3 (Fuzzy): beginning flexible window fuzzy search (threshold=0.70, match block len=0.7)
trace:       Hunk match block (11 lines): ["                return", "            fi", "", "            # conftest #2: check if get_user_pages_remote() has write and", "            # force arguments. Return if these arguments are present", "            # Fall through to conftest #3 if these args are absent.", "            echo \"#define NV_GET_USER_PAGES_REMOTE_PRESENT\" | append_conftest \"functions\"", "            echo \"$CONFTEST_PREAMBLE", "            #include <linux/mm.h>", "- ", "2.20.1"]
trace:       Searching with window sizes from 8 to 36 (hunk size: 11, fuzz distance: 25)
debug:       find_search_ranges: analyzing 11 match line(s) against 5168 target line(s).
trace:         Identified 8 high-entropy candidate anchor line(s) (search_radius=22, max candidates to test=100)
debug:         Spatial consensus: 4 anchor(s) agree on start near line 3138
debug:       Found anchor line (hunk line 7) with 1 occurrences.
trace:         Anchor text: 'echo "#define NV_GET_USER_PAGES_REMOTE_PRESENT" | append_conftest "functions"'
trace:         Occurrence at target line 3142: window estimated [3114..3193] (search radius +/-22)
trace:         Raw ranges before merging: [(3113, 3193)]
trace: merge_ranges: merging 1 input range(s): [(3113, 3193)]
trace: merge_ranges: result 1 disjoint range(s): [(3113, 3193)]
debug:       Search ranges merged: 1 disjoint range(s) covering 80/5168 line(s) (98.5% pruned): [(3113, 3193)]
trace:     Using search ranges: [(3113, 3193)]
debug:       compute_scored_windows (parallel): evaluating 1711 candidate window(s) across 1 range(s) (window lengths 8..=36)
trace:         Match block length: 11, Target line count: 5168, Search ranges: [(3113, 3193)]
trace:         score_window: window_len=11, match_len=11, line_score=0.091, ratio_lines=0.091, final_score=0.353
trace:         score_window: window_len=11, match_len=11, line_score=0.182, ratio_lines=0.182, final_score=0.449
trace:         score_window: window_len=10, match_len=11, line_score=0.190, ratio_lines=0.190, final_score=0.468
trace:         score_window: window_len=12, match_len=11, line_score=0.090, ratio_lines=0.087, final_score=0.356
trace:         score_window: window_len=12, match_len=11, line_score=0.181, ratio_lines=0.174, final_score=0.441
trace:         score_window: window_len=13, match_len=11, line_score=0.090, ratio_lines=0.083, final_score=0.323
trace:         score_window: window_len=9, match_len=11, line_score=0.200, ratio_lines=0.200, final_score=0.504
trace:         score_window: window_len=13, match_len=11, line_score=0.180, ratio_lines=0.167, final_score=0.440
trace:         score_window: window_len=14, match_len=11, line_score=0.090, ratio_lines=0.080, final_score=0.324
trace:         score_window: window_len=8, match_len=11, line_score=0.105, ratio_lines=0.105, final_score=0.443
trace:         score_window: window_len=14, match_len=11, line_score=0.179, ratio_lines=0.160, final_score=0.423
trace:         score_window: window_len=15, match_len=11, line_score=0.089, ratio_lines=0.077, final_score=0.321
trace:         score_window: window_len=15, match_len=11, line_score=0.179, ratio_lines=0.154, final_score=0.409
trace:         score_window: window_len=16, match_len=11, line_score=0.178, ratio_lines=0.148, final_score=0.327
trace:         score_window: window_len=16, match_len=11, line_score=0.178, ratio_lines=0.148, final_score=0.409
trace:         score_window: window_len=17, match_len=11, line_score=0.265, ratio_lines=0.214, final_score=0.333
trace:         score_window: window_len=17, match_len=11, line_score=0.177, ratio_lines=0.143, final_score=0.395
trace:         score_window: window_len=11, match_len=11, line_score=0.091, ratio_lines=0.091, final_score=0.362
trace:         score_window: window_len=11, match_len=11, line_score=0.182, ratio_lines=0.182, final_score=0.467
trace:         score_window: window_len=10, match_len=11, line_score=0.190, ratio_lines=0.190, final_score=0.477
trace:         score_window: window_len=10, match_len=11, line_score=0.095, ratio_lines=0.095, final_score=0.360
trace:         score_window: window_len=12, match_len=11, line_score=0.181, ratio_lines=0.174, final_score=0.467
trace:         score_window: window_len=12, match_len=11, line_score=0.090, ratio_lines=0.087, final_score=0.328
trace:         score_window: window_len=9, match_len=11, line_score=0.200, ratio_lines=0.200, final_score=0.500
trace:         score_window: window_len=13, match_len=11, line_score=0.180, ratio_lines=0.167, final_score=0.446
trace:         score_window: window_len=13, match_len=11, line_score=0.090, ratio_lines=0.083, final_score=0.328
trace:         score_window: window_len=8, match_len=11, line_score=0.211, ratio_lines=0.211, final_score=0.543
trace:         score_window: window_len=14, match_len=11, line_score=0.179, ratio_lines=0.160, final_score=0.431
trace:         score_window: window_len=14, match_len=11, line_score=0.090, ratio_lines=0.080, final_score=0.325
trace:         score_window: window_len=15, match_len=11, line_score=0.179, ratio_lines=0.154, final_score=0.430
trace:         score_window: window_len=15, match_len=11, line_score=0.179, ratio_lines=0.154, final_score=0.331
trace:         score_window: window_len=16, match_len=11, line_score=0.178, ratio_lines=0.148, final_score=0.414
trace:         score_window: window_len=17, match_len=11, line_score=0.177, ratio_lines=0.143, final_score=0.433
trace:         score_window: window_len=16, match_len=11, line_score=0.267, ratio_lines=0.222, final_score=0.338
trace:         score_window: window_len=11, match_len=11, line_score=0.182, ratio_lines=0.182, final_score=0.492
trace:         score_window: window_len=11, match_len=11, line_score=0.091, ratio_lines=0.091, final_score=0.337
trace:         score_window: window_len=10, match_len=11, line_score=0.190, ratio_lines=0.190, final_score=0.493
trace:         score_window: window_len=10, match_len=11, line_score=0.095, ratio_lines=0.095, final_score=0.373
trace:         score_window: window_len=12, match_len=11, line_score=0.181, ratio_lines=0.174, final_score=0.468
trace:         score_window: window_len=9, match_len=11, line_score=0.200, ratio_lines=0.200, final_score=0.504
trace:         score_window: window_len=12, match_len=11, line_score=0.090, ratio_lines=0.087, final_score=0.337
trace:         score_window: window_len=13, match_len=11, line_score=0.180, ratio_lines=0.167, final_score=0.452
trace:         score_window: window_len=8, match_len=11, line_score=0.211, ratio_lines=0.211, final_score=0.530
trace:         score_window: window_len=9, match_len=11, line_score=0.100, ratio_lines=0.100, final_score=0.374
trace:         score_window: window_len=14, match_len=11, line_score=0.179, ratio_lines=0.160, final_score=0.451
trace:         score_window: window_len=13, match_len=11, line_score=0.090, ratio_lines=0.083, final_score=0.334
trace:         score_window: window_len=15, match_len=11, line_score=0.179, ratio_lines=0.154, final_score=0.433
trace:         score_window: window_len=14, match_len=11, line_score=0.179, ratio_lines=0.160, final_score=0.341
trace:         score_window: window_len=16, match_len=11, line_score=0.178, ratio_lines=0.148, final_score=0.451
trace:         score_window: window_len=11, match_len=11, line_score=0.182, ratio_lines=0.182, final_score=0.470
trace:         score_window: window_len=15, match_len=11, line_score=0.268, ratio_lines=0.231, final_score=0.348
trace:         score_window: window_len=10, match_len=11, line_score=0.190, ratio_lines=0.190, final_score=0.494
trace:         score_window: window_len=11, match_len=11, line_score=0.091, ratio_lines=0.091, final_score=0.352
trace:         score_window: window_len=12, match_len=11, line_score=0.181, ratio_lines=0.174, final_score=0.453
trace:         score_window: window_len=9, match_len=11, line_score=0.200, ratio_lines=0.200, final_score=0.495
trace:         score_window: window_len=10, match_len=11, line_score=0.095, ratio_lines=0.095, final_score=0.353
trace:         score_window: window_len=13, match_len=11, line_score=0.180, ratio_lines=0.167, final_score=0.452
trace:         score_window: window_len=12, match_len=11, line_score=0.090, ratio_lines=0.087, final_score=0.348
trace:         score_window: window_len=8, match_len=11, line_score=0.211, ratio_lines=0.211, final_score=0.506
trace:         score_window: window_len=9, match_len=11, line_score=0.100, ratio_lines=0.100, final_score=0.393
trace:         score_window: window_len=14, match_len=11, line_score=0.179, ratio_lines=0.160, final_score=0.435
trace:         score_window: window_len=13, match_len=11, line_score=0.180, ratio_lines=0.167, final_score=0.355
trace:         score_window: window_len=15, match_len=11, line_score=0.179, ratio_lines=0.154, final_score=0.452
trace:         score_window: window_len=8, match_len=11, line_score=0.105, ratio_lines=0.105, final_score=0.397
trace:         score_window: window_len=11, match_len=11, line_score=0.182, ratio_lines=0.182, final_score=0.347
trace:         score_window: window_len=10, match_len=11, line_score=0.190, ratio_lines=0.190, final_score=0.361
trace:         score_window: window_len=14, match_len=11, line_score=0.269, ratio_lines=0.240, final_score=0.363
trace:         score_window: window_len=12, match_len=11, line_score=0.181, ratio_lines=0.174, final_score=0.344
trace:         score_window: window_len=9, match_len=11, line_score=0.200, ratio_lines=0.200, final_score=0.378
trace:         score_window: window_len=15, match_len=11, line_score=0.268, ratio_lines=0.231, final_score=0.321
trace:         score_window: window_len=13, match_len=11, line_score=0.180, ratio_lines=0.167, final_score=0.329
trace:         score_window: window_len=16, match_len=11, line_score=0.267, ratio_lines=0.222, final_score=0.320
trace:         score_window: window_len=8, match_len=11, line_score=0.211, ratio_lines=0.211, final_score=0.398
trace:         score_window: window_len=14, match_len=11, line_score=0.179, ratio_lines=0.160, final_score=0.393
trace:         score_window: window_len=17, match_len=11, line_score=0.265, ratio_lines=0.214, final_score=0.319
trace:         score_window: window_len=15, match_len=11, line_score=0.179, ratio_lines=0.154, final_score=0.398
trace:         score_window: window_len=11, match_len=11, line_score=0.091, ratio_lines=0.091, final_score=0.336
trace:         score_window: window_len=11, match_len=11, line_score=0.182, ratio_lines=0.182, final_score=0.311
trace:         score_window: window_len=10, match_len=11, line_score=0.095, ratio_lines=0.095, final_score=0.340
trace:         score_window: window_len=10, match_len=11, line_score=0.190, ratio_lines=0.190, final_score=0.312
trace:         score_window: window_len=12, match_len=11, line_score=0.181, ratio_lines=0.174, final_score=0.298
trace:         score_window: window_len=12, match_len=11, line_score=0.181, ratio_lines=0.174, final_score=0.343
trace:         score_window: window_len=9, match_len=11, line_score=0.200, ratio_lines=0.200, final_score=0.327
trace:         score_window: window_len=9, match_len=11, line_score=0.100, ratio_lines=0.100, final_score=0.340
trace:         score_window: window_len=13, match_len=11, line_score=0.180, ratio_lines=0.167, final_score=0.383
trace:         score_window: window_len=13, match_len=11, line_score=0.270, ratio_lines=0.250, final_score=0.351
trace:         score_window: window_len=14, match_len=11, line_score=0.179, ratio_lines=0.160, final_score=0.390
trace:         score_window: window_len=11, match_len=11, line_score=0.182, ratio_lines=0.182, final_score=0.196
trace:         score_window: window_len=8, match_len=11, line_score=0.105, ratio_lines=0.105, final_score=0.379
trace:         score_window: window_len=10, match_len=11, line_score=0.190, ratio_lines=0.190, final_score=0.205
trace:         score_window: window_len=12, match_len=11, line_score=0.181, ratio_lines=0.174, final_score=0.402
trace:         score_window: window_len=14, match_len=11, line_score=0.269, ratio_lines=0.240, final_score=0.310
trace:         score_window: window_len=9, match_len=11, line_score=0.200, ratio_lines=0.200, final_score=0.206
trace:         score_window: window_len=13, match_len=11, line_score=0.180, ratio_lines=0.167, final_score=0.407
trace:         score_window: window_len=15, match_len=11, line_score=0.268, ratio_lines=0.231, final_score=0.309
trace:         score_window: window_len=14, match_len=11, line_score=0.179, ratio_lines=0.160, final_score=0.365
trace:         score_window: window_len=16, match_len=11, line_score=0.267, ratio_lines=0.222, final_score=0.308
trace:         score_window: window_len=11, match_len=11, line_score=0.182, ratio_lines=0.182, final_score=0.406
trace:         score_window: window_len=10, match_len=11, line_score=0.190, ratio_lines=0.190, final_score=0.193
trace:         score_window: window_len=11, match_len=11, line_score=0.182, ratio_lines=0.182, final_score=0.367
trace:         score_window: window_len=12, match_len=11, line_score=0.181, ratio_lines=0.174, final_score=0.411
trace:         score_window: window_len=10, match_len=11, line_score=0.095, ratio_lines=0.095, final_score=0.359
trace:         score_window: window_len=9, match_len=11, line_score=0.200, ratio_lines=0.200, final_score=0.203
trace:         score_window: window_len=12, match_len=11, line_score=0.271, ratio_lines=0.261, final_score=0.374
trace:         score_window: window_len=13, match_len=11, line_score=0.180, ratio_lines=0.167, final_score=0.369
trace:         score_window: window_len=8, match_len=11, line_score=0.211, ratio_lines=0.211, final_score=0.211
trace:         score_window: window_len=9, match_len=11, line_score=0.100, ratio_lines=0.100, final_score=0.363
trace:         score_window: window_len=11, match_len=11, line_score=0.091, ratio_lines=0.091, final_score=0.415
trace:         score_window: window_len=13, match_len=11, line_score=0.270, ratio_lines=0.250, final_score=0.330
trace:         score_window: window_len=10, match_len=11, line_score=0.095, ratio_lines=0.095, final_score=0.411
trace:         score_window: window_len=8, match_len=11, line_score=0.105, ratio_lines=0.105, final_score=0.364
trace:         score_window: window_len=12, match_len=11, line_score=0.090, ratio_lines=0.087, final_score=0.370
trace:         score_window: window_len=14, match_len=11, line_score=0.269, ratio_lines=0.240, final_score=0.329
trace:         score_window: window_len=9, match_len=11, line_score=0.100, ratio_lines=0.100, final_score=0.256
trace:         score_window: window_len=15, match_len=11, line_score=0.268, ratio_lines=0.231, final_score=0.328
trace:         score_window: window_len=11, match_len=11, line_score=0.091, ratio_lines=0.091, final_score=0.382
trace:         score_window: window_len=11, match_len=11, line_score=0.273, ratio_lines=0.273, final_score=0.376
trace:         score_window: window_len=10, match_len=11, line_score=0.095, ratio_lines=0.095, final_score=0.429
trace:         score_window: window_len=10, match_len=11, line_score=0.190, ratio_lines=0.190, final_score=0.367
trace:         score_window: window_len=9, match_len=11, line_score=0.100, ratio_lines=0.100, final_score=0.428
trace:         score_window: window_len=12, match_len=11, line_score=0.271, ratio_lines=0.261, final_score=0.331
trace:         score_window: window_len=11, match_len=11, line_score=0.091, ratio_lines=0.091, final_score=0.336
trace:         score_window: window_len=9, match_len=11, line_score=0.100, ratio_lines=0.100, final_score=0.360
trace:         score_window: window_len=10, match_len=11, line_score=0.095, ratio_lines=0.095, final_score=0.375
trace:         score_window: window_len=13, match_len=11, line_score=0.270, ratio_lines=0.250, final_score=0.330
trace:         score_window: window_len=9, match_len=11, line_score=0.100, ratio_lines=0.100, final_score=0.425
trace:         score_window: window_len=8, match_len=11, line_score=0.105, ratio_lines=0.105, final_score=0.363
trace:         score_window: window_len=8, match_len=11, line_score=0.105, ratio_lines=0.105, final_score=0.423
trace:         score_window: window_len=14, match_len=11, line_score=0.269, ratio_lines=0.240, final_score=0.329
trace:         score_window: window_len=15, match_len=11, line_score=0.268, ratio_lines=0.231, final_score=0.345
trace:         score_window: window_len=11, match_len=11, line_score=0.273, ratio_lines=0.273, final_score=0.342
trace:         score_window: window_len=11, match_len=11, line_score=0.091, ratio_lines=0.091, final_score=0.312
trace:         score_window: window_len=10, match_len=11, line_score=0.286, ratio_lines=0.286, final_score=0.390
trace:         score_window: window_len=12, match_len=11, line_score=0.271, ratio_lines=0.261, final_score=0.340
trace:         score_window: window_len=9, match_len=11, line_score=0.200, ratio_lines=0.200, final_score=0.382
trace:         score_window: window_len=10, match_len=11, line_score=0.095, ratio_lines=0.095, final_score=0.314
trace:         score_window: window_len=13, match_len=11, line_score=0.270, ratio_lines=0.250, final_score=0.339
trace:         score_window: window_len=12, match_len=11, line_score=0.090, ratio_lines=0.087, final_score=0.309
trace:         score_window: window_len=8, match_len=11, line_score=0.105, ratio_lines=0.105, final_score=0.374
trace:         score_window: window_len=9, match_len=11, line_score=0.100, ratio_lines=0.100, final_score=0.351
trace:         score_window: window_len=14, match_len=11, line_score=0.269, ratio_lines=0.240, final_score=0.312
trace:         score_window: window_len=13, match_len=11, line_score=0.180, ratio_lines=0.167, final_score=0.316
trace:         score_window: window_len=11, match_len=11, line_score=0.273, ratio_lines=0.273, final_score=0.316
trace:         score_window: window_len=10, match_len=11, line_score=0.286, ratio_lines=0.286, final_score=0.318
trace:         score_window: window_len=8, match_len=11, line_score=0.105, ratio_lines=0.105, final_score=0.399
trace:         score_window: window_len=12, match_len=11, line_score=0.271, ratio_lines=0.261, final_score=0.315
trace:         score_window: window_len=14, match_len=11, line_score=0.269, ratio_lines=0.240, final_score=0.323
trace:         score_window: window_len=9, match_len=11, line_score=0.300, ratio_lines=0.300, final_score=0.364
trace:         score_window: window_len=13, match_len=11, line_score=0.270, ratio_lines=0.250, final_score=0.290
trace:         score_window: window_len=8, match_len=11, line_score=0.211, ratio_lines=0.211, final_score=0.355
trace:         score_window: window_len=11, match_len=11, line_score=0.091, ratio_lines=0.091, final_score=0.329
trace:         score_window: window_len=10, match_len=11, line_score=0.095, ratio_lines=0.095, final_score=0.332
trace:         score_window: window_len=11, match_len=11, line_score=0.273, ratio_lines=0.273, final_score=0.316
trace:         score_window: window_len=10, match_len=11, line_score=0.286, ratio_lines=0.286, final_score=0.318
trace:         score_window: window_len=12, match_len=11, line_score=0.181, ratio_lines=0.174, final_score=0.336
trace:         score_window: window_len=12, match_len=11, line_score=0.271, ratio_lines=0.261, final_score=0.291
trace:         score_window: window_len=9, match_len=11, line_score=0.100, ratio_lines=0.100, final_score=0.335
trace:         score_window: window_len=9, match_len=11, line_score=0.300, ratio_lines=0.300, final_score=0.319
trace:         score_window: window_len=13, match_len=11, line_score=0.270, ratio_lines=0.250, final_score=0.344
trace:         score_window: window_len=8, match_len=11, line_score=0.316, ratio_lines=0.316, final_score=0.366
trace:         score_window: window_len=8, match_len=11, line_score=0.105, ratio_lines=0.105, final_score=0.375
trace:         score_window: window_len=11, match_len=11, line_score=0.273, ratio_lines=0.273, final_score=0.273
trace:         score_window: window_len=14, match_len=11, line_score=0.359, ratio_lines=0.320, final_score=0.359
trace:         score_window: window_len=10, match_len=11, line_score=0.286, ratio_lines=0.286, final_score=0.288
trace:         score_window: window_len=9, match_len=11, line_score=0.300, ratio_lines=0.300, final_score=0.300
trace:         score_window: window_len=11, match_len=11, line_score=0.182, ratio_lines=0.182, final_score=0.337
trace:         score_window: window_len=8, match_len=11, line_score=0.316, ratio_lines=0.316, final_score=0.316
trace:         score_window: window_len=10, match_len=11, line_score=0.095, ratio_lines=0.095, final_score=0.329
trace:         score_window: window_len=11, match_len=11, line_score=0.273, ratio_lines=0.273, final_score=0.408
trace:         score_window: window_len=10, match_len=11, line_score=0.286, ratio_lines=0.286, final_score=0.292
trace:         score_window: window_len=12, match_len=11, line_score=0.271, ratio_lines=0.261, final_score=0.345
trace:         score_window: window_len=12, match_len=11, line_score=0.271, ratio_lines=0.261, final_score=0.458
trace:         score_window: window_len=9, match_len=11, line_score=0.100, ratio_lines=0.100, final_score=0.332
trace:         score_window: window_len=9, match_len=11, line_score=0.300, ratio_lines=0.300, final_score=0.318
trace:         score_window: window_len=13, match_len=11, line_score=0.360, ratio_lines=0.333, final_score=0.360
trace:         score_window: window_len=13, match_len=11, line_score=0.270, ratio_lines=0.250, final_score=0.458
trace:         score_window: window_len=8, match_len=11, line_score=0.316, ratio_lines=0.316, final_score=0.320
trace:         score_window: window_len=8, match_len=11, line_score=0.105, ratio_lines=0.105, final_score=0.335
trace:         score_window: window_len=14, match_len=11, line_score=0.359, ratio_lines=0.320, final_score=0.500
trace:         score_window: window_len=11, match_len=11, line_score=0.273, ratio_lines=0.273, final_score=0.356
trace:         score_window: window_len=15, match_len=11, line_score=0.446, ratio_lines=0.385, final_score=0.540
trace:         score_window: window_len=10, match_len=11, line_score=0.190, ratio_lines=0.190, final_score=0.348
trace:         score_window: window_len=11, match_len=11, line_score=0.273, ratio_lines=0.273, final_score=0.487
trace:         score_window: window_len=12, match_len=11, line_score=0.362, ratio_lines=0.348, final_score=0.362
trace:         score_window: window_len=10, match_len=11, line_score=0.286, ratio_lines=0.286, final_score=0.436
trace:         score_window: window_len=9, match_len=11, line_score=0.100, ratio_lines=0.100, final_score=0.340
trace:         score_window: window_len=12, match_len=11, line_score=0.271, ratio_lines=0.261, final_score=0.487
trace:         score_window: window_len=9, match_len=11, line_score=0.300, ratio_lines=0.300, final_score=0.300
trace:         score_window: window_len=13, match_len=11, line_score=0.450, ratio_lines=0.417, final_score=0.450
trace:         score_window: window_len=13, match_len=11, line_score=0.360, ratio_lines=0.333, final_score=0.531
trace:         score_window: window_len=8, match_len=11, line_score=0.105, ratio_lines=0.105, final_score=0.344
trace:         score_window: window_len=8, match_len=11, line_score=0.316, ratio_lines=0.316, final_score=0.348
trace:         score_window: window_len=15, match_len=11, line_score=0.625, ratio_lines=0.538, final_score=0.625
trace:         score_window: window_len=14, match_len=11, line_score=0.448, ratio_lines=0.400, final_score=0.572
trace:         score_window: window_len=11, match_len=11, line_score=0.364, ratio_lines=0.364, final_score=0.364
trace:         score_window: window_len=10, match_len=11, line_score=0.286, ratio_lines=0.286, final_score=0.332
trace:         score_window: window_len=15, match_len=11, line_score=0.446, ratio_lines=0.385, final_score=0.553
trace:         score_window: window_len=12, match_len=11, line_score=0.452, ratio_lines=0.435, final_score=0.452
trace:         score_window: window_len=9, match_len=11, line_score=0.200, ratio_lines=0.200, final_score=0.323
trace:         score_window: window_len=16, match_len=11, line_score=0.444, ratio_lines=0.370, final_score=0.542
trace:         score_window: window_len=8, match_len=11, line_score=0.105, ratio_lines=0.105, final_score=0.315
trace:         score_window: window_len=14, match_len=11, line_score=0.628, ratio_lines=0.560, final_score=0.628
trace:         score_window: window_len=17, match_len=11, line_score=0.442, ratio_lines=0.357, final_score=0.526
trace:         score_window: window_len=11, match_len=11, line_score=0.273, ratio_lines=0.273, final_score=0.520
trace:         score_window: window_len=11, match_len=11, line_score=0.455, ratio_lines=0.455, final_score=0.455
trace:         score_window: window_len=10, match_len=11, line_score=0.286, ratio_lines=0.286, final_score=0.521
trace:         score_window: window_len=10, match_len=11, line_score=0.381, ratio_lines=0.381, final_score=0.381
trace:         score_window: window_len=12, match_len=11, line_score=0.362, ratio_lines=0.348, final_score=0.566
trace:         score_window: window_len=9, match_len=11, line_score=0.300, ratio_lines=0.300, final_score=0.333
trace:         score_window: window_len=9, match_len=11, line_score=0.300, ratio_lines=0.300, final_score=0.468
trace:         score_window: window_len=13, match_len=11, line_score=0.631, ratio_lines=0.583, final_score=0.631
trace:         score_window: window_len=13, match_len=11, line_score=0.450, ratio_lines=0.417, final_score=0.615
trace:         score_window: window_len=8, match_len=11, line_score=0.211, ratio_lines=0.211, final_score=0.324
trace:         score_window: window_len=8, match_len=11, line_score=0.316, ratio_lines=0.316, final_score=0.316
trace:         score_window: window_len=11, match_len=11, line_score=0.545, ratio_lines=0.545, final_score=0.593
trace:         score_window: window_len=14, match_len=11, line_score=0.448, ratio_lines=0.400, final_score=0.582
trace:         score_window: window_len=10, match_len=11, line_score=0.476, ratio_lines=0.476, final_score=0.476
trace:         score_window: window_len=12, match_len=11, line_score=0.633, ratio_lines=0.609, final_score=0.667
trace:         score_window: window_len=15, match_len=11, line_score=0.446, ratio_lines=0.385, final_score=0.562
trace:         score_window: window_len=9, match_len=11, line_score=0.400, ratio_lines=0.400, final_score=0.400
trace:         score_window: window_len=16, match_len=11, line_score=0.444, ratio_lines=0.370, final_score=0.556
trace:         score_window: window_len=8, match_len=11, line_score=0.316, ratio_lines=0.316, final_score=0.316
trace:         score_window: window_len=11, match_len=11, line_score=0.636, ratio_lines=0.636, final_score=0.704
trace:         score_window: window_len=17, match_len=11, line_score=0.442, ratio_lines=0.357, final_score=0.538
trace:         score_window: window_len=10, match_len=11, line_score=0.571, ratio_lines=0.571, final_score=0.628
trace:         score_window: window_len=9, match_len=11, line_score=0.500, ratio_lines=0.500, final_score=0.500
trace:         score_window: window_len=8, match_len=11, line_score=0.421, ratio_lines=0.421, final_score=0.421
trace:         score_window: window_len=18, match_len=11, line_score=0.440, ratio_lines=0.345, final_score=0.522
trace:         score_window: window_len=10, match_len=11, line_score=0.667, ratio_lines=0.667, final_score=0.745
trace:         score_window: window_len=9, match_len=11, line_score=0.600, ratio_lines=0.600, final_score=0.668
trace:         score_window: window_len=19, match_len=11, line_score=0.438, ratio_lines=0.333, final_score=0.507
trace:         score_window: window_len=8, match_len=11, line_score=0.526, ratio_lines=0.526, final_score=0.526
trace:         score_window: window_len=8, match_len=11, line_score=0.632, ratio_lines=0.632, final_score=0.712
trace:         score_window: window_len=20, match_len=11, line_score=0.436, ratio_lines=0.323, final_score=0.492
trace:         score_window: window_len=11, match_len=11, line_score=0.364, ratio_lines=0.364, final_score=0.587
trace:         score_window: window_len=11, match_len=11, line_score=0.636, ratio_lines=0.636, final_score=0.784
trace:         score_window: window_len=10, match_len=11, line_score=0.667, ratio_lines=0.667, final_score=0.812
trace:         score_window: window_len=10, match_len=11, line_score=0.286, ratio_lines=0.286, final_score=0.541
trace:         score_window: window_len=12, match_len=11, line_score=0.633, ratio_lines=0.609, final_score=0.763
trace:         score_window: window_len=13, match_len=11, line_score=0.631, ratio_lines=0.583, final_score=0.744
trace:         score_window: window_len=12, match_len=11, line_score=0.452, ratio_lines=0.435, final_score=0.634
trace:         score_window: window_len=14, match_len=11, line_score=0.628, ratio_lines=0.560, final_score=0.720
trace:         score_window: window_len=9, match_len=11, line_score=0.300, ratio_lines=0.300, final_score=0.542
trace:         score_window: window_len=15, match_len=11, line_score=0.625, ratio_lines=0.538, final_score=0.718
trace:         score_window: window_len=13, match_len=11, line_score=0.450, ratio_lines=0.417, final_score=0.602
trace:         score_window: window_len=16, match_len=11, line_score=0.622, ratio_lines=0.519, final_score=0.711
trace:         score_window: window_len=8, match_len=11, line_score=0.316, ratio_lines=0.316, final_score=0.488
trace:         score_window: window_len=17, match_len=11, line_score=0.619, ratio_lines=0.500, final_score=0.698
trace:         score_window: window_len=14, match_len=11, line_score=0.448, ratio_lines=0.400, final_score=0.582
trace:         score_window: window_len=18, match_len=11, line_score=0.616, ratio_lines=0.483, final_score=0.697
trace:         score_window: window_len=15, match_len=11, line_score=0.446, ratio_lines=0.385, final_score=0.562
trace:         score_window: window_len=11, match_len=11, line_score=0.545, ratio_lines=0.545, final_score=0.740
trace:         score_window: window_len=10, match_len=11, line_score=0.571, ratio_lines=0.571, final_score=0.760
trace:         score_window: window_len=12, match_len=11, line_score=0.543, ratio_lines=0.522, final_score=0.701
trace:         score_window: window_len=9, match_len=11, line_score=0.600, ratio_lines=0.600, final_score=0.788
trace:         score_window: window_len=16, match_len=11, line_score=0.444, ratio_lines=0.370, final_score=0.556
trace:         score_window: window_len=13, match_len=11, line_score=0.540, ratio_lines=0.500, final_score=0.742
trace:         score_window: window_len=8, match_len=11, line_score=0.632, ratio_lines=0.632, final_score=0.818
trace:         score_window: window_len=17, match_len=11, line_score=0.442, ratio_lines=0.357, final_score=0.538
trace:         score_window: window_len=14, match_len=11, line_score=0.538, ratio_lines=0.480, final_score=0.712
trace:         score_window: window_len=15, match_len=11, line_score=0.536, ratio_lines=0.462, final_score=0.706
trace:         score_window: window_len=18, match_len=11, line_score=0.440, ratio_lines=0.345, final_score=0.522
trace:         score_window: window_len=16, match_len=11, line_score=0.533, ratio_lines=0.444, final_score=0.693
trace:         score_window: window_len=17, match_len=11, line_score=0.531, ratio_lines=0.429, final_score=0.691
trace:         score_window: window_len=19, match_len=11, line_score=0.438, ratio_lines=0.333, final_score=0.507
trace:         score_window: window_len=11, match_len=11, line_score=0.455, ratio_lines=0.455, final_score=0.661
trace:         score_window: window_len=10, match_len=11, line_score=0.476, ratio_lines=0.476, final_score=0.673
trace:         score_window: window_len=20, match_len=11, line_score=0.436, ratio_lines=0.323, final_score=0.492
trace:         score_window: window_len=12, match_len=11, line_score=0.452, ratio_lines=0.435, final_score=0.642
trace:         score_window: window_len=11, match_len=11, line_score=0.364, ratio_lines=0.364, final_score=0.613
trace:         score_window: window_len=9, match_len=11, line_score=0.500, ratio_lines=0.500, final_score=0.685
trace:         score_window: window_len=10, match_len=11, line_score=0.286, ratio_lines=0.286, final_score=0.559
trace:         score_window: window_len=13, match_len=11, line_score=0.450, ratio_lines=0.417, final_score=0.614
trace:         score_window: window_len=8, match_len=11, line_score=0.526, ratio_lines=0.526, final_score=0.711
trace:         score_window: window_len=12, match_len=11, line_score=0.362, ratio_lines=0.348, final_score=0.565
trace:         score_window: window_len=9, match_len=11, line_score=0.200, ratio_lines=0.200, final_score=0.494
trace:         score_window: window_len=14, match_len=11, line_score=0.448, ratio_lines=0.400, final_score=0.608
trace:         score_window: window_len=15, match_len=11, line_score=0.446, ratio_lines=0.385, final_score=0.597
trace:         score_window: window_len=13, match_len=11, line_score=0.360, ratio_lines=0.333, final_score=0.548
trace:         score_window: window_len=8, match_len=11, line_score=0.211, ratio_lines=0.211, final_score=0.494
trace:         score_window: window_len=16, match_len=11, line_score=0.444, ratio_lines=0.370, final_score=0.595
trace:         score_window: window_len=17, match_len=11, line_score=0.442, ratio_lines=0.357, final_score=0.567
trace:         score_window: window_len=14, match_len=11, line_score=0.359, ratio_lines=0.320, final_score=0.532
trace:         score_window: window_len=18, match_len=11, line_score=0.440, ratio_lines=0.345, final_score=0.554
trace:         score_window: window_len=15, match_len=11, line_score=0.357, ratio_lines=0.308, final_score=0.514
trace:         score_window: window_len=19, match_len=11, line_score=0.438, ratio_lines=0.333, final_score=0.553
trace:         score_window: window_len=16, match_len=11, line_score=0.355, ratio_lines=0.296, final_score=0.498
trace:         score_window: window_len=11, match_len=11, line_score=0.364, ratio_lines=0.364, final_score=0.535
trace:         score_window: window_len=10, match_len=11, line_score=0.381, ratio_lines=0.381, final_score=0.552
trace:         score_window: window_len=17, match_len=11, line_score=0.354, ratio_lines=0.286, final_score=0.485
trace:         score_window: window_len=12, match_len=11, line_score=0.362, ratio_lines=0.348, final_score=0.510
trace:         score_window: window_len=9, match_len=11, line_score=0.400, ratio_lines=0.400, final_score=0.563
trace:         score_window: window_len=18, match_len=11, line_score=0.352, ratio_lines=0.276, final_score=0.467
trace:         score_window: window_len=13, match_len=11, line_score=0.360, ratio_lines=0.333, final_score=0.505
trace:         score_window: window_len=19, match_len=11, line_score=0.350, ratio_lines=0.267, final_score=0.459
trace:         score_window: window_len=8, match_len=11, line_score=0.421, ratio_lines=0.421, final_score=0.573
trace:         score_window: window_len=14, match_len=11, line_score=0.359, ratio_lines=0.320, final_score=0.496
trace:         score_window: window_len=11, match_len=11, line_score=0.273, ratio_lines=0.273, final_score=0.569
trace:         score_window: window_len=15, match_len=11, line_score=0.357, ratio_lines=0.308, final_score=0.494
trace:         score_window: window_len=10, match_len=11, line_score=0.286, ratio_lines=0.286, final_score=0.618
trace:         score_window: window_len=16, match_len=11, line_score=0.355, ratio_lines=0.296, final_score=0.470
trace:         score_window: window_len=12, match_len=11, line_score=0.271, ratio_lines=0.261, final_score=0.551
trace:         score_window: window_len=17, match_len=11, line_score=0.354, ratio_lines=0.286, final_score=0.458
trace:         score_window: window_len=9, match_len=11, line_score=0.200, ratio_lines=0.200, final_score=0.563
trace:         score_window: window_len=18, match_len=11, line_score=0.352, ratio_lines=0.276, final_score=0.457
trace:         score_window: window_len=19, match_len=11, line_score=0.350, ratio_lines=0.267, final_score=0.442
trace:         score_window: window_len=13, match_len=11, line_score=0.270, ratio_lines=0.250, final_score=0.535
trace:         score_window: window_len=8, match_len=11, line_score=0.105, ratio_lines=0.105, final_score=0.496
trace:         score_window: window_len=11, match_len=11, line_score=0.273, ratio_lines=0.273, final_score=0.396
trace:         score_window: window_len=10, match_len=11, line_score=0.286, ratio_lines=0.286, final_score=0.417
trace:         score_window: window_len=14, match_len=11, line_score=0.269, ratio_lines=0.240, final_score=0.517
trace:         score_window: window_len=12, match_len=11, line_score=0.271, ratio_lines=0.261, final_score=0.393
trace:         score_window: window_len=9, match_len=11, line_score=0.300, ratio_lines=0.300, final_score=0.432
trace:         score_window: window_len=15, match_len=11, line_score=0.268, ratio_lines=0.231, final_score=0.501
trace:         score_window: window_len=13, match_len=11, line_score=0.270, ratio_lines=0.250, final_score=0.386
trace:         score_window: window_len=8, match_len=11, line_score=0.316, ratio_lines=0.316, final_score=0.441
trace:         score_window: window_len=14, match_len=11, line_score=0.269, ratio_lines=0.240, final_score=0.385
trace:         score_window: window_len=16, match_len=11, line_score=0.267, ratio_lines=0.222, final_score=0.488
trace:         score_window: window_len=15, match_len=11, line_score=0.268, ratio_lines=0.231, final_score=0.365
trace:         score_window: window_len=17, match_len=11, line_score=0.265, ratio_lines=0.214, final_score=0.470
trace:         score_window: window_len=16, match_len=11, line_score=0.267, ratio_lines=0.222, final_score=0.355
trace:         score_window: window_len=17, match_len=11, line_score=0.265, ratio_lines=0.214, final_score=0.354
trace:         score_window: window_len=18, match_len=11, line_score=0.264, ratio_lines=0.207, final_score=0.461
trace:         score_window: window_len=18, match_len=11, line_score=0.264, ratio_lines=0.207, final_score=0.342
trace:         score_window: window_len=11, match_len=11, line_score=0.273, ratio_lines=0.273, final_score=0.552
trace:         score_window: window_len=11, match_len=11, line_score=0.182, ratio_lines=0.182, final_score=0.182
trace:         score_window: window_len=10, match_len=11, line_score=0.190, ratio_lines=0.190, final_score=0.190
trace:         score_window: window_len=10, match_len=11, line_score=0.286, ratio_lines=0.286, final_score=0.570
trace:         score_window: window_len=12, match_len=11, line_score=0.181, ratio_lines=0.174, final_score=0.181
trace:         score_window: window_len=9, match_len=11, line_score=0.200, ratio_lines=0.200, final_score=0.200
trace:         score_window: window_len=12, match_len=11, line_score=0.271, ratio_lines=0.261, final_score=0.536
trace:         score_window: window_len=13, match_len=11, line_score=0.180, ratio_lines=0.167, final_score=0.180
trace:         score_window: window_len=14, match_len=11, line_score=0.179, ratio_lines=0.160, final_score=0.179
trace:         score_window: window_len=9, match_len=11, line_score=0.300, ratio_lines=0.300, final_score=0.619
trace:         score_window: window_len=15, match_len=11, line_score=0.179, ratio_lines=0.154, final_score=0.179
trace:         score_window: window_len=16, match_len=11, line_score=0.178, ratio_lines=0.148, final_score=0.178
trace:         score_window: window_len=13, match_len=11, line_score=0.270, ratio_lines=0.250, final_score=0.518
trace:         score_window: window_len=17, match_len=11, line_score=0.177, ratio_lines=0.143, final_score=0.177
trace:         score_window: window_len=8, match_len=11, line_score=0.211, ratio_lines=0.211, final_score=0.564
trace:         score_window: window_len=18, match_len=11, line_score=0.176, ratio_lines=0.138, final_score=0.176
trace:         score_window: window_len=14, match_len=11, line_score=0.269, ratio_lines=0.240, final_score=0.502
trace:         score_window: window_len=11, match_len=11, line_score=0.091, ratio_lines=0.091, final_score=0.223
trace:         score_window: window_len=10, match_len=11, line_score=0.095, ratio_lines=0.095, final_score=0.196
trace:         score_window: window_len=15, match_len=11, line_score=0.268, ratio_lines=0.231, final_score=0.489
trace:         score_window: window_len=12, match_len=11, line_score=0.090, ratio_lines=0.087, final_score=0.222
trace:         score_window: window_len=16, match_len=11, line_score=0.267, ratio_lines=0.222, final_score=0.470
trace:         score_window: window_len=9, match_len=11, line_score=0.100, ratio_lines=0.100, final_score=0.238
trace:         score_window: window_len=13, match_len=11, line_score=0.090, ratio_lines=0.083, final_score=0.268
trace:         score_window: window_len=17, match_len=11, line_score=0.265, ratio_lines=0.214, final_score=0.462
trace:         score_window: window_len=11, match_len=11, line_score=0.273, ratio_lines=0.273, final_score=0.603
trace:         score_window: window_len=14, match_len=11, line_score=0.090, ratio_lines=0.080, final_score=0.260
trace:         score_window: window_len=10, match_len=11, line_score=0.286, ratio_lines=0.286, final_score=0.624
trace:         score_window: window_len=15, match_len=11, line_score=0.089, ratio_lines=0.077, final_score=0.260
trace:         score_window: window_len=12, match_len=11, line_score=0.271, ratio_lines=0.261, final_score=0.580
trace:         score_window: window_len=16, match_len=11, line_score=0.089, ratio_lines=0.074, final_score=0.249
trace:         score_window: window_len=9, match_len=11, line_score=0.300, ratio_lines=0.300, final_score=0.648
trace:         score_window: window_len=13, match_len=11, line_score=0.270, ratio_lines=0.250, final_score=0.559
trace:         score_window: window_len=17, match_len=11, line_score=0.088, ratio_lines=0.071, final_score=0.369
trace:         score_window: window_len=8, match_len=11, line_score=0.316, ratio_lines=0.316, final_score=0.714
trace:         score_window: window_len=11, match_len=11, line_score=0.091, ratio_lines=0.091, final_score=0.224
trace:         score_window: window_len=14, match_len=11, line_score=0.269, ratio_lines=0.240, final_score=0.543
trace:         score_window: window_len=10, match_len=11, line_score=0.000, ratio_lines=0.000, final_score=0.215
trace:         score_window: window_len=15, match_len=11, line_score=0.268, ratio_lines=0.231, final_score=0.519
trace:         score_window: window_len=12, match_len=11, line_score=0.090, ratio_lines=0.087, final_score=0.271
trace:         score_window: window_len=16, match_len=11, line_score=0.267, ratio_lines=0.222, final_score=0.509
trace:         score_window: window_len=9, match_len=11, line_score=0.000, ratio_lines=0.000, final_score=0.186
trace:         score_window: window_len=17, match_len=11, line_score=0.265, ratio_lines=0.214, final_score=0.505
trace:         score_window: window_len=13, match_len=11, line_score=0.090, ratio_lines=0.083, final_score=0.263
trace:         score_window: window_len=18, match_len=11, line_score=0.264, ratio_lines=0.207, final_score=0.496
trace:         score_window: window_len=14, match_len=11, line_score=0.090, ratio_lines=0.080, final_score=0.263
trace:         score_window: window_len=19, match_len=11, line_score=0.263, ratio_lines=0.200, final_score=0.496
trace:         score_window: window_len=15, match_len=11, line_score=0.089, ratio_lines=0.077, final_score=0.252
trace:         score_window: window_len=20, match_len=11, line_score=0.262, ratio_lines=0.194, final_score=0.472
trace:         score_window: window_len=16, match_len=11, line_score=0.089, ratio_lines=0.074, final_score=0.375
trace:         score_window: window_len=21, match_len=11, line_score=0.260, ratio_lines=0.188, final_score=0.461
trace:         score_window: window_len=22, match_len=11, line_score=0.259, ratio_lines=0.182, final_score=0.461
trace:         score_window: window_len=17, match_len=11, line_score=0.088, ratio_lines=0.071, final_score=0.374
trace:         score_window: window_len=11, match_len=11, line_score=0.182, ratio_lines=0.182, final_score=0.573
trace:         score_window: window_len=11, match_len=11, line_score=0.091, ratio_lines=0.091, final_score=0.135
trace:         score_window: window_len=10, match_len=11, line_score=0.190, ratio_lines=0.190, final_score=0.595
trace:         score_window: window_len=12, match_len=11, line_score=0.090, ratio_lines=0.087, final_score=0.156
trace:         score_window: window_len=12, match_len=11, line_score=0.181, ratio_lines=0.174, final_score=0.552
trace:         score_window: window_len=13, match_len=11, line_score=0.090, ratio_lines=0.083, final_score=0.156
trace:         score_window: window_len=9, match_len=11, line_score=0.200, ratio_lines=0.200, final_score=0.615
trace:         score_window: window_len=14, match_len=11, line_score=0.090, ratio_lines=0.080, final_score=0.171
trace:         score_window: window_len=13, match_len=11, line_score=0.180, ratio_lines=0.167, final_score=0.535
trace:         score_window: window_len=15, match_len=11, line_score=0.089, ratio_lines=0.077, final_score=0.312
trace:         score_window: window_len=8, match_len=11, line_score=0.211, ratio_lines=0.211, final_score=0.639
trace:         score_window: window_len=14, match_len=11, line_score=0.179, ratio_lines=0.160, final_score=0.512
trace:         score_window: window_len=16, match_len=11, line_score=0.089, ratio_lines=0.074, final_score=0.320
trace:         score_window: window_len=11, match_len=11, line_score=0.091, ratio_lines=0.091, final_score=0.163
trace:         score_window: window_len=15, match_len=11, line_score=0.179, ratio_lines=0.154, final_score=0.502
trace:         score_window: window_len=12, match_len=11, line_score=0.090, ratio_lines=0.087, final_score=0.163
trace:         score_window: window_len=16, match_len=11, line_score=0.178, ratio_lines=0.148, final_score=0.499
trace:         score_window: window_len=13, match_len=11, line_score=0.090, ratio_lines=0.083, final_score=0.177
trace:         score_window: window_len=17, match_len=11, line_score=0.177, ratio_lines=0.143, final_score=0.490
trace:         score_window: window_len=14, match_len=11, line_score=0.090, ratio_lines=0.080, final_score=0.323
trace:         score_window: window_len=18, match_len=11, line_score=0.176, ratio_lines=0.138, final_score=0.489
trace:         score_window: window_len=15, match_len=11, line_score=0.089, ratio_lines=0.077, final_score=0.329
trace:         score_window: window_len=19, match_len=11, line_score=0.175, ratio_lines=0.133, final_score=0.466
trace:         score_window: window_len=12, match_len=11, line_score=0.090, ratio_lines=0.087, final_score=0.184
trace:         score_window: window_len=20, match_len=11, line_score=0.174, ratio_lines=0.129, final_score=0.455
trace:         score_window: window_len=13, match_len=11, line_score=0.090, ratio_lines=0.083, final_score=0.333
trace:         score_window: window_len=21, match_len=11, line_score=0.174, ratio_lines=0.125, final_score=0.455
trace:         score_window: window_len=14, match_len=11, line_score=0.090, ratio_lines=0.080, final_score=0.339
trace:         score_window: window_len=11, match_len=11, line_score=0.182, ratio_lines=0.182, final_score=0.554
trace:         score_window: window_len=10, match_len=11, line_score=0.190, ratio_lines=0.190, final_score=0.574
trace:         score_window: window_len=15, match_len=11, line_score=0.089, ratio_lines=0.077, final_score=0.309
trace:         score_window: window_len=12, match_len=11, line_score=0.181, ratio_lines=0.174, final_score=0.537
trace:         score_window: window_len=9, match_len=11, line_score=0.200, ratio_lines=0.200, final_score=0.597
trace:         score_window: window_len=19, match_len=11, line_score=0.263, ratio_lines=0.200, final_score=0.319
trace:         score_window: window_len=13, match_len=11, line_score=0.180, ratio_lines=0.167, final_score=0.514
trace:         score_window: window_len=12, match_len=11, line_score=0.090, ratio_lines=0.087, final_score=0.347
trace:         score_window: window_len=8, match_len=11, line_score=0.211, ratio_lines=0.211, final_score=0.618
trace:         score_window: window_len=13, match_len=11, line_score=0.090, ratio_lines=0.083, final_score=0.350
trace:         score_window: window_len=14, match_len=11, line_score=0.179, ratio_lines=0.160, final_score=0.504
trace:         score_window: window_len=15, match_len=11, line_score=0.179, ratio_lines=0.154, final_score=0.500
trace:         score_window: window_len=14, match_len=11, line_score=0.090, ratio_lines=0.080, final_score=0.319
trace:         score_window: window_len=16, match_len=11, line_score=0.178, ratio_lines=0.148, final_score=0.491
trace:         score_window: window_len=17, match_len=11, line_score=0.177, ratio_lines=0.143, final_score=0.491
trace:         score_window: window_len=15, match_len=11, line_score=0.089, ratio_lines=0.077, final_score=0.319
trace:         score_window: window_len=18, match_len=11, line_score=0.176, ratio_lines=0.138, final_score=0.467
trace:         score_window: window_len=16, match_len=11, line_score=0.089, ratio_lines=0.074, final_score=0.316
trace:         score_window: window_len=19, match_len=11, line_score=0.175, ratio_lines=0.133, final_score=0.456
trace:         score_window: window_len=17, match_len=11, line_score=0.177, ratio_lines=0.143, final_score=0.322
trace:         score_window: window_len=20, match_len=11, line_score=0.174, ratio_lines=0.129, final_score=0.456
trace:         score_window: window_len=11, match_len=11, line_score=0.182, ratio_lines=0.182, final_score=0.415
trace:         score_window: window_len=18, match_len=11, line_score=0.264, ratio_lines=0.207, final_score=0.329
trace:         score_window: window_len=10, match_len=11, line_score=0.190, ratio_lines=0.190, final_score=0.430
trace:         score_window: window_len=12, match_len=11, line_score=0.181, ratio_lines=0.174, final_score=0.396
trace:         score_window: window_len=11, match_len=11, line_score=0.091, ratio_lines=0.091, final_score=0.131
trace:         score_window: window_len=9, match_len=11, line_score=0.200, ratio_lines=0.200, final_score=0.448
trace:         score_window: window_len=12, match_len=11, line_score=0.090, ratio_lines=0.087, final_score=0.152
trace:         score_window: window_len=13, match_len=11, line_score=0.180, ratio_lines=0.167, final_score=0.387
trace:         score_window: window_len=13, match_len=11, line_score=0.090, ratio_lines=0.083, final_score=0.152
trace:         score_window: window_len=8, match_len=11, line_score=0.211, ratio_lines=0.211, final_score=0.467
trace:         score_window: window_len=14, match_len=11, line_score=0.090, ratio_lines=0.080, final_score=0.166
trace:         score_window: window_len=14, match_len=11, line_score=0.179, ratio_lines=0.160, final_score=0.385
trace:         score_window: window_len=15, match_len=11, line_score=0.179, ratio_lines=0.154, final_score=0.378
trace:         score_window: window_len=15, match_len=11, line_score=0.089, ratio_lines=0.077, final_score=0.305
trace:         score_window: window_len=16, match_len=11, line_score=0.178, ratio_lines=0.148, final_score=0.377
trace:         score_window: window_len=16, match_len=11, line_score=0.089, ratio_lines=0.074, final_score=0.320
trace:         score_window: window_len=17, match_len=11, line_score=0.177, ratio_lines=0.143, final_score=0.358
trace:         score_window: window_len=18, match_len=11, line_score=0.176, ratio_lines=0.138, final_score=0.349
trace:         score_window: window_len=17, match_len=11, line_score=0.088, ratio_lines=0.071, final_score=0.321
trace:         score_window: window_len=19, match_len=11, line_score=0.175, ratio_lines=0.133, final_score=0.349
trace:         score_window: window_len=11, match_len=11, line_score=0.091, ratio_lines=0.091, final_score=0.158
trace:         score_window: window_len=10, match_len=11, line_score=0.095, ratio_lines=0.095, final_score=0.136
trace:         score_window: window_len=20, match_len=11, line_score=0.174, ratio_lines=0.129, final_score=0.337
trace:         score_window: window_len=12, match_len=11, line_score=0.090, ratio_lines=0.087, final_score=0.158
trace:         score_window: window_len=11, match_len=11, line_score=0.182, ratio_lines=0.182, final_score=0.260
trace:         score_window: window_len=10, match_len=11, line_score=0.190, ratio_lines=0.190, final_score=0.271
trace:         score_window: window_len=13, match_len=11, line_score=0.090, ratio_lines=0.083, final_score=0.173
trace:         score_window: window_len=12, match_len=11, line_score=0.181, ratio_lines=0.174, final_score=0.250
trace:         score_window: window_len=9, match_len=11, line_score=0.200, ratio_lines=0.200, final_score=0.283
trace:         score_window: window_len=14, match_len=11, line_score=0.090, ratio_lines=0.080, final_score=0.315
trace:         score_window: window_len=13, match_len=11, line_score=0.180, ratio_lines=0.167, final_score=0.243
trace:         score_window: window_len=8, match_len=11, line_score=0.211, ratio_lines=0.211, final_score=0.296
trace:         score_window: window_len=15, match_len=11, line_score=0.089, ratio_lines=0.077, final_score=0.330
trace:         score_window: window_len=14, match_len=11, line_score=0.179, ratio_lines=0.160, final_score=0.239
trace:         score_window: window_len=15, match_len=11, line_score=0.179, ratio_lines=0.154, final_score=0.238
trace:         score_window: window_len=16, match_len=11, line_score=0.089, ratio_lines=0.074, final_score=0.330
trace:         score_window: window_len=16, match_len=11, line_score=0.178, ratio_lines=0.148, final_score=0.226
trace:         score_window: window_len=11, match_len=11, line_score=0.091, ratio_lines=0.091, final_score=0.164
trace:         score_window: window_len=17, match_len=11, line_score=0.177, ratio_lines=0.143, final_score=0.220
trace:         score_window: window_len=10, match_len=11, line_score=0.095, ratio_lines=0.095, final_score=0.165
trace:         score_window: window_len=18, match_len=11, line_score=0.176, ratio_lines=0.138, final_score=0.220
trace:         score_window: window_len=12, match_len=11, line_score=0.090, ratio_lines=0.087, final_score=0.179
trace:         score_window: window_len=19, match_len=11, line_score=0.175, ratio_lines=0.133, final_score=0.212
trace:         score_window: window_len=13, match_len=11, line_score=0.090, ratio_lines=0.083, final_score=0.325
trace:         score_window: window_len=20, match_len=11, line_score=0.174, ratio_lines=0.129, final_score=0.190
trace:         score_window: window_len=11, match_len=11, line_score=0.182, ratio_lines=0.182, final_score=0.182
trace:         score_window: window_len=10, match_len=11, line_score=0.190, ratio_lines=0.190, final_score=0.190
trace:         score_window: window_len=12, match_len=11, line_score=0.181, ratio_lines=0.174, final_score=0.181
trace:         score_window: window_len=14, match_len=11, line_score=0.090, ratio_lines=0.080, final_score=0.339
trace:         score_window: window_len=9, match_len=11, line_score=0.200, ratio_lines=0.200, final_score=0.200
trace:         score_window: window_len=13, match_len=11, line_score=0.180, ratio_lines=0.167, final_score=0.180
trace:         score_window: window_len=8, match_len=11, line_score=0.211, ratio_lines=0.211, final_score=0.211
trace:         score_window: window_len=14, match_len=11, line_score=0.179, ratio_lines=0.160, final_score=0.179
trace:         score_window: window_len=15, match_len=11, line_score=0.179, ratio_lines=0.154, final_score=0.179
trace:         score_window: window_len=16, match_len=11, line_score=0.178, ratio_lines=0.148, final_score=0.178
trace:         score_window: window_len=17, match_len=11, line_score=0.177, ratio_lines=0.143, final_score=0.177
trace:         score_window: window_len=15, match_len=11, line_score=0.089, ratio_lines=0.077, final_score=0.339
trace:         score_window: window_len=18, match_len=11, line_score=0.176, ratio_lines=0.138, final_score=0.176
trace:         score_window: window_len=11, match_len=11, line_score=0.091, ratio_lines=0.091, final_score=0.188
trace:         score_window: window_len=19, match_len=11, line_score=0.175, ratio_lines=0.133, final_score=0.175
trace:         score_window: window_len=11, match_len=11, line_score=0.182, ratio_lines=0.182, final_score=0.182
trace:         score_window: window_len=12, match_len=11, line_score=0.090, ratio_lines=0.087, final_score=0.338
trace:         score_window: window_len=10, match_len=11, line_score=0.190, ratio_lines=0.190, final_score=0.190
trace:         score_window: window_len=12, match_len=11, line_score=0.181, ratio_lines=0.174, final_score=0.181
trace:         score_window: window_len=9, match_len=11, line_score=0.200, ratio_lines=0.200, final_score=0.200
trace:         score_window: window_len=13, match_len=11, line_score=0.090, ratio_lines=0.083, final_score=0.351
trace:         score_window: window_len=13, match_len=11, line_score=0.180, ratio_lines=0.167, final_score=0.180
trace:         score_window: window_len=8, match_len=11, line_score=0.211, ratio_lines=0.211, final_score=0.211
trace:         score_window: window_len=14, match_len=11, line_score=0.090, ratio_lines=0.080, final_score=0.351
trace:         score_window: window_len=14, match_len=11, line_score=0.179, ratio_lines=0.160, final_score=0.179
trace:         score_window: window_len=15, match_len=11, line_score=0.179, ratio_lines=0.154, final_score=0.179
trace:         score_window: window_len=11, match_len=11, line_score=0.091, ratio_lines=0.091, final_score=0.352
trace:         score_window: window_len=16, match_len=11, line_score=0.178, ratio_lines=0.148, final_score=0.178
trace:         score_window: window_len=12, match_len=11, line_score=0.090, ratio_lines=0.087, final_score=0.364
trace:         score_window: window_len=17, match_len=11, line_score=0.177, ratio_lines=0.143, final_score=0.177
trace:         score_window: window_len=18, match_len=11, line_score=0.176, ratio_lines=0.138, final_score=0.176
trace:         score_window: window_len=13, match_len=11, line_score=0.090, ratio_lines=0.083, final_score=0.363
trace:         score_window: window_len=11, match_len=11, line_score=0.091, ratio_lines=0.091, final_score=0.199
trace:         score_window: window_len=11, match_len=11, line_score=0.091, ratio_lines=0.091, final_score=0.375
trace:         score_window: window_len=10, match_len=11, line_score=0.095, ratio_lines=0.095, final_score=0.172
trace:         score_window: window_len=12, match_len=11, line_score=0.090, ratio_lines=0.087, final_score=0.198
trace:         score_window: window_len=10, match_len=11, line_score=0.095, ratio_lines=0.095, final_score=0.365
trace:         score_window: window_len=9, match_len=11, line_score=0.100, ratio_lines=0.100, final_score=0.235
trace:         score_window: window_len=13, match_len=11, line_score=0.090, ratio_lines=0.083, final_score=0.245
trace:         score_window: window_len=12, match_len=11, line_score=0.090, ratio_lines=0.087, final_score=0.374
trace:         score_window: window_len=8, match_len=11, line_score=0.105, ratio_lines=0.105, final_score=0.237
trace:         score_window: window_len=11, match_len=11, line_score=0.091, ratio_lines=0.091, final_score=0.392
trace:         score_window: window_len=14, match_len=11, line_score=0.090, ratio_lines=0.080, final_score=0.237
trace:         score_window: window_len=10, match_len=11, line_score=0.095, ratio_lines=0.095, final_score=0.394
trace:         score_window: window_len=15, match_len=11, line_score=0.089, ratio_lines=0.077, final_score=0.237
trace:         score_window: window_len=9, match_len=11, line_score=0.100, ratio_lines=0.100, final_score=0.386
trace:         score_window: window_len=16, match_len=11, line_score=0.089, ratio_lines=0.074, final_score=0.228
trace:         score_window: window_len=10, match_len=11, line_score=0.095, ratio_lines=0.095, final_score=0.401
trace:         score_window: window_len=9, match_len=11, line_score=0.100, ratio_lines=0.100, final_score=0.403
trace:         score_window: window_len=17, match_len=11, line_score=0.088, ratio_lines=0.071, final_score=0.347
trace:         score_window: window_len=8, match_len=11, line_score=0.105, ratio_lines=0.105, final_score=0.397
trace:         score_window: window_len=11, match_len=11, line_score=0.091, ratio_lines=0.091, final_score=0.199
trace:         score_window: window_len=9, match_len=11, line_score=0.100, ratio_lines=0.100, final_score=0.387
trace:         score_window: window_len=10, match_len=11, line_score=0.000, ratio_lines=0.000, final_score=0.190
trace:         score_window: window_len=8, match_len=11, line_score=0.105, ratio_lines=0.105, final_score=0.389
trace:         score_window: window_len=12, match_len=11, line_score=0.090, ratio_lines=0.087, final_score=0.247
trace:         score_window: window_len=8, match_len=11, line_score=0.105, ratio_lines=0.105, final_score=0.416
trace:         score_window: window_len=9, match_len=11, line_score=0.000, ratio_lines=0.000, final_score=0.162
trace:         score_window: window_len=13, match_len=11, line_score=0.090, ratio_lines=0.083, final_score=0.240
trace:         score_window: window_len=8, match_len=11, line_score=0.000, ratio_lines=0.000, final_score=0.227
trace:         score_window: window_len=14, match_len=11, line_score=0.090, ratio_lines=0.080, final_score=0.239
trace:         score_window: window_len=15, match_len=11, line_score=0.089, ratio_lines=0.077, final_score=0.229
trace:         score_window: window_len=16, match_len=11, line_score=0.089, ratio_lines=0.074, final_score=0.353
trace:         score_window: window_len=17, match_len=11, line_score=0.088, ratio_lines=0.071, final_score=0.362
debug:       compute_scored_windows (parallel) complete: scored 1711 window(s). Best candidate score=0.900 at line 3136 (len=9).
trace:       Top fuzzy match candidates:
trace:         - Index 3135, Len 9: Score 0.900 (Ratio 0.900) | Content: ["                return", "            fi", "", "            # conftest #2: check if get_user_pages_remote() has write and", "            # force arguments. Return if these arguments are present", "            # Fall through to conftest #3 if these args are absent.", "            echo \"#define NV_GET_USER_PAGES_REMOTE_PRESENT\" | append_conftest \"functions\"", "            echo \"$CONFTEST_PREAMBLE", "            #include <linux/mm.h>"]
trace:         - Index 3134, Len 10: Score 0.857 (Ratio 0.857) | Content: ["                rm -f conftest$$.o", "                return", "            fi", "", "            # conftest #2: check if get_user_pages_remote() has write and", "            # force arguments. Return if these arguments are present", "            # Fall through to conftest #3 if these args are absent.", "            echo \"#define NV_GET_USER_PAGES_REMOTE_PRESENT\" | append_conftest \"functions\"", "            echo \"$CONFTEST_PREAMBLE", "            #include <linux/mm.h>"]
trace:         - Index 3135, Len 10: Score 0.857 (Ratio 0.857) | Content: ["                return", "            fi", "", "            # conftest #2: check if get_user_pages_remote() has write and", "            # force arguments. Return if these arguments are present", "            # Fall through to conftest #3 if these args are absent.", "            echo \"#define NV_GET_USER_PAGES_REMOTE_PRESENT\" | append_conftest \"functions\"", "            echo \"$CONFTEST_PREAMBLE", "            #include <linux/mm.h>", "            long get_user_pages_remote(struct task_struct *tsk,"]
trace:         - Index 3135, Len 8: Score 0.842 (Ratio 0.842) | Content: ["                return", "            fi", "", "            # conftest #2: check if get_user_pages_remote() has write and", "            # force arguments. Return if these arguments are present", "            # Fall through to conftest #3 if these args are absent.", "            echo \"#define NV_GET_USER_PAGES_REMOTE_PRESENT\" | append_conftest \"functions\"", "            echo \"$CONFTEST_PREAMBLE"]
trace:         - Index 3136, Len 8: Score 0.842 (Ratio 0.842) | Content: ["            fi", "", "            # conftest #2: check if get_user_pages_remote() has write and", "            # force arguments. Return if these arguments are present", "            # Fall through to conftest #3 if these args are absent.", "            echo \"#define NV_GET_USER_PAGES_REMOTE_PRESENT\" | append_conftest \"functions\"", "            echo \"$CONFTEST_PREAMBLE", "            #include <linux/mm.h>"]
trace:         New best score: 0.449 (ratio 0.449 [l:0.182,w:0.495]) at index 3113 (window len 11)
trace:         New best score: 0.468 (ratio 0.468 [l:0.190,w:0.500]) at index 3113 (window len 10)
trace:         New best score: 0.504 (ratio 0.504 [l:0.200,w:0.517]) at index 3113 (window len 9)
trace:         New best score: 0.688 (ratio 0.688 [l:0.276,w:0.000]) at index 3113 (window len 18)
trace:         New best score: 0.744 (ratio 0.744 [l:0.429,w:0.744]) at index 3113 (window len 31)
trace:         New best score: 0.748 (ratio 0.748 [l:0.439,w:0.748]) at index 3114 (window len 30)
trace:         New best score: 0.751 (ratio 0.751 [l:0.450,w:0.751]) at index 3115 (window len 29)
trace:         New best score: 0.755 (ratio 0.755 [l:0.462,w:0.755]) at index 3116 (window len 28)
trace:         New best score: 0.759 (ratio 0.759 [l:0.474,w:0.759]) at index 3117 (window len 27)
trace:         New best score: 0.762 (ratio 0.762 [l:0.486,w:0.762]) at index 3118 (window len 26)
trace:         New best score: 0.766 (ratio 0.766 [l:0.500,w:0.766]) at index 3119 (window len 25)
trace:         New best score: 0.770 (ratio 0.770 [l:0.514,w:0.770]) at index 3120 (window len 24)
trace:         New best score: 0.774 (ratio 0.774 [l:0.529,w:0.774]) at index 3121 (window len 23)
trace:         New best score: 0.777 (ratio 0.777 [l:0.545,w:0.777]) at index 3122 (window len 22)
trace:         New best score: 0.781 (ratio 0.781 [l:0.562,w:0.781]) at index 3123 (window len 21)
trace:         New best score: 0.785 (ratio 0.785 [l:0.581,w:0.785]) at index 3124 (window len 20)
trace:         New best score: 0.788 (ratio 0.788 [l:0.600,w:0.788]) at index 3125 (window len 19)
trace:         New best score: 0.792 (ratio 0.792 [l:0.621,w:0.792]) at index 3126 (window len 18)
trace:         New best score: 0.796 (ratio 0.796 [l:0.643,w:0.796]) at index 3127 (window len 17)
trace:         New best score: 0.800 (ratio 0.800 [l:0.667,w:0.800]) at index 3128 (window len 16)
trace:         New best score: 0.803 (ratio 0.803 [l:0.692,w:0.803]) at index 3129 (window len 15)
trace:         New best score: 0.807 (ratio 0.807 [l:0.720,w:0.807]) at index 3130 (window len 14)
trace:         New best score: 0.811 (ratio 0.811 [l:0.750,w:0.811]) at index 3131 (window len 13)
trace:         New best score: 0.814 (ratio 0.814 [l:0.783,w:0.814]) at index 3132 (window len 12)
trace:         New best score: 0.818 (ratio 0.818 [l:0.818,w:0.818]) at index 3133 (window len 11)
trace:         Tie in score (0.818) and ratio (0.818). Adding candidate: index 3134, len 11
trace:         New best score: 0.857 (ratio 0.857 [l:0.857,w:0.857]) at index 3134 (window len 10)
trace:         Tie in score (0.857) and ratio (0.857). Adding candidate: index 3135, len 10
trace:         New best score: 0.900 (ratio 0.900 [l:0.900,w:0.900]) at index 3135 (window len 9)
debug:     Strategy 3 (Fuzzy): 439 window(s) met threshold 0.70
trace:       Top 3 passing candidates: [("0.900", 3136, 9), ("0.857", 3135, 10), ("0.857", 3136, 10)]
debug:     Top fuzzy candidate: start line 3136 (len=9, score=0.900)
trace:       Adding candidate location at line 3135 (len=10, score=0.857)
trace:       Adding candidate location at line 3136 (len=10, score=0.857)
trace:       Adding candidate location at line 3136 (len=8, score=0.842)
trace:       Adding candidate location at line 3137 (len=8, score=0.842)
trace:       Adding candidate location at line 3134 (len=11, score=0.818)
trace:       Adding candidate location at line 3135 (len=11, score=0.818)
trace:       Adding candidate location at line 3136 (len=11, score=0.818)
trace:       Adding candidate location at line 3139 (len=8, score=0.818)
trace:       Adding candidate location at line 3133 (len=12, score=0.814)
trace:       Adding candidate location at line 3134 (len=12, score=0.814)
trace:       Adding candidate location at line 3135 (len=12, score=0.814)
trace:       Adding candidate location at line 3136 (len=12, score=0.814)
trace:       Adding candidate location at line 3138 (len=10, score=0.812)
trace:       Adding candidate location at line 3132 (len=13, score=0.811)
trace:       Adding candidate location at line 3133 (len=13, score=0.811)
trace:       Adding candidate location at line 3134 (len=13, score=0.811)
trace:       Adding candidate location at line 3135 (len=13, score=0.811)
trace:       Adding candidate location at line 3131 (len=14, score=0.807)
trace:       Adding candidate location at line 3132 (len=14, score=0.807)
trace:       Reached maximum candidate limit (20), stopping candidate collection
debug:     Strategy 3 (Fuzzy): selected 20 candidate location(s)
trace:   Pruned candidates by min_span 8: 20 -> 20 candidate(s)
trace: DefaultHunkFinder::find_candidate_locations: returning 20 candidate(s)
debug:   Found 20 candidate location(s) for hunk. Testing sequentially...
trace:   Evaluating candidate 1/20 at location HunkLocation { start_index: 3135, length: 9 } (match_type: Fuzzy { score: 0.8999999761581421 })
debug:   Found location HunkLocation { start_index: 3135, length: 9 } with match type Fuzzy { score: 0.8999999761581421 }. Applying changes.
debug:   try_apply_hunk_at_location: target line 3136 (length 9), match_type=Fuzzy { score: 0.8999999761581421 }, total target lines=5168.
trace: Hunk::get_match_block: extracted 11 match line(s)
trace:     Match block lines: 11 | Total hunk lines: 13
trace:     Target slice to replace: ["                return", "            fi", "", "            # conftest #2: check if get_user_pages_remote() has write and", "            # force arguments. Return if these arguments are present", "            # Fall through to conftest #3 if these args are absent.", "            echo \"#define NV_GET_USER_PAGES_REMOTE_PRESENT\" | append_conftest \"functions\"", "            echo \"$CONFTEST_PREAMBLE", "            #include <linux/mm.h>"]
trace:     Ellipsis flags: has_ellipsis=false, is_literal_match=false, is_wildcard_gap_match=false
debug:     Applying hunk via robust reconstruction logic (preserving file context & adjusting indent).
trace:       Fuzzy match location: start=3135, len=9
trace:       File content in matched range (9 line(s)): ["                return", "            fi", "", "            # conftest #2: check if get_user_pages_remote() has write and", "            # force arguments. Return if these arguments are present", "            # Fall through to conftest #3 if these args are absent.", "            echo \"#define NV_GET_USER_PAGES_REMOTE_PRESENT\" | append_conftest \"functions\"", "            echo \"$CONFTEST_PREAMBLE", "            #include <linux/mm.h>"]
trace:       Parsed hunk: 11 match line(s), 0 initial addition(s).
trace: Hunk::get_match_block: extracted 11 match line(s)
trace:       Computed diff between match block and file slice: 2 operation(s), similarity ratio=0.900
trace:       Initial Indentation Context: Hunk='                ', Target='                '
trace:       Active baseline indentation: hunk='                ', target='                '
trace:       DiffOp::Equal: 9 line(s) aligned (hunk old_idx=0, file new_idx=0)
trace:         Equal: preserving target line: '                return'
trace:       Dynamic Indentation Update (Equal): Hunk='            ', Target='            '
trace:         Equal: preserving target line: '            fi'
trace:         Equal: preserving target line: ''
trace:         Appended 1 addition(s) after line 2
trace:         Equal: applying addition: '            #'
trace:         Equal: preserving target line: '            # conftest #2: check if get_user_pages_remote() has write and'
trace:         Equal: preserving target line: '            # force arguments. Return if these arguments are present'
trace:         Equal: preserving target line: '            # Fall through to conftest #3 if these args are absent.'
trace:         Appended 1 addition(s) after line 5
trace:         Equal: applying addition: '            #'
trace:         Equal: preserving target line: '            echo \"#define NV_GET_USER_PAGES_REMOTE_PRESENT\" | append_conftest \"functions\"'
trace:         Equal: preserving target line: '            echo \"$CONFTEST_PREAMBLE'
trace:         Equal: preserving target line: '            #include <linux/mm.h>'
trace:       DiffOp::Delete: 2 line(s) missing from target file (hunk old_idx=9)
warning:     Fuzzy match rejected: Tail context line(s) missing from target file.
debug:   Candidate 1/20 at HunkLocation { start_index: 3135, length: 9 } failed with ContextNotFound. Backtracking...
trace:   Evaluating candidate 2/20 at location HunkLocation { start_index: 3134, length: 10 } (match_type: Fuzzy { score: 0.8571428656578064 })
debug:   Found location HunkLocation { start_index: 3134, length: 10 } with match type Fuzzy { score: 0.8571428656578064 }. Applying changes.
debug:   try_apply_hunk_at_location: target line 3135 (length 10), match_type=Fuzzy { score: 0.8571428656578064 }, total target lines=5168.
trace: Hunk::get_match_block: extracted 11 match line(s)
trace:     Match block lines: 11 | Total hunk lines: 13
trace:     Target slice to replace: ["                rm -f conftest$$.o", "                return", "            fi", "", "            # conftest #2: check if get_user_pages_remote() has write and", "            # force arguments. Return if these arguments are present", "            # Fall through to conftest #3 if these args are absent.", "            echo \"#define NV_GET_USER_PAGES_REMOTE_PRESENT\" | append_conftest \"functions\"", "            echo \"$CONFTEST_PREAMBLE", "            #include <linux/mm.h>"]
trace:     Ellipsis flags: has_ellipsis=false, is_literal_match=false, is_wildcard_gap_match=false
debug:     Applying hunk via robust reconstruction logic (preserving file context & adjusting indent).
trace:       Fuzzy match location: start=3134, len=10
trace:       File content in matched range (10 line(s)): ["                rm -f conftest$$.o", "                return", "            fi", "", "            # conftest #2: check if get_user_pages_remote() has write and", "            # force arguments. Return if these arguments are present", "            # Fall through to conftest #3 if these args are absent.", "            echo \"#define NV_GET_USER_PAGES_REMOTE_PRESENT\" | append_conftest \"functions\"", "            echo \"$CONFTEST_PREAMBLE", "            #include <linux/mm.h>"]
trace:       Parsed hunk: 11 match line(s), 0 initial addition(s).
trace: Hunk::get_match_block: extracted 11 match line(s)
trace:       Computed diff between match block and file slice: 3 operation(s), similarity ratio=0.857
trace:       Initial Indentation Context: Hunk='                ', Target='                '
trace:       Active baseline indentation: hunk='                ', target='                '
trace:       DiffOp::Insert: preserving 1 local insertion line(s) from target file (new_idx=0)
trace:         Preserving inserted line: '                rm -f conftest$$.o'
trace:       DiffOp::Equal: 9 line(s) aligned (hunk old_idx=0, file new_idx=1)
trace:         Equal: preserving target line: '                return'
trace:       Dynamic Indentation Update (Equal): Hunk='            ', Target='            '
trace:         Equal: preserving target line: '            fi'
trace:         Equal: preserving target line: ''
trace:         Appended 1 addition(s) after line 2
trace:         Equal: applying addition: '            #'
trace:         Equal: preserving target line: '            # conftest #2: check if get_user_pages_remote() has write and'
trace:         Equal: preserving target line: '            # force arguments. Return if these arguments are present'
trace:         Equal: preserving target line: '            # Fall through to conftest #3 if these args are absent.'
trace:         Appended 1 addition(s) after line 5
trace:         Equal: applying addition: '            #'
trace:         Equal: preserving target line: '            echo \"#define NV_GET_USER_PAGES_REMOTE_PRESENT\" | append_conftest \"functions\"'
trace:         Equal: preserving target line: '            echo \"$CONFTEST_PREAMBLE'
trace:         Equal: preserving target line: '            #include <linux/mm.h>'
trace:       DiffOp::Delete: 2 line(s) missing from target file (hunk old_idx=9)
warning:     Fuzzy match rejected: Tail context line(s) missing from target file.
debug:   Candidate 2/20 at HunkLocation { start_index: 3134, length: 10 } failed with ContextNotFound. Backtracking...
trace:   Evaluating candidate 3/20 at location HunkLocation { start_index: 3135, length: 10 } (match_type: Fuzzy { score: 0.8571428656578064 })
debug:   Found location HunkLocation { start_index: 3135, length: 10 } with match type Fuzzy { score: 0.8571428656578064 }. Applying changes.
debug:   try_apply_hunk_at_location: target line 3136 (length 10), match_type=Fuzzy { score: 0.8571428656578064 }, total target lines=5168.
trace: Hunk::get_match_block: extracted 11 match line(s)
trace:     Match block lines: 11 | Total hunk lines: 13
trace:     Target slice to replace: ["                return", "            fi", "", "            # conftest #2: check if get_user_pages_remote() has write and", "            # force arguments. Return if these arguments are present", "            # Fall through to conftest #3 if these args are absent.", "            echo \"#define NV_GET_USER_PAGES_REMOTE_PRESENT\" | append_conftest \"functions\"", "            echo \"$CONFTEST_PREAMBLE", "            #include <linux/mm.h>", "            long get_user_pages_remote(struct task_struct *tsk,"]
trace:     Ellipsis flags: has_ellipsis=false, is_literal_match=false, is_wildcard_gap_match=false
debug:     Applying hunk via robust reconstruction logic (preserving file context & adjusting indent).
trace:       Fuzzy match location: start=3135, len=10
trace:       File content in matched range (10 line(s)): ["                return", "            fi", "", "            # conftest #2: check if get_user_pages_remote() has write and", "            # force arguments. Return if these arguments are present", "            # Fall through to conftest #3 if these args are absent.", "            echo \"#define NV_GET_USER_PAGES_REMOTE_PRESENT\" | append_conftest \"functions\"", "            echo \"$CONFTEST_PREAMBLE", "            #include <linux/mm.h>", "            long get_user_pages_remote(struct task_struct *tsk,"]
trace:       Parsed hunk: 11 match line(s), 0 initial addition(s).
trace: Hunk::get_match_block: extracted 11 match line(s)
trace:       Computed diff between match block and file slice: 2 operation(s), similarity ratio=0.857
trace:       Initial Indentation Context: Hunk='                ', Target='                '
trace:       Active baseline indentation: hunk='                ', target='                '
trace:       DiffOp::Equal: 9 line(s) aligned (hunk old_idx=0, file new_idx=0)
trace:         Equal: preserving target line: '                return'
trace:       Dynamic Indentation Update (Equal): Hunk='            ', Target='            '
trace:         Equal: preserving target line: '            fi'
trace:         Equal: preserving target line: ''
trace:         Appended 1 addition(s) after line 2
trace:         Equal: applying addition: '            #'
trace:         Equal: preserving target line: '            # conftest #2: check if get_user_pages_remote() has write and'
trace:         Equal: preserving target line: '            # force arguments. Return if these arguments are present'
trace:         Equal: preserving target line: '            # Fall through to conftest #3 if these args are absent.'
trace:         Appended 1 addition(s) after line 5
trace:         Equal: applying addition: '            #'
trace:         Equal: preserving target line: '            echo \"#define NV_GET_USER_PAGES_REMOTE_PRESENT\" | append_conftest \"functions\"'
trace:         Equal: preserving target line: '            echo \"$CONFTEST_PREAMBLE'
trace:         Equal: preserving target line: '            #include <linux/mm.h>'
trace:       DiffOp::Replace: hunk lines 9..11 (len=2) vs file lines 9..10 (len=1)
trace:       Dynamic Indentation Update (Replace search): Hunk='', Target='            '
trace:         Multi-line replacement (hunk_len=2, target_len=1). Searching for statement alignment across line breaks...
trace: find_statement_match_in_block: attempting statement alignment for 2 line(s) against 1 target line(s)
trace: extract_primary_identifier: found call identifier 'get_user_pages_remote' in 'long get_user_pages_remote(struct task_struct *tsk,'
trace:   find_statement_match_in_block: comparing target line 1 ('long get_user_pages_remote(struct task_struct *tsk,'): word_ratio=0.000, char_ratio=0.000, combined=0.000
trace:         No single statement alignment found (has_context=true). Using block fallback heuristic.
warning:     Fuzzy match rejected: Tail context is unaligned in replacement block.
debug:   Candidate 3/20 at HunkLocation { start_index: 3135, length: 10 } failed with ContextNotFound. Backtracking...
trace:   Evaluating candidate 4/20 at location HunkLocation { start_index: 3135, length: 8 } (match_type: Fuzzy { score: 0.8421052694320679 })
debug:   Found location HunkLocation { start_index: 3135, length: 8 } with match type Fuzzy { score: 0.8421052694320679 }. Applying changes.
debug:   try_apply_hunk_at_location: target line 3136 (length 8), match_type=Fuzzy { score: 0.8421052694320679 }, total target lines=5168.
trace: Hunk::get_match_block: extracted 11 match line(s)
trace:     Match block lines: 11 | Total hunk lines: 13
trace:     Target slice to replace: ["                return", "            fi", "", "            # conftest #2: check if get_user_pages_remote() has write and", "            # force arguments. Return if these arguments are present", "            # Fall through to conftest #3 if these args are absent.", "            echo \"#define NV_GET_USER_PAGES_REMOTE_PRESENT\" | append_conftest \"functions\"", "            echo \"$CONFTEST_PREAMBLE"]
trace:     Ellipsis flags: has_ellipsis=false, is_literal_match=false, is_wildcard_gap_match=false
debug:     Applying hunk via robust reconstruction logic (preserving file context & adjusting indent).
trace:       Fuzzy match location: start=3135, len=8
trace:       File content in matched range (8 line(s)): ["                return", "            fi", "", "            # conftest #2: check if get_user_pages_remote() has write and", "            # force arguments. Return if these arguments are present", "            # Fall through to conftest #3 if these args are absent.", "            echo \"#define NV_GET_USER_PAGES_REMOTE_PRESENT\" | append_conftest \"functions\"", "            echo \"$CONFTEST_PREAMBLE"]
trace:       Parsed hunk: 11 match line(s), 0 initial addition(s).
trace: Hunk::get_match_block: extracted 11 match line(s)
trace:       Computed diff between match block and file slice: 2 operation(s), similarity ratio=0.842
trace:       Initial Indentation Context: Hunk='                ', Target='                '
trace:       Active baseline indentation: hunk='                ', target='                '
trace:       DiffOp::Equal: 8 line(s) aligned (hunk old_idx=0, file new_idx=0)
trace:         Equal: preserving target line: '                return'
trace:       Dynamic Indentation Update (Equal): Hunk='            ', Target='            '
trace:         Equal: preserving target line: '            fi'
trace:         Equal: preserving target line: ''
trace:         Appended 1 addition(s) after line 2
trace:         Equal: applying addition: '            #'
trace:         Equal: preserving target line: '            # conftest #2: check if get_user_pages_remote() has write and'
trace:         Equal: preserving target line: '            # force arguments. Return if these arguments are present'
trace:         Equal: preserving target line: '            # Fall through to conftest #3 if these args are absent.'
trace:         Appended 1 addition(s) after line 5
trace:         Equal: applying addition: '            #'
trace:         Equal: preserving target line: '            echo \"#define NV_GET_USER_PAGES_REMOTE_PRESENT\" | append_conftest \"functions\"'
trace:         Equal: preserving target line: '            echo \"$CONFTEST_PREAMBLE'
trace:       DiffOp::Delete: 3 line(s) missing from target file (hunk old_idx=8)
warning:     Fuzzy match rejected: Tail context line(s) missing from target file.
debug:   Candidate 4/20 at HunkLocation { start_index: 3135, length: 8 } failed with ContextNotFound. Backtracking...
trace:   Evaluating candidate 5/20 at location HunkLocation { start_index: 3136, length: 8 } (match_type: Fuzzy { score: 0.8421052694320679 })
debug:   Found location HunkLocation { start_index: 3136, length: 8 } with match type Fuzzy { score: 0.8421052694320679 }. Applying changes.
debug:   try_apply_hunk_at_location: target line 3137 (length 8), match_type=Fuzzy { score: 0.8421052694320679 }, total target lines=5168.
trace: Hunk::get_match_block: extracted 11 match line(s)
trace:     Match block lines: 11 | Total hunk lines: 13
trace:     Target slice to replace: ["            fi", "", "            # conftest #2: check if get_user_pages_remote() has write and", "            # force arguments. Return if these arguments are present", "            # Fall through to conftest #3 if these args are absent.", "            echo \"#define NV_GET_USER_PAGES_REMOTE_PRESENT\" | append_conftest \"functions\"", "            echo \"$CONFTEST_PREAMBLE", "            #include <linux/mm.h>"]
trace:     Ellipsis flags: has_ellipsis=false, is_literal_match=false, is_wildcard_gap_match=false
debug:     Applying hunk via robust reconstruction logic (preserving file context & adjusting indent).
trace:       Fuzzy match location: start=3136, len=8
trace:       File content in matched range (8 line(s)): ["            fi", "", "            # conftest #2: check if get_user_pages_remote() has write and", "            # force arguments. Return if these arguments are present", "            # Fall through to conftest #3 if these args are absent.", "            echo \"#define NV_GET_USER_PAGES_REMOTE_PRESENT\" | append_conftest \"functions\"", "            echo \"$CONFTEST_PREAMBLE", "            #include <linux/mm.h>"]
trace:       Parsed hunk: 11 match line(s), 0 initial addition(s).
trace: Hunk::get_match_block: extracted 11 match line(s)
trace:       Computed diff between match block and file slice: 3 operation(s), similarity ratio=0.842
trace:       Initial Indentation Context: Hunk='            ', Target='            '
trace:       Active baseline indentation: hunk='            ', target='            '
trace:       DiffOp::Delete: 1 line(s) missing from target file (hunk old_idx=0)
trace:         Skipping stale context line missing in target: "                return"
trace:       DiffOp::Equal: 8 line(s) aligned (hunk old_idx=1, file new_idx=0)
trace:         Equal: preserving target line: '            fi'
trace:         Equal: preserving target line: ''
trace:         Appended 1 addition(s) after line 2
trace:         Equal: applying addition: '            #'
trace:         Equal: preserving target line: '            # conftest #2: check if get_user_pages_remote() has write and'
trace:         Equal: preserving target line: '            # force arguments. Return if these arguments are present'
trace:         Equal: preserving target line: '            # Fall through to conftest #3 if these args are absent.'
trace:         Appended 1 addition(s) after line 5
trace:         Equal: applying addition: '            #'
trace:         Equal: preserving target line: '            echo \"#define NV_GET_USER_PAGES_REMOTE_PRESENT\" | append_conftest \"functions\"'
trace:         Equal: preserving target line: '            echo \"$CONFTEST_PREAMBLE'
trace:         Equal: preserving target line: '            #include <linux/mm.h>'
trace:       DiffOp::Delete: 2 line(s) missing from target file (hunk old_idx=9)
warning:     Fuzzy match rejected: Tail context line(s) missing from target file.
debug:   Candidate 5/20 at HunkLocation { start_index: 3136, length: 8 } failed with ContextNotFound. Backtracking...
trace:   Evaluating candidate 6/20 at location HunkLocation { start_index: 3133, length: 11 } (match_type: Fuzzy { score: 0.8181818127632141 })
debug:   Found location HunkLocation { start_index: 3133, length: 11 } with match type Fuzzy { score: 0.8181818127632141 }. Applying changes.
debug:   try_apply_hunk_at_location: target line 3134 (length 11), match_type=Fuzzy { score: 0.8181818127632141 }, total target lines=5168.
trace: Hunk::get_match_block: extracted 11 match line(s)
trace:     Match block lines: 11 | Total hunk lines: 13
trace:     Target slice to replace: ["                echo \"#undef NV_GET_USER_PAGES_REMOTE_HAS_LOCKED_ARG\" | append_conftest \"functions\"", "                rm -f conftest$$.o", "                return", "            fi", "", "            # conftest #2: check if get_user_pages_remote() has write and", "            # force arguments. Return if these arguments are present", "            # Fall through to conftest #3 if these args are absent.", "            echo \"#define NV_GET_USER_PAGES_REMOTE_PRESENT\" | append_conftest \"functions\"", "            echo \"$CONFTEST_PREAMBLE", "            #include <linux/mm.h>"]
trace:     Ellipsis flags: has_ellipsis=false, is_literal_match=false, is_wildcard_gap_match=false
debug:     Applying hunk via robust reconstruction logic (preserving file context & adjusting indent).
trace:       Fuzzy match location: start=3133, len=11
trace:       File content in matched range (11 line(s)): ["                echo \"#undef NV_GET_USER_PAGES_REMOTE_HAS_LOCKED_ARG\" | append_conftest \"functions\"", "                rm -f conftest$$.o", "                return", "            fi", "", "            # conftest #2: check if get_user_pages_remote() has write and", "            # force arguments. Return if these arguments are present", "            # Fall through to conftest #3 if these args are absent.", "            echo \"#define NV_GET_USER_PAGES_REMOTE_PRESENT\" | append_conftest \"functions\"", "            echo \"$CONFTEST_PREAMBLE", "            #include <linux/mm.h>"]
trace:       Parsed hunk: 11 match line(s), 0 initial addition(s).
trace: Hunk::get_match_block: extracted 11 match line(s)
trace:       Computed diff between match block and file slice: 3 operation(s), similarity ratio=0.818
trace:       Initial Indentation Context: Hunk='                ', Target='                '
trace:       Active baseline indentation: hunk='                ', target='                '
trace:       DiffOp::Insert: preserving 2 local insertion line(s) from target file (new_idx=0)
trace:         Preserving inserted line: '                echo \"#undef NV_GET_USER_PAGES_REMOTE_HAS_LOCKED_ARG\" | append_conftest \"functions\"'
trace:         Preserving inserted line: '                rm -f conftest$$.o'
trace:       DiffOp::Equal: 9 line(s) aligned (hunk old_idx=0, file new_idx=2)
trace:         Equal: preserving target line: '                return'
trace:       Dynamic Indentation Update (Equal): Hunk='            ', Target='            '
trace:         Equal: preserving target line: '            fi'
trace:         Equal: preserving target line: ''
trace:         Appended 1 addition(s) after line 2
trace:         Equal: applying addition: '            #'
trace:         Equal: preserving target line: '            # conftest #2: check if get_user_pages_remote() has write and'
trace:         Equal: preserving target line: '            # force arguments. Return if these arguments are present'
trace:         Equal: preserving target line: '            # Fall through to conftest #3 if these args are absent.'
trace:         Appended 1 addition(s) after line 5
trace:         Equal: applying addition: '            #'
trace:         Equal: preserving target line: '            echo \"#define NV_GET_USER_PAGES_REMOTE_PRESENT\" | append_conftest \"functions\"'
trace:         Equal: preserving target line: '            echo \"$CONFTEST_PREAMBLE'
trace:         Equal: preserving target line: '            #include <linux/mm.h>'
trace:       DiffOp::Delete: 2 line(s) missing from target file (hunk old_idx=9)
warning:     Fuzzy match rejected: Tail context line(s) missing from target file.
debug:   Candidate 6/20 at HunkLocation { start_index: 3133, length: 11 } failed with ContextNotFound. Backtracking...
trace:   Evaluating candidate 7/20 at location HunkLocation { start_index: 3134, length: 11 } (match_type: Fuzzy { score: 0.8181818127632141 })
debug:   Found location HunkLocation { start_index: 3134, length: 11 } with match type Fuzzy { score: 0.8181818127632141 }. Applying changes.
debug:   try_apply_hunk_at_location: target line 3135 (length 11), match_type=Fuzzy { score: 0.8181818127632141 }, total target lines=5168.
trace: Hunk::get_match_block: extracted 11 match line(s)
trace:     Match block lines: 11 | Total hunk lines: 13
trace:     Target slice to replace: ["                rm -f conftest$$.o", "                return", "            fi", "", "            # conftest #2: check if get_user_pages_remote() has write and", "            # force arguments. Return if these arguments are present", "            # Fall through to conftest #3 if these args are absent.", "            echo \"#define NV_GET_USER_PAGES_REMOTE_PRESENT\" | append_conftest \"functions\"", "            echo \"$CONFTEST_PREAMBLE", "            #include <linux/mm.h>", "            long get_user_pages_remote(struct task_struct *tsk,"]
trace:     Ellipsis flags: has_ellipsis=false, is_literal_match=false, is_wildcard_gap_match=false
debug:     Applying hunk via robust reconstruction logic (preserving file context & adjusting indent).
trace:       Fuzzy match location: start=3134, len=11
trace:       File content in matched range (11 line(s)): ["                rm -f conftest$$.o", "                return", "            fi", "", "            # conftest #2: check if get_user_pages_remote() has write and", "            # force arguments. Return if these arguments are present", "            # Fall through to conftest #3 if these args are absent.", "            echo \"#define NV_GET_USER_PAGES_REMOTE_PRESENT\" | append_conftest \"functions\"", "            echo \"$CONFTEST_PREAMBLE", "            #include <linux/mm.h>", "            long get_user_pages_remote(struct task_struct *tsk,"]
trace:       Parsed hunk: 11 match line(s), 0 initial addition(s).
trace: Hunk::get_match_block: extracted 11 match line(s)
trace:       Computed diff between match block and file slice: 3 operation(s), similarity ratio=0.818
trace:       Initial Indentation Context: Hunk='                ', Target='                '
trace:       Active baseline indentation: hunk='                ', target='                '
trace:       DiffOp::Insert: preserving 1 local insertion line(s) from target file (new_idx=0)
trace:         Preserving inserted line: '                rm -f conftest$$.o'
trace:       DiffOp::Equal: 9 line(s) aligned (hunk old_idx=0, file new_idx=1)
trace:         Equal: preserving target line: '                return'
trace:       Dynamic Indentation Update (Equal): Hunk='            ', Target='            '
trace:         Equal: preserving target line: '            fi'
trace:         Equal: preserving target line: ''
trace:         Appended 1 addition(s) after line 2
trace:         Equal: applying addition: '            #'
trace:         Equal: preserving target line: '            # conftest #2: check if get_user_pages_remote() has write and'
trace:         Equal: preserving target line: '            # force arguments. Return if these arguments are present'
trace:         Equal: preserving target line: '            # Fall through to conftest #3 if these args are absent.'
trace:         Appended 1 addition(s) after line 5
trace:         Equal: applying addition: '            #'
trace:         Equal: preserving target line: '            echo \"#define NV_GET_USER_PAGES_REMOTE_PRESENT\" | append_conftest \"functions\"'
trace:         Equal: preserving target line: '            echo \"$CONFTEST_PREAMBLE'
trace:         Equal: preserving target line: '            #include <linux/mm.h>'
trace:       DiffOp::Replace: hunk lines 9..11 (len=2) vs file lines 10..11 (len=1)
trace:       Dynamic Indentation Update (Replace search): Hunk='', Target='            '
trace:         Multi-line replacement (hunk_len=2, target_len=1). Searching for statement alignment across line breaks...
trace: find_statement_match_in_block: attempting statement alignment for 2 line(s) against 1 target line(s)
trace: extract_primary_identifier: found call identifier 'get_user_pages_remote' in 'long get_user_pages_remote(struct task_struct *tsk,'
trace:   find_statement_match_in_block: comparing target line 1 ('long get_user_pages_remote(struct task_struct *tsk,'): word_ratio=0.000, char_ratio=0.000, combined=0.000
trace:         No single statement alignment found (has_context=true). Using block fallback heuristic.
warning:     Fuzzy match rejected: Tail context is unaligned in replacement block.
debug:   Candidate 7/20 at HunkLocation { start_index: 3134, length: 11 } failed with ContextNotFound. Backtracking...
trace:   Evaluating candidate 8/20 at location HunkLocation { start_index: 3135, length: 11 } (match_type: Fuzzy { score: 0.8181818127632141 })
debug:   Found location HunkLocation { start_index: 3135, length: 11 } with match type Fuzzy { score: 0.8181818127632141 }. Applying changes.
debug:   try_apply_hunk_at_location: target line 3136 (length 11), match_type=Fuzzy { score: 0.8181818127632141 }, total target lines=5168.
trace: Hunk::get_match_block: extracted 11 match line(s)
trace:     Match block lines: 11 | Total hunk lines: 13
trace:     Target slice to replace: ["                return", "            fi", "", "            # conftest #2: check if get_user_pages_remote() has write and", "            # force arguments. Return if these arguments are present", "            # Fall through to conftest #3 if these args are absent.", "            echo \"#define NV_GET_USER_PAGES_REMOTE_PRESENT\" | append_conftest \"functions\"", "            echo \"$CONFTEST_PREAMBLE", "            #include <linux/mm.h>", "            long get_user_pages_remote(struct task_struct *tsk,", "                                       struct mm_struct *mm,"]
trace:     Ellipsis flags: has_ellipsis=false, is_literal_match=false, is_wildcard_gap_match=false
debug:     Applying hunk via robust reconstruction logic (preserving file context & adjusting indent).
trace:       Fuzzy match location: start=3135, len=11
trace:       File content in matched range (11 line(s)): ["                return", "            fi", "", "            # conftest #2: check if get_user_pages_remote() has write and", "            # force arguments. Return if these arguments are present", "            # Fall through to conftest #3 if these args are absent.", "            echo \"#define NV_GET_USER_PAGES_REMOTE_PRESENT\" | append_conftest \"functions\"", "            echo \"$CONFTEST_PREAMBLE", "            #include <linux/mm.h>", "            long get_user_pages_remote(struct task_struct *tsk,", "                                       struct mm_struct *mm,"]
trace:       Parsed hunk: 11 match line(s), 0 initial addition(s).
trace: Hunk::get_match_block: extracted 11 match line(s)
trace:       Computed diff between match block and file slice: 2 operation(s), similarity ratio=0.818
trace:       Initial Indentation Context: Hunk='                ', Target='                '
trace:       Active baseline indentation: hunk='                ', target='                '
trace:       DiffOp::Equal: 9 line(s) aligned (hunk old_idx=0, file new_idx=0)
trace:         Equal: preserving target line: '                return'
trace:       Dynamic Indentation Update (Equal): Hunk='            ', Target='            '
trace:         Equal: preserving target line: '            fi'
trace:         Equal: preserving target line: ''
trace:         Appended 1 addition(s) after line 2
trace:         Equal: applying addition: '            #'
trace:         Equal: preserving target line: '            # conftest #2: check if get_user_pages_remote() has write and'
trace:         Equal: preserving target line: '            # force arguments. Return if these arguments are present'
trace:         Equal: preserving target line: '            # Fall through to conftest #3 if these args are absent.'
trace:         Appended 1 addition(s) after line 5
trace:         Equal: applying addition: '            #'
trace:         Equal: preserving target line: '            echo \"#define NV_GET_USER_PAGES_REMOTE_PRESENT\" | append_conftest \"functions\"'
trace:         Equal: preserving target line: '            echo \"$CONFTEST_PREAMBLE'
trace:         Equal: preserving target line: '            #include <linux/mm.h>'
trace:       DiffOp::Replace: hunk lines 9..11 (len=2) vs file lines 9..11 (len=2)
trace:       Dynamic Indentation Update (Replace search): Hunk='', Target='            '
trace:         1-to-1 length replacement. Validating similarity of modified lines...
trace: extract_primary_identifier: found call identifier 'get_user_pages_remote' in 'long get_user_pages_remote(struct task_struct *tsk,'
trace:         1-to-1 replacement line validation [line 9]: is_removal=true, word_sim=0.000, char_sim=0.000
warning:     Fuzzy match rejected: Removal line "- " differs from target line "            long get_user_pages_remote(struct task_struct *tsk," (sim_words=0.000, sim_chars=0.000, required=0.500).
debug:   Candidate 8/20 at HunkLocation { start_index: 3135, length: 11 } failed with ContextNotFound. Backtracking...
trace:   Evaluating candidate 9/20 at location HunkLocation { start_index: 3138, length: 8 } (match_type: Fuzzy { score: 0.8178827524185179 })
debug:   Found location HunkLocation { start_index: 3138, length: 8 } with match type Fuzzy { score: 0.8178827524185179 }. Applying changes.
debug:   try_apply_hunk_at_location: target line 3139 (length 8), match_type=Fuzzy { score: 0.8178827524185179 }, total target lines=5168.
trace: Hunk::get_match_block: extracted 11 match line(s)
trace:     Match block lines: 11 | Total hunk lines: 13
trace:     Target slice to replace: ["            # conftest #2: check if get_user_pages_remote() has write and", "            # force arguments. Return if these arguments are present", "            # Fall through to conftest #3 if these args are absent.", "            echo \"#define NV_GET_USER_PAGES_REMOTE_PRESENT\" | append_conftest \"functions\"", "            echo \"$CONFTEST_PREAMBLE", "            #include <linux/mm.h>", "            long get_user_pages_remote(struct task_struct *tsk,", "                                       struct mm_struct *mm,"]
trace:     Ellipsis flags: has_ellipsis=false, is_literal_match=false, is_wildcard_gap_match=false
debug:     Applying hunk via robust reconstruction logic (preserving file context & adjusting indent).
trace:       Fuzzy match location: start=3138, len=8
trace:       File content in matched range (8 line(s)): ["            # conftest #2: check if get_user_pages_remote() has write and", "            # force arguments. Return if these arguments are present", "            # Fall through to conftest #3 if these args are absent.", "            echo \"#define NV_GET_USER_PAGES_REMOTE_PRESENT\" | append_conftest \"functions\"", "            echo \"$CONFTEST_PREAMBLE", "            #include <linux/mm.h>", "            long get_user_pages_remote(struct task_struct *tsk,", "                                       struct mm_struct *mm,"]
trace:       Parsed hunk: 11 match line(s), 0 initial addition(s).
trace: Hunk::get_match_block: extracted 11 match line(s)
trace:       Computed diff between match block and file slice: 3 operation(s), similarity ratio=0.632
trace:       Initial Indentation Context: Hunk='            ', Target='            '
trace:       Active baseline indentation: hunk='            ', target='            '
trace:       DiffOp::Delete: 3 line(s) missing from target file (hunk old_idx=0)
warning:     Fuzzy match rejected: Head context line(s) missing from target file.
debug:   Candidate 9/20 at HunkLocation { start_index: 3138, length: 8 } failed with ContextNotFound. Backtracking...
trace:   Evaluating candidate 10/20 at location HunkLocation { start_index: 3132, length: 12 } (match_type: Fuzzy { score: 0.8144628018263942 })
debug:   Found location HunkLocation { start_index: 3132, length: 12 } with match type Fuzzy { score: 0.8144628018263942 }. Applying changes.
debug:   try_apply_hunk_at_location: target line 3133 (length 12), match_type=Fuzzy { score: 0.8144628018263942 }, total target lines=5168.
trace: Hunk::get_match_block: extracted 11 match line(s)
trace:     Match block lines: 11 | Total hunk lines: 13
trace:     Target slice to replace: ["                echo \"#undef NV_GET_USER_PAGES_REMOTE_HAS_WRITE_AND_FORCE_ARGS\" | append_conftest \"functions\"", "                echo \"#undef NV_GET_USER_PAGES_REMOTE_HAS_LOCKED_ARG\" | append_conftest \"functions\"", "                rm -f conftest$$.o", "                return", "            fi", "", "            # conftest #2: check if get_user_pages_remote() has write and", "            # force arguments. Return if these arguments are present", "            # Fall through to conftest #3 if these args are absent.", "            echo \"#define NV_GET_USER_PAGES_REMOTE_PRESENT\" | append_conftest \"functions\"", "            echo \"$CONFTEST_PREAMBLE", "            #include <linux/mm.h>"]
trace:     Ellipsis flags: has_ellipsis=false, is_literal_match=false, is_wildcard_gap_match=false
debug:     Applying hunk via robust reconstruction logic (preserving file context & adjusting indent).
trace:       Fuzzy match location: start=3132, len=12
trace:       File content in matched range (12 line(s)): ["                echo \"#undef NV_GET_USER_PAGES_REMOTE_HAS_WRITE_AND_FORCE_ARGS\" | append_conftest \"functions\"", "                echo \"#undef NV_GET_USER_PAGES_REMOTE_HAS_LOCKED_ARG\" | append_conftest \"functions\"", "                rm -f conftest$$.o", "                return", "            fi", "", "            # conftest #2: check if get_user_pages_remote() has write and", "            # force arguments. Return if these arguments are present", "            # Fall through to conftest #3 if these args are absent.", "            echo \"#define NV_GET_USER_PAGES_REMOTE_PRESENT\" | append_conftest \"functions\"", "            echo \"$CONFTEST_PREAMBLE", "            #include <linux/mm.h>"]
trace:       Parsed hunk: 11 match line(s), 0 initial addition(s).
trace: Hunk::get_match_block: extracted 11 match line(s)
trace:       Computed diff between match block and file slice: 3 operation(s), similarity ratio=0.783
trace:       Initial Indentation Context: Hunk='                ', Target='                '
trace:       Active baseline indentation: hunk='                ', target='                '
trace:       DiffOp::Insert: preserving 3 local insertion line(s) from target file (new_idx=0)
trace:         Preserving inserted line: '                echo \"#undef NV_GET_USER_PAGES_REMOTE_HAS_WRITE_AND_FORCE_ARGS\" | append_conftest \"functions\"'
trace:         Preserving inserted line: '                echo \"#undef NV_GET_USER_PAGES_REMOTE_HAS_LOCKED_ARG\" | append_conftest \"functions\"'
trace:         Preserving inserted line: '                rm -f conftest$$.o'
trace:       DiffOp::Equal: 9 line(s) aligned (hunk old_idx=0, file new_idx=3)
trace:         Equal: preserving target line: '                return'
trace:       Dynamic Indentation Update (Equal): Hunk='            ', Target='            '
trace:         Equal: preserving target line: '            fi'
trace:         Equal: preserving target line: ''
trace:         Appended 1 addition(s) after line 2
trace:         Equal: applying addition: '            #'
trace:         Equal: preserving target line: '            # conftest #2: check if get_user_pages_remote() has write and'
trace:         Equal: preserving target line: '            # force arguments. Return if these arguments are present'
trace:         Equal: preserving target line: '            # Fall through to conftest #3 if these args are absent.'
trace:         Appended 1 addition(s) after line 5
trace:         Equal: applying addition: '            #'
trace:         Equal: preserving target line: '            echo \"#define NV_GET_USER_PAGES_REMOTE_PRESENT\" | append_conftest \"functions\"'
trace:         Equal: preserving target line: '            echo \"$CONFTEST_PREAMBLE'
trace:         Equal: preserving target line: '            #include <linux/mm.h>'
trace:       DiffOp::Delete: 2 line(s) missing from target file (hunk old_idx=9)
warning:     Fuzzy match rejected: Tail context line(s) missing from target file.
debug:   Candidate 10/20 at HunkLocation { start_index: 3132, length: 12 } failed with ContextNotFound. Backtracking...
trace:   Evaluating candidate 11/20 at location HunkLocation { start_index: 3133, length: 12 } (match_type: Fuzzy { score: 0.8144628018263942 })
debug:   Found location HunkLocation { start_index: 3133, length: 12 } with match type Fuzzy { score: 0.8144628018263942 }. Applying changes.
debug:   try_apply_hunk_at_location: target line 3134 (length 12), match_type=Fuzzy { score: 0.8144628018263942 }, total target lines=5168.
trace: Hunk::get_match_block: extracted 11 match line(s)
trace:     Match block lines: 11 | Total hunk lines: 13
trace:     Target slice to replace: ["                echo \"#undef NV_GET_USER_PAGES_REMOTE_HAS_LOCKED_ARG\" | append_conftest \"functions\"", "                rm -f conftest$$.o", "                return", "            fi", "", "            # conftest #2: check if get_user_pages_remote() has write and", "            # force arguments. Return if these arguments are present", "            # Fall through to conftest #3 if these args are absent.", "            echo \"#define NV_GET_USER_PAGES_REMOTE_PRESENT\" | append_conftest \"functions\"", "            echo \"$CONFTEST_PREAMBLE", "            #include <linux/mm.h>", "            long get_user_pages_remote(struct task_struct *tsk,"]
trace:     Ellipsis flags: has_ellipsis=false, is_literal_match=false, is_wildcard_gap_match=false
debug:     Applying hunk via robust reconstruction logic (preserving file context & adjusting indent).
trace:       Fuzzy match location: start=3133, len=12
trace:       File content in matched range (12 line(s)): ["                echo \"#undef NV_GET_USER_PAGES_REMOTE_HAS_LOCKED_ARG\" | append_conftest \"functions\"", "                rm -f conftest$$.o", "                return", "            fi", "", "            # conftest #2: check if get_user_pages_remote() has write and", "            # force arguments. Return if these arguments are present", "            # Fall through to conftest #3 if these args are absent.", "            echo \"#define NV_GET_USER_PAGES_REMOTE_PRESENT\" | append_conftest \"functions\"", "            echo \"$CONFTEST_PREAMBLE", "            #include <linux/mm.h>", "            long get_user_pages_remote(struct task_struct *tsk,"]
trace:       Parsed hunk: 11 match line(s), 0 initial addition(s).
trace: Hunk::get_match_block: extracted 11 match line(s)
trace:       Computed diff between match block and file slice: 3 operation(s), similarity ratio=0.783
trace:       Initial Indentation Context: Hunk='                ', Target='                '
trace:       Active baseline indentation: hunk='                ', target='                '
trace:       DiffOp::Insert: preserving 2 local insertion line(s) from target file (new_idx=0)
trace:         Preserving inserted line: '                echo \"#undef NV_GET_USER_PAGES_REMOTE_HAS_LOCKED_ARG\" | append_conftest \"functions\"'
trace:         Preserving inserted line: '                rm -f conftest$$.o'
trace:       DiffOp::Equal: 9 line(s) aligned (hunk old_idx=0, file new_idx=2)
trace:         Equal: preserving target line: '                return'
trace:       Dynamic Indentation Update (Equal): Hunk='            ', Target='            '
trace:         Equal: preserving target line: '            fi'
trace:         Equal: preserving target line: ''
trace:         Appended 1 addition(s) after line 2
trace:         Equal: applying addition: '            #'
trace:         Equal: preserving target line: '            # conftest #2: check if get_user_pages_remote() has write and'
trace:         Equal: preserving target line: '            # force arguments. Return if these arguments are present'
trace:         Equal: preserving target line: '            # Fall through to conftest #3 if these args are absent.'
trace:         Appended 1 addition(s) after line 5
trace:         Equal: applying addition: '            #'
trace:         Equal: preserving target line: '            echo \"#define NV_GET_USER_PAGES_REMOTE_PRESENT\" | append_conftest \"functions\"'
trace:         Equal: preserving target line: '            echo \"$CONFTEST_PREAMBLE'
trace:         Equal: preserving target line: '            #include <linux/mm.h>'
trace:       DiffOp::Replace: hunk lines 9..11 (len=2) vs file lines 11..12 (len=1)
trace:       Dynamic Indentation Update (Replace search): Hunk='', Target='            '
trace:         Multi-line replacement (hunk_len=2, target_len=1). Searching for statement alignment across line breaks...
trace: find_statement_match_in_block: attempting statement alignment for 2 line(s) against 1 target line(s)
trace: extract_primary_identifier: found call identifier 'get_user_pages_remote' in 'long get_user_pages_remote(struct task_struct *tsk,'
trace:   find_statement_match_in_block: comparing target line 1 ('long get_user_pages_remote(struct task_struct *tsk,'): word_ratio=0.000, char_ratio=0.000, combined=0.000
trace:         No single statement alignment found (has_context=true). Using block fallback heuristic.
warning:     Fuzzy match rejected: Tail context is unaligned in replacement block.
debug:   Candidate 11/20 at HunkLocation { start_index: 3133, length: 12 } failed with ContextNotFound. Backtracking...
trace:   Evaluating candidate 12/20 at location HunkLocation { start_index: 3134, length: 12 } (match_type: Fuzzy { score: 0.8144628018263942 })
debug:   Found location HunkLocation { start_index: 3134, length: 12 } with match type Fuzzy { score: 0.8144628018263942 }. Applying changes.
debug:   try_apply_hunk_at_location: target line 3135 (length 12), match_type=Fuzzy { score: 0.8144628018263942 }, total target lines=5168.
trace: Hunk::get_match_block: extracted 11 match line(s)
trace:     Match block lines: 11 | Total hunk lines: 13
trace:     Target slice to replace: ["                rm -f conftest$$.o", "                return", "            fi", "", "            # conftest #2: check if get_user_pages_remote() has write and", "            # force arguments. Return if these arguments are present", "            # Fall through to conftest #3 if these args are absent.", "            echo \"#define NV_GET_USER_PAGES_REMOTE_PRESENT\" | append_conftest \"functions\"", "            echo \"$CONFTEST_PREAMBLE", "            #include <linux/mm.h>", "            long get_user_pages_remote(struct task_struct *tsk,", "                                       struct mm_struct *mm,"]
trace:     Ellipsis flags: has_ellipsis=false, is_literal_match=false, is_wildcard_gap_match=false
debug:     Applying hunk via robust reconstruction logic (preserving file context & adjusting indent).
trace:       Fuzzy match location: start=3134, len=12
trace:       File content in matched range (12 line(s)): ["                rm -f conftest$$.o", "                return", "            fi", "", "            # conftest #2: check if get_user_pages_remote() has write and", "            # force arguments. Return if these arguments are present", "            # Fall through to conftest #3 if these args are absent.", "            echo \"#define NV_GET_USER_PAGES_REMOTE_PRESENT\" | append_conftest \"functions\"", "            echo \"$CONFTEST_PREAMBLE", "            #include <linux/mm.h>", "            long get_user_pages_remote(struct task_struct *tsk,", "                                       struct mm_struct *mm,"]
trace:       Parsed hunk: 11 match line(s), 0 initial addition(s).
trace: Hunk::get_match_block: extracted 11 match line(s)
trace:       Computed diff between match block and file slice: 3 operation(s), similarity ratio=0.783
trace:       Initial Indentation Context: Hunk='                ', Target='                '
trace:       Active baseline indentation: hunk='                ', target='                '
trace:       DiffOp::Insert: preserving 1 local insertion line(s) from target file (new_idx=0)
trace:         Preserving inserted line: '                rm -f conftest$$.o'
trace:       DiffOp::Equal: 9 line(s) aligned (hunk old_idx=0, file new_idx=1)
trace:         Equal: preserving target line: '                return'
trace:       Dynamic Indentation Update (Equal): Hunk='            ', Target='            '
trace:         Equal: preserving target line: '            fi'
trace:         Equal: preserving target line: ''
trace:         Appended 1 addition(s) after line 2
trace:         Equal: applying addition: '            #'
trace:         Equal: preserving target line: '            # conftest #2: check if get_user_pages_remote() has write and'
trace:         Equal: preserving target line: '            # force arguments. Return if these arguments are present'
trace:         Equal: preserving target line: '            # Fall through to conftest #3 if these args are absent.'
trace:         Appended 1 addition(s) after line 5
trace:         Equal: applying addition: '            #'
trace:         Equal: preserving target line: '            echo \"#define NV_GET_USER_PAGES_REMOTE_PRESENT\" | append_conftest \"functions\"'
trace:         Equal: preserving target line: '            echo \"$CONFTEST_PREAMBLE'
trace:         Equal: preserving target line: '            #include <linux/mm.h>'
trace:       DiffOp::Replace: hunk lines 9..11 (len=2) vs file lines 10..12 (len=2)
trace:       Dynamic Indentation Update (Replace search): Hunk='', Target='            '
trace:         1-to-1 length replacement. Validating similarity of modified lines...
trace: extract_primary_identifier: found call identifier 'get_user_pages_remote' in 'long get_user_pages_remote(struct task_struct *tsk,'
trace:         1-to-1 replacement line validation [line 9]: is_removal=true, word_sim=0.000, char_sim=0.000
warning:     Fuzzy match rejected: Removal line "- " differs from target line "            long get_user_pages_remote(struct task_struct *tsk," (sim_words=0.000, sim_chars=0.000, required=0.500).
debug:   Candidate 12/20 at HunkLocation { start_index: 3134, length: 12 } failed with ContextNotFound. Backtracking...
trace:   Evaluating candidate 13/20 at location HunkLocation { start_index: 3135, length: 12 } (match_type: Fuzzy { score: 0.8144628018263942 })
debug:   Found location HunkLocation { start_index: 3135, length: 12 } with match type Fuzzy { score: 0.8144628018263942 }. Applying changes.
debug:   try_apply_hunk_at_location: target line 3136 (length 12), match_type=Fuzzy { score: 0.8144628018263942 }, total target lines=5168.
trace: Hunk::get_match_block: extracted 11 match line(s)
trace:     Match block lines: 11 | Total hunk lines: 13
trace:     Target slice to replace: ["                return", "            fi", "", "            # conftest #2: check if get_user_pages_remote() has write and", "            # force arguments. Return if these arguments are present", "            # Fall through to conftest #3 if these args are absent.", "            echo \"#define NV_GET_USER_PAGES_REMOTE_PRESENT\" | append_conftest \"functions\"", "            echo \"$CONFTEST_PREAMBLE", "            #include <linux/mm.h>", "            long get_user_pages_remote(struct task_struct *tsk,", "                                       struct mm_struct *mm,", "                                       unsigned long start,"]
trace:     Ellipsis flags: has_ellipsis=false, is_literal_match=false, is_wildcard_gap_match=false
debug:     Applying hunk via robust reconstruction logic (preserving file context & adjusting indent).
trace:       Fuzzy match location: start=3135, len=12
trace:       File content in matched range (12 line(s)): ["                return", "            fi", "", "            # conftest #2: check if get_user_pages_remote() has write and", "            # force arguments. Return if these arguments are present", "            # Fall through to conftest #3 if these args are absent.", "            echo \"#define NV_GET_USER_PAGES_REMOTE_PRESENT\" | append_conftest \"functions\"", "            echo \"$CONFTEST_PREAMBLE", "            #include <linux/mm.h>", "            long get_user_pages_remote(struct task_struct *tsk,", "                                       struct mm_struct *mm,", "                                       unsigned long start,"]
trace:       Parsed hunk: 11 match line(s), 0 initial addition(s).
trace: Hunk::get_match_block: extracted 11 match line(s)
trace:       Computed diff between match block and file slice: 2 operation(s), similarity ratio=0.783
trace:       Initial Indentation Context: Hunk='                ', Target='                '
trace:       Active baseline indentation: hunk='                ', target='                '
trace:       DiffOp::Equal: 9 line(s) aligned (hunk old_idx=0, file new_idx=0)
trace:         Equal: preserving target line: '                return'
trace:       Dynamic Indentation Update (Equal): Hunk='            ', Target='            '
trace:         Equal: preserving target line: '            fi'
trace:         Equal: preserving target line: ''
trace:         Appended 1 addition(s) after line 2
trace:         Equal: applying addition: '            #'
trace:         Equal: preserving target line: '            # conftest #2: check if get_user_pages_remote() has write and'
trace:         Equal: preserving target line: '            # force arguments. Return if these arguments are present'
trace:         Equal: preserving target line: '            # Fall through to conftest #3 if these args are absent.'
trace:         Appended 1 addition(s) after line 5
trace:         Equal: applying addition: '            #'
trace:         Equal: preserving target line: '            echo \"#define NV_GET_USER_PAGES_REMOTE_PRESENT\" | append_conftest \"functions\"'
trace:         Equal: preserving target line: '            echo \"$CONFTEST_PREAMBLE'
trace:         Equal: preserving target line: '            #include <linux/mm.h>'
trace:       DiffOp::Replace: hunk lines 9..11 (len=2) vs file lines 9..12 (len=3)
trace:       Dynamic Indentation Update (Replace search): Hunk='', Target='            '
trace:         Multi-line replacement (hunk_len=2, target_len=3). Searching for statement alignment across line breaks...
trace: find_statement_match_in_block: attempting statement alignment for 2 line(s) against 3 target line(s)
trace: extract_primary_identifier: found call identifier 'get_user_pages_remote' in 'long get_user_pages_remote(struct task_struct *tsk,'
trace:   find_statement_match_in_block: comparing target line 1 ('long get_user_pages_remote(struct task_struct *tsk,'): word_ratio=0.000, char_ratio=0.000, combined=0.000
trace: extract_primary_identifier: found definition identifier 'mm_struct' in 'struct mm_struct *mm,'
trace:   find_statement_match_in_block: comparing target line 2 ('struct mm_struct *mm,'): word_ratio=0.000, char_ratio=0.000, combined=0.000
trace:   find_statement_match_in_block: comparing target line 3 ('unsigned long start,'): word_ratio=0.000, char_ratio=0.000, combined=0.000
trace:         No single statement alignment found (has_context=true). Using block fallback heuristic.
warning:     Fuzzy match rejected: Tail context is unaligned in replacement block.
debug:   Candidate 13/20 at HunkLocation { start_index: 3135, length: 12 } failed with ContextNotFound. Backtracking...
trace:   Evaluating candidate 14/20 at location HunkLocation { start_index: 3137, length: 10 } (match_type: Fuzzy { score: 0.8120218575000762 })
debug:   Found location HunkLocation { start_index: 3137, length: 10 } with match type Fuzzy { score: 0.8120218575000762 }. Applying changes.
debug:   try_apply_hunk_at_location: target line 3138 (length 10), match_type=Fuzzy { score: 0.8120218575000762 }, total target lines=5168.
trace: Hunk::get_match_block: extracted 11 match line(s)
trace:     Match block lines: 11 | Total hunk lines: 13
trace:     Target slice to replace: ["", "            # conftest #2: check if get_user_pages_remote() has write and", "            # force arguments. Return if these arguments are present", "            # Fall through to conftest #3 if these args are absent.", "            echo \"#define NV_GET_USER_PAGES_REMOTE_PRESENT\" | append_conftest \"functions\"", "            echo \"$CONFTEST_PREAMBLE", "            #include <linux/mm.h>", "            long get_user_pages_remote(struct task_struct *tsk,", "                                       struct mm_struct *mm,", "                                       unsigned long start,"]
trace:     Ellipsis flags: has_ellipsis=false, is_literal_match=false, is_wildcard_gap_match=false
debug:     Applying hunk via robust reconstruction logic (preserving file context & adjusting indent).
trace:       Fuzzy match location: start=3137, len=10
trace:       File content in matched range (10 line(s)): ["", "            # conftest #2: check if get_user_pages_remote() has write and", "            # force arguments. Return if these arguments are present", "            # Fall through to conftest #3 if these args are absent.", "            echo \"#define NV_GET_USER_PAGES_REMOTE_PRESENT\" | append_conftest \"functions\"", "            echo \"$CONFTEST_PREAMBLE", "            #include <linux/mm.h>", "            long get_user_pages_remote(struct task_struct *tsk,", "                                       struct mm_struct *mm,", "                                       unsigned long start,"]
trace:       Parsed hunk: 11 match line(s), 0 initial addition(s).
trace: Hunk::get_match_block: extracted 11 match line(s)
trace:       Computed diff between match block and file slice: 3 operation(s), similarity ratio=0.667
trace:       Initial Indentation Context: Hunk='            ', Target='            '
trace:       Active baseline indentation: hunk='            ', target='            '
trace:       DiffOp::Delete: 2 line(s) missing from target file (hunk old_idx=0)
warning:     Fuzzy match rejected: Head context line(s) missing from target file.
debug:   Candidate 14/20 at HunkLocation { start_index: 3137, length: 10 } failed with ContextNotFound. Backtracking...
trace:   Evaluating candidate 15/20 at location HunkLocation { start_index: 3131, length: 13 } (match_type: Fuzzy { score: 0.8107438016528925 })
debug:   Found location HunkLocation { start_index: 3131, length: 13 } with match type Fuzzy { score: 0.8107438016528925 }. Applying changes.
debug:   try_apply_hunk_at_location: target line 3132 (length 13), match_type=Fuzzy { score: 0.8107438016528925 }, total target lines=5168.
trace: Hunk::get_match_block: extracted 11 match line(s)
trace:     Match block lines: 11 | Total hunk lines: 13
trace:     Target slice to replace: ["                echo \"#undef NV_GET_USER_PAGES_REMOTE_HAS_TSK_ARG\" | append_conftest \"functions\"", "                echo \"#undef NV_GET_USER_PAGES_REMOTE_HAS_WRITE_AND_FORCE_ARGS\" | append_conftest \"functions\"", "                echo \"#undef NV_GET_USER_PAGES_REMOTE_HAS_LOCKED_ARG\" | append_conftest \"functions\"", "                rm -f conftest$$.o", "                return", "            fi", "", "            # conftest #2: check if get_user_pages_remote() has write and", "            # force arguments. Return if these arguments are present", "            # Fall through to conftest #3 if these args are absent.", "            echo \"#define NV_GET_USER_PAGES_REMOTE_PRESENT\" | append_conftest \"functions\"", "            echo \"$CONFTEST_PREAMBLE", "            #include <linux/mm.h>"]
trace:     Ellipsis flags: has_ellipsis=false, is_literal_match=false, is_wildcard_gap_match=false
debug:     Applying hunk via robust reconstruction logic (preserving file context & adjusting indent).
trace:       Fuzzy match location: start=3131, len=13
trace:       File content in matched range (13 line(s)): ["                echo \"#undef NV_GET_USER_PAGES_REMOTE_HAS_TSK_ARG\" | append_conftest \"functions\"", "                echo \"#undef NV_GET_USER_PAGES_REMOTE_HAS_WRITE_AND_FORCE_ARGS\" | append_conftest \"functions\"", "                echo \"#undef NV_GET_USER_PAGES_REMOTE_HAS_LOCKED_ARG\" | append_conftest \"functions\"", "                rm -f conftest$$.o", "                return", "            fi", "", "            # conftest #2: check if get_user_pages_remote() has write and", "            # force arguments. Return if these arguments are present", "            # Fall through to conftest #3 if these args are absent.", "            echo \"#define NV_GET_USER_PAGES_REMOTE_PRESENT\" | append_conftest \"functions\"", "            echo \"$CONFTEST_PREAMBLE", "            #include <linux/mm.h>"]
trace:       Parsed hunk: 11 match line(s), 0 initial addition(s).
trace: Hunk::get_match_block: extracted 11 match line(s)
trace:       Computed diff between match block and file slice: 3 operation(s), similarity ratio=0.750
trace:       Initial Indentation Context: Hunk='                ', Target='                '
trace:       Active baseline indentation: hunk='                ', target='                '
trace:       DiffOp::Insert: preserving 4 local insertion line(s) from target file (new_idx=0)
trace:         Preserving inserted line: '                echo \"#undef NV_GET_USER_PAGES_REMOTE_HAS_TSK_ARG\" | append_conftest \"functions\"'
trace:         Preserving inserted line: '                echo \"#undef NV_GET_USER_PAGES_REMOTE_HAS_WRITE_AND_FORCE_ARGS\" | append_conftest \"functions\"'
trace:         Preserving inserted line: '                echo \"#undef NV_GET_USER_PAGES_REMOTE_HAS_LOCKED_ARG\" | append_conftest \"functions\"'
trace:         Preserving inserted line: '                rm -f conftest$$.o'
trace:       DiffOp::Equal: 9 line(s) aligned (hunk old_idx=0, file new_idx=4)
trace:         Equal: preserving target line: '                return'
trace:       Dynamic Indentation Update (Equal): Hunk='            ', Target='            '
trace:         Equal: preserving target line: '            fi'
trace:         Equal: preserving target line: ''
trace:         Appended 1 addition(s) after line 2
trace:         Equal: applying addition: '            #'
trace:         Equal: preserving target line: '            # conftest #2: check if get_user_pages_remote() has write and'
trace:         Equal: preserving target line: '            # force arguments. Return if these arguments are present'
trace:         Equal: preserving target line: '            # Fall through to conftest #3 if these args are absent.'
trace:         Appended 1 addition(s) after line 5
trace:         Equal: applying addition: '            #'
trace:         Equal: preserving target line: '            echo \"#define NV_GET_USER_PAGES_REMOTE_PRESENT\" | append_conftest \"functions\"'
trace:         Equal: preserving target line: '            echo \"$CONFTEST_PREAMBLE'
trace:         Equal: preserving target line: '            #include <linux/mm.h>'
trace:       DiffOp::Delete: 2 line(s) missing from target file (hunk old_idx=9)
warning:     Fuzzy match rejected: Tail context line(s) missing from target file.
debug:   Candidate 15/20 at HunkLocation { start_index: 3131, length: 13 } failed with ContextNotFound. Backtracking...
trace:   Evaluating candidate 16/20 at location HunkLocation { start_index: 3132, length: 13 } (match_type: Fuzzy { score: 0.8107438016528925 })
debug:   Found location HunkLocation { start_index: 3132, length: 13 } with match type Fuzzy { score: 0.8107438016528925 }. Applying changes.
debug:   try_apply_hunk_at_location: target line 3133 (length 13), match_type=Fuzzy { score: 0.8107438016528925 }, total target lines=5168.
trace: Hunk::get_match_block: extracted 11 match line(s)
trace:     Match block lines: 11 | Total hunk lines: 13
trace:     Target slice to replace: ["                echo \"#undef NV_GET_USER_PAGES_REMOTE_HAS_WRITE_AND_FORCE_ARGS\" | append_conftest \"functions\"", "                echo \"#undef NV_GET_USER_PAGES_REMOTE_HAS_LOCKED_ARG\" | append_conftest \"functions\"", "                rm -f conftest$$.o", "                return", "            fi", "", "            # conftest #2: check if get_user_pages_remote() has write and", "            # force arguments. Return if these arguments are present", "            # Fall through to conftest #3 if these args are absent.", "            echo \"#define NV_GET_USER_PAGES_REMOTE_PRESENT\" | append_conftest \"functions\"", "            echo \"$CONFTEST_PREAMBLE", "            #include <linux/mm.h>", "            long get_user_pages_remote(struct task_struct *tsk,"]
trace:     Ellipsis flags: has_ellipsis=false, is_literal_match=false, is_wildcard_gap_match=false
debug:     Applying hunk via robust reconstruction logic (preserving file context & adjusting indent).
trace:       Fuzzy match location: start=3132, len=13
trace:       File content in matched range (13 line(s)): ["                echo \"#undef NV_GET_USER_PAGES_REMOTE_HAS_WRITE_AND_FORCE_ARGS\" | append_conftest \"functions\"", "                echo \"#undef NV_GET_USER_PAGES_REMOTE_HAS_LOCKED_ARG\" | append_conftest \"functions\"", "                rm -f conftest$$.o", "                return", "            fi", "", "            # conftest #2: check if get_user_pages_remote() has write and", "            # force arguments. Return if these arguments are present", "            # Fall through to conftest #3 if these args are absent.", "            echo \"#define NV_GET_USER_PAGES_REMOTE_PRESENT\" | append_conftest \"functions\"", "            echo \"$CONFTEST_PREAMBLE", "            #include <linux/mm.h>", "            long get_user_pages_remote(struct task_struct *tsk,"]
trace:       Parsed hunk: 11 match line(s), 0 initial addition(s).
trace: Hunk::get_match_block: extracted 11 match line(s)
trace:       Computed diff between match block and file slice: 3 operation(s), similarity ratio=0.750
trace:       Initial Indentation Context: Hunk='                ', Target='                '
trace:       Active baseline indentation: hunk='                ', target='                '
trace:       DiffOp::Insert: preserving 3 local insertion line(s) from target file (new_idx=0)
trace:         Preserving inserted line: '                echo \"#undef NV_GET_USER_PAGES_REMOTE_HAS_WRITE_AND_FORCE_ARGS\" | append_conftest \"functions\"'
trace:         Preserving inserted line: '                echo \"#undef NV_GET_USER_PAGES_REMOTE_HAS_LOCKED_ARG\" | append_conftest \"functions\"'
trace:         Preserving inserted line: '                rm -f conftest$$.o'
trace:       DiffOp::Equal: 9 line(s) aligned (hunk old_idx=0, file new_idx=3)
trace:         Equal: preserving target line: '                return'
trace:       Dynamic Indentation Update (Equal): Hunk='            ', Target='            '
trace:         Equal: preserving target line: '            fi'
trace:         Equal: preserving target line: ''
trace:         Appended 1 addition(s) after line 2
trace:         Equal: applying addition: '            #'
trace:         Equal: preserving target line: '            # conftest #2: check if get_user_pages_remote() has write and'
trace:         Equal: preserving target line: '            # force arguments. Return if these arguments are present'
trace:         Equal: preserving target line: '            # Fall through to conftest #3 if these args are absent.'
trace:         Appended 1 addition(s) after line 5
trace:         Equal: applying addition: '            #'
trace:         Equal: preserving target line: '            echo \"#define NV_GET_USER_PAGES_REMOTE_PRESENT\" | append_conftest \"functions\"'
trace:         Equal: preserving target line: '            echo \"$CONFTEST_PREAMBLE'
trace:         Equal: preserving target line: '            #include <linux/mm.h>'
trace:       DiffOp::Replace: hunk lines 9..11 (len=2) vs file lines 12..13 (len=1)
trace:       Dynamic Indentation Update (Replace search): Hunk='', Target='            '
trace:         Multi-line replacement (hunk_len=2, target_len=1). Searching for statement alignment across line breaks...
trace: find_statement_match_in_block: attempting statement alignment for 2 line(s) against 1 target line(s)
trace: extract_primary_identifier: found call identifier 'get_user_pages_remote' in 'long get_user_pages_remote(struct task_struct *tsk,'
trace:   find_statement_match_in_block: comparing target line 1 ('long get_user_pages_remote(struct task_struct *tsk,'): word_ratio=0.000, char_ratio=0.000, combined=0.000
trace:         No single statement alignment found (has_context=true). Using block fallback heuristic.
warning:     Fuzzy match rejected: Tail context is unaligned in replacement block.
debug:   Candidate 16/20 at HunkLocation { start_index: 3132, length: 13 } failed with ContextNotFound. Backtracking...
trace:   Evaluating candidate 17/20 at location HunkLocation { start_index: 3133, length: 13 } (match_type: Fuzzy { score: 0.8107438016528925 })
debug:   Found location HunkLocation { start_index: 3133, length: 13 } with match type Fuzzy { score: 0.8107438016528925 }. Applying changes.
debug:   try_apply_hunk_at_location: target line 3134 (length 13), match_type=Fuzzy { score: 0.8107438016528925 }, total target lines=5168.
trace: Hunk::get_match_block: extracted 11 match line(s)
trace:     Match block lines: 11 | Total hunk lines: 13
trace:     Target slice to replace: ["                echo \"#undef NV_GET_USER_PAGES_REMOTE_HAS_LOCKED_ARG\" | append_conftest \"functions\"", "                rm -f conftest$$.o", "                return", "            fi", "", "            # conftest #2: check if get_user_pages_remote() has write and", "            # force arguments. Return if these arguments are present", "            # Fall through to conftest #3 if these args are absent.", "            echo \"#define NV_GET_USER_PAGES_REMOTE_PRESENT\" | append_conftest \"functions\"", "            echo \"$CONFTEST_PREAMBLE", "            #include <linux/mm.h>", "            long get_user_pages_remote(struct task_struct *tsk,", "                                       struct mm_struct *mm,"]
trace:     Ellipsis flags: has_ellipsis=false, is_literal_match=false, is_wildcard_gap_match=false
debug:     Applying hunk via robust reconstruction logic (preserving file context & adjusting indent).
trace:       Fuzzy match location: start=3133, len=13
trace:       File content in matched range (13 line(s)): ["                echo \"#undef NV_GET_USER_PAGES_REMOTE_HAS_LOCKED_ARG\" | append_conftest \"functions\"", "                rm -f conftest$$.o", "                return", "            fi", "", "            # conftest #2: check if get_user_pages_remote() has write and", "            # force arguments. Return if these arguments are present", "            # Fall through to conftest #3 if these args are absent.", "            echo \"#define NV_GET_USER_PAGES_REMOTE_PRESENT\" | append_conftest \"functions\"", "            echo \"$CONFTEST_PREAMBLE", "            #include <linux/mm.h>", "            long get_user_pages_remote(struct task_struct *tsk,", "                                       struct mm_struct *mm,"]
trace:       Parsed hunk: 11 match line(s), 0 initial addition(s).
trace: Hunk::get_match_block: extracted 11 match line(s)
trace:       Computed diff between match block and file slice: 3 operation(s), similarity ratio=0.750
trace:       Initial Indentation Context: Hunk='                ', Target='                '
trace:       Active baseline indentation: hunk='                ', target='                '
trace:       DiffOp::Insert: preserving 2 local insertion line(s) from target file (new_idx=0)
trace:         Preserving inserted line: '                echo \"#undef NV_GET_USER_PAGES_REMOTE_HAS_LOCKED_ARG\" | append_conftest \"functions\"'
trace:         Preserving inserted line: '                rm -f conftest$$.o'
trace:       DiffOp::Equal: 9 line(s) aligned (hunk old_idx=0, file new_idx=2)
trace:         Equal: preserving target line: '                return'
trace:       Dynamic Indentation Update (Equal): Hunk='            ', Target='            '
trace:         Equal: preserving target line: '            fi'
trace:         Equal: preserving target line: ''
trace:         Appended 1 addition(s) after line 2
trace:         Equal: applying addition: '            #'
trace:         Equal: preserving target line: '            # conftest #2: check if get_user_pages_remote() has write and'
trace:         Equal: preserving target line: '            # force arguments. Return if these arguments are present'
trace:         Equal: preserving target line: '            # Fall through to conftest #3 if these args are absent.'
trace:         Appended 1 addition(s) after line 5
trace:         Equal: applying addition: '            #'
trace:         Equal: preserving target line: '            echo \"#define NV_GET_USER_PAGES_REMOTE_PRESENT\" | append_conftest \"functions\"'
trace:         Equal: preserving target line: '            echo \"$CONFTEST_PREAMBLE'
trace:         Equal: preserving target line: '            #include <linux/mm.h>'
trace:       DiffOp::Replace: hunk lines 9..11 (len=2) vs file lines 11..13 (len=2)
trace:       Dynamic Indentation Update (Replace search): Hunk='', Target='            '
trace:         1-to-1 length replacement. Validating similarity of modified lines...
trace: extract_primary_identifier: found call identifier 'get_user_pages_remote' in 'long get_user_pages_remote(struct task_struct *tsk,'
trace:         1-to-1 replacement line validation [line 9]: is_removal=true, word_sim=0.000, char_sim=0.000
warning:     Fuzzy match rejected: Removal line "- " differs from target line "            long get_user_pages_remote(struct task_struct *tsk," (sim_words=0.000, sim_chars=0.000, required=0.500).
debug:   Candidate 17/20 at HunkLocation { start_index: 3133, length: 13 } failed with ContextNotFound. Backtracking...
trace:   Evaluating candidate 18/20 at location HunkLocation { start_index: 3134, length: 13 } (match_type: Fuzzy { score: 0.8107438016528925 })
debug:   Found location HunkLocation { start_index: 3134, length: 13 } with match type Fuzzy { score: 0.8107438016528925 }. Applying changes.
debug:   try_apply_hunk_at_location: target line 3135 (length 13), match_type=Fuzzy { score: 0.8107438016528925 }, total target lines=5168.
trace: Hunk::get_match_block: extracted 11 match line(s)
trace:     Match block lines: 11 | Total hunk lines: 13
trace:     Target slice to replace: ["                rm -f conftest$$.o", "                return", "            fi", "", "            # conftest #2: check if get_user_pages_remote() has write and", "            # force arguments. Return if these arguments are present", "            # Fall through to conftest #3 if these args are absent.", "            echo \"#define NV_GET_USER_PAGES_REMOTE_PRESENT\" | append_conftest \"functions\"", "            echo \"$CONFTEST_PREAMBLE", "            #include <linux/mm.h>", "            long get_user_pages_remote(struct task_struct *tsk,", "                                       struct mm_struct *mm,", "                                       unsigned long start,"]
trace:     Ellipsis flags: has_ellipsis=false, is_literal_match=false, is_wildcard_gap_match=false
debug:     Applying hunk via robust reconstruction logic (preserving file context & adjusting indent).
trace:       Fuzzy match location: start=3134, len=13
trace:       File content in matched range (13 line(s)): ["                rm -f conftest$$.o", "                return", "            fi", "", "            # conftest #2: check if get_user_pages_remote() has write and", "            # force arguments. Return if these arguments are present", "            # Fall through to conftest #3 if these args are absent.", "            echo \"#define NV_GET_USER_PAGES_REMOTE_PRESENT\" | append_conftest \"functions\"", "            echo \"$CONFTEST_PREAMBLE", "            #include <linux/mm.h>", "            long get_user_pages_remote(struct task_struct *tsk,", "                                       struct mm_struct *mm,", "                                       unsigned long start,"]
trace:       Parsed hunk: 11 match line(s), 0 initial addition(s).
trace: Hunk::get_match_block: extracted 11 match line(s)
trace:       Computed diff between match block and file slice: 3 operation(s), similarity ratio=0.750
trace:       Initial Indentation Context: Hunk='                ', Target='                '
trace:       Active baseline indentation: hunk='                ', target='                '
trace:       DiffOp::Insert: preserving 1 local insertion line(s) from target file (new_idx=0)
trace:         Preserving inserted line: '                rm -f conftest$$.o'
trace:       DiffOp::Equal: 9 line(s) aligned (hunk old_idx=0, file new_idx=1)
trace:         Equal: preserving target line: '                return'
trace:       Dynamic Indentation Update (Equal): Hunk='            ', Target='            '
trace:         Equal: preserving target line: '            fi'
trace:         Equal: preserving target line: ''
trace:         Appended 1 addition(s) after line 2
trace:         Equal: applying addition: '            #'
trace:         Equal: preserving target line: '            # conftest #2: check if get_user_pages_remote() has write and'
trace:         Equal: preserving target line: '            # force arguments. Return if these arguments are present'
trace:         Equal: preserving target line: '            # Fall through to conftest #3 if these args are absent.'
trace:         Appended 1 addition(s) after line 5
trace:         Equal: applying addition: '            #'
trace:         Equal: preserving target line: '            echo \"#define NV_GET_USER_PAGES_REMOTE_PRESENT\" | append_conftest \"functions\"'
trace:         Equal: preserving target line: '            echo \"$CONFTEST_PREAMBLE'
trace:         Equal: preserving target line: '            #include <linux/mm.h>'
trace:       DiffOp::Replace: hunk lines 9..11 (len=2) vs file lines 10..13 (len=3)
trace:       Dynamic Indentation Update (Replace search): Hunk='', Target='            '
trace:         Multi-line replacement (hunk_len=2, target_len=3). Searching for statement alignment across line breaks...
trace: find_statement_match_in_block: attempting statement alignment for 2 line(s) against 3 target line(s)
trace: extract_primary_identifier: found call identifier 'get_user_pages_remote' in 'long get_user_pages_remote(struct task_struct *tsk,'
trace:   find_statement_match_in_block: comparing target line 1 ('long get_user_pages_remote(struct task_struct *tsk,'): word_ratio=0.000, char_ratio=0.000, combined=0.000
trace: extract_primary_identifier: found definition identifier 'mm_struct' in 'struct mm_struct *mm,'
trace:   find_statement_match_in_block: comparing target line 2 ('struct mm_struct *mm,'): word_ratio=0.000, char_ratio=0.000, combined=0.000
trace:   find_statement_match_in_block: comparing target line 3 ('unsigned long start,'): word_ratio=0.000, char_ratio=0.000, combined=0.000
trace:         No single statement alignment found (has_context=true). Using block fallback heuristic.
warning:     Fuzzy match rejected: Tail context is unaligned in replacement block.
debug:   Candidate 18/20 at HunkLocation { start_index: 3134, length: 13 } failed with ContextNotFound. Backtracking...
trace:   Evaluating candidate 19/20 at location HunkLocation { start_index: 3130, length: 14 } (match_type: Fuzzy { score: 0.807024825456714 })
debug:   Found location HunkLocation { start_index: 3130, length: 14 } with match type Fuzzy { score: 0.807024825456714 }. Applying changes.
debug:   try_apply_hunk_at_location: target line 3131 (length 14), match_type=Fuzzy { score: 0.807024825456714 }, total target lines=5168.
trace: Hunk::get_match_block: extracted 11 match line(s)
trace:     Match block lines: 11 | Total hunk lines: 13
trace:     Target slice to replace: ["                echo \"#undef NV_GET_USER_PAGES_REMOTE_PRESENT\" | append_conftest \"functions\"", "                echo \"#undef NV_GET_USER_PAGES_REMOTE_HAS_TSK_ARG\" | append_conftest \"functions\"", "                echo \"#undef NV_GET_USER_PAGES_REMOTE_HAS_WRITE_AND_FORCE_ARGS\" | append_conftest \"functions\"", "                echo \"#undef NV_GET_USER_PAGES_REMOTE_HAS_LOCKED_ARG\" | append_conftest \"functions\"", "                rm -f conftest$$.o", "                return", "            fi", "", "            # conftest #2: check if get_user_pages_remote() has write and", "            # force arguments. Return if these arguments are present", "            # Fall through to conftest #3 if these args are absent.", "            echo \"#define NV_GET_USER_PAGES_REMOTE_PRESENT\" | append_conftest \"functions\"", "            echo \"$CONFTEST_PREAMBLE", "            #include <linux/mm.h>"]
trace:     Ellipsis flags: has_ellipsis=false, is_literal_match=false, is_wildcard_gap_match=false
debug:     Applying hunk via robust reconstruction logic (preserving file context & adjusting indent).
trace:       Fuzzy match location: start=3130, len=14
trace:       File content in matched range (14 line(s)): ["                echo \"#undef NV_GET_USER_PAGES_REMOTE_PRESENT\" | append_conftest \"functions\"", "                echo \"#undef NV_GET_USER_PAGES_REMOTE_HAS_TSK_ARG\" | append_conftest \"functions\"", "                echo \"#undef NV_GET_USER_PAGES_REMOTE_HAS_WRITE_AND_FORCE_ARGS\" | append_conftest \"functions\"", "                echo \"#undef NV_GET_USER_PAGES_REMOTE_HAS_LOCKED_ARG\" | append_conftest \"functions\"", "                rm -f conftest$$.o", "                return", "            fi", "", "            # conftest #2: check if get_user_pages_remote() has write and", "            # force arguments. Return if these arguments are present", "            # Fall through to conftest #3 if these args are absent.", "            echo \"#define NV_GET_USER_PAGES_REMOTE_PRESENT\" | append_conftest \"functions\"", "            echo \"$CONFTEST_PREAMBLE", "            #include <linux/mm.h>"]
trace:       Parsed hunk: 11 match line(s), 0 initial addition(s).
trace: Hunk::get_match_block: extracted 11 match line(s)
trace:       Computed diff between match block and file slice: 3 operation(s), similarity ratio=0.720
trace:       Initial Indentation Context: Hunk='                ', Target='                '
trace:       Active baseline indentation: hunk='                ', target='                '
trace:       DiffOp::Insert: preserving 5 local insertion line(s) from target file (new_idx=0)
trace:         Preserving inserted line: '                echo \"#undef NV_GET_USER_PAGES_REMOTE_PRESENT\" | append_conftest \"functions\"'
trace:         Preserving inserted line: '                echo \"#undef NV_GET_USER_PAGES_REMOTE_HAS_TSK_ARG\" | append_conftest \"functions\"'
trace:         Preserving inserted line: '                echo \"#undef NV_GET_USER_PAGES_REMOTE_HAS_WRITE_AND_FORCE_ARGS\" | append_conftest \"functions\"'
trace:         Preserving inserted line: '                echo \"#undef NV_GET_USER_PAGES_REMOTE_HAS_LOCKED_ARG\" | append_conftest \"functions\"'
trace:         Preserving inserted line: '                rm -f conftest$$.o'
trace:       DiffOp::Equal: 9 line(s) aligned (hunk old_idx=0, file new_idx=5)
trace:         Equal: preserving target line: '                return'
trace:       Dynamic Indentation Update (Equal): Hunk='            ', Target='            '
trace:         Equal: preserving target line: '            fi'
trace:         Equal: preserving target line: ''
trace:         Appended 1 addition(s) after line 2
trace:         Equal: applying addition: '            #'
trace:         Equal: preserving target line: '            # conftest #2: check if get_user_pages_remote() has write and'
trace:         Equal: preserving target line: '            # force arguments. Return if these arguments are present'
trace:         Equal: preserving target line: '            # Fall through to conftest #3 if these args are absent.'
trace:         Appended 1 addition(s) after line 5
trace:         Equal: applying addition: '            #'
trace:         Equal: preserving target line: '            echo \"#define NV_GET_USER_PAGES_REMOTE_PRESENT\" | append_conftest \"functions\"'
trace:         Equal: preserving target line: '            echo \"$CONFTEST_PREAMBLE'
trace:         Equal: preserving target line: '            #include <linux/mm.h>'
trace:       DiffOp::Delete: 2 line(s) missing from target file (hunk old_idx=9)
warning:     Fuzzy match rejected: Tail context line(s) missing from target file.
debug:   Candidate 19/20 at HunkLocation { start_index: 3130, length: 14 } failed with ContextNotFound. Backtracking...
trace:   Evaluating candidate 20/20 at location HunkLocation { start_index: 3131, length: 14 } (match_type: Fuzzy { score: 0.807024825456714 })
debug:   Found location HunkLocation { start_index: 3131, length: 14 } with match type Fuzzy { score: 0.807024825456714 }. Applying changes.
debug:   try_apply_hunk_at_location: target line 3132 (length 14), match_type=Fuzzy { score: 0.807024825456714 }, total target lines=5168.
trace: Hunk::get_match_block: extracted 11 match line(s)
trace:     Match block lines: 11 | Total hunk lines: 13
trace:     Target slice to replace: ["                echo \"#undef NV_GET_USER_PAGES_REMOTE_HAS_TSK_ARG\" | append_conftest \"functions\"", "                echo \"#undef NV_GET_USER_PAGES_REMOTE_HAS_WRITE_AND_FORCE_ARGS\" | append_conftest \"functions\"", "                echo \"#undef NV_GET_USER_PAGES_REMOTE_HAS_LOCKED_ARG\" | append_conftest \"functions\"", "                rm -f conftest$$.o", "                return", "            fi", "", "            # conftest #2: check if get_user_pages_remote() has write and", "            # force arguments. Return if these arguments are present", "            # Fall through to conftest #3 if these args are absent.", "            echo \"#define NV_GET_USER_PAGES_REMOTE_PRESENT\" | append_conftest \"functions\"", "            echo \"$CONFTEST_PREAMBLE", "            #include <linux/mm.h>", "            long get_user_pages_remote(struct task_struct *tsk,"]
trace:     Ellipsis flags: has_ellipsis=false, is_literal_match=false, is_wildcard_gap_match=false
debug:     Applying hunk via robust reconstruction logic (preserving file context & adjusting indent).
trace:       Fuzzy match location: start=3131, len=14
trace:       File content in matched range (14 line(s)): ["                echo \"#undef NV_GET_USER_PAGES_REMOTE_HAS_TSK_ARG\" | append_conftest \"functions\"", "                echo \"#undef NV_GET_USER_PAGES_REMOTE_HAS_WRITE_AND_FORCE_ARGS\" | append_conftest \"functions\"", "                echo \"#undef NV_GET_USER_PAGES_REMOTE_HAS_LOCKED_ARG\" | append_conftest \"functions\"", "                rm -f conftest$$.o", "                return", "            fi", "", "            # conftest #2: check if get_user_pages_remote() has write and", "            # force arguments. Return if these arguments are present", "            # Fall through to conftest #3 if these args are absent.", "            echo \"#define NV_GET_USER_PAGES_REMOTE_PRESENT\" | append_conftest \"functions\"", "            echo \"$CONFTEST_PREAMBLE", "            #include <linux/mm.h>", "            long get_user_pages_remote(struct task_struct *tsk,"]
trace:       Parsed hunk: 11 match line(s), 0 initial addition(s).
trace: Hunk::get_match_block: extracted 11 match line(s)
trace:       Computed diff between match block and file slice: 3 operation(s), similarity ratio=0.720
trace:       Initial Indentation Context: Hunk='                ', Target='                '
trace:       Active baseline indentation: hunk='                ', target='                '
trace:       DiffOp::Insert: preserving 4 local insertion line(s) from target file (new_idx=0)
trace:         Preserving inserted line: '                echo \"#undef NV_GET_USER_PAGES_REMOTE_HAS_TSK_ARG\" | append_conftest \"functions\"'
trace:         Preserving inserted line: '                echo \"#undef NV_GET_USER_PAGES_REMOTE_HAS_WRITE_AND_FORCE_ARGS\" | append_conftest \"functions\"'
trace:         Preserving inserted line: '                echo \"#undef NV_GET_USER_PAGES_REMOTE_HAS_LOCKED_ARG\" | append_conftest \"functions\"'
trace:         Preserving inserted line: '                rm -f conftest$$.o'
trace:       DiffOp::Equal: 9 line(s) aligned (hunk old_idx=0, file new_idx=4)
trace:         Equal: preserving target line: '                return'
trace:       Dynamic Indentation Update (Equal): Hunk='            ', Target='            '
trace:         Equal: preserving target line: '            fi'
trace:         Equal: preserving target line: ''
trace:         Appended 1 addition(s) after line 2
trace:         Equal: applying addition: '            #'
trace:         Equal: preserving target line: '            # conftest #2: check if get_user_pages_remote() has write and'
trace:         Equal: preserving target line: '            # force arguments. Return if these arguments are present'
trace:         Equal: preserving target line: '            # Fall through to conftest #3 if these args are absent.'
trace:         Appended 1 addition(s) after line 5
trace:         Equal: applying addition: '            #'
trace:         Equal: preserving target line: '            echo \"#define NV_GET_USER_PAGES_REMOTE_PRESENT\" | append_conftest \"functions\"'
trace:         Equal: preserving target line: '            echo \"$CONFTEST_PREAMBLE'
trace:         Equal: preserving target line: '            #include <linux/mm.h>'
trace:       DiffOp::Replace: hunk lines 9..11 (len=2) vs file lines 13..14 (len=1)
trace:       Dynamic Indentation Update (Replace search): Hunk='', Target='            '
trace:         Multi-line replacement (hunk_len=2, target_len=1). Searching for statement alignment across line breaks...
trace: find_statement_match_in_block: attempting statement alignment for 2 line(s) against 1 target line(s)
trace: extract_primary_identifier: found call identifier 'get_user_pages_remote' in 'long get_user_pages_remote(struct task_struct *tsk,'
trace:   find_statement_match_in_block: comparing target line 1 ('long get_user_pages_remote(struct task_struct *tsk,'): word_ratio=0.000, char_ratio=0.000, combined=0.000
trace:         No single statement alignment found (has_context=true). Using block fallback heuristic.
warning:     Fuzzy match rejected: Tail context is unaligned in replacement block.
debug:   Candidate 20/20 at HunkLocation { start_index: 3131, length: 14 } failed with ContextNotFound. Backtracking...
debug:   Strict application failed for all 20 candidate(s). Retrying with fallback context reconciliation...
trace:   Evaluating candidate 1/20 with lenient reconciliation at location HunkLocation { start_index: 3135, length: 9 }
debug:   Found location HunkLocation { start_index: 3135, length: 9 } with match type Fuzzy { score: 0.8999999761581421 }. Applying changes.
debug:   try_apply_hunk_at_location: target line 3136 (length 9), match_type=Fuzzy { score: 0.8999999761581421 }, total target lines=5168.
trace: Hunk::get_match_block: extracted 11 match line(s)
trace:     Match block lines: 11 | Total hunk lines: 13
trace:     Target slice to replace: ["                return", "            fi", "", "            # conftest #2: check if get_user_pages_remote() has write and", "            # force arguments. Return if these arguments are present", "            # Fall through to conftest #3 if these args are absent.", "            echo \"#define NV_GET_USER_PAGES_REMOTE_PRESENT\" | append_conftest \"functions\"", "            echo \"$CONFTEST_PREAMBLE", "            #include <linux/mm.h>"]
trace:     Ellipsis flags: has_ellipsis=false, is_literal_match=false, is_wildcard_gap_match=false
debug:     Applying hunk via robust reconstruction logic (preserving file context & adjusting indent).
trace:       Fuzzy match location: start=3135, len=9
trace:       File content in matched range (9 line(s)): ["                return", "            fi", "", "            # conftest #2: check if get_user_pages_remote() has write and", "            # force arguments. Return if these arguments are present", "            # Fall through to conftest #3 if these args are absent.", "            echo \"#define NV_GET_USER_PAGES_REMOTE_PRESENT\" | append_conftest \"functions\"", "            echo \"$CONFTEST_PREAMBLE", "            #include <linux/mm.h>"]
trace:       Parsed hunk: 11 match line(s), 0 initial addition(s).
trace: Hunk::get_match_block: extracted 11 match line(s)
trace: normalize_line_delimiters: '                return' -> 'return'
trace: normalize_line_delimiters: '            fi' -> 'fi'
trace: normalize_line_delimiters: '' -> ''
trace: normalize_line_delimiters: '            # conftest #2: check if get_user_pages_remote() has write and' -> '# conftest'
trace: normalize_line_delimiters: '            # force arguments. Return if these arguments are present' -> '# force arguments. Return if these arguments are present'
trace: normalize_line_delimiters: '            # Fall through to conftest #3 if these args are absent.' -> '# Fall through to conftest'
trace: normalize_line_delimiters: '            echo "#define NV_GET_USER_PAGES_REMOTE_PRESENT" | append_conftest "functions"' -> 'echo "#define NV_GET_USER_PAGES_REMOTE_PRESENT" | append_conftest "functions"'
trace: normalize_line_delimiters: '            echo "$CONFTEST_PREAMBLE' -> 'echo "$CONFTEST_PREAMBLE'
trace: normalize_line_delimiters: '            #include <linux/mm.h>' -> '#include <linux/mm.h>'
trace: normalize_line_delimiters: '- ' -> '-'
trace: normalize_line_delimiters: '2.20.1' -> '2.20.1'
trace: normalize_line_delimiters: '                return' -> 'return'
trace: normalize_line_delimiters: '            fi' -> 'fi'
trace: normalize_line_delimiters: '' -> ''
trace: normalize_line_delimiters: '            # conftest #2: check if get_user_pages_remote() has write and' -> '# conftest'
trace: normalize_line_delimiters: '            # force arguments. Return if these arguments are present' -> '# force arguments. Return if these arguments are present'
trace: normalize_line_delimiters: '            # Fall through to conftest #3 if these args are absent.' -> '# Fall through to conftest'
trace: normalize_line_delimiters: '            echo "#define NV_GET_USER_PAGES_REMOTE_PRESENT" | append_conftest "functions"' -> 'echo "#define NV_GET_USER_PAGES_REMOTE_PRESENT" | append_conftest "functions"'
trace: normalize_line_delimiters: '            echo "$CONFTEST_PREAMBLE' -> 'echo "$CONFTEST_PREAMBLE'
trace: normalize_line_delimiters: '            #include <linux/mm.h>' -> '#include <linux/mm.h>'
trace:       Computed diff between match block and file slice: 2 operation(s), similarity ratio=0.900
trace:       Initial Indentation Context: Hunk='                ', Target='                '
trace:       Active baseline indentation: hunk='                ', target='                '
trace:       DiffOp::Equal: 9 line(s) aligned (hunk old_idx=0, file new_idx=0)
trace:         Equal: preserving target line: '                return'
trace:       Dynamic Indentation Update (Equal): Hunk='            ', Target='            '
trace:         Equal: preserving target line: '            fi'
trace:         Equal: preserving target line: ''
trace:         Appended 1 addition(s) after line 2
trace:         Equal: applying addition: '            #'
trace:         Equal: preserving target line: '            # conftest #2: check if get_user_pages_remote() has write and'
trace:         Equal: preserving target line: '            # force arguments. Return if these arguments are present'
trace:         Equal: preserving target line: '            # Fall through to conftest #3 if these args are absent.'
trace:         Appended 1 addition(s) after line 5
trace:         Equal: applying addition: '            #'
trace:         Equal: preserving target line: '            echo \"#define NV_GET_USER_PAGES_REMOTE_PRESENT\" | append_conftest \"functions\"'
trace:         Equal: preserving target line: '            echo \"$CONFTEST_PREAMBLE'
trace:         Equal: preserving target line: '            #include <linux/mm.h>'
trace:       DiffOp::Delete: 2 line(s) missing from target file (hunk old_idx=9)
warning:     Fuzzy match rejected: Tail context line(s) missing from target file.
trace:   Evaluating candidate 2/20 with lenient reconciliation at location HunkLocation { start_index: 3134, length: 10 }
debug:   Found location HunkLocation { start_index: 3134, length: 10 } with match type Fuzzy { score: 0.8571428656578064 }. Applying changes.
debug:   try_apply_hunk_at_location: target line 3135 (length 10), match_type=Fuzzy { score: 0.8571428656578064 }, total target lines=5168.
trace: Hunk::get_match_block: extracted 11 match line(s)
trace:     Match block lines: 11 | Total hunk lines: 13
trace:     Target slice to replace: ["                rm -f conftest$$.o", "                return", "            fi", "", "            # conftest #2: check if get_user_pages_remote() has write and", "            # force arguments. Return if these arguments are present", "            # Fall through to conftest #3 if these args are absent.", "            echo \"#define NV_GET_USER_PAGES_REMOTE_PRESENT\" | append_conftest \"functions\"", "            echo \"$CONFTEST_PREAMBLE", "            #include <linux/mm.h>"]
trace:     Ellipsis flags: has_ellipsis=false, is_literal_match=false, is_wildcard_gap_match=false
debug:     Applying hunk via robust reconstruction logic (preserving file context & adjusting indent).
trace:       Fuzzy match location: start=3134, len=10
trace:       File content in matched range (10 line(s)): ["                rm -f conftest$$.o", "                return", "            fi", "", "            # conftest #2: check if get_user_pages_remote() has write and", "            # force arguments. Return if these arguments are present", "            # Fall through to conftest #3 if these args are absent.", "            echo \"#define NV_GET_USER_PAGES_REMOTE_PRESENT\" | append_conftest \"functions\"", "            echo \"$CONFTEST_PREAMBLE", "            #include <linux/mm.h>"]
trace:       Parsed hunk: 11 match line(s), 0 initial addition(s).
trace: Hunk::get_match_block: extracted 11 match line(s)
trace: normalize_line_delimiters: '                return' -> 'return'
trace: normalize_line_delimiters: '            fi' -> 'fi'
trace: normalize_line_delimiters: '' -> ''
trace: normalize_line_delimiters: '            # conftest #2: check if get_user_pages_remote() has write and' -> '# conftest'
trace: normalize_line_delimiters: '            # force arguments. Return if these arguments are present' -> '# force arguments. Return if these arguments are present'
trace: normalize_line_delimiters: '            # Fall through to conftest #3 if these args are absent.' -> '# Fall through to conftest'
trace: normalize_line_delimiters: '            echo "#define NV_GET_USER_PAGES_REMOTE_PRESENT" | append_conftest "functions"' -> 'echo "#define NV_GET_USER_PAGES_REMOTE_PRESENT" | append_conftest "functions"'
trace: normalize_line_delimiters: '            echo "$CONFTEST_PREAMBLE' -> 'echo "$CONFTEST_PREAMBLE'
trace: normalize_line_delimiters: '            #include <linux/mm.h>' -> '#include <linux/mm.h>'
trace: normalize_line_delimiters: '- ' -> '-'
trace: normalize_line_delimiters: '2.20.1' -> '2.20.1'
trace: normalize_line_delimiters: '                rm -f conftest$$.o' -> 'rm -f conftest$$.o'
trace: normalize_line_delimiters: '                return' -> 'return'
trace: normalize_line_delimiters: '            fi' -> 'fi'
trace: normalize_line_delimiters: '' -> ''
trace: normalize_line_delimiters: '            # conftest #2: check if get_user_pages_remote() has write and' -> '# conftest'
trace: normalize_line_delimiters: '            # force arguments. Return if these arguments are present' -> '# force arguments. Return if these arguments are present'
trace: normalize_line_delimiters: '            # Fall through to conftest #3 if these args are absent.' -> '# Fall through to conftest'
trace: normalize_line_delimiters: '            echo "#define NV_GET_USER_PAGES_REMOTE_PRESENT" | append_conftest "functions"' -> 'echo "#define NV_GET_USER_PAGES_REMOTE_PRESENT" | append_conftest "functions"'
trace: normalize_line_delimiters: '            echo "$CONFTEST_PREAMBLE' -> 'echo "$CONFTEST_PREAMBLE'
trace: normalize_line_delimiters: '            #include <linux/mm.h>' -> '#include <linux/mm.h>'
trace:       Computed diff between match block and file slice: 3 operation(s), similarity ratio=0.857
trace:       Initial Indentation Context: Hunk='                ', Target='                '
trace:       Active baseline indentation: hunk='                ', target='                '
trace:       DiffOp::Insert: preserving 1 local insertion line(s) from target file (new_idx=0)
trace:         Preserving inserted line: '                rm -f conftest$$.o'
trace:       DiffOp::Equal: 9 line(s) aligned (hunk old_idx=0, file new_idx=1)
trace:         Equal: preserving target line: '                return'
trace:       Dynamic Indentation Update (Equal): Hunk='            ', Target='            '
trace:         Equal: preserving target line: '            fi'
trace:         Equal: preserving target line: ''
trace:         Appended 1 addition(s) after line 2
trace:         Equal: applying addition: '            #'
trace:         Equal: preserving target line: '            # conftest #2: check if get_user_pages_remote() has write and'
trace:         Equal: preserving target line: '            # force arguments. Return if these arguments are present'
trace:         Equal: preserving target line: '            # Fall through to conftest #3 if these args are absent.'
trace:         Appended 1 addition(s) after line 5
trace:         Equal: applying addition: '            #'
trace:         Equal: preserving target line: '            echo \"#define NV_GET_USER_PAGES_REMOTE_PRESENT\" | append_conftest \"functions\"'
trace:         Equal: preserving target line: '            echo \"$CONFTEST_PREAMBLE'
trace:         Equal: preserving target line: '            #include <linux/mm.h>'
trace:       DiffOp::Delete: 2 line(s) missing from target file (hunk old_idx=9)
warning:     Fuzzy match rejected: Tail context line(s) missing from target file.
trace:   Evaluating candidate 3/20 with lenient reconciliation at location HunkLocation { start_index: 3135, length: 10 }
debug:   Found location HunkLocation { start_index: 3135, length: 10 } with match type Fuzzy { score: 0.8571428656578064 }. Applying changes.
debug:   try_apply_hunk_at_location: target line 3136 (length 10), match_type=Fuzzy { score: 0.8571428656578064 }, total target lines=5168.
trace: Hunk::get_match_block: extracted 11 match line(s)
trace:     Match block lines: 11 | Total hunk lines: 13
trace:     Target slice to replace: ["                return", "            fi", "", "            # conftest #2: check if get_user_pages_remote() has write and", "            # force arguments. Return if these arguments are present", "            # Fall through to conftest #3 if these args are absent.", "            echo \"#define NV_GET_USER_PAGES_REMOTE_PRESENT\" | append_conftest \"functions\"", "            echo \"$CONFTEST_PREAMBLE", "            #include <linux/mm.h>", "            long get_user_pages_remote(struct task_struct *tsk,"]
trace:     Ellipsis flags: has_ellipsis=false, is_literal_match=false, is_wildcard_gap_match=false
debug:     Applying hunk via robust reconstruction logic (preserving file context & adjusting indent).
trace:       Fuzzy match location: start=3135, len=10
trace:       File content in matched range (10 line(s)): ["                return", "            fi", "", "            # conftest #2: check if get_user_pages_remote() has write and", "            # force arguments. Return if these arguments are present", "            # Fall through to conftest #3 if these args are absent.", "            echo \"#define NV_GET_USER_PAGES_REMOTE_PRESENT\" | append_conftest \"functions\"", "            echo \"$CONFTEST_PREAMBLE", "            #include <linux/mm.h>", "            long get_user_pages_remote(struct task_struct *tsk,"]
trace:       Parsed hunk: 11 match line(s), 0 initial addition(s).
trace: Hunk::get_match_block: extracted 11 match line(s)
trace: normalize_line_delimiters: '                return' -> 'return'
trace: normalize_line_delimiters: '            fi' -> 'fi'
trace: normalize_line_delimiters: '' -> ''
trace: normalize_line_delimiters: '            # conftest #2: check if get_user_pages_remote() has write and' -> '# conftest'
trace: normalize_line_delimiters: '            # force arguments. Return if these arguments are present' -> '# force arguments. Return if these arguments are present'
trace: normalize_line_delimiters: '            # Fall through to conftest #3 if these args are absent.' -> '# Fall through to conftest'
trace: normalize_line_delimiters: '            echo "#define NV_GET_USER_PAGES_REMOTE_PRESENT" | append_conftest "functions"' -> 'echo "#define NV_GET_USER_PAGES_REMOTE_PRESENT" | append_conftest "functions"'
trace: normalize_line_delimiters: '            echo "$CONFTEST_PREAMBLE' -> 'echo "$CONFTEST_PREAMBLE'
trace: normalize_line_delimiters: '            #include <linux/mm.h>' -> '#include <linux/mm.h>'
trace: normalize_line_delimiters: '- ' -> '-'
trace: normalize_line_delimiters: '2.20.1' -> '2.20.1'
trace: normalize_line_delimiters: '                return' -> 'return'
trace: normalize_line_delimiters: '            fi' -> 'fi'
trace: normalize_line_delimiters: '' -> ''
trace: normalize_line_delimiters: '            # conftest #2: check if get_user_pages_remote() has write and' -> '# conftest'
trace: normalize_line_delimiters: '            # force arguments. Return if these arguments are present' -> '# force arguments. Return if these arguments are present'
trace: normalize_line_delimiters: '            # Fall through to conftest #3 if these args are absent.' -> '# Fall through to conftest'
trace: normalize_line_delimiters: '            echo "#define NV_GET_USER_PAGES_REMOTE_PRESENT" | append_conftest "functions"' -> 'echo "#define NV_GET_USER_PAGES_REMOTE_PRESENT" | append_conftest "functions"'
trace: normalize_line_delimiters: '            echo "$CONFTEST_PREAMBLE' -> 'echo "$CONFTEST_PREAMBLE'
trace: normalize_line_delimiters: '            #include <linux/mm.h>' -> '#include <linux/mm.h>'
trace: normalize_line_delimiters: '            long get_user_pages_remote(struct task_struct *tsk,' -> 'long get_user_pages_remote(struct task_struct *tsk'
trace:       Computed diff between match block and file slice: 2 operation(s), similarity ratio=0.857
trace:       Initial Indentation Context: Hunk='                ', Target='                '
trace:       Active baseline indentation: hunk='                ', target='                '
trace:       DiffOp::Equal: 9 line(s) aligned (hunk old_idx=0, file new_idx=0)
trace:         Equal: preserving target line: '                return'
trace:       Dynamic Indentation Update (Equal): Hunk='            ', Target='            '
trace:         Equal: preserving target line: '            fi'
trace:         Equal: preserving target line: ''
trace:         Appended 1 addition(s) after line 2
trace:         Equal: applying addition: '            #'
trace:         Equal: preserving target line: '            # conftest #2: check if get_user_pages_remote() has write and'
trace:         Equal: preserving target line: '            # force arguments. Return if these arguments are present'
trace:         Equal: preserving target line: '            # Fall through to conftest #3 if these args are absent.'
trace:         Appended 1 addition(s) after line 5
trace:         Equal: applying addition: '            #'
trace:         Equal: preserving target line: '            echo \"#define NV_GET_USER_PAGES_REMOTE_PRESENT\" | append_conftest \"functions\"'
trace:         Equal: preserving target line: '            echo \"$CONFTEST_PREAMBLE'
trace:         Equal: preserving target line: '            #include <linux/mm.h>'
trace:       DiffOp::Replace: hunk lines 9..11 (len=2) vs file lines 9..10 (len=1)
trace:       Dynamic Indentation Update (Replace search): Hunk='', Target='            '
trace:         Multi-line replacement (hunk_len=2, target_len=1). Searching for statement alignment across line breaks...
trace: find_statement_match_in_block: attempting statement alignment for 2 line(s) against 1 target line(s)
trace: extract_primary_identifier: found call identifier 'get_user_pages_remote' in 'long get_user_pages_remote(struct task_struct *tsk,'
trace:   find_statement_match_in_block: comparing target line 1 ('long get_user_pages_remote(struct task_struct *tsk,'): word_ratio=0.000, char_ratio=0.000, combined=0.000
trace:         No single statement alignment found (has_context=true). Using block fallback heuristic.
warning:     Fuzzy match rejected: Tail context is unaligned in replacement block.
trace:   Evaluating candidate 4/20 with lenient reconciliation at location HunkLocation { start_index: 3135, length: 8 }
debug:   Found location HunkLocation { start_index: 3135, length: 8 } with match type Fuzzy { score: 0.8421052694320679 }. Applying changes.
debug:   try_apply_hunk_at_location: target line 3136 (length 8), match_type=Fuzzy { score: 0.8421052694320679 }, total target lines=5168.
trace: Hunk::get_match_block: extracted 11 match line(s)
trace:     Match block lines: 11 | Total hunk lines: 13
trace:     Target slice to replace: ["                return", "            fi", "", "            # conftest #2: check if get_user_pages_remote() has write and", "            # force arguments. Return if these arguments are present", "            # Fall through to conftest #3 if these args are absent.", "            echo \"#define NV_GET_USER_PAGES_REMOTE_PRESENT\" | append_conftest \"functions\"", "            echo \"$CONFTEST_PREAMBLE"]
trace:     Ellipsis flags: has_ellipsis=false, is_literal_match=false, is_wildcard_gap_match=false
debug:     Applying hunk via robust reconstruction logic (preserving file context & adjusting indent).
trace:       Fuzzy match location: start=3135, len=8
trace:       File content in matched range (8 line(s)): ["                return", "            fi", "", "            # conftest #2: check if get_user_pages_remote() has write and", "            # force arguments. Return if these arguments are present", "            # Fall through to conftest #3 if these args are absent.", "            echo \"#define NV_GET_USER_PAGES_REMOTE_PRESENT\" | append_conftest \"functions\"", "            echo \"$CONFTEST_PREAMBLE"]
trace:       Parsed hunk: 11 match line(s), 0 initial addition(s).
trace: Hunk::get_match_block: extracted 11 match line(s)
trace: normalize_line_delimiters: '                return' -> 'return'
trace: normalize_line_delimiters: '            fi' -> 'fi'
trace: normalize_line_delimiters: '' -> ''
trace: normalize_line_delimiters: '            # conftest #2: check if get_user_pages_remote() has write and' -> '# conftest'
trace: normalize_line_delimiters: '            # force arguments. Return if these arguments are present' -> '# force arguments. Return if these arguments are present'
trace: normalize_line_delimiters: '            # Fall through to conftest #3 if these args are absent.' -> '# Fall through to conftest'
trace: normalize_line_delimiters: '            echo "#define NV_GET_USER_PAGES_REMOTE_PRESENT" | append_conftest "functions"' -> 'echo "#define NV_GET_USER_PAGES_REMOTE_PRESENT" | append_conftest "functions"'
trace: normalize_line_delimiters: '            echo "$CONFTEST_PREAMBLE' -> 'echo "$CONFTEST_PREAMBLE'
trace: normalize_line_delimiters: '            #include <linux/mm.h>' -> '#include <linux/mm.h>'
trace: normalize_line_delimiters: '- ' -> '-'
trace: normalize_line_delimiters: '2.20.1' -> '2.20.1'
trace: normalize_line_delimiters: '                return' -> 'return'
trace: normalize_line_delimiters: '            fi' -> 'fi'
trace: normalize_line_delimiters: '' -> ''
trace: normalize_line_delimiters: '            # conftest #2: check if get_user_pages_remote() has write and' -> '# conftest'
trace: normalize_line_delimiters: '            # force arguments. Return if these arguments are present' -> '# force arguments. Return if these arguments are present'
trace: normalize_line_delimiters: '            # Fall through to conftest #3 if these args are absent.' -> '# Fall through to conftest'
trace: normalize_line_delimiters: '            echo "#define NV_GET_USER_PAGES_REMOTE_PRESENT" | append_conftest "functions"' -> 'echo "#define NV_GET_USER_PAGES_REMOTE_PRESENT" | append_conftest "functions"'
trace: normalize_line_delimiters: '            echo "$CONFTEST_PREAMBLE' -> 'echo "$CONFTEST_PREAMBLE'
trace:       Computed diff between match block and file slice: 2 operation(s), similarity ratio=0.842
trace:       Initial Indentation Context: Hunk='                ', Target='                '
trace:       Active baseline indentation: hunk='                ', target='                '
trace:       DiffOp::Equal: 8 line(s) aligned (hunk old_idx=0, file new_idx=0)
trace:         Equal: preserving target line: '                return'
trace:       Dynamic Indentation Update (Equal): Hunk='            ', Target='            '
trace:         Equal: preserving target line: '            fi'
trace:         Equal: preserving target line: ''
trace:         Appended 1 addition(s) after line 2
trace:         Equal: applying addition: '            #'
trace:         Equal: preserving target line: '            # conftest #2: check if get_user_pages_remote() has write and'
trace:         Equal: preserving target line: '            # force arguments. Return if these arguments are present'
trace:         Equal: preserving target line: '            # Fall through to conftest #3 if these args are absent.'
trace:         Appended 1 addition(s) after line 5
trace:         Equal: applying addition: '            #'
trace:         Equal: preserving target line: '            echo \"#define NV_GET_USER_PAGES_REMOTE_PRESENT\" | append_conftest \"functions\"'
trace:         Equal: preserving target line: '            echo \"$CONFTEST_PREAMBLE'
trace:       DiffOp::Delete: 3 line(s) missing from target file (hunk old_idx=8)
warning:     Fuzzy match rejected: Tail context line(s) missing from target file.
trace:   Evaluating candidate 5/20 with lenient reconciliation at location HunkLocation { start_index: 3136, length: 8 }
debug:   Found location HunkLocation { start_index: 3136, length: 8 } with match type Fuzzy { score: 0.8421052694320679 }. Applying changes.
debug:   try_apply_hunk_at_location: target line 3137 (length 8), match_type=Fuzzy { score: 0.8421052694320679 }, total target lines=5168.
trace: Hunk::get_match_block: extracted 11 match line(s)
trace:     Match block lines: 11 | Total hunk lines: 13
trace:     Target slice to replace: ["            fi", "", "            # conftest #2: check if get_user_pages_remote() has write and", "            # force arguments. Return if these arguments are present", "            # Fall through to conftest #3 if these args are absent.", "            echo \"#define NV_GET_USER_PAGES_REMOTE_PRESENT\" | append_conftest \"functions\"", "            echo \"$CONFTEST_PREAMBLE", "            #include <linux/mm.h>"]
trace:     Ellipsis flags: has_ellipsis=false, is_literal_match=false, is_wildcard_gap_match=false
debug:     Applying hunk via robust reconstruction logic (preserving file context & adjusting indent).
trace:       Fuzzy match location: start=3136, len=8
trace:       File content in matched range (8 line(s)): ["            fi", "", "            # conftest #2: check if get_user_pages_remote() has write and", "            # force arguments. Return if these arguments are present", "            # Fall through to conftest #3 if these args are absent.", "            echo \"#define NV_GET_USER_PAGES_REMOTE_PRESENT\" | append_conftest \"functions\"", "            echo \"$CONFTEST_PREAMBLE", "            #include <linux/mm.h>"]
trace:       Parsed hunk: 11 match line(s), 0 initial addition(s).
trace: Hunk::get_match_block: extracted 11 match line(s)
trace: normalize_line_delimiters: '                return' -> 'return'
trace: normalize_line_delimiters: '            fi' -> 'fi'
trace: normalize_line_delimiters: '' -> ''
trace: normalize_line_delimiters: '            # conftest #2: check if get_user_pages_remote() has write and' -> '# conftest'
trace: normalize_line_delimiters: '            # force arguments. Return if these arguments are present' -> '# force arguments. Return if these arguments are present'
trace: normalize_line_delimiters: '            # Fall through to conftest #3 if these args are absent.' -> '# Fall through to conftest'
trace: normalize_line_delimiters: '            echo "#define NV_GET_USER_PAGES_REMOTE_PRESENT" | append_conftest "functions"' -> 'echo "#define NV_GET_USER_PAGES_REMOTE_PRESENT" | append_conftest "functions"'
trace: normalize_line_delimiters: '            echo "$CONFTEST_PREAMBLE' -> 'echo "$CONFTEST_PREAMBLE'
trace: normalize_line_delimiters: '            #include <linux/mm.h>' -> '#include <linux/mm.h>'
trace: normalize_line_delimiters: '- ' -> '-'
trace: normalize_line_delimiters: '2.20.1' -> '2.20.1'
trace: normalize_line_delimiters: '            fi' -> 'fi'
trace: normalize_line_delimiters: '' -> ''
trace: normalize_line_delimiters: '            # conftest #2: check if get_user_pages_remote() has write and' -> '# conftest'
trace: normalize_line_delimiters: '            # force arguments. Return if these arguments are present' -> '# force arguments. Return if these arguments are present'
trace: normalize_line_delimiters: '            # Fall through to conftest #3 if these args are absent.' -> '# Fall through to conftest'
trace: normalize_line_delimiters: '            echo "#define NV_GET_USER_PAGES_REMOTE_PRESENT" | append_conftest "functions"' -> 'echo "#define NV_GET_USER_PAGES_REMOTE_PRESENT" | append_conftest "functions"'
trace: normalize_line_delimiters: '            echo "$CONFTEST_PREAMBLE' -> 'echo "$CONFTEST_PREAMBLE'
trace: normalize_line_delimiters: '            #include <linux/mm.h>' -> '#include <linux/mm.h>'
trace:       Computed diff between match block and file slice: 3 operation(s), similarity ratio=0.842
trace:       Initial Indentation Context: Hunk='            ', Target='            '
trace:       Active baseline indentation: hunk='            ', target='            '
trace:       DiffOp::Delete: 1 line(s) missing from target file (hunk old_idx=0)
trace:         Skipping stale context line missing in target: "                return"
trace:       DiffOp::Equal: 8 line(s) aligned (hunk old_idx=1, file new_idx=0)
trace:         Equal: preserving target line: '            fi'
trace:         Equal: preserving target line: ''
trace:         Appended 1 addition(s) after line 2
trace:         Equal: applying addition: '            #'
trace:         Equal: preserving target line: '            # conftest #2: check if get_user_pages_remote() has write and'
trace:         Equal: preserving target line: '            # force arguments. Return if these arguments are present'
trace:         Equal: preserving target line: '            # Fall through to conftest #3 if these args are absent.'
trace:         Appended 1 addition(s) after line 5
trace:         Equal: applying addition: '            #'
trace:         Equal: preserving target line: '            echo \"#define NV_GET_USER_PAGES_REMOTE_PRESENT\" | append_conftest \"functions\"'
trace:         Equal: preserving target line: '            echo \"$CONFTEST_PREAMBLE'
trace:         Equal: preserving target line: '            #include <linux/mm.h>'
trace:       DiffOp::Delete: 2 line(s) missing from target file (hunk old_idx=9)
warning:     Fuzzy match rejected: Tail context line(s) missing from target file.
trace:   Evaluating candidate 6/20 with lenient reconciliation at location HunkLocation { start_index: 3133, length: 11 }
debug:   Found location HunkLocation { start_index: 3133, length: 11 } with match type Fuzzy { score: 0.8181818127632141 }. Applying changes.
debug:   try_apply_hunk_at_location: target line 3134 (length 11), match_type=Fuzzy { score: 0.8181818127632141 }, total target lines=5168.
trace: Hunk::get_match_block: extracted 11 match line(s)
trace:     Match block lines: 11 | Total hunk lines: 13
trace:     Target slice to replace: ["                echo \"#undef NV_GET_USER_PAGES_REMOTE_HAS_LOCKED_ARG\" | append_conftest \"functions\"", "                rm -f conftest$$.o", "                return", "            fi", "", "            # conftest #2: check if get_user_pages_remote() has write and", "            # force arguments. Return if these arguments are present", "            # Fall through to conftest #3 if these args are absent.", "            echo \"#define NV_GET_USER_PAGES_REMOTE_PRESENT\" | append_conftest \"functions\"", "            echo \"$CONFTEST_PREAMBLE", "            #include <linux/mm.h>"]
trace:     Ellipsis flags: has_ellipsis=false, is_literal_match=false, is_wildcard_gap_match=false
debug:     Applying hunk via robust reconstruction logic (preserving file context & adjusting indent).
trace:       Fuzzy match location: start=3133, len=11
trace:       File content in matched range (11 line(s)): ["                echo \"#undef NV_GET_USER_PAGES_REMOTE_HAS_LOCKED_ARG\" | append_conftest \"functions\"", "                rm -f conftest$$.o", "                return", "            fi", "", "            # conftest #2: check if get_user_pages_remote() has write and", "            # force arguments. Return if these arguments are present", "            # Fall through to conftest #3 if these args are absent.", "            echo \"#define NV_GET_USER_PAGES_REMOTE_PRESENT\" | append_conftest \"functions\"", "            echo \"$CONFTEST_PREAMBLE", "            #include <linux/mm.h>"]
trace:       Parsed hunk: 11 match line(s), 0 initial addition(s).
trace: Hunk::get_match_block: extracted 11 match line(s)
trace: normalize_line_delimiters: '                return' -> 'return'
trace: normalize_line_delimiters: '            fi' -> 'fi'
trace: normalize_line_delimiters: '' -> ''
trace: normalize_line_delimiters: '            # conftest #2: check if get_user_pages_remote() has write and' -> '# conftest'
trace: normalize_line_delimiters: '            # force arguments. Return if these arguments are present' -> '# force arguments. Return if these arguments are present'
trace: normalize_line_delimiters: '            # Fall through to conftest #3 if these args are absent.' -> '# Fall through to conftest'
trace: normalize_line_delimiters: '            echo "#define NV_GET_USER_PAGES_REMOTE_PRESENT" | append_conftest "functions"' -> 'echo "#define NV_GET_USER_PAGES_REMOTE_PRESENT" | append_conftest "functions"'
trace: normalize_line_delimiters: '            echo "$CONFTEST_PREAMBLE' -> 'echo "$CONFTEST_PREAMBLE'
trace: normalize_line_delimiters: '            #include <linux/mm.h>' -> '#include <linux/mm.h>'
trace: normalize_line_delimiters: '- ' -> '-'
trace: normalize_line_delimiters: '2.20.1' -> '2.20.1'
trace: normalize_line_delimiters: '                echo "#undef NV_GET_USER_PAGES_REMOTE_HAS_LOCKED_ARG" | append_conftest "functions"' -> 'echo "#undef NV_GET_USER_PAGES_REMOTE_HAS_LOCKED_ARG" | append_conftest "functions"'
trace: normalize_line_delimiters: '                rm -f conftest$$.o' -> 'rm -f conftest$$.o'
trace: normalize_line_delimiters: '                return' -> 'return'
trace: normalize_line_delimiters: '            fi' -> 'fi'
trace: normalize_line_delimiters: '' -> ''
trace: normalize_line_delimiters: '            # conftest #2: check if get_user_pages_remote() has write and' -> '# conftest'
trace: normalize_line_delimiters: '            # force arguments. Return if these arguments are present' -> '# force arguments. Return if these arguments are present'
trace: normalize_line_delimiters: '            # Fall through to conftest #3 if these args are absent.' -> '# Fall through to conftest'
trace: normalize_line_delimiters: '            echo "#define NV_GET_USER_PAGES_REMOTE_PRESENT" | append_conftest "functions"' -> 'echo "#define NV_GET_USER_PAGES_REMOTE_PRESENT" | append_conftest "functions"'
trace: normalize_line_delimiters: '            echo "$CONFTEST_PREAMBLE' -> 'echo "$CONFTEST_PREAMBLE'
trace: normalize_line_delimiters: '            #include <linux/mm.h>' -> '#include <linux/mm.h>'
trace:       Computed diff between match block and file slice: 3 operation(s), similarity ratio=0.818
trace:       Initial Indentation Context: Hunk='                ', Target='                '
trace:       Active baseline indentation: hunk='                ', target='                '
trace:       DiffOp::Insert: preserving 2 local insertion line(s) from target file (new_idx=0)
trace:         Preserving inserted line: '                echo \"#undef NV_GET_USER_PAGES_REMOTE_HAS_LOCKED_ARG\" | append_conftest \"functions\"'
trace:         Preserving inserted line: '                rm -f conftest$$.o'
trace:       DiffOp::Equal: 9 line(s) aligned (hunk old_idx=0, file new_idx=2)
trace:         Equal: preserving target line: '                return'
trace:       Dynamic Indentation Update (Equal): Hunk='            ', Target='            '
trace:         Equal: preserving target line: '            fi'
trace:         Equal: preserving target line: ''
trace:         Appended 1 addition(s) after line 2
trace:         Equal: applying addition: '            #'
trace:         Equal: preserving target line: '            # conftest #2: check if get_user_pages_remote() has write and'
trace:         Equal: preserving target line: '            # force arguments. Return if these arguments are present'
trace:         Equal: preserving target line: '            # Fall through to conftest #3 if these args are absent.'
trace:         Appended 1 addition(s) after line 5
trace:         Equal: applying addition: '            #'
trace:         Equal: preserving target line: '            echo \"#define NV_GET_USER_PAGES_REMOTE_PRESENT\" | append_conftest \"functions\"'
trace:         Equal: preserving target line: '            echo \"$CONFTEST_PREAMBLE'
trace:         Equal: preserving target line: '            #include <linux/mm.h>'
trace:       DiffOp::Delete: 2 line(s) missing from target file (hunk old_idx=9)
warning:     Fuzzy match rejected: Tail context line(s) missing from target file.
trace:   Evaluating candidate 7/20 with lenient reconciliation at location HunkLocation { start_index: 3134, length: 11 }
debug:   Found location HunkLocation { start_index: 3134, length: 11 } with match type Fuzzy { score: 0.8181818127632141 }. Applying changes.
debug:   try_apply_hunk_at_location: target line 3135 (length 11), match_type=Fuzzy { score: 0.8181818127632141 }, total target lines=5168.
trace: Hunk::get_match_block: extracted 11 match line(s)
trace:     Match block lines: 11 | Total hunk lines: 13
trace:     Target slice to replace: ["                rm -f conftest$$.o", "                return", "            fi", "", "            # conftest #2: check if get_user_pages_remote() has write and", "            # force arguments. Return if these arguments are present", "            # Fall through to conftest #3 if these args are absent.", "            echo \"#define NV_GET_USER_PAGES_REMOTE_PRESENT\" | append_conftest \"functions\"", "            echo \"$CONFTEST_PREAMBLE", "            #include <linux/mm.h>", "            long get_user_pages_remote(struct task_struct *tsk,"]
trace:     Ellipsis flags: has_ellipsis=false, is_literal_match=false, is_wildcard_gap_match=false
debug:     Applying hunk via robust reconstruction logic (preserving file context & adjusting indent).
trace:       Fuzzy match location: start=3134, len=11
trace:       File content in matched range (11 line(s)): ["                rm -f conftest$$.o", "                return", "            fi", "", "            # conftest #2: check if get_user_pages_remote() has write and", "            # force arguments. Return if these arguments are present", "            # Fall through to conftest #3 if these args are absent.", "            echo \"#define NV_GET_USER_PAGES_REMOTE_PRESENT\" | append_conftest \"functions\"", "            echo \"$CONFTEST_PREAMBLE", "            #include <linux/mm.h>", "            long get_user_pages_remote(struct task_struct *tsk,"]
trace:       Parsed hunk: 11 match line(s), 0 initial addition(s).
trace: Hunk::get_match_block: extracted 11 match line(s)
trace: normalize_line_delimiters: '                return' -> 'return'
trace: normalize_line_delimiters: '            fi' -> 'fi'
trace: normalize_line_delimiters: '' -> ''
trace: normalize_line_delimiters: '            # conftest #2: check if get_user_pages_remote() has write and' -> '# conftest'
trace: normalize_line_delimiters: '            # force arguments. Return if these arguments are present' -> '# force arguments. Return if these arguments are present'
trace: normalize_line_delimiters: '            # Fall through to conftest #3 if these args are absent.' -> '# Fall through to conftest'
trace: normalize_line_delimiters: '            echo "#define NV_GET_USER_PAGES_REMOTE_PRESENT" | append_conftest "functions"' -> 'echo "#define NV_GET_USER_PAGES_REMOTE_PRESENT" | append_conftest "functions"'
trace: normalize_line_delimiters: '            echo "$CONFTEST_PREAMBLE' -> 'echo "$CONFTEST_PREAMBLE'
trace: normalize_line_delimiters: '            #include <linux/mm.h>' -> '#include <linux/mm.h>'
trace: normalize_line_delimiters: '- ' -> '-'
trace: normalize_line_delimiters: '2.20.1' -> '2.20.1'
trace: normalize_line_delimiters: '                rm -f conftest$$.o' -> 'rm -f conftest$$.o'
trace: normalize_line_delimiters: '                return' -> 'return'
trace: normalize_line_delimiters: '            fi' -> 'fi'
trace: normalize_line_delimiters: '' -> ''
trace: normalize_line_delimiters: '            # conftest #2: check if get_user_pages_remote() has write and' -> '# conftest'
trace: normalize_line_delimiters: '            # force arguments. Return if these arguments are present' -> '# force arguments. Return if these arguments are present'
trace: normalize_line_delimiters: '            # Fall through to conftest #3 if these args are absent.' -> '# Fall through to conftest'
trace: normalize_line_delimiters: '            echo "#define NV_GET_USER_PAGES_REMOTE_PRESENT" | append_conftest "functions"' -> 'echo "#define NV_GET_USER_PAGES_REMOTE_PRESENT" | append_conftest "functions"'
trace: normalize_line_delimiters: '            echo "$CONFTEST_PREAMBLE' -> 'echo "$CONFTEST_PREAMBLE'
trace: normalize_line_delimiters: '            #include <linux/mm.h>' -> '#include <linux/mm.h>'
trace: normalize_line_delimiters: '            long get_user_pages_remote(struct task_struct *tsk,' -> 'long get_user_pages_remote(struct task_struct *tsk'
trace:       Computed diff between match block and file slice: 3 operation(s), similarity ratio=0.818
trace:       Initial Indentation Context: Hunk='                ', Target='                '
trace:       Active baseline indentation: hunk='                ', target='                '
trace:       DiffOp::Insert: preserving 1 local insertion line(s) from target file (new_idx=0)
trace:         Preserving inserted line: '                rm -f conftest$$.o'
trace:       DiffOp::Equal: 9 line(s) aligned (hunk old_idx=0, file new_idx=1)
trace:         Equal: preserving target line: '                return'
trace:       Dynamic Indentation Update (Equal): Hunk='            ', Target='            '
trace:         Equal: preserving target line: '            fi'
trace:         Equal: preserving target line: ''
trace:         Appended 1 addition(s) after line 2
trace:         Equal: applying addition: '            #'
trace:         Equal: preserving target line: '            # conftest #2: check if get_user_pages_remote() has write and'
trace:         Equal: preserving target line: '            # force arguments. Return if these arguments are present'
trace:         Equal: preserving target line: '            # Fall through to conftest #3 if these args are absent.'
trace:         Appended 1 addition(s) after line 5
trace:         Equal: applying addition: '            #'
trace:         Equal: preserving target line: '            echo \"#define NV_GET_USER_PAGES_REMOTE_PRESENT\" | append_conftest \"functions\"'
trace:         Equal: preserving target line: '            echo \"$CONFTEST_PREAMBLE'
trace:         Equal: preserving target line: '            #include <linux/mm.h>'
trace:       DiffOp::Replace: hunk lines 9..11 (len=2) vs file lines 10..11 (len=1)
trace:       Dynamic Indentation Update (Replace search): Hunk='', Target='            '
trace:         Multi-line replacement (hunk_len=2, target_len=1). Searching for statement alignment across line breaks...
trace: find_statement_match_in_block: attempting statement alignment for 2 line(s) against 1 target line(s)
trace: extract_primary_identifier: found call identifier 'get_user_pages_remote' in 'long get_user_pages_remote(struct task_struct *tsk,'
trace:   find_statement_match_in_block: comparing target line 1 ('long get_user_pages_remote(struct task_struct *tsk,'): word_ratio=0.000, char_ratio=0.000, combined=0.000
trace:         No single statement alignment found (has_context=true). Using block fallback heuristic.
warning:     Fuzzy match rejected: Tail context is unaligned in replacement block.
trace:   Evaluating candidate 8/20 with lenient reconciliation at location HunkLocation { start_index: 3135, length: 11 }
debug:   Found location HunkLocation { start_index: 3135, length: 11 } with match type Fuzzy { score: 0.8181818127632141 }. Applying changes.
debug:   try_apply_hunk_at_location: target line 3136 (length 11), match_type=Fuzzy { score: 0.8181818127632141 }, total target lines=5168.
trace: Hunk::get_match_block: extracted 11 match line(s)
trace:     Match block lines: 11 | Total hunk lines: 13
trace:     Target slice to replace: ["                return", "            fi", "", "            # conftest #2: check if get_user_pages_remote() has write and", "            # force arguments. Return if these arguments are present", "            # Fall through to conftest #3 if these args are absent.", "            echo \"#define NV_GET_USER_PAGES_REMOTE_PRESENT\" | append_conftest \"functions\"", "            echo \"$CONFTEST_PREAMBLE", "            #include <linux/mm.h>", "            long get_user_pages_remote(struct task_struct *tsk,", "                                       struct mm_struct *mm,"]
trace:     Ellipsis flags: has_ellipsis=false, is_literal_match=false, is_wildcard_gap_match=false
debug:     Applying hunk via robust reconstruction logic (preserving file context & adjusting indent).
trace:       Fuzzy match location: start=3135, len=11
trace:       File content in matched range (11 line(s)): ["                return", "            fi", "", "            # conftest #2: check if get_user_pages_remote() has write and", "            # force arguments. Return if these arguments are present", "            # Fall through to conftest #3 if these args are absent.", "            echo \"#define NV_GET_USER_PAGES_REMOTE_PRESENT\" | append_conftest \"functions\"", "            echo \"$CONFTEST_PREAMBLE", "            #include <linux/mm.h>", "            long get_user_pages_remote(struct task_struct *tsk,", "                                       struct mm_struct *mm,"]
trace:       Parsed hunk: 11 match line(s), 0 initial addition(s).
trace: Hunk::get_match_block: extracted 11 match line(s)
trace: normalize_line_delimiters: '                return' -> 'return'
trace: normalize_line_delimiters: '            fi' -> 'fi'
trace: normalize_line_delimiters: '' -> ''
trace: normalize_line_delimiters: '            # conftest #2: check if get_user_pages_remote() has write and' -> '# conftest'
trace: normalize_line_delimiters: '            # force arguments. Return if these arguments are present' -> '# force arguments. Return if these arguments are present'
trace: normalize_line_delimiters: '            # Fall through to conftest #3 if these args are absent.' -> '# Fall through to conftest'
trace: normalize_line_delimiters: '            echo "#define NV_GET_USER_PAGES_REMOTE_PRESENT" | append_conftest "functions"' -> 'echo "#define NV_GET_USER_PAGES_REMOTE_PRESENT" | append_conftest "functions"'
trace: normalize_line_delimiters: '            echo "$CONFTEST_PREAMBLE' -> 'echo "$CONFTEST_PREAMBLE'
trace: normalize_line_delimiters: '            #include <linux/mm.h>' -> '#include <linux/mm.h>'
trace: normalize_line_delimiters: '- ' -> '-'
trace: normalize_line_delimiters: '2.20.1' -> '2.20.1'
trace: normalize_line_delimiters: '                return' -> 'return'
trace: normalize_line_delimiters: '            fi' -> 'fi'
trace: normalize_line_delimiters: '' -> ''
trace: normalize_line_delimiters: '            # conftest #2: check if get_user_pages_remote() has write and' -> '# conftest'
trace: normalize_line_delimiters: '            # force arguments. Return if these arguments are present' -> '# force arguments. Return if these arguments are present'
trace: normalize_line_delimiters: '            # Fall through to conftest #3 if these args are absent.' -> '# Fall through to conftest'
trace: normalize_line_delimiters: '            echo "#define NV_GET_USER_PAGES_REMOTE_PRESENT" | append_conftest "functions"' -> 'echo "#define NV_GET_USER_PAGES_REMOTE_PRESENT" | append_conftest "functions"'
trace: normalize_line_delimiters: '            echo "$CONFTEST_PREAMBLE' -> 'echo "$CONFTEST_PREAMBLE'
trace: normalize_line_delimiters: '            #include <linux/mm.h>' -> '#include <linux/mm.h>'
trace: normalize_line_delimiters: '            long get_user_pages_remote(struct task_struct *tsk,' -> 'long get_user_pages_remote(struct task_struct *tsk'
trace: normalize_line_delimiters: '                                       struct mm_struct *mm,' -> 'struct mm_struct *mm'
trace:       Computed diff between match block and file slice: 2 operation(s), similarity ratio=0.818
trace:       Initial Indentation Context: Hunk='                ', Target='                '
trace:       Active baseline indentation: hunk='                ', target='                '
trace:       DiffOp::Equal: 9 line(s) aligned (hunk old_idx=0, file new_idx=0)
trace:         Equal: preserving target line: '                return'
trace:       Dynamic Indentation Update (Equal): Hunk='            ', Target='            '
trace:         Equal: preserving target line: '            fi'
trace:         Equal: preserving target line: ''
trace:         Appended 1 addition(s) after line 2
trace:         Equal: applying addition: '            #'
trace:         Equal: preserving target line: '            # conftest #2: check if get_user_pages_remote() has write and'
trace:         Equal: preserving target line: '            # force arguments. Return if these arguments are present'
trace:         Equal: preserving target line: '            # Fall through to conftest #3 if these args are absent.'
trace:         Appended 1 addition(s) after line 5
trace:         Equal: applying addition: '            #'
trace:         Equal: preserving target line: '            echo \"#define NV_GET_USER_PAGES_REMOTE_PRESENT\" | append_conftest \"functions\"'
trace:         Equal: preserving target line: '            echo \"$CONFTEST_PREAMBLE'
trace:         Equal: preserving target line: '            #include <linux/mm.h>'
trace:       DiffOp::Replace: hunk lines 9..11 (len=2) vs file lines 9..11 (len=2)
trace:       Dynamic Indentation Update (Replace search): Hunk='', Target='            '
trace:         1-to-1 length replacement. Validating similarity of modified lines...
trace: extract_primary_identifier: found call identifier 'get_user_pages_remote' in 'long get_user_pages_remote(struct task_struct *tsk'
trace:         1-to-1 replacement line validation [line 9]: is_removal=true, word_sim=0.000, char_sim=0.000
trace: normalize_line_delimiters: '-' -> '-'
trace: normalize_line_delimiters: 'long get_user_pages_remote(struct task_struct *tsk' -> 'long get_user_pages_remote(struct task_struct *tsk'
warning:     Fuzzy match rejected: Removal line "- " differs from target line "            long get_user_pages_remote(struct task_struct *tsk," (sim_words=0.000, sim_chars=0.000, required=0.350).
trace:   Evaluating candidate 9/20 with lenient reconciliation at location HunkLocation { start_index: 3138, length: 8 }
debug:   Found location HunkLocation { start_index: 3138, length: 8 } with match type Fuzzy { score: 0.8178827524185179 }. Applying changes.
debug:   try_apply_hunk_at_location: target line 3139 (length 8), match_type=Fuzzy { score: 0.8178827524185179 }, total target lines=5168.
trace: Hunk::get_match_block: extracted 11 match line(s)
trace:     Match block lines: 11 | Total hunk lines: 13
trace:     Target slice to replace: ["            # conftest #2: check if get_user_pages_remote() has write and", "            # force arguments. Return if these arguments are present", "            # Fall through to conftest #3 if these args are absent.", "            echo \"#define NV_GET_USER_PAGES_REMOTE_PRESENT\" | append_conftest \"functions\"", "            echo \"$CONFTEST_PREAMBLE", "            #include <linux/mm.h>", "            long get_user_pages_remote(struct task_struct *tsk,", "                                       struct mm_struct *mm,"]
trace:     Ellipsis flags: has_ellipsis=false, is_literal_match=false, is_wildcard_gap_match=false
debug:     Applying hunk via robust reconstruction logic (preserving file context & adjusting indent).
trace:       Fuzzy match location: start=3138, len=8
trace:       File content in matched range (8 line(s)): ["            # conftest #2: check if get_user_pages_remote() has write and", "            # force arguments. Return if these arguments are present", "            # Fall through to conftest #3 if these args are absent.", "            echo \"#define NV_GET_USER_PAGES_REMOTE_PRESENT\" | append_conftest \"functions\"", "            echo \"$CONFTEST_PREAMBLE", "            #include <linux/mm.h>", "            long get_user_pages_remote(struct task_struct *tsk,", "                                       struct mm_struct *mm,"]
trace:       Parsed hunk: 11 match line(s), 0 initial addition(s).
trace: Hunk::get_match_block: extracted 11 match line(s)
trace: normalize_line_delimiters: '                return' -> 'return'
trace: normalize_line_delimiters: '            fi' -> 'fi'
trace: normalize_line_delimiters: '' -> ''
trace: normalize_line_delimiters: '            # conftest #2: check if get_user_pages_remote() has write and' -> '# conftest'
trace: normalize_line_delimiters: '            # force arguments. Return if these arguments are present' -> '# force arguments. Return if these arguments are present'
trace: normalize_line_delimiters: '            # Fall through to conftest #3 if these args are absent.' -> '# Fall through to conftest'
trace: normalize_line_delimiters: '            echo "#define NV_GET_USER_PAGES_REMOTE_PRESENT" | append_conftest "functions"' -> 'echo "#define NV_GET_USER_PAGES_REMOTE_PRESENT" | append_conftest "functions"'
trace: normalize_line_delimiters: '            echo "$CONFTEST_PREAMBLE' -> 'echo "$CONFTEST_PREAMBLE'
trace: normalize_line_delimiters: '            #include <linux/mm.h>' -> '#include <linux/mm.h>'
trace: normalize_line_delimiters: '- ' -> '-'
trace: normalize_line_delimiters: '2.20.1' -> '2.20.1'
trace: normalize_line_delimiters: '            # conftest #2: check if get_user_pages_remote() has write and' -> '# conftest'
trace: normalize_line_delimiters: '            # force arguments. Return if these arguments are present' -> '# force arguments. Return if these arguments are present'
trace: normalize_line_delimiters: '            # Fall through to conftest #3 if these args are absent.' -> '# Fall through to conftest'
trace: normalize_line_delimiters: '            echo "#define NV_GET_USER_PAGES_REMOTE_PRESENT" | append_conftest "functions"' -> 'echo "#define NV_GET_USER_PAGES_REMOTE_PRESENT" | append_conftest "functions"'
trace: normalize_line_delimiters: '            echo "$CONFTEST_PREAMBLE' -> 'echo "$CONFTEST_PREAMBLE'
trace: normalize_line_delimiters: '            #include <linux/mm.h>' -> '#include <linux/mm.h>'
trace: normalize_line_delimiters: '            long get_user_pages_remote(struct task_struct *tsk,' -> 'long get_user_pages_remote(struct task_struct *tsk'
trace: normalize_line_delimiters: '                                       struct mm_struct *mm,' -> 'struct mm_struct *mm'
trace:       Computed diff between match block and file slice: 3 operation(s), similarity ratio=0.632
trace:       Initial Indentation Context: Hunk='            ', Target='            '
trace:       Active baseline indentation: hunk='            ', target='            '
trace:       DiffOp::Delete: 3 line(s) missing from target file (hunk old_idx=0)
warning:     Fuzzy match rejected: Head context line(s) missing from target file.
trace:   Evaluating candidate 10/20 with lenient reconciliation at location HunkLocation { start_index: 3132, length: 12 }
debug:   Found location HunkLocation { start_index: 3132, length: 12 } with match type Fuzzy { score: 0.8144628018263942 }. Applying changes.
debug:   try_apply_hunk_at_location: target line 3133 (length 12), match_type=Fuzzy { score: 0.8144628018263942 }, total target lines=5168.
trace: Hunk::get_match_block: extracted 11 match line(s)
trace:     Match block lines: 11 | Total hunk lines: 13
trace:     Target slice to replace: ["                echo \"#undef NV_GET_USER_PAGES_REMOTE_HAS_WRITE_AND_FORCE_ARGS\" | append_conftest \"functions\"", "                echo \"#undef NV_GET_USER_PAGES_REMOTE_HAS_LOCKED_ARG\" | append_conftest \"functions\"", "                rm -f conftest$$.o", "                return", "            fi", "", "            # conftest #2: check if get_user_pages_remote() has write and", "            # force arguments. Return if these arguments are present", "            # Fall through to conftest #3 if these args are absent.", "            echo \"#define NV_GET_USER_PAGES_REMOTE_PRESENT\" | append_conftest \"functions\"", "            echo \"$CONFTEST_PREAMBLE", "            #include <linux/mm.h>"]
trace:     Ellipsis flags: has_ellipsis=false, is_literal_match=false, is_wildcard_gap_match=false
debug:     Applying hunk via robust reconstruction logic (preserving file context & adjusting indent).
trace:       Fuzzy match location: start=3132, len=12
trace:       File content in matched range (12 line(s)): ["                echo \"#undef NV_GET_USER_PAGES_REMOTE_HAS_WRITE_AND_FORCE_ARGS\" | append_conftest \"functions\"", "                echo \"#undef NV_GET_USER_PAGES_REMOTE_HAS_LOCKED_ARG\" | append_conftest \"functions\"", "                rm -f conftest$$.o", "                return", "            fi", "", "            # conftest #2: check if get_user_pages_remote() has write and", "            # force arguments. Return if these arguments are present", "            # Fall through to conftest #3 if these args are absent.", "            echo \"#define NV_GET_USER_PAGES_REMOTE_PRESENT\" | append_conftest \"functions\"", "            echo \"$CONFTEST_PREAMBLE", "            #include <linux/mm.h>"]
trace:       Parsed hunk: 11 match line(s), 0 initial addition(s).
trace: Hunk::get_match_block: extracted 11 match line(s)
trace: normalize_line_delimiters: '                return' -> 'return'
trace: normalize_line_delimiters: '            fi' -> 'fi'
trace: normalize_line_delimiters: '' -> ''
trace: normalize_line_delimiters: '            # conftest #2: check if get_user_pages_remote() has write and' -> '# conftest'
trace: normalize_line_delimiters: '            # force arguments. Return if these arguments are present' -> '# force arguments. Return if these arguments are present'
trace: normalize_line_delimiters: '            # Fall through to conftest #3 if these args are absent.' -> '# Fall through to conftest'
trace: normalize_line_delimiters: '            echo "#define NV_GET_USER_PAGES_REMOTE_PRESENT" | append_conftest "functions"' -> 'echo "#define NV_GET_USER_PAGES_REMOTE_PRESENT" | append_conftest "functions"'
trace: normalize_line_delimiters: '            echo "$CONFTEST_PREAMBLE' -> 'echo "$CONFTEST_PREAMBLE'
trace: normalize_line_delimiters: '            #include <linux/mm.h>' -> '#include <linux/mm.h>'
trace: normalize_line_delimiters: '- ' -> '-'
trace: normalize_line_delimiters: '2.20.1' -> '2.20.1'
trace: normalize_line_delimiters: '                echo "#undef NV_GET_USER_PAGES_REMOTE_HAS_WRITE_AND_FORCE_ARGS" | append_conftest "functions"' -> 'echo "#undef NV_GET_USER_PAGES_REMOTE_HAS_WRITE_AND_FORCE_ARGS" | append_conftest "functions"'
trace: normalize_line_delimiters: '                echo "#undef NV_GET_USER_PAGES_REMOTE_HAS_LOCKED_ARG" | append_conftest "functions"' -> 'echo "#undef NV_GET_USER_PAGES_REMOTE_HAS_LOCKED_ARG" | append_conftest "functions"'
trace: normalize_line_delimiters: '                rm -f conftest$$.o' -> 'rm -f conftest$$.o'
trace: normalize_line_delimiters: '                return' -> 'return'
trace: normalize_line_delimiters: '            fi' -> 'fi'
trace: normalize_line_delimiters: '' -> ''
trace: normalize_line_delimiters: '            # conftest #2: check if get_user_pages_remote() has write and' -> '# conftest'
trace: normalize_line_delimiters: '            # force arguments. Return if these arguments are present' -> '# force arguments. Return if these arguments are present'
trace: normalize_line_delimiters: '            # Fall through to conftest #3 if these args are absent.' -> '# Fall through to conftest'
trace: normalize_line_delimiters: '            echo "#define NV_GET_USER_PAGES_REMOTE_PRESENT" | append_conftest "functions"' -> 'echo "#define NV_GET_USER_PAGES_REMOTE_PRESENT" | append_conftest "functions"'
trace: normalize_line_delimiters: '            echo "$CONFTEST_PREAMBLE' -> 'echo "$CONFTEST_PREAMBLE'
trace: normalize_line_delimiters: '            #include <linux/mm.h>' -> '#include <linux/mm.h>'
trace:       Computed diff between match block and file slice: 3 operation(s), similarity ratio=0.783
trace:       Initial Indentation Context: Hunk='                ', Target='                '
trace:       Active baseline indentation: hunk='                ', target='                '
trace:       DiffOp::Insert: preserving 3 local insertion line(s) from target file (new_idx=0)
trace:         Preserving inserted line: '                echo \"#undef NV_GET_USER_PAGES_REMOTE_HAS_WRITE_AND_FORCE_ARGS\" | append_conftest \"functions\"'
trace:         Preserving inserted line: '                echo \"#undef NV_GET_USER_PAGES_REMOTE_HAS_LOCKED_ARG\" | append_conftest \"functions\"'
trace:         Preserving inserted line: '                rm -f conftest$$.o'
trace:       DiffOp::Equal: 9 line(s) aligned (hunk old_idx=0, file new_idx=3)
trace:         Equal: preserving target line: '                return'
trace:       Dynamic Indentation Update (Equal): Hunk='            ', Target='            '
trace:         Equal: preserving target line: '            fi'
trace:         Equal: preserving target line: ''
trace:         Appended 1 addition(s) after line 2
trace:         Equal: applying addition: '            #'
trace:         Equal: preserving target line: '            # conftest #2: check if get_user_pages_remote() has write and'
trace:         Equal: preserving target line: '            # force arguments. Return if these arguments are present'
trace:         Equal: preserving target line: '            # Fall through to conftest #3 if these args are absent.'
trace:         Appended 1 addition(s) after line 5
trace:         Equal: applying addition: '            #'
trace:         Equal: preserving target line: '            echo \"#define NV_GET_USER_PAGES_REMOTE_PRESENT\" | append_conftest \"functions\"'
trace:         Equal: preserving target line: '            echo \"$CONFTEST_PREAMBLE'
trace:         Equal: preserving target line: '            #include <linux/mm.h>'
trace:       DiffOp::Delete: 2 line(s) missing from target file (hunk old_idx=9)
warning:     Fuzzy match rejected: Tail context line(s) missing from target file.
trace:   Evaluating candidate 11/20 with lenient reconciliation at location HunkLocation { start_index: 3133, length: 12 }
debug:   Found location HunkLocation { start_index: 3133, length: 12 } with match type Fuzzy { score: 0.8144628018263942 }. Applying changes.
debug:   try_apply_hunk_at_location: target line 3134 (length 12), match_type=Fuzzy { score: 0.8144628018263942 }, total target lines=5168.
trace: Hunk::get_match_block: extracted 11 match line(s)
trace:     Match block lines: 11 | Total hunk lines: 13
trace:     Target slice to replace: ["                echo \"#undef NV_GET_USER_PAGES_REMOTE_HAS_LOCKED_ARG\" | append_conftest \"functions\"", "                rm -f conftest$$.o", "                return", "            fi", "", "            # conftest #2: check if get_user_pages_remote() has write and", "            # force arguments. Return if these arguments are present", "            # Fall through to conftest #3 if these args are absent.", "            echo \"#define NV_GET_USER_PAGES_REMOTE_PRESENT\" | append_conftest \"functions\"", "            echo \"$CONFTEST_PREAMBLE", "            #include <linux/mm.h>", "            long get_user_pages_remote(struct task_struct *tsk,"]
trace:     Ellipsis flags: has_ellipsis=false, is_literal_match=false, is_wildcard_gap_match=false
debug:     Applying hunk via robust reconstruction logic (preserving file context & adjusting indent).
trace:       Fuzzy match location: start=3133, len=12
trace:       File content in matched range (12 line(s)): ["                echo \"#undef NV_GET_USER_PAGES_REMOTE_HAS_LOCKED_ARG\" | append_conftest \"functions\"", "                rm -f conftest$$.o", "                return", "            fi", "", "            # conftest #2: check if get_user_pages_remote() has write and", "            # force arguments. Return if these arguments are present", "            # Fall through to conftest #3 if these args are absent.", "            echo \"#define NV_GET_USER_PAGES_REMOTE_PRESENT\" | append_conftest \"functions\"", "            echo \"$CONFTEST_PREAMBLE", "            #include <linux/mm.h>", "            long get_user_pages_remote(struct task_struct *tsk,"]
trace:       Parsed hunk: 11 match line(s), 0 initial addition(s).
trace: Hunk::get_match_block: extracted 11 match line(s)
trace: normalize_line_delimiters: '                return' -> 'return'
trace: normalize_line_delimiters: '            fi' -> 'fi'
trace: normalize_line_delimiters: '' -> ''
trace: normalize_line_delimiters: '            # conftest #2: check if get_user_pages_remote() has write and' -> '# conftest'
trace: normalize_line_delimiters: '            # force arguments. Return if these arguments are present' -> '# force arguments. Return if these arguments are present'
trace: normalize_line_delimiters: '            # Fall through to conftest #3 if these args are absent.' -> '# Fall through to conftest'
trace: normalize_line_delimiters: '            echo "#define NV_GET_USER_PAGES_REMOTE_PRESENT" | append_conftest "functions"' -> 'echo "#define NV_GET_USER_PAGES_REMOTE_PRESENT" | append_conftest "functions"'
trace: normalize_line_delimiters: '            echo "$CONFTEST_PREAMBLE' -> 'echo "$CONFTEST_PREAMBLE'
trace: normalize_line_delimiters: '            #include <linux/mm.h>' -> '#include <linux/mm.h>'
trace: normalize_line_delimiters: '- ' -> '-'
trace: normalize_line_delimiters: '2.20.1' -> '2.20.1'
trace: normalize_line_delimiters: '                echo "#undef NV_GET_USER_PAGES_REMOTE_HAS_LOCKED_ARG" | append_conftest "functions"' -> 'echo "#undef NV_GET_USER_PAGES_REMOTE_HAS_LOCKED_ARG" | append_conftest "functions"'
trace: normalize_line_delimiters: '                rm -f conftest$$.o' -> 'rm -f conftest$$.o'
trace: normalize_line_delimiters: '                return' -> 'return'
trace: normalize_line_delimiters: '            fi' -> 'fi'
trace: normalize_line_delimiters: '' -> ''
trace: normalize_line_delimiters: '            # conftest #2: check if get_user_pages_remote() has write and' -> '# conftest'
trace: normalize_line_delimiters: '            # force arguments. Return if these arguments are present' -> '# force arguments. Return if these arguments are present'
trace: normalize_line_delimiters: '            # Fall through to conftest #3 if these args are absent.' -> '# Fall through to conftest'
trace: normalize_line_delimiters: '            echo "#define NV_GET_USER_PAGES_REMOTE_PRESENT" | append_conftest "functions"' -> 'echo "#define NV_GET_USER_PAGES_REMOTE_PRESENT" | append_conftest "functions"'
trace: normalize_line_delimiters: '            echo "$CONFTEST_PREAMBLE' -> 'echo "$CONFTEST_PREAMBLE'
trace: normalize_line_delimiters: '            #include <linux/mm.h>' -> '#include <linux/mm.h>'
trace: normalize_line_delimiters: '            long get_user_pages_remote(struct task_struct *tsk,' -> 'long get_user_pages_remote(struct task_struct *tsk'
trace:       Computed diff between match block and file slice: 3 operation(s), similarity ratio=0.783
trace:       Initial Indentation Context: Hunk='                ', Target='                '
trace:       Active baseline indentation: hunk='                ', target='                '
trace:       DiffOp::Insert: preserving 2 local insertion line(s) from target file (new_idx=0)
trace:         Preserving inserted line: '                echo \"#undef NV_GET_USER_PAGES_REMOTE_HAS_LOCKED_ARG\" | append_conftest \"functions\"'
trace:         Preserving inserted line: '                rm -f conftest$$.o'
trace:       DiffOp::Equal: 9 line(s) aligned (hunk old_idx=0, file new_idx=2)
trace:         Equal: preserving target line: '                return'
trace:       Dynamic Indentation Update (Equal): Hunk='            ', Target='            '
trace:         Equal: preserving target line: '            fi'
trace:         Equal: preserving target line: ''
trace:         Appended 1 addition(s) after line 2
trace:         Equal: applying addition: '            #'
trace:         Equal: preserving target line: '            # conftest #2: check if get_user_pages_remote() has write and'
trace:         Equal: preserving target line: '            # force arguments. Return if these arguments are present'
trace:         Equal: preserving target line: '            # Fall through to conftest #3 if these args are absent.'
trace:         Appended 1 addition(s) after line 5
trace:         Equal: applying addition: '            #'
trace:         Equal: preserving target line: '            echo \"#define NV_GET_USER_PAGES_REMOTE_PRESENT\" | append_conftest \"functions\"'
trace:         Equal: preserving target line: '            echo \"$CONFTEST_PREAMBLE'
trace:         Equal: preserving target line: '            #include <linux/mm.h>'
trace:       DiffOp::Replace: hunk lines 9..11 (len=2) vs file lines 11..12 (len=1)
trace:       Dynamic Indentation Update (Replace search): Hunk='', Target='            '
trace:         Multi-line replacement (hunk_len=2, target_len=1). Searching for statement alignment across line breaks...
trace: find_statement_match_in_block: attempting statement alignment for 2 line(s) against 1 target line(s)
trace: extract_primary_identifier: found call identifier 'get_user_pages_remote' in 'long get_user_pages_remote(struct task_struct *tsk,'
trace:   find_statement_match_in_block: comparing target line 1 ('long get_user_pages_remote(struct task_struct *tsk,'): word_ratio=0.000, char_ratio=0.000, combined=0.000
trace:         No single statement alignment found (has_context=true). Using block fallback heuristic.
warning:     Fuzzy match rejected: Tail context is unaligned in replacement block.
trace:   Evaluating candidate 12/20 with lenient reconciliation at location HunkLocation { start_index: 3134, length: 12 }
debug:   Found location HunkLocation { start_index: 3134, length: 12 } with match type Fuzzy { score: 0.8144628018263942 }. Applying changes.
debug:   try_apply_hunk_at_location: target line 3135 (length 12), match_type=Fuzzy { score: 0.8144628018263942 }, total target lines=5168.
trace: Hunk::get_match_block: extracted 11 match line(s)
trace:     Match block lines: 11 | Total hunk lines: 13
trace:     Target slice to replace: ["                rm -f conftest$$.o", "                return", "            fi", "", "            # conftest #2: check if get_user_pages_remote() has write and", "            # force arguments. Return if these arguments are present", "            # Fall through to conftest #3 if these args are absent.", "            echo \"#define NV_GET_USER_PAGES_REMOTE_PRESENT\" | append_conftest \"functions\"", "            echo \"$CONFTEST_PREAMBLE", "            #include <linux/mm.h>", "            long get_user_pages_remote(struct task_struct *tsk,", "                                       struct mm_struct *mm,"]
trace:     Ellipsis flags: has_ellipsis=false, is_literal_match=false, is_wildcard_gap_match=false
debug:     Applying hunk via robust reconstruction logic (preserving file context & adjusting indent).
trace:       Fuzzy match location: start=3134, len=12
trace:       File content in matched range (12 line(s)): ["                rm -f conftest$$.o", "                return", "            fi", "", "            # conftest #2: check if get_user_pages_remote() has write and", "            # force arguments. Return if these arguments are present", "            # Fall through to conftest #3 if these args are absent.", "            echo \"#define NV_GET_USER_PAGES_REMOTE_PRESENT\" | append_conftest \"functions\"", "            echo \"$CONFTEST_PREAMBLE", "            #include <linux/mm.h>", "            long get_user_pages_remote(struct task_struct *tsk,", "                                       struct mm_struct *mm,"]
trace:       Parsed hunk: 11 match line(s), 0 initial addition(s).
trace: Hunk::get_match_block: extracted 11 match line(s)
trace: normalize_line_delimiters: '                return' -> 'return'
trace: normalize_line_delimiters: '            fi' -> 'fi'
trace: normalize_line_delimiters: '' -> ''
trace: normalize_line_delimiters: '            # conftest #2: check if get_user_pages_remote() has write and' -> '# conftest'
trace: normalize_line_delimiters: '            # force arguments. Return if these arguments are present' -> '# force arguments. Return if these arguments are present'
trace: normalize_line_delimiters: '            # Fall through to conftest #3 if these args are absent.' -> '# Fall through to conftest'
trace: normalize_line_delimiters: '            echo "#define NV_GET_USER_PAGES_REMOTE_PRESENT" | append_conftest "functions"' -> 'echo "#define NV_GET_USER_PAGES_REMOTE_PRESENT" | append_conftest "functions"'
trace: normalize_line_delimiters: '            echo "$CONFTEST_PREAMBLE' -> 'echo "$CONFTEST_PREAMBLE'
trace: normalize_line_delimiters: '            #include <linux/mm.h>' -> '#include <linux/mm.h>'
trace: normalize_line_delimiters: '- ' -> '-'
trace: normalize_line_delimiters: '2.20.1' -> '2.20.1'
trace: normalize_line_delimiters: '                rm -f conftest$$.o' -> 'rm -f conftest$$.o'
trace: normalize_line_delimiters: '                return' -> 'return'
trace: normalize_line_delimiters: '            fi' -> 'fi'
trace: normalize_line_delimiters: '' -> ''
trace: normalize_line_delimiters: '            # conftest #2: check if get_user_pages_remote() has write and' -> '# conftest'
trace: normalize_line_delimiters: '            # force arguments. Return if these arguments are present' -> '# force arguments. Return if these arguments are present'
trace: normalize_line_delimiters: '            # Fall through to conftest #3 if these args are absent.' -> '# Fall through to conftest'
trace: normalize_line_delimiters: '            echo "#define NV_GET_USER_PAGES_REMOTE_PRESENT" | append_conftest "functions"' -> 'echo "#define NV_GET_USER_PAGES_REMOTE_PRESENT" | append_conftest "functions"'
trace: normalize_line_delimiters: '            echo "$CONFTEST_PREAMBLE' -> 'echo "$CONFTEST_PREAMBLE'
trace: normalize_line_delimiters: '            #include <linux/mm.h>' -> '#include <linux/mm.h>'
trace: normalize_line_delimiters: '            long get_user_pages_remote(struct task_struct *tsk,' -> 'long get_user_pages_remote(struct task_struct *tsk'
trace: normalize_line_delimiters: '                                       struct mm_struct *mm,' -> 'struct mm_struct *mm'
trace:       Computed diff between match block and file slice: 3 operation(s), similarity ratio=0.783
trace:       Initial Indentation Context: Hunk='                ', Target='                '
trace:       Active baseline indentation: hunk='                ', target='                '
trace:       DiffOp::Insert: preserving 1 local insertion line(s) from target file (new_idx=0)
trace:         Preserving inserted line: '                rm -f conftest$$.o'
trace:       DiffOp::Equal: 9 line(s) aligned (hunk old_idx=0, file new_idx=1)
trace:         Equal: preserving target line: '                return'
trace:       Dynamic Indentation Update (Equal): Hunk='            ', Target='            '
trace:         Equal: preserving target line: '            fi'
trace:         Equal: preserving target line: ''
trace:         Appended 1 addition(s) after line 2
trace:         Equal: applying addition: '            #'
trace:         Equal: preserving target line: '            # conftest #2: check if get_user_pages_remote() has write and'
trace:         Equal: preserving target line: '            # force arguments. Return if these arguments are present'
trace:         Equal: preserving target line: '            # Fall through to conftest #3 if these args are absent.'
trace:         Appended 1 addition(s) after line 5
trace:         Equal: applying addition: '            #'
trace:         Equal: preserving target line: '            echo \"#define NV_GET_USER_PAGES_REMOTE_PRESENT\" | append_conftest \"functions\"'
trace:         Equal: preserving target line: '            echo \"$CONFTEST_PREAMBLE'
trace:         Equal: preserving target line: '            #include <linux/mm.h>'
trace:       DiffOp::Replace: hunk lines 9..11 (len=2) vs file lines 10..12 (len=2)
trace:       Dynamic Indentation Update (Replace search): Hunk='', Target='            '
trace:         1-to-1 length replacement. Validating similarity of modified lines...
trace: extract_primary_identifier: found call identifier 'get_user_pages_remote' in 'long get_user_pages_remote(struct task_struct *tsk'
trace:         1-to-1 replacement line validation [line 9]: is_removal=true, word_sim=0.000, char_sim=0.000
trace: normalize_line_delimiters: '-' -> '-'
trace: normalize_line_delimiters: 'long get_user_pages_remote(struct task_struct *tsk' -> 'long get_user_pages_remote(struct task_struct *tsk'
warning:     Fuzzy match rejected: Removal line "- " differs from target line "            long get_user_pages_remote(struct task_struct *tsk," (sim_words=0.000, sim_chars=0.000, required=0.350).
trace:   Evaluating candidate 13/20 with lenient reconciliation at location HunkLocation { start_index: 3135, length: 12 }
debug:   Found location HunkLocation { start_index: 3135, length: 12 } with match type Fuzzy { score: 0.8144628018263942 }. Applying changes.
debug:   try_apply_hunk_at_location: target line 3136 (length 12), match_type=Fuzzy { score: 0.8144628018263942 }, total target lines=5168.
trace: Hunk::get_match_block: extracted 11 match line(s)
trace:     Match block lines: 11 | Total hunk lines: 13
trace:     Target slice to replace: ["                return", "            fi", "", "            # conftest #2: check if get_user_pages_remote() has write and", "            # force arguments. Return if these arguments are present", "            # Fall through to conftest #3 if these args are absent.", "            echo \"#define NV_GET_USER_PAGES_REMOTE_PRESENT\" | append_conftest \"functions\"", "            echo \"$CONFTEST_PREAMBLE", "            #include <linux/mm.h>", "            long get_user_pages_remote(struct task_struct *tsk,", "                                       struct mm_struct *mm,", "                                       unsigned long start,"]
trace:     Ellipsis flags: has_ellipsis=false, is_literal_match=false, is_wildcard_gap_match=false
debug:     Applying hunk via robust reconstruction logic (preserving file context & adjusting indent).
trace:       Fuzzy match location: start=3135, len=12
trace:       File content in matched range (12 line(s)): ["                return", "            fi", "", "            # conftest #2: check if get_user_pages_remote() has write and", "            # force arguments. Return if these arguments are present", "            # Fall through to conftest #3 if these args are absent.", "            echo \"#define NV_GET_USER_PAGES_REMOTE_PRESENT\" | append_conftest \"functions\"", "            echo \"$CONFTEST_PREAMBLE", "            #include <linux/mm.h>", "            long get_user_pages_remote(struct task_struct *tsk,", "                                       struct mm_struct *mm,", "                                       unsigned long start,"]
trace:       Parsed hunk: 11 match line(s), 0 initial addition(s).
trace: Hunk::get_match_block: extracted 11 match line(s)
trace: normalize_line_delimiters: '                return' -> 'return'
trace: normalize_line_delimiters: '            fi' -> 'fi'
trace: normalize_line_delimiters: '' -> ''
trace: normalize_line_delimiters: '            # conftest #2: check if get_user_pages_remote() has write and' -> '# conftest'
trace: normalize_line_delimiters: '            # force arguments. Return if these arguments are present' -> '# force arguments. Return if these arguments are present'
trace: normalize_line_delimiters: '            # Fall through to conftest #3 if these args are absent.' -> '# Fall through to conftest'
trace: normalize_line_delimiters: '            echo "#define NV_GET_USER_PAGES_REMOTE_PRESENT" | append_conftest "functions"' -> 'echo "#define NV_GET_USER_PAGES_REMOTE_PRESENT" | append_conftest "functions"'
trace: normalize_line_delimiters: '            echo "$CONFTEST_PREAMBLE' -> 'echo "$CONFTEST_PREAMBLE'
trace: normalize_line_delimiters: '            #include <linux/mm.h>' -> '#include <linux/mm.h>'
trace: normalize_line_delimiters: '- ' -> '-'
trace: normalize_line_delimiters: '2.20.1' -> '2.20.1'
trace: normalize_line_delimiters: '                return' -> 'return'
trace: normalize_line_delimiters: '            fi' -> 'fi'
trace: normalize_line_delimiters: '' -> ''
trace: normalize_line_delimiters: '            # conftest #2: check if get_user_pages_remote() has write and' -> '# conftest'
trace: normalize_line_delimiters: '            # force arguments. Return if these arguments are present' -> '# force arguments. Return if these arguments are present'
trace: normalize_line_delimiters: '            # Fall through to conftest #3 if these args are absent.' -> '# Fall through to conftest'
trace: normalize_line_delimiters: '            echo "#define NV_GET_USER_PAGES_REMOTE_PRESENT" | append_conftest "functions"' -> 'echo "#define NV_GET_USER_PAGES_REMOTE_PRESENT" | append_conftest "functions"'
trace: normalize_line_delimiters: '            echo "$CONFTEST_PREAMBLE' -> 'echo "$CONFTEST_PREAMBLE'
trace: normalize_line_delimiters: '            #include <linux/mm.h>' -> '#include <linux/mm.h>'
trace: normalize_line_delimiters: '            long get_user_pages_remote(struct task_struct *tsk,' -> 'long get_user_pages_remote(struct task_struct *tsk'
trace: normalize_line_delimiters: '                                       struct mm_struct *mm,' -> 'struct mm_struct *mm'
trace: normalize_line_delimiters: '                                       unsigned long start,' -> 'unsigned long start'
trace:       Computed diff between match block and file slice: 2 operation(s), similarity ratio=0.783
trace:       Initial Indentation Context: Hunk='                ', Target='                '
trace:       Active baseline indentation: hunk='                ', target='                '
trace:       DiffOp::Equal: 9 line(s) aligned (hunk old_idx=0, file new_idx=0)
trace:         Equal: preserving target line: '                return'
trace:       Dynamic Indentation Update (Equal): Hunk='            ', Target='            '
trace:         Equal: preserving target line: '            fi'
trace:         Equal: preserving target line: ''
trace:         Appended 1 addition(s) after line 2
trace:         Equal: applying addition: '            #'
trace:         Equal: preserving target line: '            # conftest #2: check if get_user_pages_remote() has write and'
trace:         Equal: preserving target line: '            # force arguments. Return if these arguments are present'
trace:         Equal: preserving target line: '            # Fall through to conftest #3 if these args are absent.'
trace:         Appended 1 addition(s) after line 5
trace:         Equal: applying addition: '            #'
trace:         Equal: preserving target line: '            echo \"#define NV_GET_USER_PAGES_REMOTE_PRESENT\" | append_conftest \"functions\"'
trace:         Equal: preserving target line: '            echo \"$CONFTEST_PREAMBLE'
trace:         Equal: preserving target line: '            #include <linux/mm.h>'
trace:       DiffOp::Replace: hunk lines 9..11 (len=2) vs file lines 9..12 (len=3)
trace:       Dynamic Indentation Update (Replace search): Hunk='', Target='            '
trace:         Multi-line replacement (hunk_len=2, target_len=3). Searching for statement alignment across line breaks...
trace: find_statement_match_in_block: attempting statement alignment for 2 line(s) against 3 target line(s)
trace: extract_primary_identifier: found call identifier 'get_user_pages_remote' in 'long get_user_pages_remote(struct task_struct *tsk,'
trace:   find_statement_match_in_block: comparing target line 1 ('long get_user_pages_remote(struct task_struct *tsk,'): word_ratio=0.000, char_ratio=0.000, combined=0.000
trace: extract_primary_identifier: found definition identifier 'mm_struct' in 'struct mm_struct *mm,'
trace:   find_statement_match_in_block: comparing target line 2 ('struct mm_struct *mm,'): word_ratio=0.000, char_ratio=0.000, combined=0.000
trace:   find_statement_match_in_block: comparing target line 3 ('unsigned long start,'): word_ratio=0.000, char_ratio=0.000, combined=0.000
trace:         No single statement alignment found (has_context=true). Using block fallback heuristic.
warning:     Fuzzy match rejected: Tail context is unaligned in replacement block.
trace:   Evaluating candidate 14/20 with lenient reconciliation at location HunkLocation { start_index: 3137, length: 10 }
debug:   Found location HunkLocation { start_index: 3137, length: 10 } with match type Fuzzy { score: 0.8120218575000762 }. Applying changes.
debug:   try_apply_hunk_at_location: target line 3138 (length 10), match_type=Fuzzy { score: 0.8120218575000762 }, total target lines=5168.
trace: Hunk::get_match_block: extracted 11 match line(s)
trace:     Match block lines: 11 | Total hunk lines: 13
trace:     Target slice to replace: ["", "            # conftest #2: check if get_user_pages_remote() has write and", "            # force arguments. Return if these arguments are present", "            # Fall through to conftest #3 if these args are absent.", "            echo \"#define NV_GET_USER_PAGES_REMOTE_PRESENT\" | append_conftest \"functions\"", "            echo \"$CONFTEST_PREAMBLE", "            #include <linux/mm.h>", "            long get_user_pages_remote(struct task_struct *tsk,", "                                       struct mm_struct *mm,", "                                       unsigned long start,"]
trace:     Ellipsis flags: has_ellipsis=false, is_literal_match=false, is_wildcard_gap_match=false
debug:     Applying hunk via robust reconstruction logic (preserving file context & adjusting indent).
trace:       Fuzzy match location: start=3137, len=10
trace:       File content in matched range (10 line(s)): ["", "            # conftest #2: check if get_user_pages_remote() has write and", "            # force arguments. Return if these arguments are present", "            # Fall through to conftest #3 if these args are absent.", "            echo \"#define NV_GET_USER_PAGES_REMOTE_PRESENT\" | append_conftest \"functions\"", "            echo \"$CONFTEST_PREAMBLE", "            #include <linux/mm.h>", "            long get_user_pages_remote(struct task_struct *tsk,", "                                       struct mm_struct *mm,", "                                       unsigned long start,"]
trace:       Parsed hunk: 11 match line(s), 0 initial addition(s).
trace: Hunk::get_match_block: extracted 11 match line(s)
trace: normalize_line_delimiters: '                return' -> 'return'
trace: normalize_line_delimiters: '            fi' -> 'fi'
trace: normalize_line_delimiters: '' -> ''
trace: normalize_line_delimiters: '            # conftest #2: check if get_user_pages_remote() has write and' -> '# conftest'
trace: normalize_line_delimiters: '            # force arguments. Return if these arguments are present' -> '# force arguments. Return if these arguments are present'
trace: normalize_line_delimiters: '            # Fall through to conftest #3 if these args are absent.' -> '# Fall through to conftest'
trace: normalize_line_delimiters: '            echo "#define NV_GET_USER_PAGES_REMOTE_PRESENT" | append_conftest "functions"' -> 'echo "#define NV_GET_USER_PAGES_REMOTE_PRESENT" | append_conftest "functions"'
trace: normalize_line_delimiters: '            echo "$CONFTEST_PREAMBLE' -> 'echo "$CONFTEST_PREAMBLE'
trace: normalize_line_delimiters: '            #include <linux/mm.h>' -> '#include <linux/mm.h>'
trace: normalize_line_delimiters: '- ' -> '-'
trace: normalize_line_delimiters: '2.20.1' -> '2.20.1'
trace: normalize_line_delimiters: '' -> ''
trace: normalize_line_delimiters: '            # conftest #2: check if get_user_pages_remote() has write and' -> '# conftest'
trace: normalize_line_delimiters: '            # force arguments. Return if these arguments are present' -> '# force arguments. Return if these arguments are present'
trace: normalize_line_delimiters: '            # Fall through to conftest #3 if these args are absent.' -> '# Fall through to conftest'
trace: normalize_line_delimiters: '            echo "#define NV_GET_USER_PAGES_REMOTE_PRESENT" | append_conftest "functions"' -> 'echo "#define NV_GET_USER_PAGES_REMOTE_PRESENT" | append_conftest "functions"'
trace: normalize_line_delimiters: '            echo "$CONFTEST_PREAMBLE' -> 'echo "$CONFTEST_PREAMBLE'
trace: normalize_line_delimiters: '            #include <linux/mm.h>' -> '#include <linux/mm.h>'
trace: normalize_line_delimiters: '            long get_user_pages_remote(struct task_struct *tsk,' -> 'long get_user_pages_remote(struct task_struct *tsk'
trace: normalize_line_delimiters: '                                       struct mm_struct *mm,' -> 'struct mm_struct *mm'
trace: normalize_line_delimiters: '                                       unsigned long start,' -> 'unsigned long start'
trace:       Computed diff between match block and file slice: 3 operation(s), similarity ratio=0.667
trace:       Initial Indentation Context: Hunk='            ', Target='            '
trace:       Active baseline indentation: hunk='            ', target='            '
trace:       DiffOp::Delete: 2 line(s) missing from target file (hunk old_idx=0)
warning:     Fuzzy match rejected: Head context line(s) missing from target file.
trace:   Evaluating candidate 15/20 with lenient reconciliation at location HunkLocation { start_index: 3131, length: 13 }
debug:   Found location HunkLocation { start_index: 3131, length: 13 } with match type Fuzzy { score: 0.8107438016528925 }. Applying changes.
debug:   try_apply_hunk_at_location: target line 3132 (length 13), match_type=Fuzzy { score: 0.8107438016528925 }, total target lines=5168.
trace: Hunk::get_match_block: extracted 11 match line(s)
trace:     Match block lines: 11 | Total hunk lines: 13
trace:     Target slice to replace: ["                echo \"#undef NV_GET_USER_PAGES_REMOTE_HAS_TSK_ARG\" | append_conftest \"functions\"", "                echo \"#undef NV_GET_USER_PAGES_REMOTE_HAS_WRITE_AND_FORCE_ARGS\" | append_conftest \"functions\"", "                echo \"#undef NV_GET_USER_PAGES_REMOTE_HAS_LOCKED_ARG\" | append_conftest \"functions\"", "                rm -f conftest$$.o", "                return", "            fi", "", "            # conftest #2: check if get_user_pages_remote() has write and", "            # force arguments. Return if these arguments are present", "            # Fall through to conftest #3 if these args are absent.", "            echo \"#define NV_GET_USER_PAGES_REMOTE_PRESENT\" | append_conftest \"functions\"", "            echo \"$CONFTEST_PREAMBLE", "            #include <linux/mm.h>"]
trace:     Ellipsis flags: has_ellipsis=false, is_literal_match=false, is_wildcard_gap_match=false
debug:     Applying hunk via robust reconstruction logic (preserving file context & adjusting indent).
trace:       Fuzzy match location: start=3131, len=13
trace:       File content in matched range (13 line(s)): ["                echo \"#undef NV_GET_USER_PAGES_REMOTE_HAS_TSK_ARG\" | append_conftest \"functions\"", "                echo \"#undef NV_GET_USER_PAGES_REMOTE_HAS_WRITE_AND_FORCE_ARGS\" | append_conftest \"functions\"", "                echo \"#undef NV_GET_USER_PAGES_REMOTE_HAS_LOCKED_ARG\" | append_conftest \"functions\"", "                rm -f conftest$$.o", "                return", "            fi", "", "            # conftest #2: check if get_user_pages_remote() has write and", "            # force arguments. Return if these arguments are present", "            # Fall through to conftest #3 if these args are absent.", "            echo \"#define NV_GET_USER_PAGES_REMOTE_PRESENT\" | append_conftest \"functions\"", "            echo \"$CONFTEST_PREAMBLE", "            #include <linux/mm.h>"]
trace:       Parsed hunk: 11 match line(s), 0 initial addition(s).
trace: Hunk::get_match_block: extracted 11 match line(s)
trace: normalize_line_delimiters: '                return' -> 'return'
trace: normalize_line_delimiters: '            fi' -> 'fi'
trace: normalize_line_delimiters: '' -> ''
trace: normalize_line_delimiters: '            # conftest #2: check if get_user_pages_remote() has write and' -> '# conftest'
trace: normalize_line_delimiters: '            # force arguments. Return if these arguments are present' -> '# force arguments. Return if these arguments are present'
trace: normalize_line_delimiters: '            # Fall through to conftest #3 if these args are absent.' -> '# Fall through to conftest'
trace: normalize_line_delimiters: '            echo "#define NV_GET_USER_PAGES_REMOTE_PRESENT" | append_conftest "functions"' -> 'echo "#define NV_GET_USER_PAGES_REMOTE_PRESENT" | append_conftest "functions"'
trace: normalize_line_delimiters: '            echo "$CONFTEST_PREAMBLE' -> 'echo "$CONFTEST_PREAMBLE'
trace: normalize_line_delimiters: '            #include <linux/mm.h>' -> '#include <linux/mm.h>'
trace: normalize_line_delimiters: '- ' -> '-'
trace: normalize_line_delimiters: '2.20.1' -> '2.20.1'
trace: normalize_line_delimiters: '                echo "#undef NV_GET_USER_PAGES_REMOTE_HAS_TSK_ARG" | append_conftest "functions"' -> 'echo "#undef NV_GET_USER_PAGES_REMOTE_HAS_TSK_ARG" | append_conftest "functions"'
trace: normalize_line_delimiters: '                echo "#undef NV_GET_USER_PAGES_REMOTE_HAS_WRITE_AND_FORCE_ARGS" | append_conftest "functions"' -> 'echo "#undef NV_GET_USER_PAGES_REMOTE_HAS_WRITE_AND_FORCE_ARGS" | append_conftest "functions"'
trace: normalize_line_delimiters: '                echo "#undef NV_GET_USER_PAGES_REMOTE_HAS_LOCKED_ARG" | append_conftest "functions"' -> 'echo "#undef NV_GET_USER_PAGES_REMOTE_HAS_LOCKED_ARG" | append_conftest "functions"'
trace: normalize_line_delimiters: '                rm -f conftest$$.o' -> 'rm -f conftest$$.o'
trace: normalize_line_delimiters: '                return' -> 'return'
trace: normalize_line_delimiters: '            fi' -> 'fi'
trace: normalize_line_delimiters: '' -> ''
trace: normalize_line_delimiters: '            # conftest #2: check if get_user_pages_remote() has write and' -> '# conftest'
trace: normalize_line_delimiters: '            # force arguments. Return if these arguments are present' -> '# force arguments. Return if these arguments are present'
trace: normalize_line_delimiters: '            # Fall through to conftest #3 if these args are absent.' -> '# Fall through to conftest'
trace: normalize_line_delimiters: '            echo "#define NV_GET_USER_PAGES_REMOTE_PRESENT" | append_conftest "functions"' -> 'echo "#define NV_GET_USER_PAGES_REMOTE_PRESENT" | append_conftest "functions"'
trace: normalize_line_delimiters: '            echo "$CONFTEST_PREAMBLE' -> 'echo "$CONFTEST_PREAMBLE'
trace: normalize_line_delimiters: '            #include <linux/mm.h>' -> '#include <linux/mm.h>'
trace:       Computed diff between match block and file slice: 3 operation(s), similarity ratio=0.750
trace:       Initial Indentation Context: Hunk='                ', Target='                '
trace:       Active baseline indentation: hunk='                ', target='                '
trace:       DiffOp::Insert: preserving 4 local insertion line(s) from target file (new_idx=0)
trace:         Preserving inserted line: '                echo \"#undef NV_GET_USER_PAGES_REMOTE_HAS_TSK_ARG\" | append_conftest \"functions\"'
trace:         Preserving inserted line: '                echo \"#undef NV_GET_USER_PAGES_REMOTE_HAS_WRITE_AND_FORCE_ARGS\" | append_conftest \"functions\"'
trace:         Preserving inserted line: '                echo \"#undef NV_GET_USER_PAGES_REMOTE_HAS_LOCKED_ARG\" | append_conftest \"functions\"'
trace:         Preserving inserted line: '                rm -f conftest$$.o'
trace:       DiffOp::Equal: 9 line(s) aligned (hunk old_idx=0, file new_idx=4)
trace:         Equal: preserving target line: '                return'
trace:       Dynamic Indentation Update (Equal): Hunk='            ', Target='            '
trace:         Equal: preserving target line: '            fi'
trace:         Equal: preserving target line: ''
trace:         Appended 1 addition(s) after line 2
trace:         Equal: applying addition: '            #'
trace:         Equal: preserving target line: '            # conftest #2: check if get_user_pages_remote() has write and'
trace:         Equal: preserving target line: '            # force arguments. Return if these arguments are present'
trace:         Equal: preserving target line: '            # Fall through to conftest #3 if these args are absent.'
trace:         Appended 1 addition(s) after line 5
trace:         Equal: applying addition: '            #'
trace:         Equal: preserving target line: '            echo \"#define NV_GET_USER_PAGES_REMOTE_PRESENT\" | append_conftest \"functions\"'
trace:         Equal: preserving target line: '            echo \"$CONFTEST_PREAMBLE'
trace:         Equal: preserving target line: '            #include <linux/mm.h>'
trace:       DiffOp::Delete: 2 line(s) missing from target file (hunk old_idx=9)
warning:     Fuzzy match rejected: Tail context line(s) missing from target file.
trace:   Evaluating candidate 16/20 with lenient reconciliation at location HunkLocation { start_index: 3132, length: 13 }
debug:   Found location HunkLocation { start_index: 3132, length: 13 } with match type Fuzzy { score: 0.8107438016528925 }. Applying changes.
debug:   try_apply_hunk_at_location: target line 3133 (length 13), match_type=Fuzzy { score: 0.8107438016528925 }, total target lines=5168.
trace: Hunk::get_match_block: extracted 11 match line(s)
trace:     Match block lines: 11 | Total hunk lines: 13
trace:     Target slice to replace: ["                echo \"#undef NV_GET_USER_PAGES_REMOTE_HAS_WRITE_AND_FORCE_ARGS\" | append_conftest \"functions\"", "                echo \"#undef NV_GET_USER_PAGES_REMOTE_HAS_LOCKED_ARG\" | append_conftest \"functions\"", "                rm -f conftest$$.o", "                return", "            fi", "", "            # conftest #2: check if get_user_pages_remote() has write and", "            # force arguments. Return if these arguments are present", "            # Fall through to conftest #3 if these args are absent.", "            echo \"#define NV_GET_USER_PAGES_REMOTE_PRESENT\" | append_conftest \"functions\"", "            echo \"$CONFTEST_PREAMBLE", "            #include <linux/mm.h>", "            long get_user_pages_remote(struct task_struct *tsk,"]
trace:     Ellipsis flags: has_ellipsis=false, is_literal_match=false, is_wildcard_gap_match=false
debug:     Applying hunk via robust reconstruction logic (preserving file context & adjusting indent).
trace:       Fuzzy match location: start=3132, len=13
trace:       File content in matched range (13 line(s)): ["                echo \"#undef NV_GET_USER_PAGES_REMOTE_HAS_WRITE_AND_FORCE_ARGS\" | append_conftest \"functions\"", "                echo \"#undef NV_GET_USER_PAGES_REMOTE_HAS_LOCKED_ARG\" | append_conftest \"functions\"", "                rm -f conftest$$.o", "                return", "            fi", "", "            # conftest #2: check if get_user_pages_remote() has write and", "            # force arguments. Return if these arguments are present", "            # Fall through to conftest #3 if these args are absent.", "            echo \"#define NV_GET_USER_PAGES_REMOTE_PRESENT\" | append_conftest \"functions\"", "            echo \"$CONFTEST_PREAMBLE", "            #include <linux/mm.h>", "            long get_user_pages_remote(struct task_struct *tsk,"]
trace:       Parsed hunk: 11 match line(s), 0 initial addition(s).
trace: Hunk::get_match_block: extracted 11 match line(s)
trace: normalize_line_delimiters: '                return' -> 'return'
trace: normalize_line_delimiters: '            fi' -> 'fi'
trace: normalize_line_delimiters: '' -> ''
trace: normalize_line_delimiters: '            # conftest #2: check if get_user_pages_remote() has write and' -> '# conftest'
trace: normalize_line_delimiters: '            # force arguments. Return if these arguments are present' -> '# force arguments. Return if these arguments are present'
trace: normalize_line_delimiters: '            # Fall through to conftest #3 if these args are absent.' -> '# Fall through to conftest'
trace: normalize_line_delimiters: '            echo "#define NV_GET_USER_PAGES_REMOTE_PRESENT" | append_conftest "functions"' -> 'echo "#define NV_GET_USER_PAGES_REMOTE_PRESENT" | append_conftest "functions"'
trace: normalize_line_delimiters: '            echo "$CONFTEST_PREAMBLE' -> 'echo "$CONFTEST_PREAMBLE'
trace: normalize_line_delimiters: '            #include <linux/mm.h>' -> '#include <linux/mm.h>'
trace: normalize_line_delimiters: '- ' -> '-'
trace: normalize_line_delimiters: '2.20.1' -> '2.20.1'
trace: normalize_line_delimiters: '                echo "#undef NV_GET_USER_PAGES_REMOTE_HAS_WRITE_AND_FORCE_ARGS" | append_conftest "functions"' -> 'echo "#undef NV_GET_USER_PAGES_REMOTE_HAS_WRITE_AND_FORCE_ARGS" | append_conftest "functions"'
trace: normalize_line_delimiters: '                echo "#undef NV_GET_USER_PAGES_REMOTE_HAS_LOCKED_ARG" | append_conftest "functions"' -> 'echo "#undef NV_GET_USER_PAGES_REMOTE_HAS_LOCKED_ARG" | append_conftest "functions"'
trace: normalize_line_delimiters: '                rm -f conftest$$.o' -> 'rm -f conftest$$.o'
trace: normalize_line_delimiters: '                return' -> 'return'
trace: normalize_line_delimiters: '            fi' -> 'fi'
trace: normalize_line_delimiters: '' -> ''
trace: normalize_line_delimiters: '            # conftest #2: check if get_user_pages_remote() has write and' -> '# conftest'
trace: normalize_line_delimiters: '            # force arguments. Return if these arguments are present' -> '# force arguments. Return if these arguments are present'
trace: normalize_line_delimiters: '            # Fall through to conftest #3 if these args are absent.' -> '# Fall through to conftest'
trace: normalize_line_delimiters: '            echo "#define NV_GET_USER_PAGES_REMOTE_PRESENT" | append_conftest "functions"' -> 'echo "#define NV_GET_USER_PAGES_REMOTE_PRESENT" | append_conftest "functions"'
trace: normalize_line_delimiters: '            echo "$CONFTEST_PREAMBLE' -> 'echo "$CONFTEST_PREAMBLE'
trace: normalize_line_delimiters: '            #include <linux/mm.h>' -> '#include <linux/mm.h>'
trace: normalize_line_delimiters: '            long get_user_pages_remote(struct task_struct *tsk,' -> 'long get_user_pages_remote(struct task_struct *tsk'
trace:       Computed diff between match block and file slice: 3 operation(s), similarity ratio=0.750
trace:       Initial Indentation Context: Hunk='                ', Target='                '
trace:       Active baseline indentation: hunk='                ', target='                '
trace:       DiffOp::Insert: preserving 3 local insertion line(s) from target file (new_idx=0)
trace:         Preserving inserted line: '                echo \"#undef NV_GET_USER_PAGES_REMOTE_HAS_WRITE_AND_FORCE_ARGS\" | append_conftest \"functions\"'
trace:         Preserving inserted line: '                echo \"#undef NV_GET_USER_PAGES_REMOTE_HAS_LOCKED_ARG\" | append_conftest \"functions\"'
trace:         Preserving inserted line: '                rm -f conftest$$.o'
trace:       DiffOp::Equal: 9 line(s) aligned (hunk old_idx=0, file new_idx=3)
trace:         Equal: preserving target line: '                return'
trace:       Dynamic Indentation Update (Equal): Hunk='            ', Target='            '
trace:         Equal: preserving target line: '            fi'
trace:         Equal: preserving target line: ''
trace:         Appended 1 addition(s) after line 2
trace:         Equal: applying addition: '            #'
trace:         Equal: preserving target line: '            # conftest #2: check if get_user_pages_remote() has write and'
trace:         Equal: preserving target line: '            # force arguments. Return if these arguments are present'
trace:         Equal: preserving target line: '            # Fall through to conftest #3 if these args are absent.'
trace:         Appended 1 addition(s) after line 5
trace:         Equal: applying addition: '            #'
trace:         Equal: preserving target line: '            echo \"#define NV_GET_USER_PAGES_REMOTE_PRESENT\" | append_conftest \"functions\"'
trace:         Equal: preserving target line: '            echo \"$CONFTEST_PREAMBLE'
trace:         Equal: preserving target line: '            #include <linux/mm.h>'
trace:       DiffOp::Replace: hunk lines 9..11 (len=2) vs file lines 12..13 (len=1)
trace:       Dynamic Indentation Update (Replace search): Hunk='', Target='            '
trace:         Multi-line replacement (hunk_len=2, target_len=1). Searching for statement alignment across line breaks...
trace: find_statement_match_in_block: attempting statement alignment for 2 line(s) against 1 target line(s)
trace: extract_primary_identifier: found call identifier 'get_user_pages_remote' in 'long get_user_pages_remote(struct task_struct *tsk,'
trace:   find_statement_match_in_block: comparing target line 1 ('long get_user_pages_remote(struct task_struct *tsk,'): word_ratio=0.000, char_ratio=0.000, combined=0.000
trace:         No single statement alignment found (has_context=true). Using block fallback heuristic.
warning:     Fuzzy match rejected: Tail context is unaligned in replacement block.
trace:   Evaluating candidate 17/20 with lenient reconciliation at location HunkLocation { start_index: 3133, length: 13 }
debug:   Found location HunkLocation { start_index: 3133, length: 13 } with match type Fuzzy { score: 0.8107438016528925 }. Applying changes.
debug:   try_apply_hunk_at_location: target line 3134 (length 13), match_type=Fuzzy { score: 0.8107438016528925 }, total target lines=5168.
trace: Hunk::get_match_block: extracted 11 match line(s)
trace:     Match block lines: 11 | Total hunk lines: 13
trace:     Target slice to replace: ["                echo \"#undef NV_GET_USER_PAGES_REMOTE_HAS_LOCKED_ARG\" | append_conftest \"functions\"", "                rm -f conftest$$.o", "                return", "            fi", "", "            # conftest #2: check if get_user_pages_remote() has write and", "            # force arguments. Return if these arguments are present", "            # Fall through to conftest #3 if these args are absent.", "            echo \"#define NV_GET_USER_PAGES_REMOTE_PRESENT\" | append_conftest \"functions\"", "            echo \"$CONFTEST_PREAMBLE", "            #include <linux/mm.h>", "            long get_user_pages_remote(struct task_struct *tsk,", "                                       struct mm_struct *mm,"]
trace:     Ellipsis flags: has_ellipsis=false, is_literal_match=false, is_wildcard_gap_match=false
debug:     Applying hunk via robust reconstruction logic (preserving file context & adjusting indent).
trace:       Fuzzy match location: start=3133, len=13
trace:       File content in matched range (13 line(s)): ["                echo \"#undef NV_GET_USER_PAGES_REMOTE_HAS_LOCKED_ARG\" | append_conftest \"functions\"", "                rm -f conftest$$.o", "                return", "            fi", "", "            # conftest #2: check if get_user_pages_remote() has write and", "            # force arguments. Return if these arguments are present", "            # Fall through to conftest #3 if these args are absent.", "            echo \"#define NV_GET_USER_PAGES_REMOTE_PRESENT\" | append_conftest \"functions\"", "            echo \"$CONFTEST_PREAMBLE", "            #include <linux/mm.h>", "            long get_user_pages_remote(struct task_struct *tsk,", "                                       struct mm_struct *mm,"]
trace:       Parsed hunk: 11 match line(s), 0 initial addition(s).
trace: Hunk::get_match_block: extracted 11 match line(s)
trace: normalize_line_delimiters: '                return' -> 'return'
trace: normalize_line_delimiters: '            fi' -> 'fi'
trace: normalize_line_delimiters: '' -> ''
trace: normalize_line_delimiters: '            # conftest #2: check if get_user_pages_remote() has write and' -> '# conftest'
trace: normalize_line_delimiters: '            # force arguments. Return if these arguments are present' -> '# force arguments. Return if these arguments are present'
trace: normalize_line_delimiters: '            # Fall through to conftest #3 if these args are absent.' -> '# Fall through to conftest'
trace: normalize_line_delimiters: '            echo "#define NV_GET_USER_PAGES_REMOTE_PRESENT" | append_conftest "functions"' -> 'echo "#define NV_GET_USER_PAGES_REMOTE_PRESENT" | append_conftest "functions"'
trace: normalize_line_delimiters: '            echo "$CONFTEST_PREAMBLE' -> 'echo "$CONFTEST_PREAMBLE'
trace: normalize_line_delimiters: '            #include <linux/mm.h>' -> '#include <linux/mm.h>'
trace: normalize_line_delimiters: '- ' -> '-'
trace: normalize_line_delimiters: '2.20.1' -> '2.20.1'
trace: normalize_line_delimiters: '                echo "#undef NV_GET_USER_PAGES_REMOTE_HAS_LOCKED_ARG" | append_conftest "functions"' -> 'echo "#undef NV_GET_USER_PAGES_REMOTE_HAS_LOCKED_ARG" | append_conftest "functions"'
trace: normalize_line_delimiters: '                rm -f conftest$$.o' -> 'rm -f conftest$$.o'
trace: normalize_line_delimiters: '                return' -> 'return'
trace: normalize_line_delimiters: '            fi' -> 'fi'
trace: normalize_line_delimiters: '' -> ''
trace: normalize_line_delimiters: '            # conftest #2: check if get_user_pages_remote() has write and' -> '# conftest'
trace: normalize_line_delimiters: '            # force arguments. Return if these arguments are present' -> '# force arguments. Return if these arguments are present'
trace: normalize_line_delimiters: '            # Fall through to conftest #3 if these args are absent.' -> '# Fall through to conftest'
trace: normalize_line_delimiters: '            echo "#define NV_GET_USER_PAGES_REMOTE_PRESENT" | append_conftest "functions"' -> 'echo "#define NV_GET_USER_PAGES_REMOTE_PRESENT" | append_conftest "functions"'
trace: normalize_line_delimiters: '            echo "$CONFTEST_PREAMBLE' -> 'echo "$CONFTEST_PREAMBLE'
trace: normalize_line_delimiters: '            #include <linux/mm.h>' -> '#include <linux/mm.h>'
trace: normalize_line_delimiters: '            long get_user_pages_remote(struct task_struct *tsk,' -> 'long get_user_pages_remote(struct task_struct *tsk'
trace: normalize_line_delimiters: '                                       struct mm_struct *mm,' -> 'struct mm_struct *mm'
trace:       Computed diff between match block and file slice: 3 operation(s), similarity ratio=0.750
trace:       Initial Indentation Context: Hunk='                ', Target='                '
trace:       Active baseline indentation: hunk='                ', target='                '
trace:       DiffOp::Insert: preserving 2 local insertion line(s) from target file (new_idx=0)
trace:         Preserving inserted line: '                echo \"#undef NV_GET_USER_PAGES_REMOTE_HAS_LOCKED_ARG\" | append_conftest \"functions\"'
trace:         Preserving inserted line: '                rm -f conftest$$.o'
trace:       DiffOp::Equal: 9 line(s) aligned (hunk old_idx=0, file new_idx=2)
trace:         Equal: preserving target line: '                return'
trace:       Dynamic Indentation Update (Equal): Hunk='            ', Target='            '
trace:         Equal: preserving target line: '            fi'
trace:         Equal: preserving target line: ''
trace:         Appended 1 addition(s) after line 2
trace:         Equal: applying addition: '            #'
trace:         Equal: preserving target line: '            # conftest #2: check if get_user_pages_remote() has write and'
trace:         Equal: preserving target line: '            # force arguments. Return if these arguments are present'
trace:         Equal: preserving target line: '            # Fall through to conftest #3 if these args are absent.'
trace:         Appended 1 addition(s) after line 5
trace:         Equal: applying addition: '            #'
trace:         Equal: preserving target line: '            echo \"#define NV_GET_USER_PAGES_REMOTE_PRESENT\" | append_conftest \"functions\"'
trace:         Equal: preserving target line: '            echo \"$CONFTEST_PREAMBLE'
trace:         Equal: preserving target line: '            #include <linux/mm.h>'
trace:       DiffOp::Replace: hunk lines 9..11 (len=2) vs file lines 11..13 (len=2)
trace:       Dynamic Indentation Update (Replace search): Hunk='', Target='            '
trace:         1-to-1 length replacement. Validating similarity of modified lines...
trace: extract_primary_identifier: found call identifier 'get_user_pages_remote' in 'long get_user_pages_remote(struct task_struct *tsk'
trace:         1-to-1 replacement line validation [line 9]: is_removal=true, word_sim=0.000, char_sim=0.000
trace: normalize_line_delimiters: '-' -> '-'
trace: normalize_line_delimiters: 'long get_user_pages_remote(struct task_struct *tsk' -> 'long get_user_pages_remote(struct task_struct *tsk'
warning:     Fuzzy match rejected: Removal line "- " differs from target line "            long get_user_pages_remote(struct task_struct *tsk," (sim_words=0.000, sim_chars=0.000, required=0.350).
trace:   Evaluating candidate 18/20 with lenient reconciliation at location HunkLocation { start_index: 3134, length: 13 }
debug:   Found location HunkLocation { start_index: 3134, length: 13 } with match type Fuzzy { score: 0.8107438016528925 }. Applying changes.
debug:   try_apply_hunk_at_location: target line 3135 (length 13), match_type=Fuzzy { score: 0.8107438016528925 }, total target lines=5168.
trace: Hunk::get_match_block: extracted 11 match line(s)
trace:     Match block lines: 11 | Total hunk lines: 13
trace:     Target slice to replace: ["                rm -f conftest$$.o", "                return", "            fi", "", "            # conftest #2: check if get_user_pages_remote() has write and", "            # force arguments. Return if these arguments are present", "            # Fall through to conftest #3 if these args are absent.", "            echo \"#define NV_GET_USER_PAGES_REMOTE_PRESENT\" | append_conftest \"functions\"", "            echo \"$CONFTEST_PREAMBLE", "            #include <linux/mm.h>", "            long get_user_pages_remote(struct task_struct *tsk,", "                                       struct mm_struct *mm,", "                                       unsigned long start,"]
trace:     Ellipsis flags: has_ellipsis=false, is_literal_match=false, is_wildcard_gap_match=false
debug:     Applying hunk via robust reconstruction logic (preserving file context & adjusting indent).
trace:       Fuzzy match location: start=3134, len=13
trace:       File content in matched range (13 line(s)): ["                rm -f conftest$$.o", "                return", "            fi", "", "            # conftest #2: check if get_user_pages_remote() has write and", "            # force arguments. Return if these arguments are present", "            # Fall through to conftest #3 if these args are absent.", "            echo \"#define NV_GET_USER_PAGES_REMOTE_PRESENT\" | append_conftest \"functions\"", "            echo \"$CONFTEST_PREAMBLE", "            #include <linux/mm.h>", "            long get_user_pages_remote(struct task_struct *tsk,", "                                       struct mm_struct *mm,", "                                       unsigned long start,"]
trace:       Parsed hunk: 11 match line(s), 0 initial addition(s).
trace: Hunk::get_match_block: extracted 11 match line(s)
trace: normalize_line_delimiters: '                return' -> 'return'
trace: normalize_line_delimiters: '            fi' -> 'fi'
trace: normalize_line_delimiters: '' -> ''
trace: normalize_line_delimiters: '            # conftest #2: check if get_user_pages_remote() has write and' -> '# conftest'
trace: normalize_line_delimiters: '            # force arguments. Return if these arguments are present' -> '# force arguments. Return if these arguments are present'
trace: normalize_line_delimiters: '            # Fall through to conftest #3 if these args are absent.' -> '# Fall through to conftest'
trace: normalize_line_delimiters: '            echo "#define NV_GET_USER_PAGES_REMOTE_PRESENT" | append_conftest "functions"' -> 'echo "#define NV_GET_USER_PAGES_REMOTE_PRESENT" | append_conftest "functions"'
trace: normalize_line_delimiters: '            echo "$CONFTEST_PREAMBLE' -> 'echo "$CONFTEST_PREAMBLE'
trace: normalize_line_delimiters: '            #include <linux/mm.h>' -> '#include <linux/mm.h>'
trace: normalize_line_delimiters: '- ' -> '-'
trace: normalize_line_delimiters: '2.20.1' -> '2.20.1'
trace: normalize_line_delimiters: '                rm -f conftest$$.o' -> 'rm -f conftest$$.o'
trace: normalize_line_delimiters: '                return' -> 'return'
trace: normalize_line_delimiters: '            fi' -> 'fi'
trace: normalize_line_delimiters: '' -> ''
trace: normalize_line_delimiters: '            # conftest #2: check if get_user_pages_remote() has write and' -> '# conftest'
trace: normalize_line_delimiters: '            # force arguments. Return if these arguments are present' -> '# force arguments. Return if these arguments are present'
trace: normalize_line_delimiters: '            # Fall through to conftest #3 if these args are absent.' -> '# Fall through to conftest'
trace: normalize_line_delimiters: '            echo "#define NV_GET_USER_PAGES_REMOTE_PRESENT" | append_conftest "functions"' -> 'echo "#define NV_GET_USER_PAGES_REMOTE_PRESENT" | append_conftest "functions"'
trace: normalize_line_delimiters: '            echo "$CONFTEST_PREAMBLE' -> 'echo "$CONFTEST_PREAMBLE'
trace: normalize_line_delimiters: '            #include <linux/mm.h>' -> '#include <linux/mm.h>'
trace: normalize_line_delimiters: '            long get_user_pages_remote(struct task_struct *tsk,' -> 'long get_user_pages_remote(struct task_struct *tsk'
trace: normalize_line_delimiters: '                                       struct mm_struct *mm,' -> 'struct mm_struct *mm'
trace: normalize_line_delimiters: '                                       unsigned long start,' -> 'unsigned long start'
trace:       Computed diff between match block and file slice: 3 operation(s), similarity ratio=0.750
trace:       Initial Indentation Context: Hunk='                ', Target='                '
trace:       Active baseline indentation: hunk='                ', target='                '
trace:       DiffOp::Insert: preserving 1 local insertion line(s) from target file (new_idx=0)
trace:         Preserving inserted line: '                rm -f conftest$$.o'
trace:       DiffOp::Equal: 9 line(s) aligned (hunk old_idx=0, file new_idx=1)
trace:         Equal: preserving target line: '                return'
trace:       Dynamic Indentation Update (Equal): Hunk='            ', Target='            '
trace:         Equal: preserving target line: '            fi'
trace:         Equal: preserving target line: ''
trace:         Appended 1 addition(s) after line 2
trace:         Equal: applying addition: '            #'
trace:         Equal: preserving target line: '            # conftest #2: check if get_user_pages_remote() has write and'
trace:         Equal: preserving target line: '            # force arguments. Return if these arguments are present'
trace:         Equal: preserving target line: '            # Fall through to conftest #3 if these args are absent.'
trace:         Appended 1 addition(s) after line 5
trace:         Equal: applying addition: '            #'
trace:         Equal: preserving target line: '            echo \"#define NV_GET_USER_PAGES_REMOTE_PRESENT\" | append_conftest \"functions\"'
trace:         Equal: preserving target line: '            echo \"$CONFTEST_PREAMBLE'
trace:         Equal: preserving target line: '            #include <linux/mm.h>'
trace:       DiffOp::Replace: hunk lines 9..11 (len=2) vs file lines 10..13 (len=3)
trace:       Dynamic Indentation Update (Replace search): Hunk='', Target='            '
trace:         Multi-line replacement (hunk_len=2, target_len=3). Searching for statement alignment across line breaks...
trace: find_statement_match_in_block: attempting statement alignment for 2 line(s) against 3 target line(s)
trace: extract_primary_identifier: found call identifier 'get_user_pages_remote' in 'long get_user_pages_remote(struct task_struct *tsk,'
trace:   find_statement_match_in_block: comparing target line 1 ('long get_user_pages_remote(struct task_struct *tsk,'): word_ratio=0.000, char_ratio=0.000, combined=0.000
trace: extract_primary_identifier: found definition identifier 'mm_struct' in 'struct mm_struct *mm,'
trace:   find_statement_match_in_block: comparing target line 2 ('struct mm_struct *mm,'): word_ratio=0.000, char_ratio=0.000, combined=0.000
trace:   find_statement_match_in_block: comparing target line 3 ('unsigned long start,'): word_ratio=0.000, char_ratio=0.000, combined=0.000
trace:         No single statement alignment found (has_context=true). Using block fallback heuristic.
warning:     Fuzzy match rejected: Tail context is unaligned in replacement block.
trace:   Evaluating candidate 19/20 with lenient reconciliation at location HunkLocation { start_index: 3130, length: 14 }
debug:   Found location HunkLocation { start_index: 3130, length: 14 } with match type Fuzzy { score: 0.807024825456714 }. Applying changes.
debug:   try_apply_hunk_at_location: target line 3131 (length 14), match_type=Fuzzy { score: 0.807024825456714 }, total target lines=5168.
trace: Hunk::get_match_block: extracted 11 match line(s)
trace:     Match block lines: 11 | Total hunk lines: 13
trace:     Target slice to replace: ["                echo \"#undef NV_GET_USER_PAGES_REMOTE_PRESENT\" | append_conftest \"functions\"", "                echo \"#undef NV_GET_USER_PAGES_REMOTE_HAS_TSK_ARG\" | append_conftest \"functions\"", "                echo \"#undef NV_GET_USER_PAGES_REMOTE_HAS_WRITE_AND_FORCE_ARGS\" | append_conftest \"functions\"", "                echo \"#undef NV_GET_USER_PAGES_REMOTE_HAS_LOCKED_ARG\" | append_conftest \"functions\"", "                rm -f conftest$$.o", "                return", "            fi", "", "            # conftest #2: check if get_user_pages_remote() has write and", "            # force arguments. Return if these arguments are present", "            # Fall through to conftest #3 if these args are absent.", "            echo \"#define NV_GET_USER_PAGES_REMOTE_PRESENT\" | append_conftest \"functions\"", "            echo \"$CONFTEST_PREAMBLE", "            #include <linux/mm.h>"]
trace:     Ellipsis flags: has_ellipsis=false, is_literal_match=false, is_wildcard_gap_match=false
debug:     Applying hunk via robust reconstruction logic (preserving file context & adjusting indent).
trace:       Fuzzy match location: start=3130, len=14
trace:       File content in matched range (14 line(s)): ["                echo \"#undef NV_GET_USER_PAGES_REMOTE_PRESENT\" | append_conftest \"functions\"", "                echo \"#undef NV_GET_USER_PAGES_REMOTE_HAS_TSK_ARG\" | append_conftest \"functions\"", "                echo \"#undef NV_GET_USER_PAGES_REMOTE_HAS_WRITE_AND_FORCE_ARGS\" | append_conftest \"functions\"", "                echo \"#undef NV_GET_USER_PAGES_REMOTE_HAS_LOCKED_ARG\" | append_conftest \"functions\"", "                rm -f conftest$$.o", "                return", "            fi", "", "            # conftest #2: check if get_user_pages_remote() has write and", "            # force arguments. Return if these arguments are present", "            # Fall through to conftest #3 if these args are absent.", "            echo \"#define NV_GET_USER_PAGES_REMOTE_PRESENT\" | append_conftest \"functions\"", "            echo \"$CONFTEST_PREAMBLE", "            #include <linux/mm.h>"]
trace:       Parsed hunk: 11 match line(s), 0 initial addition(s).
trace: Hunk::get_match_block: extracted 11 match line(s)
trace: normalize_line_delimiters: '                return' -> 'return'
trace: normalize_line_delimiters: '            fi' -> 'fi'
trace: normalize_line_delimiters: '' -> ''
trace: normalize_line_delimiters: '            # conftest #2: check if get_user_pages_remote() has write and' -> '# conftest'
trace: normalize_line_delimiters: '            # force arguments. Return if these arguments are present' -> '# force arguments. Return if these arguments are present'
trace: normalize_line_delimiters: '            # Fall through to conftest #3 if these args are absent.' -> '# Fall through to conftest'
trace: normalize_line_delimiters: '            echo "#define NV_GET_USER_PAGES_REMOTE_PRESENT" | append_conftest "functions"' -> 'echo "#define NV_GET_USER_PAGES_REMOTE_PRESENT" | append_conftest "functions"'
trace: normalize_line_delimiters: '            echo "$CONFTEST_PREAMBLE' -> 'echo "$CONFTEST_PREAMBLE'
trace: normalize_line_delimiters: '            #include <linux/mm.h>' -> '#include <linux/mm.h>'
trace: normalize_line_delimiters: '- ' -> '-'
trace: normalize_line_delimiters: '2.20.1' -> '2.20.1'
trace: normalize_line_delimiters: '                echo "#undef NV_GET_USER_PAGES_REMOTE_PRESENT" | append_conftest "functions"' -> 'echo "#undef NV_GET_USER_PAGES_REMOTE_PRESENT" | append_conftest "functions"'
trace: normalize_line_delimiters: '                echo "#undef NV_GET_USER_PAGES_REMOTE_HAS_TSK_ARG" | append_conftest "functions"' -> 'echo "#undef NV_GET_USER_PAGES_REMOTE_HAS_TSK_ARG" | append_conftest "functions"'
trace: normalize_line_delimiters: '                echo "#undef NV_GET_USER_PAGES_REMOTE_HAS_WRITE_AND_FORCE_ARGS" | append_conftest "functions"' -> 'echo "#undef NV_GET_USER_PAGES_REMOTE_HAS_WRITE_AND_FORCE_ARGS" | append_conftest "functions"'
trace: normalize_line_delimiters: '                echo "#undef NV_GET_USER_PAGES_REMOTE_HAS_LOCKED_ARG" | append_conftest "functions"' -> 'echo "#undef NV_GET_USER_PAGES_REMOTE_HAS_LOCKED_ARG" | append_conftest "functions"'
trace: normalize_line_delimiters: '                rm -f conftest$$.o' -> 'rm -f conftest$$.o'
trace: normalize_line_delimiters: '                return' -> 'return'
trace: normalize_line_delimiters: '            fi' -> 'fi'
trace: normalize_line_delimiters: '' -> ''
trace: normalize_line_delimiters: '            # conftest #2: check if get_user_pages_remote() has write and' -> '# conftest'
trace: normalize_line_delimiters: '            # force arguments. Return if these arguments are present' -> '# force arguments. Return if these arguments are present'
trace: normalize_line_delimiters: '            # Fall through to conftest #3 if these args are absent.' -> '# Fall through to conftest'
trace: normalize_line_delimiters: '            echo "#define NV_GET_USER_PAGES_REMOTE_PRESENT" | append_conftest "functions"' -> 'echo "#define NV_GET_USER_PAGES_REMOTE_PRESENT" | append_conftest "functions"'
trace: normalize_line_delimiters: '            echo "$CONFTEST_PREAMBLE' -> 'echo "$CONFTEST_PREAMBLE'
trace: normalize_line_delimiters: '            #include <linux/mm.h>' -> '#include <linux/mm.h>'
trace:       Computed diff between match block and file slice: 3 operation(s), similarity ratio=0.720
trace:       Initial Indentation Context: Hunk='                ', Target='                '
trace:       Active baseline indentation: hunk='                ', target='                '
trace:       DiffOp::Insert: preserving 5 local insertion line(s) from target file (new_idx=0)
trace:         Preserving inserted line: '                echo \"#undef NV_GET_USER_PAGES_REMOTE_PRESENT\" | append_conftest \"functions\"'
trace:         Preserving inserted line: '                echo \"#undef NV_GET_USER_PAGES_REMOTE_HAS_TSK_ARG\" | append_conftest \"functions\"'
trace:         Preserving inserted line: '                echo \"#undef NV_GET_USER_PAGES_REMOTE_HAS_WRITE_AND_FORCE_ARGS\" | append_conftest \"functions\"'
trace:         Preserving inserted line: '                echo \"#undef NV_GET_USER_PAGES_REMOTE_HAS_LOCKED_ARG\" | append_conftest \"functions\"'
trace:         Preserving inserted line: '                rm -f conftest$$.o'
trace:       DiffOp::Equal: 9 line(s) aligned (hunk old_idx=0, file new_idx=5)
trace:         Equal: preserving target line: '                return'
trace:       Dynamic Indentation Update (Equal): Hunk='            ', Target='            '
trace:         Equal: preserving target line: '            fi'
trace:         Equal: preserving target line: ''
trace:         Appended 1 addition(s) after line 2
trace:         Equal: applying addition: '            #'
trace:         Equal: preserving target line: '            # conftest #2: check if get_user_pages_remote() has write and'
trace:         Equal: preserving target line: '            # force arguments. Return if these arguments are present'
trace:         Equal: preserving target line: '            # Fall through to conftest #3 if these args are absent.'
trace:         Appended 1 addition(s) after line 5
trace:         Equal: applying addition: '            #'
trace:         Equal: preserving target line: '            echo \"#define NV_GET_USER_PAGES_REMOTE_PRESENT\" | append_conftest \"functions\"'
trace:         Equal: preserving target line: '            echo \"$CONFTEST_PREAMBLE'
trace:         Equal: preserving target line: '            #include <linux/mm.h>'
trace:       DiffOp::Delete: 2 line(s) missing from target file (hunk old_idx=9)
warning:     Fuzzy match rejected: Tail context line(s) missing from target file.
trace:   Evaluating candidate 20/20 with lenient reconciliation at location HunkLocation { start_index: 3131, length: 14 }
debug:   Found location HunkLocation { start_index: 3131, length: 14 } with match type Fuzzy { score: 0.807024825456714 }. Applying changes.
debug:   try_apply_hunk_at_location: target line 3132 (length 14), match_type=Fuzzy { score: 0.807024825456714 }, total target lines=5168.
trace: Hunk::get_match_block: extracted 11 match line(s)
trace:     Match block lines: 11 | Total hunk lines: 13
trace:     Target slice to replace: ["                echo \"#undef NV_GET_USER_PAGES_REMOTE_HAS_TSK_ARG\" | append_conftest \"functions\"", "                echo \"#undef NV_GET_USER_PAGES_REMOTE_HAS_WRITE_AND_FORCE_ARGS\" | append_conftest \"functions\"", "                echo \"#undef NV_GET_USER_PAGES_REMOTE_HAS_LOCKED_ARG\" | append_conftest \"functions\"", "                rm -f conftest$$.o", "                return", "            fi", "", "            # conftest #2: check if get_user_pages_remote() has write and", "            # force arguments. Return if these arguments are present", "            # Fall through to conftest #3 if these args are absent.", "            echo \"#define NV_GET_USER_PAGES_REMOTE_PRESENT\" | append_conftest \"functions\"", "            echo \"$CONFTEST_PREAMBLE", "            #include <linux/mm.h>", "            long get_user_pages_remote(struct task_struct *tsk,"]
trace:     Ellipsis flags: has_ellipsis=false, is_literal_match=false, is_wildcard_gap_match=false
debug:     Applying hunk via robust reconstruction logic (preserving file context & adjusting indent).
trace:       Fuzzy match location: start=3131, len=14
trace:       File content in matched range (14 line(s)): ["                echo \"#undef NV_GET_USER_PAGES_REMOTE_HAS_TSK_ARG\" | append_conftest \"functions\"", "                echo \"#undef NV_GET_USER_PAGES_REMOTE_HAS_WRITE_AND_FORCE_ARGS\" | append_conftest \"functions\"", "                echo \"#undef NV_GET_USER_PAGES_REMOTE_HAS_LOCKED_ARG\" | append_conftest \"functions\"", "                rm -f conftest$$.o", "                return", "            fi", "", "            # conftest #2: check if get_user_pages_remote() has write and", "            # force arguments. Return if these arguments are present", "            # Fall through to conftest #3 if these args are absent.", "            echo \"#define NV_GET_USER_PAGES_REMOTE_PRESENT\" | append_conftest \"functions\"", "            echo \"$CONFTEST_PREAMBLE", "            #include <linux/mm.h>", "            long get_user_pages_remote(struct task_struct *tsk,"]
trace:       Parsed hunk: 11 match line(s), 0 initial addition(s).
trace: Hunk::get_match_block: extracted 11 match line(s)
trace: normalize_line_delimiters: '                return' -> 'return'
trace: normalize_line_delimiters: '            fi' -> 'fi'
trace: normalize_line_delimiters: '' -> ''
trace: normalize_line_delimiters: '            # conftest #2: check if get_user_pages_remote() has write and' -> '# conftest'
trace: normalize_line_delimiters: '            # force arguments. Return if these arguments are present' -> '# force arguments. Return if these arguments are present'
trace: normalize_line_delimiters: '            # Fall through to conftest #3 if these args are absent.' -> '# Fall through to conftest'
trace: normalize_line_delimiters: '            echo "#define NV_GET_USER_PAGES_REMOTE_PRESENT" | append_conftest "functions"' -> 'echo "#define NV_GET_USER_PAGES_REMOTE_PRESENT" | append_conftest "functions"'
trace: normalize_line_delimiters: '            echo "$CONFTEST_PREAMBLE' -> 'echo "$CONFTEST_PREAMBLE'
trace: normalize_line_delimiters: '            #include <linux/mm.h>' -> '#include <linux/mm.h>'
trace: normalize_line_delimiters: '- ' -> '-'
trace: normalize_line_delimiters: '2.20.1' -> '2.20.1'
trace: normalize_line_delimiters: '                echo "#undef NV_GET_USER_PAGES_REMOTE_HAS_TSK_ARG" | append_conftest "functions"' -> 'echo "#undef NV_GET_USER_PAGES_REMOTE_HAS_TSK_ARG" | append_conftest "functions"'
trace: normalize_line_delimiters: '                echo "#undef NV_GET_USER_PAGES_REMOTE_HAS_WRITE_AND_FORCE_ARGS" | append_conftest "functions"' -> 'echo "#undef NV_GET_USER_PAGES_REMOTE_HAS_WRITE_AND_FORCE_ARGS" | append_conftest "functions"'
trace: normalize_line_delimiters: '                echo "#undef NV_GET_USER_PAGES_REMOTE_HAS_LOCKED_ARG" | append_conftest "functions"' -> 'echo "#undef NV_GET_USER_PAGES_REMOTE_HAS_LOCKED_ARG" | append_conftest "functions"'
trace: normalize_line_delimiters: '                rm -f conftest$$.o' -> 'rm -f conftest$$.o'
trace: normalize_line_delimiters: '                return' -> 'return'
trace: normalize_line_delimiters: '            fi' -> 'fi'
trace: normalize_line_delimiters: '' -> ''
trace: normalize_line_delimiters: '            # conftest #2: check if get_user_pages_remote() has write and' -> '# conftest'
trace: normalize_line_delimiters: '            # force arguments. Return if these arguments are present' -> '# force arguments. Return if these arguments are present'
trace: normalize_line_delimiters: '            # Fall through to conftest #3 if these args are absent.' -> '# Fall through to conftest'
trace: normalize_line_delimiters: '            echo "#define NV_GET_USER_PAGES_REMOTE_PRESENT" | append_conftest "functions"' -> 'echo "#define NV_GET_USER_PAGES_REMOTE_PRESENT" | append_conftest "functions"'
trace: normalize_line_delimiters: '            echo "$CONFTEST_PREAMBLE' -> 'echo "$CONFTEST_PREAMBLE'
trace: normalize_line_delimiters: '            #include <linux/mm.h>' -> '#include <linux/mm.h>'
trace: normalize_line_delimiters: '            long get_user_pages_remote(struct task_struct *tsk,' -> 'long get_user_pages_remote(struct task_struct *tsk'
trace:       Computed diff between match block and file slice: 3 operation(s), similarity ratio=0.720
trace:       Initial Indentation Context: Hunk='                ', Target='                '
trace:       Active baseline indentation: hunk='                ', target='                '
trace:       DiffOp::Insert: preserving 4 local insertion line(s) from target file (new_idx=0)
trace:         Preserving inserted line: '                echo \"#undef NV_GET_USER_PAGES_REMOTE_HAS_TSK_ARG\" | append_conftest \"functions\"'
trace:         Preserving inserted line: '                echo \"#undef NV_GET_USER_PAGES_REMOTE_HAS_WRITE_AND_FORCE_ARGS\" | append_conftest \"functions\"'
trace:         Preserving inserted line: '                echo \"#undef NV_GET_USER_PAGES_REMOTE_HAS_LOCKED_ARG\" | append_conftest \"functions\"'
trace:         Preserving inserted line: '                rm -f conftest$$.o'
trace:       DiffOp::Equal: 9 line(s) aligned (hunk old_idx=0, file new_idx=4)
trace:         Equal: preserving target line: '                return'
trace:       Dynamic Indentation Update (Equal): Hunk='            ', Target='            '
trace:         Equal: preserving target line: '            fi'
trace:         Equal: preserving target line: ''
trace:         Appended 1 addition(s) after line 2
trace:         Equal: applying addition: '            #'
trace:         Equal: preserving target line: '            # conftest #2: check if get_user_pages_remote() has write and'
trace:         Equal: preserving target line: '            # force arguments. Return if these arguments are present'
trace:         Equal: preserving target line: '            # Fall through to conftest #3 if these args are absent.'
trace:         Appended 1 addition(s) after line 5
trace:         Equal: applying addition: '            #'
trace:         Equal: preserving target line: '            echo \"#define NV_GET_USER_PAGES_REMOTE_PRESENT\" | append_conftest \"functions\"'
trace:         Equal: preserving target line: '            echo \"$CONFTEST_PREAMBLE'
trace:         Equal: preserving target line: '            #include <linux/mm.h>'
trace:       DiffOp::Replace: hunk lines 9..11 (len=2) vs file lines 13..14 (len=1)
trace:       Dynamic Indentation Update (Replace search): Hunk='', Target='            '
trace:         Multi-line replacement (hunk_len=2, target_len=1). Searching for statement alignment across line breaks...
trace: find_statement_match_in_block: attempting statement alignment for 2 line(s) against 1 target line(s)
trace: extract_primary_identifier: found call identifier 'get_user_pages_remote' in 'long get_user_pages_remote(struct task_struct *tsk,'
trace:   find_statement_match_in_block: comparing target line 1 ('long get_user_pages_remote(struct task_struct *tsk,'): word_ratio=0.000, char_ratio=0.000, combined=0.000
trace:         No single statement alignment found (has_context=true). Using block fallback heuristic.
warning:     Fuzzy match rejected: Tail context is unaligned in replacement block.
warning:   All 20 candidate location(s) exhausted. Hunk application failed with: Context not found
debug:   HunkApplier: hunk 6 application outcome: Failed(ContextNotFound)
  Applying Hunk 6/6...
warning:   Failed to apply Hunk 6. Context not found
debug: HunkApplier::into_content: assembling final content from 5168 line(s) (touched_eof=false, patch_ends_with_newline=true, original_ends_with_newline=true)
trace: HunkApplier::into_content: resulting content has 182317 bytes (5168 lines, ends_with_newline=true)
  DRY RUN: Evaluated changes for 'conftest.sh' (6 hunks, clean=false)
trace:   Generating diff for dry run...
debug: apply_patches_to_dir: completed 2 patch(es). all_succeeded=true, all_applied_cleanly=false

>>> Operation 1/2
----- Proposed Changes for common/inc/nv-mm.h -----
------------------------------------

>>> Operation 2/2
----- Proposed Changes for conftest.sh -----
------------------------------------
error: --- FAILED to apply patch for: conftest.sh
warning:   - Hunk 1 failed: Best fuzzy match at line 2979 (score: 0.699) was below threshold (0.700)
warning:     Failed Hunk Content:
warning:                        return
warning:                    fi
warning:                ;;
warning:       -        get_user_pages)     
warning:       +        get_user_pages)
warning:                    #
warning:                    # Conftest for get_user_pages()
warning:                    #
warning:                    # Use long type for get_user_pages and unsigned long for nr_pages
warning:       -            # 2013 Feb 22: 28a35716d317980ae9bc2ff2f84c33a3cda9e884
warning:       +            # by commit 28a35716d317 ("mm: use long type for page counts
warning:       +            # in mm_populate() and get_user_pages()") in v3.9 (2013-02-22)
warning:                    #
warning:       -            # Removed struct task_struct *tsk & struct mm_struct *mm from get_user_pages.
warning:       -            # 2016 Feb 12: cde70140fed8429acf7a14e2e2cbd3e329036653
warning:       +            # Removed struct task_struct *tsk & struct mm_struct *mm from
warning:       +            # get_user_pages by commit cde70140fed8 ("mm/gup: Overload
warning:       +            # get_user_pages() functions") in v4.6 (2016-02-12)
warning:                    #
warning:       -            # Replaced get_user_pages6 with get_user_pages.
warning:       -            # 2016 April 4: c12d2da56d0e07d230968ee2305aaa86b93a6832
warning:       +            # Replaced get_user_pages6 with get_user_pages by commit
warning:       +            # c12d2da56d0e ("mm/gup: Remove the macro overload API migration
warning:       +            # helpers from the get_user*() APIs") in v4.6 (2016-04-04)
warning:                    #
warning:       -            # Replaced write and force parameters with gup_flags.
warning:       -            # 2016 Oct 12: 768ae309a96103ed02eb1e111e838c87854d8b51
warning:       +            # Replaced write and force parameters with gup_flags by
warning:       +            # commit 768ae309a961 ("mm: replace get_user_pages() write/force
warning:       +            # parameters with gup_flags") in v4.9 (2016-10-13)
warning:                    #
warning:                    # linux-4.4.168 cherry-picked commit 768ae309a961 without
warning:                    # c12d2da56d0e which is covered in Conftest #3.
trace: Hunk::get_match_block: extracted 21 match line(s)
trace: format_inline_diff: comparing 21 expected line(s) with 21 actual line(s)
debug: format_inline_diff: formatted inline diff generated (1641 bytes, 34 lines, 34 tokens)
warning:     Near-miss candidate at line 2979 (similarity: 69.9%, required: 70.0%):
warning:       +             if [ -f conftest$$.o ]; then
warning:       +                 echo "#define NV_MM_CONTEXT_T_HAS_ID" | append_conftest "types"
warning:       +                 rm -f conftest$$.o
warning:                         return
warning:       +             else
warning:       +                 echo "#undef NV_MM_CONTEXT_T_HAS_ID" | append_conftest "types"
warning:       +                 return
warning:                     fi
warning:                 ;;
warning:       -         get_user_pages)     
warning:       +         get_user_pages)
warning:                     #
warning:                     # Conftest for get_user_pages()
warning:                     #
warning:                     # Use long type for get_user_pages and unsigned long for nr_pages
warning:       -             # 2013 Feb 22: 28a35716d317980ae9bc2ff2f84c33a3cda9e884
warning:       +             # by commit 28a35716d317 ("mm: use long type for page counts
warning:       +             # in mm_populate() and get_user_pages()") in v3.9 (2013-02-22)
warning:                     #
warning:       -             # Removed struct task_struct *tsk & struct mm_struct *mm from get_user_pages.
warning:       -             # 2016 Feb 12: cde70140fed8429acf7a14e2e2cbd3e329036653
warning:       -             #
warning:       -             # Replaced get_user_pages6 with get_user_pages.
warning:       -             # 2016 April 4: c12d2da56d0e07d230968ee2305aaa86b93a6832
warning:       -             #
warning:       -             # Replaced write and force parameters with gup_flags.
warning:       -             # 2016 Oct 12: 768ae309a96103ed02eb1e111e838c87854d8b51
warning:       -             #
warning:       -             # linux-4.4.168 cherry-picked commit 768ae309a961 without
warning:       -             # c12d2da56d0e which is covered in Conftest #3.
warning:       +             # Removed struct task_struct *tsk & struct mm_struct *mm from
warning:       +             # get_user_pages by commit cde70140fed8 ("mm/gup: Overload
warning:       +             # get_user_pages() functions") in v4.6 (2016-02-12)
warning:       +             #
warning:   - Hunk 2 failed: Context not found
warning:     Failed Hunk Content:
warning:                    # Conftest #1: Check if get_user_pages accepts 6 arguments.
warning:                    # Return if true.
warning:                    # Fall through to conftest #2 on failure.
warning:       -
warning:       +            #
warning:                    echo "$CONFTEST_PREAMBLE
warning:                    #include <linux/mm.h>
warning:                    long get_user_pages(unsigned long start,
warning:   - Hunk 4 failed: Best fuzzy match at line 3091 (score: 0.699) was below threshold (0.700)
warning:     Failed Hunk Content:
warning:                    # Determine if the function get_user_pages_remote() is
warning:                    # present and has write/force/locked/tsk parameters.
warning:                    #
warning:       -            # get_user_pages_remote() was added by:
warning:       -            #   2016 Feb 12: 1e9877902dc7e11d2be038371c6fbf2dfcd469d7
warning:       +            # get_user_pages_remote() was added by commit 1e9877902dc7
warning:       +            # ("mm/gup: Introduce get_user_pages_remote()") in v4.6 (2016-02-12)
warning:                    #
warning:                    # get_user_pages[_remote]() write/force parameters
warning:       -            # replaced with gup_flags:
warning:       -            #   2016 Oct 12: 768ae309a96103ed02eb1e111e838c87854d8b51
warning:       -            #   2016 Oct 12: 9beae1ea89305a9667ceaab6d0bf46a045ad71e7
warning:       +            # replaced with gup_flags by commits 768ae309a961 ("mm: replace
warning:       +            # get_user_pages() write/force parameters with gup_flags") and
warning:       +            # commit 9beae1ea8930 ("mm: replace get_user_pages_remote()
warning:       +            # write/force parameters with gup_flags") in v4.9 (2016-10-13)
warning:                    #
warning:       -            # get_user_pages_remote() added 'locked' parameter
warning:       -            #   2016 Dec 14:5b56d49fc31dbb0487e14ead790fc81ca9fb2c99
warning:       +            # get_user_pages_remote() added 'locked' parameter by
warning:       +            # commit 5b56d49fc31d ("mm: add locked parameter to
warning:       +            # get_user_pages_remote()") in v4.10 (2016-12-14)
warning:                    #
warning:                    # get_user_pages_remote() removed 'tsk' parameter by
warning:                    # commit 64019a2e467a ("mm/gup: remove task_struct pointer for
trace: Hunk::get_match_block: extracted 16 match line(s)
trace: format_inline_diff: comparing 16 expected line(s) with 26 actual line(s)
debug: format_inline_diff: formatted inline diff generated (1755 bytes, 34 lines, 34 tokens)
warning:     Near-miss candidate at line 3091 (similarity: 69.9%, required: 70.0%):
warning:       + 
warning:       +             return
warning:       +         ;;
warning:       + 
warning:       +         get_user_pages_remote)
warning:       +             #
warning:                     # Determine if the function get_user_pages_remote() is
warning:                     # present and has write/force/locked/tsk parameters.
warning:                     #
warning:       -             # get_user_pages_remote() was added by:
warning:       -             #   2016 Feb 12: 1e9877902dc7e11d2be038371c6fbf2dfcd469d7
warning:       +             # get_user_pages_remote() was added by commit 1e9877902dc7
warning:       +             # ("mm/gup: Introduce get_user_pages_remote()") in v4.6 (2016-02-12)
warning:                     #
warning:                     # get_user_pages[_remote]() write/force parameters
warning:       -             # replaced with gup_flags:
warning:       -             #   2016 Oct 12: 768ae309a96103ed02eb1e111e838c87854d8b51
warning:       -             #   2016 Oct 12: 9beae1ea89305a9667ceaab6d0bf46a045ad71e7
warning:       +             # replaced with gup_flags by commits 768ae309a961 ("mm: replace
warning:       +             # get_user_pages() write/force parameters with gup_flags") and
warning:       +             # commit 9beae1ea8930 ("mm: replace get_user_pages_remote()
warning:       +             # write/force parameters with gup_flags") in v4.9 (2016-10-13)
warning:                     #
warning:       -             # get_user_pages_remote() added 'locked' parameter
warning:       -             #   2016 Dec 14:5b56d49fc31dbb0487e14ead790fc81ca9fb2c99
warning:       +             # get_user_pages_remote() added 'locked' parameter by
warning:       +             # commit 5b56d49fc31d ("mm: add locked parameter to
warning:       +             # get_user_pages_remote()") in v4.10 (2016-12-14)
warning:                     #
warning:                     # get_user_pages_remote() removed 'tsk' parameter by
warning:       -             # commit 64019a2e467a ("mm/gup: remove task_struct pointer for
warning:       +             # commit 64019a2e467a ("mm/gup: remove task_struct pointer for
warning:       +             # all gup code") in v5.9-rc1 (2020-08-11).
warning:       +             #
warning:   - Hunk 5 failed: Context not found
warning:     Failed Hunk Content:
warning:                    # conftest #1: check if get_user_pages_remote() is available
warning:                    # return if not available.
warning:                    # Fall through to conftest #2 if it is present
warning:       -
warning:       +            #
warning:                    echo "$CONFTEST_PREAMBLE
warning:                    #include <linux/mm.h>
warning:                    void conftest_get_user_pages_remote(void) {
warning:   - Hunk 6 failed: Context not found
warning:     Failed Hunk Content:
warning:                        return
warning:                    fi
warning:        
warning:       +            #
warning:                    # conftest #2: check if get_user_pages_remote() has write and
warning:                    # force arguments. Return if these arguments are present
warning:                    # Fall through to conftest #3 if these args are absent.
warning:       +            #
warning:                    echo "#define NV_GET_USER_PAGES_REMOTE_PRESENT" | append_conftest "functions"
warning:                    echo "$CONFTEST_PREAMBLE
warning:                    #include <linux/mm.h>
warning:       -- 
warning:        2.20.1

--- Summary ---
Successful operations: 1
Failed operations:     1
DRY RUN completed. No files were modified.
warning: Review the log for errors. Some files may be in a partially patched state.
error: Completed with 1 failed patch operations.
